id,xcoord,ycoord,time,teleportedWalk_accessibility
0,792147.4085589435,5825645.83349804,28800.0,-24.323333333333338
38,792347.4085589435,5825645.83349804,28800.0,-23.556666666666665
76,792547.4085589435,5825645.83349804,28800.0,-22.813333333333333
114,792747.4085589435,5825645.83349804,28800.0,-22.096666666666668
152,792947.4085589435,5825645.83349804,28800.0,-21.403333333333332
190,793147.4085589435,5825645.83349804,28800.0,-20.736666666666665
228,793347.4085589435,5825645.83349804,28800.0,-20.106666666666666
266,793547.4085589435,5825645.83349804,28800.0,-19.509999999999998
304,793747.4085589435,5825645.83349804,28800.0,-18.95
342,793947.4085589435,5825645.83349804,28800.0,-18.433333333333334
380,794147.4085589435,5825645.83349804,28800.0,-17.96
418,794347.4085589435,5825645.83349804,28800.0,-17.54
456,794547.4085589435,5825645.83349804,28800.0,-17.17
494,794747.4085589435,5825645.83349804,28800.0,-16.856666666666666
532,794947.4085589435,5825645.83349804,28800.0,-16.6
570,795147.4085589435,5825645.83349804,28800.0,-16.406666666666666
608,795347.4085589435,5825645.83349804,28800.0,-16.28
646,795547.4085589435,5825645.83349804,28800.0,-16.21666666666667
684,795747.4085589435,5825645.83349804,28800.0,-16.223333333333333
722,795947.4085589435,5825645.83349804,28800.0,-16.293333333333333
760,796147.4085589435,5825645.83349804,28800.0,-16.43
798,796347.4085589435,5825645.83349804,28800.0,-16.63
836,796547.4085589435,5825645.83349804,28800.0,-16.893333333333334
874,796747.4085589435,5825645.83349804,28800.0,-17.21333333333333
912,796947.4085589435,5825645.83349804,28800.0,-17.59
950,797147.4085589435,5825645.83349804,28800.0,-18.02
988,797347.4085589435,5825645.83349804,28800.0,-18.496666666666666
1026,797547.4085589435,5825645.83349804,28800.0,-19.02
1064,797747.4085589435,5825645.83349804,28800.0,-19.583333333333332
1102,797947.4085589435,5825645.83349804,28800.0,-20.183333333333334
1140,798147.4085589435,5825645.83349804,28800.0,-20.82
1178,798347.4085589435,5825645.83349804,28800.0,-21.49
1216,798547.4085589435,5825645.83349804,28800.0,-22.186666666666667
1254,798747.4085589435,5825645.83349804,28800.0,-22.906666666666666
1292,798947.4085589435,5825645.83349804,28800.0,-23.653333333333332
1330,799147.4085589435,5825645.83349804,28800.0,-24.423333333333336
1368,799347.4085589435,5825645.83349804,28800.0,-25.21
1406,799547.4085589435,5825645.83349804,28800.0,-26.013333333333335
1444,799747.4085589435,5825645.83349804,28800.0,-26.836666666666666
1482,799947.4085589435,5825645.83349804,28800.0,-27.669999999999998
1520,800147.4085589435,5825645.83349804,28800.0,-28.519999999999996
1558,800347.4085589435,5825645.83349804,28800.0,-29.383333333333333
1,792147.4085589435,5825845.83349804,28800.0,-23.643333333333334
39,792347.4085589435,5825845.83349804,28800.0,-22.85333333333333
77,792547.4085589435,5825845.83349804,28800.0,-22.086666666666666
115,792747.4085589435,5825845.83349804,28800.0,-21.343333333333334
153,792947.4085589435,5825845.83349804,28800.0,-20.626666666666665
191,793147.4085589435,5825845.83349804,28800.0,-19.936666666666667
229,793347.4085589435,5825845.83349804,28800.0,-19.276666666666667
267,793547.4085589435,5825845.83349804,28800.0,-18.653333333333336
305,793747.4085589435,5825845.83349804,28800.0,-18.07
343,793947.4085589435,5825845.83349804,28800.0,-17.526666666666667
381,794147.4085589435,5825845.83349804,28800.0,-17.03
419,794347.4085589435,5825845.83349804,28800.0,-16.583333333333332
457,794547.4085589435,5825845.83349804,28800.0,-16.189999999999998
495,794747.4085589435,5825845.83349804,28800.0,-15.856666666666667
533,794947.4085589435,5825845.83349804,28800.0,-15.586666666666668
571,795147.4085589435,5825845.83349804,28800.0,-15.38
609,795347.4085589435,5825845.83349804,28800.0,-15.243333333333334
647,795547.4085589435,5825845.83349804,28800.0,-15.176666666666668
685,795747.4085589435,5825845.83349804,28800.0,-15.183333333333334
723,795947.4085589435,5825845.83349804,28800.0,-15.260000000000002
761,796147.4085589435,5825845.83349804,28800.0,-15.403333333333332
799,796347.4085589435,5825845.83349804,28800.0,-15.616666666666667
837,796547.4085589435,5825845.83349804,28800.0,-15.896666666666665
875,796747.4085589435,5825845.83349804,28800.0,-16.236666666666665
913,796947.4085589435,5825845.83349804,28800.0,-16.636666666666667
951,797147.4085589435,5825845.83349804,28800.0,-17.09
989,797347.4085589435,5825845.83349804,28800.0,-17.593333333333334
1027,797547.4085589435,5825845.83349804,28800.0,-18.14
1065,797747.4085589435,5825845.83349804,28800.0,-18.73
1103,797947.4085589435,5825845.83349804,28800.0,-19.36
1141,798147.4085589435,5825845.83349804,28800.0,-20.023333333333333
1179,798347.4085589435,5825845.83349804,28800.0,-20.71666666666667
1217,798547.4085589435,5825845.83349804,28800.0,-21.436666666666667
1255,798747.4085589435,5825845.83349804,28800.0,-22.183333333333334
1293,798947.4085589435,5825845.83349804,28800.0,-22.953333333333333
1331,799147.4085589435,5825845.83349804,28800.0,-23.743333333333332
1369,799347.4085589435,5825845.83349804,28800.0,-24.553333333333335
1407,799547.4085589435,5825845.83349804,28800.0,-25.380000000000003
1445,799747.4085589435,5825845.83349804,28800.0,-26.22
1483,799947.4085589435,5825845.83349804,28800.0,-27.076666666666668
1521,800147.4085589435,5825845.83349804,28800.0,-27.94333333333333
1559,800347.4085589435,5825845.83349804,28800.0,-28.823333333333338
2,792147.4085589435,5826045.83349804,28800.0,-22.99
40,792347.4085589435,5826045.83349804,28800.0,-22.176666666666666
78,792547.4085589435,5826045.83349804,28800.0,-21.386666666666667
116,792747.4085589435,5826045.83349804,28800.0,-20.616666666666667
154,792947.4085589435,5826045.83349804,28800.0,-19.873333333333335
192,793147.4085589435,5826045.83349804,28800.0,-19.156666666666666
230,793347.4085589435,5826045.83349804,28800.0,-18.47
268,793547.4085589435,5826045.83349804,28800.0,-17.816666666666666
306,793747.4085589435,5826045.83349804,28800.0,-17.203333333333333
344,793947.4085589435,5826045.83349804,28800.0,-16.633333333333333
382,794147.4085589435,5826045.83349804,28800.0,-16.11
420,794347.4085589435,5826045.83349804,28800.0,-15.636666666666667
458,794547.4085589435,5826045.83349804,28800.0,-15.219999999999999
496,794747.4085589435,5826045.83349804,28800.0,-14.866666666666667
534,794947.4085589435,5826045.83349804,28800.0,-14.576666666666668
572,795147.4085589435,5826045.83349804,28800.0,-14.356666666666667
610,795347.4085589435,5826045.83349804,28800.0,-14.209999999999999
648,795547.4085589435,5826045.83349804,28800.0,-14.139999999999999
686,795747.4085589435,5826045.83349804,28800.0,-14.143333333333333
724,795947.4085589435,5826045.83349804,28800.0,-14.223333333333334
762,796147.4085589435,5826045.83349804,28800.0,-14.379999999999999
800,796347.4085589435,5826045.83349804,28800.0,-14.61
838,796547.4085589435,5826045.83349804,28800.0,-14.906666666666666
876,796747.4085589435,5826045.83349804,28800.0,-15.27
914,796947.4085589435,5826045.83349804,28800.0,-15.693333333333332
952,797147.4085589435,5826045.83349804,28800.0,-16.173333333333332
990,797347.4085589435,5826045.83349804,28800.0,-16.703333333333333
1028,797547.4085589435,5826045.83349804,28800.0,-17.28
1066,797747.4085589435,5826045.83349804,28800.0,-17.9
1104,797947.4085589435,5826045.83349804,28800.0,-18.556666666666665
1142,798147.4085589435,5826045.83349804,28800.0,-19.246666666666666
1180,798347.4085589435,5826045.83349804,28800.0,-19.96666666666667
1218,798547.4085589435,5826045.83349804,28800.0,-20.713333333333335
1256,798747.4085589435,5826045.83349804,28800.0,-21.486666666666665
1294,798947.4085589435,5826045.83349804,28800.0,-22.28
1332,799147.4085589435,5826045.83349804,28800.0,-23.093333333333334
1370,799347.4085589435,5826045.83349804,28800.0,-23.923333333333332
1408,799547.4085589435,5826045.83349804,28800.0,-24.773333333333333
1446,799747.4085589435,5826045.83349804,28800.0,-25.633333333333333
1484,799947.4085589435,5826045.83349804,28800.0,-26.506666666666664
1522,800147.4085589435,5826045.83349804,28800.0,-27.39333333333333
1560,800347.4085589435,5826045.83349804,28800.0,-28.286666666666665
3,792147.4085589435,5826245.83349804,28800.0,-22.363333333333333
41,792347.4085589435,5826245.83349804,28800.0,-21.53
79,792547.4085589435,5826245.83349804,28800.0,-20.713333333333335
117,792747.4085589435,5826245.83349804,28800.0,-19.919999999999998
155,792947.4085589435,5826245.83349804,28800.0,-19.14666666666667
193,793147.4085589435,5826245.83349804,28800.0,-18.403333333333332
231,793347.4085589435,5826245.83349804,28800.0,-17.686666666666667
269,793547.4085589435,5826245.83349804,28800.0,-17.006666666666668
307,793747.4085589435,5826245.83349804,28800.0,-16.36
345,793947.4085589435,5826245.83349804,28800.0,-15.759999999999998
383,794147.4085589435,5826245.83349804,28800.0,-15.203333333333333
421,794347.4085589435,5826245.83349804,28800.0,-14.703333333333333
459,794547.4085589435,5826245.83349804,28800.0,-14.259999999999998
497,794747.4085589435,5826245.83349804,28800.0,-13.88
535,794947.4085589435,5826245.83349804,28800.0,-13.57
573,795147.4085589435,5826245.83349804,28800.0,-13.333333333333334
611,795347.4085589435,5826245.83349804,28800.0,-13.176666666666666
649,795547.4085589435,5826245.83349804,28800.0,-13.099999999999998
687,795747.4085589435,5826245.83349804,28800.0,-13.103333333333332
725,795947.4085589435,5826245.83349804,28800.0,-13.193333333333333
763,796147.4085589435,5826245.83349804,28800.0,-13.36
801,796347.4085589435,5826245.83349804,28800.0,-13.606666666666667
839,796547.4085589435,5826245.83349804,28800.0,-13.926666666666666
877,796747.4085589435,5826245.83349804,28800.0,-14.313333333333333
915,796947.4085589435,5826245.83349804,28800.0,-14.763333333333334
953,797147.4085589435,5826245.83349804,28800.0,-15.273333333333333
991,797347.4085589435,5826245.83349804,28800.0,-15.833333333333332
1029,797547.4085589435,5826245.83349804,28800.0,-16.44
1067,797747.4085589435,5826245.83349804,28800.0,-17.09
1105,797947.4085589435,5826245.83349804,28800.0,-17.776666666666667
1143,798147.4085589435,5826245.83349804,28800.0,-18.496666666666666
1181,798347.4085589435,5826245.83349804,28800.0,-19.243333333333332
1219,798547.4085589435,5826245.83349804,28800.0,-20.02
1257,798747.4085589435,5826245.83349804,28800.0,-20.816666666666666
1295,798947.4085589435,5826245.83349804,28800.0,-21.636666666666667
1333,799147.4085589435,5826245.83349804,28800.0,-22.473333333333336
1371,799347.4085589435,5826245.83349804,28800.0,-23.326666666666668
1409,799547.4085589435,5826245.83349804,28800.0,-24.19333333333333
1447,799747.4085589435,5826245.83349804,28800.0,-25.073333333333338
1485,799947.4085589435,5826245.83349804,28800.0,-25.966666666666665
1523,800147.4085589435,5826245.83349804,28800.0,-26.87
1561,800347.4085589435,5826245.83349804,28800.0,-27.78333333333333
4,792147.4085589435,5826445.83349804,28800.0,-21.773333333333333
42,792347.4085589435,5826445.83349804,28800.0,-20.913333333333334
80,792547.4085589435,5826445.83349804,28800.0,-20.07333333333333
118,792747.4085589435,5826445.83349804,28800.0,-19.25
156,792947.4085589435,5826445.83349804,28800.0,-18.453333333333333
194,793147.4085589435,5826445.83349804,28800.0,-17.676666666666666
232,793347.4085589435,5826445.83349804,28800.0,-16.93
270,793547.4085589435,5826445.83349804,28800.0,-16.21666666666667
308,793747.4085589435,5826445.83349804,28800.0,-15.54
346,793947.4085589435,5826445.83349804,28800.0,-14.906666666666666
384,794147.4085589435,5826445.83349804,28800.0,-14.32
422,794347.4085589435,5826445.83349804,28800.0,-13.786666666666665
460,794547.4085589435,5826445.83349804,28800.0,-13.309999999999999
498,794747.4085589435,5826445.83349804,28800.0,-12.903333333333332
536,794947.4085589435,5826445.83349804,28800.0,-12.57
574,795147.4085589435,5826445.83349804,28800.0,-12.313333333333334
612,795347.4085589435,5826445.83349804,28800.0,-12.143333333333334
650,795547.4085589435,5826445.83349804,28800.0,-12.059999999999999
688,795747.4085589435,5826445.83349804,28800.0,-12.066666666666666
726,795947.4085589435,5826445.83349804,28800.0,-12.16
764,796147.4085589435,5826445.83349804,28800.0,-12.343333333333334
802,796347.4085589435,5826445.83349804,28800.0,-12.61
840,796547.4085589435,5826445.83349804,28800.0,-12.953333333333333
878,796747.4085589435,5826445.83349804,28800.0,-13.370000000000001
916,796947.4085589435,5826445.83349804,28800.0,-13.849999999999998
954,797147.4085589435,5826445.83349804,28800.0,-14.39
992,797347.4085589435,5826445.83349804,28800.0,-14.986666666666668
1030,797547.4085589435,5826445.83349804,28800.0,-15.626666666666665
1068,797747.4085589435,5826445.83349804,28800.0,-16.306666666666665
1106,797947.4085589435,5826445.83349804,28800.0,-17.026666666666667
1144,798147.4085589435,5826445.83349804,28800.0,-17.773333333333333
1182,798347.4085589435,5826445.83349804,28800.0,-18.553333333333335
1220,798547.4085589435,5826445.83349804,28800.0,-19.356666666666666
1258,798747.4085589435,5826445.83349804,28800.0,-20.18
1296,798947.4085589435,5826445.83349804,28800.0,-21.023333333333333
1334,799147.4085589435,5826445.83349804,28800.0,-21.883333333333333
1372,799347.4085589435,5826445.83349804,28800.0,-22.756666666666668
1410,799547.4085589435,5826445.83349804,28800.0,-23.64666666666667
1448,799747.4085589435,5826445.83349804,28800.0,-24.546666666666667
1486,799947.4085589435,5826445.83349804,28800.0,-25.46
1524,800147.4085589435,5826445.83349804,28800.0,-26.38
1562,800347.4085589435,5826445.83349804,28800.0,-27.310000000000002
5,792147.4085589435,5826645.83349804,28800.0,-21.21333333333333
43,792347.4085589435,5826645.83349804,28800.0,-20.333333333333332
81,792547.4085589435,5826645.83349804,28800.0,-19.46666666666667
119,792747.4085589435,5826645.83349804,28800.0,-18.616666666666667
157,792947.4085589435,5826645.83349804,28800.0,-17.79
195,793147.4085589435,5826645.83349804,28800.0,-16.986666666666665
233,793347.4085589435,5826645.83349804,28800.0,-16.206666666666667
271,793547.4085589435,5826645.83349804,28800.0,-15.46
309,793747.4085589435,5826645.83349804,28800.0,-14.75
347,793947.4085589435,5826645.83349804,28800.0,-14.08
385,794147.4085589435,5826645.83349804,28800.0,-13.456666666666667
423,794347.4085589435,5826645.83349804,28800.0,-12.886666666666667
461,794547.4085589435,5826645.83349804,28800.0,-12.376666666666667
499,794747.4085589435,5826645.83349804,28800.0,-11.94
537,794947.4085589435,5826645.83349804,28800.0,-11.576666666666668
575,795147.4085589435,5826645.83349804,28800.0,-11.3
613,795347.4085589435,5826645.83349804,28800.0,-11.113333333333333
651,795547.4085589435,5826645.83349804,28800.0,-11.02
689,795747.4085589435,5826645.83349804,28800.0,-11.026666666666667
727,795947.4085589435,5826645.83349804,28800.0,-11.129999999999999
765,796147.4085589435,5826645.83349804,28800.0,-11.33
803,796347.4085589435,5826645.83349804,28800.0,-11.620000000000001
841,796547.4085589435,5826645.83349804,28800.0,-11.99
879,796747.4085589435,5826645.83349804,28800.0,-12.44
917,796947.4085589435,5826645.83349804,28800.0,-12.956666666666667
955,797147.4085589435,5826645.83349804,28800.0,-13.533333333333333
993,797347.4085589435,5826645.83349804,28800.0,-14.163333333333334
1031,797547.4085589435,5826645.83349804,28800.0,-14.836666666666668
1069,797747.4085589435,5826645.83349804,28800.0,-15.553333333333335
1107,797947.4085589435,5826645.83349804,28800.0,-16.306666666666665
1145,798147.4085589435,5826645.83349804,28800.0,-17.086666666666666
1183,798347.4085589435,5826645.83349804,28800.0,-17.89333333333333
1221,798547.4085589435,5826645.83349804,28800.0,-18.726666666666667
1259,798747.4085589435,5826645.83349804,28800.0,-19.576666666666668
1297,798947.4085589435,5826645.83349804,28800.0,-20.443333333333335
1335,799147.4085589435,5826645.83349804,28800.0,-21.326666666666668
1373,799347.4085589435,5826645.83349804,28800.0,-22.226666666666667
1411,799547.4085589435,5826645.83349804,28800.0,-23.133333333333333
1449,799747.4085589435,5826645.83349804,28800.0,-24.05333333333333
1487,799947.4085589435,5826645.83349804,28800.0,-24.983333333333334
1525,800147.4085589435,5826645.83349804,28800.0,-25.92
1563,800347.4085589435,5826645.83349804,28800.0,-26.866666666666667
6,792147.4085589435,5826845.83349804,28800.0,-20.693333333333335
44,792347.4085589435,5826845.83349804,28800.0,-19.79
82,792547.4085589435,5826845.83349804,28800.0,-18.896666666666665
120,792747.4085589435,5826845.83349804,28800.0,-18.023333333333333
158,792947.4085589435,5826845.83349804,28800.0,-17.166666666666668
196,793147.4085589435,5826845.83349804,28800.0,-16.33
234,793347.4085589435,5826845.83349804,28800.0,-15.52
272,793547.4085589435,5826845.83349804,28800.0,-14.736666666666665
310,793747.4085589435,5826845.83349804,28800.0,-13.989999999999998
348,793947.4085589435,5826845.83349804,28800.0,-13.280000000000001
386,794147.4085589435,5826845.83349804,28800.0,-12.620000000000001
424,794347.4085589435,5826845.83349804,28800.0,-12.009999999999998
462,794547.4085589435,5826845.83349804,28800.0,-11.463333333333333
500,794747.4085589435,5826845.83349804,28800.0,-10.986666666666666
538,794947.4085589435,5826845.83349804,28800.0,-10.593333333333334
576,795147.4085589435,5826845.83349804,28800.0,-10.286666666666667
614,795347.4085589435,5826845.83349804,28800.0,-10.083333333333334
652,795547.4085589435,5826845.83349804,28800.0,-9.983333333333334
690,795747.4085589435,5826845.83349804,28800.0,-9.99
728,795947.4085589435,5826845.83349804,28800.0,-10.103333333333333
766,796147.4085589435,5826845.83349804,28800.0,-10.323333333333334
804,796347.4085589435,5826845.83349804,28800.0,-10.636666666666667
842,796547.4085589435,5826845.83349804,28800.0,-11.043333333333333
880,796747.4085589435,5826845.83349804,28800.0,-11.53
918,796947.4085589435,5826845.83349804,28800.0,-12.083333333333332
956,797147.4085589435,5826845.83349804,28800.0,-12.7
994,797347.4085589435,5826845.83349804,28800.0,-13.370000000000001
1032,797547.4085589435,5826845.83349804,28800.0,-14.083333333333334
1070,797747.4085589435,5826845.83349804,28800.0,-14.836666666666668
1108,797947.4085589435,5826845.83349804,28800.0,-15.623333333333331
1146,798147.4085589435,5826845.83349804,28800.0,-16.436666666666667
1184,798347.4085589435,5826845.83349804,28800.0,-17.273333333333333
1222,798547.4085589435,5826845.83349804,28800.0,-18.133333333333333
1260,798747.4085589435,5826845.83349804,28800.0,-19.01
1298,798947.4085589435,5826845.83349804,28800.0,-19.903333333333332
1336,799147.4085589435,5826845.83349804,28800.0,-20.81
1374,799347.4085589435,5826845.83349804,28800.0,-21.73
1412,799547.4085589435,5826845.83349804,28800.0,-22.656666666666666
1450,799747.4085589435,5826845.83349804,28800.0,-23.596666666666668
1488,799947.4085589435,5826845.83349804,28800.0,-24.543333333333333
1526,800147.4085589435,5826845.83349804,28800.0,-25.496666666666666
1564,800347.4085589435,5826845.83349804,28800.0,-26.456666666666667
7,792147.4085589435,5827045.83349804,28800.0,-20.21333333333333
45,792347.4085589435,5827045.83349804,28800.0,-19.28666666666667
83,792547.4085589435,5827045.83349804,28800.0,-18.369999999999997
121,792747.4085589435,5827045.83349804,28800.0,-17.47
159,792947.4085589435,5827045.83349804,28800.0,-16.583333333333332
197,793147.4085589435,5827045.83349804,28800.0,-15.716666666666667
235,793347.4085589435,5827045.83349804,28800.0,-14.873333333333331
273,793547.4085589435,5827045.83349804,28800.0,-14.056666666666665
311,793747.4085589435,5827045.83349804,28800.0,-13.27
349,793947.4085589435,5827045.83349804,28800.0,-12.52
387,794147.4085589435,5827045.83349804,28800.0,-11.813333333333333
425,794347.4085589435,5827045.83349804,28800.0,-11.16
463,794547.4085589435,5827045.83349804,28800.0,-10.57
501,794747.4085589435,5827045.83349804,28800.0,-10.053333333333333
539,794947.4085589435,5827045.83349804,28800.0,-9.62
577,795147.4085589435,5827045.83349804,28800.0,-9.283333333333333
615,795347.4085589435,5827045.83349804,28800.0,-9.056666666666667
653,795547.4085589435,5827045.83349804,28800.0,-8.943333333333333
691,795747.4085589435,5827045.83349804,28800.0,-8.95
729,795947.4085589435,5827045.83349804,28800.0,-9.076666666666666
767,796147.4085589435,5827045.83349804,28800.0,-9.32
805,796347.4085589435,5827045.83349804,28800.0,-9.67
843,796547.4085589435,5827045.83349804,28800.0,-10.113333333333333
881,796747.4085589435,5827045.83349804,28800.0,-10.643333333333333
919,796947.4085589435,5827045.83349804,28800.0,-11.24
957,797147.4085589435,5827045.83349804,28800.0,-11.9
995,797347.4085589435,5827045.83349804,28800.0,-12.613333333333333
1033,797547.4085589435,5827045.83349804,28800.0,-13.366666666666667
1071,797747.4085589435,5827045.83349804,28800.0,-14.156666666666666
1109,797947.4085589435,5827045.83349804,28800.0,-14.98
1147,798147.4085589435,5827045.83349804,28800.0,-15.826666666666668
1185,798347.4085589435,5827045.83349804,28800.0,-16.696666666666665
1223,798547.4085589435,5827045.83349804,28800.0,-17.583333333333332
1261,798747.4085589435,5827045.83349804,28800.0,-18.486666666666665
1299,798947.4085589435,5827045.83349804,28800.0,-19.403333333333336
1337,799147.4085589435,5827045.83349804,28800.0,-20.333333333333332
1375,799347.4085589435,5827045.83349804,28800.0,-21.27
1413,799547.4085589435,5827045.83349804,28800.0,-22.22
1451,799747.4085589435,5827045.83349804,28800.0,-23.176666666666666
1489,799947.4085589435,5827045.83349804,28800.0,-24.14
1527,800147.4085589435,5827045.83349804,28800.0,-25.10666666666667
1565,800347.4085589435,5827045.83349804,28800.0,-26.083333333333336
8,792147.4085589435,5827245.83349804,28800.0,-19.776666666666667
46,792347.4085589435,5827245.83349804,28800.0,-18.826666666666668
84,792547.4085589435,5827245.83349804,28800.0,-17.886666666666667
122,792747.4085589435,5827245.83349804,28800.0,-16.96
160,792947.4085589435,5827245.83349804,28800.0,-16.046666666666667
198,793147.4085589435,5827245.83349804,28800.0,-15.149999999999999
236,793347.4085589435,5827245.83349804,28800.0,-14.273333333333333
274,793547.4085589435,5827245.83349804,28800.0,-13.420000000000002
312,793747.4085589435,5827245.83349804,28800.0,-12.593333333333334
350,793947.4085589435,5827245.83349804,28800.0,-11.799999999999999
388,794147.4085589435,5827245.83349804,28800.0,-11.049999999999999
426,794347.4085589435,5827245.83349804,28800.0,-10.346666666666668
464,794547.4085589435,5827245.83349804,28800.0,-9.706666666666667
502,794747.4085589435,5827245.83349804,28800.0,-9.14
540,794947.4085589435,5827245.83349804,28800.0,-8.663333333333334
578,795147.4085589435,5827245.83349804,28800.0,-8.286666666666667
616,795347.4085589435,5827245.83349804,28800.0,-8.030000000000001
654,795547.4085589435,5827245.83349804,28800.0,-7.903333333333334
692,795747.4085589435,5827245.83349804,28800.0,-7.913333333333334
730,795947.4085589435,5827245.83349804,28800.0,-8.056666666666667
768,796147.4085589435,5827245.83349804,28800.0,-8.33
806,796347.4085589435,5827245.83349804,28800.0,-8.72
844,796547.4085589435,5827245.83349804,28800.0,-9.209999999999999
882,796747.4085589435,5827245.83349804,28800.0,-9.786666666666667
920,796947.4085589435,5827245.83349804,28800.0,-10.433333333333334
958,797147.4085589435,5827245.83349804,28800.0,-11.143333333333334
996,797347.4085589435,5827245.83349804,28800.0,-11.9
1034,797547.4085589435,5827245.83349804,28800.0,-12.696666666666665
1072,797747.4085589435,5827245.83349804,28800.0,-13.526666666666666
1110,797947.4085589435,5827245.83349804,28800.0,-14.383333333333333
1148,798147.4085589435,5827245.83349804,28800.0,-15.263333333333335
1186,798347.4085589435,5827245.83349804,28800.0,-16.163333333333334
1224,798547.4085589435,5827245.83349804,28800.0,-17.076666666666668
1262,798747.4085589435,5827245.83349804,28800.0,-18.006666666666668
1300,798947.4085589435,5827245.83349804,28800.0,-18.946666666666665
1338,799147.4085589435,5827245.83349804,28800.0,-19.89666666666667
1376,799347.4085589435,5827245.83349804,28800.0,-20.856666666666666
1414,799547.4085589435,5827245.83349804,28800.0,-21.823333333333334
1452,799747.4085589435,5827245.83349804,28800.0,-22.793333333333333
1490,799947.4085589435,5827245.83349804,28800.0,-23.773333333333333
1528,800147.4085589435,5827245.83349804,28800.0,-24.756666666666668
1566,800347.4085589435,5827245.83349804,28800.0,-25.743333333333332
9,792147.4085589435,5827445.83349804,28800.0,-19.383333333333333
47,792347.4085589435,5827445.83349804,28800.0,-18.413333333333334
85,792547.4085589435,5827445.83349804,28800.0,-17.453333333333333
123,792747.4085589435,5827445.83349804,28800.0,-16.503333333333334
161,792947.4085589435,5827445.83349804,28800.0,-15.563333333333333
199,793147.4085589435,5827445.83349804,28800.0,-14.636666666666667
237,793347.4085589435,5827445.83349804,28800.0,-13.726666666666667
275,793547.4085589435,5827445.83349804,28800.0,-12.833333333333332
313,793747.4085589435,5827445.83349804,28800.0,-11.966666666666667
351,793947.4085589435,5827445.83349804,28800.0,-11.129999999999999
389,794147.4085589435,5827445.83349804,28800.0,-10.33
427,794347.4085589435,5827445.83349804,28800.0,-9.576666666666666
465,794547.4085589435,5827445.83349804,28800.0,-8.883333333333333
503,794747.4085589435,5827445.83349804,28800.0,-8.26
541,794947.4085589435,5827445.83349804,28800.0,-7.726666666666667
579,795147.4085589435,5827445.83349804,28800.0,-7.303333333333333
617,795347.4085589435,5827445.83349804,28800.0,-7.013333333333334
655,795547.4085589435,5827445.83349804,28800.0,-6.866666666666666
693,795747.4085589435,5827445.83349804,28800.0,-6.876666666666667
731,795947.4085589435,5827445.83349804,28800.0,-7.043333333333334
769,796147.4085589435,5827445.83349804,28800.0,-7.3533333333333335
807,796347.4085589435,5827445.83349804,28800.0,-7.79
845,796547.4085589435,5827445.83349804,28800.0,-8.333333333333332
883,796747.4085589435,5827445.83349804,28800.0,-8.966666666666667
921,796947.4085589435,5827445.83349804,28800.0,-9.67
959,797147.4085589435,5827445.83349804,28800.0,-10.43
997,797347.4085589435,5827445.83349804,28800.0,-11.236666666666668
1035,797547.4085589435,5827445.83349804,28800.0,-12.076666666666668
1073,797747.4085589435,5827445.83349804,28800.0,-12.946666666666665
1111,797947.4085589435,5827445.83349804,28800.0,-13.84
1149,798147.4085589435,5827445.83349804,28800.0,-14.753333333333332
1187,798347.4085589435,5827445.83349804,28800.0,-15.68
1225,798547.4085589435,5827445.83349804,28800.0,-16.623333333333335
1263,798747.4085589435,5827445.83349804,28800.0,-17.576666666666668
1301,798947.4085589435,5827445.83349804,28800.0,-18.53666666666667
1339,799147.4085589435,5827445.83349804,28800.0,-19.506666666666668
1377,799347.4085589435,5827445.83349804,28800.0,-20.483333333333334
1415,799547.4085589435,5827445.83349804,28800.0,-21.46666666666667
1453,799747.4085589435,5827445.83349804,28800.0,-22.456666666666667
1491,799947.4085589435,5827445.83349804,28800.0,-23.45
1529,800147.4085589435,5827445.83349804,28800.0,-24.443333333333335
1567,800347.4085589435,5827445.83349804,28800.0,-25.443333333333335
10,792147.4085589435,5827645.83349804,28800.0,-19.04
48,792347.4085589435,5827645.83349804,28800.0,-18.053333333333335
86,792547.4085589435,5827645.83349804,28800.0,-17.07333333333333
124,792747.4085589435,5827645.83349804,28800.0,-16.096666666666668
162,792947.4085589435,5827645.83349804,28800.0,-15.133333333333333
200,793147.4085589435,5827645.83349804,28800.0,-14.176666666666666
238,793347.4085589435,5827645.83349804,28800.0,-13.236666666666665
276,793547.4085589435,5827645.83349804,28800.0,-12.31
314,793747.4085589435,5827645.83349804,28800.0,-11.403333333333332
352,793947.4085589435,5827645.83349804,28800.0,-10.523333333333333
390,794147.4085589435,5827645.83349804,28800.0,-9.673333333333334
428,794347.4085589435,5827645.83349804,28800.0,-8.863333333333333
466,794547.4085589435,5827645.83349804,28800.0,-8.106666666666667
504,794747.4085589435,5827645.83349804,28800.0,-7.42
542,794947.4085589435,5827645.83349804,28800.0,-6.823333333333332
580,795147.4085589435,5827645.83349804,28800.0,-6.34
618,795347.4085589435,5827645.83349804,28800.0,-6.0
656,795547.4085589435,5827645.83349804,28800.0,-5.83
694,795747.4085589435,5827645.83349804,28800.0,-5.84
732,795947.4085589435,5827645.83349804,28800.0,-6.033333333333333
770,796147.4085589435,5827645.83349804,28800.0,-6.3933333333333335
808,796347.4085589435,5827645.83349804,28800.0,-6.893333333333333
846,796547.4085589435,5827645.83349804,28800.0,-7.503333333333334
884,796747.4085589435,5827645.83349804,28800.0,-8.2
922,796947.4085589435,5827645.83349804,28800.0,-8.963333333333333
960,797147.4085589435,5827645.83349804,28800.0,-9.78
998,797347.4085589435,5827645.83349804,28800.0,-10.633333333333333
1036,797547.4085589435,5827645.83349804,28800.0,-11.52
1074,797747.4085589435,5827645.83349804,28800.0,-12.426666666666666
1112,797947.4085589435,5827645.83349804,28800.0,-13.356666666666666
1150,798147.4085589435,5827645.83349804,28800.0,-14.3
1188,798347.4085589435,5827645.83349804,28800.0,-15.256666666666668
1226,798547.4085589435,5827645.83349804,28800.0,-16.223333333333333
1264,798747.4085589435,5827645.83349804,28800.0,-17.196666666666665
1302,798947.4085589435,5827645.83349804,28800.0,-18.18
1340,799147.4085589435,5827645.83349804,28800.0,-19.166666666666668
1378,799347.4085589435,5827645.83349804,28800.0,-20.16
1416,799547.4085589435,5827645.83349804,28800.0,-21.16
1454,799747.4085589435,5827645.83349804,28800.0,-22.16
1492,799947.4085589435,5827645.83349804,28800.0,-23.166666666666668
1530,800147.4085589435,5827645.83349804,28800.0,-24.173333333333332
1568,800347.4085589435,5827645.83349804,28800.0,-25.18333333333333
11,792147.4085589435,5827845.83349804,28800.0,-18.75
49,792347.4085589435,5827845.83349804,28800.0,-17.746666666666666
87,792547.4085589435,5827845.83349804,28800.0,-16.74666666666667
125,792747.4085589435,5827845.83349804,28800.0,-15.753333333333334
163,792947.4085589435,5827845.83349804,28800.0,-14.763333333333334
201,793147.4085589435,5827845.83349804,28800.0,-13.783333333333331
239,793347.4085589435,5827845.83349804,28800.0,-12.813333333333333
277,793547.4085589435,5827845.83349804,28800.0,-11.856666666666667
315,793747.4085589435,5827845.83349804,28800.0,-10.91
353,793947.4085589435,5827845.83349804,28800.0,-9.986666666666666
391,794147.4085589435,5827845.83349804,28800.0,-9.086666666666666
429,794347.4085589435,5827845.83349804,28800.0,-8.22
467,794547.4085589435,5827845.83349804,28800.0,-7.3966666666666665
505,794747.4085589435,5827845.83349804,28800.0,-6.636666666666667
543,794947.4085589435,5827845.83349804,28800.0,-5.96
581,795147.4085589435,5827845.83349804,28800.0,-5.403333333333333
619,795347.4085589435,5827845.83349804,28800.0,-5.0
657,795547.4085589435,5827845.83349804,28800.0,-4.793333333333333
695,795747.4085589435,5827845.83349804,28800.0,-4.806666666666667
733,795947.4085589435,5827845.83349804,28800.0,-5.04
771,796147.4085589435,5827845.83349804,28800.0,-5.466666666666667
809,796347.4085589435,5827845.83349804,28800.0,-6.039999999999999
847,796547.4085589435,5827845.83349804,28800.0,-6.7299999999999995
885,796747.4085589435,5827845.83349804,28800.0,-7.5
923,796947.4085589435,5827845.83349804,28800.0,-8.326666666666666
961,797147.4085589435,5827845.83349804,28800.0,-9.200000000000001
999,797347.4085589435,5827845.83349804,28800.0,-10.103333333333333
1037,797547.4085589435,5827845.83349804,28800.0,-11.030000000000001
1075,797747.4085589435,5827845.83349804,28800.0,-11.976666666666667
1113,797947.4085589435,5827845.83349804,28800.0,-12.936666666666667
1151,798147.4085589435,5827845.83349804,28800.0,-13.91
1189,798347.4085589435,5827845.83349804,28800.0,-14.889999999999999
1227,798547.4085589435,5827845.83349804,28800.0,-15.879999999999999
1265,798747.4085589435,5827845.83349804,28800.0,-16.873333333333335
1303,798947.4085589435,5827845.83349804,28800.0,-17.87333333333333
1341,799147.4085589435,5827845.83349804,28800.0,-18.87666666666667
1379,799347.4085589435,5827845.83349804,28800.0,-19.886666666666667
1417,799547.4085589435,5827845.83349804,28800.0,-20.89666666666667
1455,799747.4085589435,5827845.83349804,28800.0,-21.91
1493,799947.4085589435,5827845.83349804,28800.0,-22.926666666666666
1531,800147.4085589435,5827845.83349804,28800.0,-23.946666666666665
1569,800347.4085589435,5827845.83349804,28800.0,-24.96666666666667
12,792147.4085589435,5828045.83349804,28800.0,-18.513333333333335
50,792347.4085589435,5828045.83349804,28800.0,-17.493333333333332
88,792547.4085589435,5828045.83349804,28800.0,-16.48
126,792747.4085589435,5828045.83349804,28800.0,-15.469999999999999
164,792947.4085589435,5828045.83349804,28800.0,-14.463333333333331
202,793147.4085589435,5828045.83349804,28800.0,-13.459999999999999
240,793347.4085589435,5828045.83349804,28800.0,-12.463333333333335
278,793547.4085589435,5828045.83349804,28800.0,-11.476666666666667
316,793747.4085589435,5828045.83349804,28800.0,-10.496666666666666
354,793947.4085589435,5828045.83349804,28800.0,-9.533333333333333
392,794147.4085589435,5828045.83349804,28800.0,-8.586666666666666
430,794347.4085589435,5828045.83349804,28800.0,-7.663333333333334
468,794547.4085589435,5828045.83349804,28800.0,-6.773333333333333
506,794747.4085589435,5828045.83349804,28800.0,-5.933333333333334
544,794947.4085589435,5828045.83349804,28800.0,-5.166666666666667
582,795147.4085589435,5828045.83349804,28800.0,-4.51
620,795347.4085589435,5828045.83349804,28800.0,-4.0200000000000005
658,795547.4085589435,5828045.83349804,28800.0,-3.7600000000000002
696,795747.4085589435,5828045.83349804,28800.0,-3.776666666666667
734,795947.4085589435,5828045.83349804,28800.0,-4.07
772,796147.4085589435,5828045.83349804,28800.0,-4.586666666666667
810,796347.4085589435,5828045.83349804,28800.0,-5.26
848,796547.4085589435,5828045.83349804,28800.0,-6.036666666666667
886,796747.4085589435,5828045.83349804,28800.0,-6.883333333333333
924,796947.4085589435,5828045.83349804,28800.0,-7.779999999999999
962,797147.4085589435,5828045.83349804,28800.0,-8.706666666666667
1000,797347.4085589435,5828045.83349804,28800.0,-9.656666666666666
1038,797547.4085589435,5828045.83349804,28800.0,-10.623333333333335
1076,797747.4085589435,5828045.83349804,28800.0,-11.6
1114,797947.4085589435,5828045.83349804,28800.0,-12.59
1152,798147.4085589435,5828045.83349804,28800.0,-13.586666666666666
1190,798347.4085589435,5828045.83349804,28800.0,-14.59
1228,798547.4085589435,5828045.83349804,28800.0,-15.596666666666668
1266,798747.4085589435,5828045.83349804,28800.0,-16.61
1304,798947.4085589435,5828045.83349804,28800.0,-17.623333333333335
1342,799147.4085589435,5828045.83349804,28800.0,-18.64333333333333
1380,799347.4085589435,5828045.83349804,28800.0,-19.663333333333334
1418,799547.4085589435,5828045.83349804,28800.0,-20.683333333333334
1456,799747.4085589435,5828045.83349804,28800.0,-21.706666666666667
1494,799947.4085589435,5828045.83349804,28800.0,-22.733333333333334
1532,800147.4085589435,5828045.83349804,28800.0,-23.759999999999998
1570,800347.4085589435,5828045.83349804,28800.0,-24.78666666666667
13,792147.4085589435,5828245.83349804,28800.0,-18.330000000000002
51,792347.4085589435,5828245.83349804,28800.0,-17.303333333333335
89,792547.4085589435,5828245.83349804,28800.0,-16.276666666666667
127,792747.4085589435,5828245.83349804,28800.0,-15.25
165,792947.4085589435,5828245.83349804,28800.0,-14.23
203,793147.4085589435,5828245.83349804,28800.0,-13.21
241,793347.4085589435,5828245.83349804,28800.0,-12.193333333333335
279,793547.4085589435,5828245.83349804,28800.0,-11.18
317,793747.4085589435,5828245.83349804,28800.0,-10.173333333333332
355,793947.4085589435,5828245.83349804,28800.0,-9.176666666666666
393,794147.4085589435,5828245.83349804,28800.0,-8.186666666666666
431,794347.4085589435,5828245.83349804,28800.0,-7.213333333333334
469,794547.4085589435,5828245.83349804,28800.0,-6.26
507,794747.4085589435,5828245.83349804,28800.0,-5.34
545,794947.4085589435,5828245.83349804,28800.0,-4.473333333333333
583,795147.4085589435,5828245.83349804,28800.0,-3.696666666666667
621,795347.4085589435,5828245.83349804,28800.0,-3.0766666666666667
659,795547.4085589435,5828245.83349804,28800.0,-2.73
697,795747.4085589435,5828245.83349804,28800.0,-2.7533333333333334
735,795947.4085589435,5828245.83349804,28800.0,-3.143333333333333
773,796147.4085589435,5828245.83349804,28800.0,-3.786666666666666
811,796347.4085589435,5828245.83349804,28800.0,-4.58
849,796547.4085589435,5828245.83349804,28800.0,-5.456666666666667
887,796747.4085589435,5828245.83349804,28800.0,-6.379999999999999
925,796947.4085589435,5828245.83349804,28800.0,-7.336666666666666
963,797147.4085589435,5828245.83349804,28800.0,-8.313333333333334
1001,797347.4085589435,5828245.83349804,28800.0,-9.303333333333333
1039,797547.4085589435,5828245.83349804,28800.0,-10.303333333333333
1077,797747.4085589435,5828245.83349804,28800.0,-11.31
1115,797947.4085589435,5828245.83349804,28800.0,-12.323333333333334
1153,798147.4085589435,5828245.83349804,28800.0,-13.34
1191,798347.4085589435,5828245.83349804,28800.0,-14.360000000000001
1229,798547.4085589435,5828245.83349804,28800.0,-15.383333333333335
1267,798747.4085589435,5828245.83349804,28800.0,-16.406666666666666
1305,798947.4085589435,5828245.83349804,28800.0,-17.433333333333334
1343,799147.4085589435,5828245.83349804,28800.0,-18.463333333333335
1381,799347.4085589435,5828245.83349804,28800.0,-19.490000000000002
1419,799547.4085589435,5828245.83349804,28800.0,-20.523333333333333
1457,799747.4085589435,5828245.83349804,28800.0,-21.553333333333335
1495,799947.4085589435,5828245.83349804,28800.0,-22.586666666666666
1533,800147.4085589435,5828245.83349804,28800.0,-23.619999999999997
1571,800347.4085589435,5828245.83349804,28800.0,-24.653333333333336
14,792147.4085589435,5828445.83349804,28800.0,-18.206666666666667
52,792347.4085589435,5828445.83349804,28800.0,-17.173333333333332
90,792547.4085589435,5828445.83349804,28800.0,-16.136666666666667
128,792747.4085589435,5828445.83349804,28800.0,-15.103333333333333
166,792947.4085589435,5828445.83349804,28800.0,-14.07
204,793147.4085589435,5828445.83349804,28800.0,-13.036666666666665
242,793347.4085589435,5828445.83349804,28800.0,-12.006666666666668
280,793547.4085589435,5828445.83349804,28800.0,-10.976666666666667
318,793747.4085589435,5828445.83349804,28800.0,-9.950000000000001
356,793947.4085589435,5828445.83349804,28800.0,-8.926666666666668
394,794147.4085589435,5828445.83349804,28800.0,-7.906666666666666
432,794347.4085589435,5828445.83349804,28800.0,-6.893333333333333
470,794547.4085589435,5828445.83349804,28800.0,-5.890000000000001
508,794747.4085589435,5828445.83349804,28800.0,-4.9
546,794947.4085589435,5828445.83349804,28800.0,-3.9366666666666665
584,795147.4085589435,5828445.83349804,28800.0,-3.0233333333333334
622,795347.4085589435,5828445.83349804,28800.0,-2.2266666666666666
660,795547.4085589435,5828445.83349804,28800.0,-1.7133333333333334
698,795747.4085589435,5828445.83349804,28800.0,-1.7533333333333334
736,795947.4085589435,5828445.83349804,28800.0,-2.316666666666667
774,796147.4085589435,5828445.83349804,28800.0,-3.1366666666666667
812,796347.4085589435,5828445.83349804,28800.0,-4.056666666666667
850,796547.4085589435,5828445.83349804,28800.0,-5.023333333333333
888,796747.4085589435,5828445.83349804,28800.0,-6.016666666666667
926,796947.4085589435,5828445.83349804,28800.0,-7.023333333333333
964,797147.4085589435,5828445.83349804,28800.0,-8.036666666666667
1002,797347.4085589435,5828445.83349804,28800.0,-9.056666666666667
1040,797547.4085589435,5828445.83349804,28800.0,-10.08
1078,797747.4085589435,5828445.83349804,28800.0,-11.11
1116,797947.4085589435,5828445.83349804,28800.0,-12.136666666666667
1154,798147.4085589435,5828445.83349804,28800.0,-13.169999999999998
1192,798347.4085589435,5828445.83349804,28800.0,-14.2
1230,798547.4085589435,5828445.83349804,28800.0,-15.233333333333333
1268,798747.4085589435,5828445.83349804,28800.0,-16.27
1306,798947.4085589435,5828445.83349804,28800.0,-17.303333333333335
1344,799147.4085589435,5828445.83349804,28800.0,-18.34
1382,799347.4085589435,5828445.83349804,28800.0,-19.376666666666665
1420,799547.4085589435,5828445.83349804,28800.0,-20.413333333333334
1458,799747.4085589435,5828445.83349804,28800.0,-21.450000000000003
1496,799947.4085589435,5828445.83349804,28800.0,-22.486666666666668
1534,800147.4085589435,5828445.83349804,28800.0,-23.523333333333333
1572,800347.4085589435,5828445.83349804,28800.0,-24.560000000000002
15,792147.4085589435,5828645.83349804,28800.0,-18.143333333333334
53,792347.4085589435,5828645.83349804,28800.0,-17.103333333333335
91,792547.4085589435,5828645.83349804,28800.0,-16.063333333333333
129,792747.4085589435,5828645.83349804,28800.0,-15.023333333333333
167,792947.4085589435,5828645.83349804,28800.0,-13.986666666666665
205,793147.4085589435,5828645.83349804,28800.0,-12.946666666666665
243,793347.4085589435,5828645.83349804,28800.0,-11.906666666666666
281,793547.4085589435,5828645.83349804,28800.0,-10.870000000000001
319,793747.4085589435,5828645.83349804,28800.0,-9.83
357,793947.4085589435,5828645.83349804,28800.0,-8.793333333333333
395,794147.4085589435,5828645.83349804,28800.0,-7.756666666666667
433,794347.4085589435,5828645.83349804,28800.0,-6.720000000000001
471,794547.4085589435,5828645.83349804,28800.0,-5.686666666666667
509,794747.4085589435,5828645.83349804,28800.0,-4.653333333333333
547,794947.4085589435,5828645.83349804,28800.0,-3.6233333333333335
585,795147.4085589435,5828645.83349804,28800.0,-2.606666666666667
623,795347.4085589435,5828645.83349804,28800.0,-1.6133333333333333
661,795547.4085589435,5828645.83349804,28800.0,-0.76
699,795747.4085589435,5828645.83349804,28800.0,-0.8466666666666667
737,795947.4085589435,5828645.83349804,28800.0,-1.7366666666666668
775,796147.4085589435,5828645.83349804,28800.0,-2.7333333333333334
813,796347.4085589435,5828645.83349804,28800.0,-3.7566666666666664
851,796547.4085589435,5828645.83349804,28800.0,-4.783333333333333
889,796747.4085589435,5828645.83349804,28800.0,-5.816666666666666
927,796947.4085589435,5828645.83349804,28800.0,-6.8533333333333335
965,797147.4085589435,5828645.83349804,28800.0,-7.89
1003,797347.4085589435,5828645.83349804,28800.0,-8.926666666666668
1041,797547.4085589435,5828645.83349804,28800.0,-9.963333333333333
1079,797747.4085589435,5828645.83349804,28800.0,-11.003333333333334
1117,797947.4085589435,5828645.83349804,28800.0,-12.040000000000001
1155,798147.4085589435,5828645.83349804,28800.0,-13.080000000000002
1193,798347.4085589435,5828645.83349804,28800.0,-14.116666666666667
1231,798547.4085589435,5828645.83349804,28800.0,-15.156666666666666
1269,798747.4085589435,5828645.83349804,28800.0,-16.196666666666665
1307,798947.4085589435,5828645.83349804,28800.0,-17.236666666666668
1345,799147.4085589435,5828645.83349804,28800.0,-18.276666666666667
1383,799347.4085589435,5828645.83349804,28800.0,-19.313333333333333
1421,799547.4085589435,5828645.83349804,28800.0,-20.35333333333333
1459,799747.4085589435,5828645.83349804,28800.0,-21.393333333333334
1497,799947.4085589435,5828645.83349804,28800.0,-22.433333333333334
1535,800147.4085589435,5828645.83349804,28800.0,-23.473333333333333
1573,800347.4085589435,5828645.83349804,28800.0,-24.513333333333335
16,792147.4085589435,5828845.83349804,28800.0,-18.136666666666667
54,792347.4085589435,5828845.83349804,28800.0,-17.096666666666668
92,792547.4085589435,5828845.83349804,28800.0,-16.056666666666665
130,792747.4085589435,5828845.83349804,28800.0,-15.016666666666666
168,792947.4085589435,5828845.83349804,28800.0,-13.98
206,793147.4085589435,5828845.83349804,28800.0,-12.940000000000001
244,793347.4085589435,5828845.83349804,28800.0,-11.9
282,793547.4085589435,5828845.83349804,28800.0,-10.86
320,793747.4085589435,5828845.83349804,28800.0,-9.82
358,793947.4085589435,5828845.83349804,28800.0,-8.783333333333333
396,794147.4085589435,5828845.83349804,28800.0,-7.743333333333332
434,794347.4085589435,5828845.83349804,28800.0,-6.706666666666667
472,794547.4085589435,5828845.83349804,28800.0,-5.666666666666666
510,794747.4085589435,5828845.83349804,28800.0,-4.63
548,794947.4085589435,5828845.83349804,28800.0,-3.5966666666666667
586,795147.4085589435,5828845.83349804,28800.0,-2.5666666666666664
624,795347.4085589435,5828845.83349804,28800.0,-1.5533333333333332
662,795547.4085589435,5828845.83349804,28800.0,-0.62
700,795747.4085589435,5828845.83349804,28800.0,-0.7233333333333334
738,795947.4085589435,5828845.83349804,28800.0,-1.6800000000000002
776,796147.4085589435,5828845.83349804,28800.0,-2.7
814,796347.4085589435,5828845.83349804,28800.0,-3.7300000000000004
852,796547.4085589435,5828845.83349804,28800.0,-4.763333333333334
890,796747.4085589435,5828845.83349804,28800.0,-5.8
928,796947.4085589435,5828845.83349804,28800.0,-6.836666666666667
966,797147.4085589435,5828845.83349804,28800.0,-7.876666666666667
1004,797347.4085589435,5828845.83349804,28800.0,-8.913333333333334
1042,797547.4085589435,5828845.83349804,28800.0,-9.953333333333333
1080,797747.4085589435,5828845.83349804,28800.0,-10.993333333333332
1118,797947.4085589435,5828845.83349804,28800.0,-12.033333333333333
1156,798147.4085589435,5828845.83349804,28800.0,-13.073333333333334
1194,798347.4085589435,5828845.83349804,28800.0,-14.11
1232,798547.4085589435,5828845.83349804,28800.0,-15.149999999999999
1270,798747.4085589435,5828845.83349804,28800.0,-16.189999999999998
1308,798947.4085589435,5828845.83349804,28800.0,-17.23
1346,799147.4085589435,5828845.83349804,28800.0,-18.27
1384,799347.4085589435,5828845.83349804,28800.0,-19.31
1422,799547.4085589435,5828845.83349804,28800.0,-20.35
1460,799747.4085589435,5828845.83349804,28800.0,-21.39
1498,799947.4085589435,5828845.83349804,28800.0,-22.43
1536,800147.4085589435,5828845.83349804,28800.0,-23.47
1574,800347.4085589435,5828845.83349804,28800.0,-24.509999999999998
17,792147.4085589435,5829045.83349804,28800.0,-18.19
55,792347.4085589435,5829045.83349804,28800.0,-17.153333333333336
93,792547.4085589435,5829045.83349804,28800.0,-16.119999999999997
131,792747.4085589435,5829045.83349804,28800.0,-15.083333333333332
169,792947.4085589435,5829045.83349804,28800.0,-14.05
207,793147.4085589435,5829045.83349804,28800.0,-13.013333333333335
245,793347.4085589435,5829045.83349804,28800.0,-11.983333333333334
283,793547.4085589435,5829045.83349804,28800.0,-10.95
321,793747.4085589435,5829045.83349804,28800.0,-9.92
359,793947.4085589435,5829045.83349804,28800.0,-8.893333333333334
397,794147.4085589435,5829045.83349804,28800.0,-7.870000000000001
435,794347.4085589435,5829045.83349804,28800.0,-6.85
473,794547.4085589435,5829045.83349804,28800.0,-5.84
511,794747.4085589435,5829045.83349804,28800.0,-4.84
549,794947.4085589435,5829045.83349804,28800.0,-3.86
587,795147.4085589435,5829045.83349804,28800.0,-2.9266666666666667
625,795347.4085589435,5829045.83349804,28800.0,-2.0933333333333337
663,795547.4085589435,5829045.83349804,28800.0,-1.5333333333333332
701,795747.4085589435,5829045.83349804,28800.0,-1.5766666666666667
739,795947.4085589435,5829045.83349804,28800.0,-2.19
777,796147.4085589435,5829045.83349804,28800.0,-3.04
815,796347.4085589435,5829045.83349804,28800.0,-3.9833333333333334
853,796547.4085589435,5829045.83349804,28800.0,-4.966666666666667
891,796747.4085589435,5829045.83349804,28800.0,-5.966666666666667
929,796947.4085589435,5829045.83349804,28800.0,-6.98
967,797147.4085589435,5829045.83349804,28800.0,-8.0
1005,797347.4085589435,5829045.83349804,28800.0,-9.023333333333333
1043,797547.4085589435,5829045.83349804,28800.0,-10.053333333333333
1081,797747.4085589435,5829045.83349804,28800.0,-11.083333333333334
1119,797947.4085589435,5829045.83349804,28800.0,-12.113333333333333
1157,798147.4085589435,5829045.83349804,28800.0,-13.146666666666668
1195,798347.4085589435,5829045.83349804,28800.0,-14.18
1233,798547.4085589435,5829045.83349804,28800.0,-15.216666666666665
1271,798747.4085589435,5829045.83349804,28800.0,-16.25
1309,798947.4085589435,5829045.83349804,28800.0,-17.28666666666667
1347,799147.4085589435,5829045.83349804,28800.0,-18.323333333333334
1385,799347.4085589435,5829045.83349804,28800.0,-19.36
1423,799547.4085589435,5829045.83349804,28800.0,-20.396666666666665
1461,799747.4085589435,5829045.83349804,28800.0,-21.433333333333334
1499,799947.4085589435,5829045.83349804,28800.0,-22.473333333333336
1537,800147.4085589435,5829045.83349804,28800.0,-23.51
1575,800347.4085589435,5829045.83349804,28800.0,-24.55
18,792147.4085589435,5829245.83349804,28800.0,-18.303333333333335
56,792347.4085589435,5829245.83349804,28800.0,-17.273333333333333
94,792547.4085589435,5829245.83349804,28800.0,-16.246666666666666
132,792747.4085589435,5829245.83349804,28800.0,-15.219999999999999
170,792947.4085589435,5829245.83349804,28800.0,-14.196666666666665
208,793147.4085589435,5829245.83349804,28800.0,-13.173333333333332
246,793347.4085589435,5829245.83349804,28800.0,-12.153333333333332
284,793547.4085589435,5829245.83349804,28800.0,-11.136666666666667
322,793747.4085589435,5829245.83349804,28800.0,-10.126666666666667
360,793947.4085589435,5829245.83349804,28800.0,-9.123333333333335
398,794147.4085589435,5829245.83349804,28800.0,-8.126666666666665
436,794347.4085589435,5829245.83349804,28800.0,-7.1466666666666665
474,794547.4085589435,5829245.83349804,28800.0,-6.183333333333333
512,794747.4085589435,5829245.83349804,28800.0,-5.25
550,794947.4085589435,5829245.83349804,28800.0,-4.363333333333333
588,795147.4085589435,5829245.83349804,28800.0,-3.5633333333333335
626,795347.4085589435,5829245.83349804,28800.0,-2.9166666666666665
664,795547.4085589435,5829245.83349804,28800.0,-2.546666666666667
702,795747.4085589435,5829245.83349804,28800.0,-2.5733333333333333
740,795947.4085589435,5829245.83349804,28800.0,-2.9866666666666664
778,796147.4085589435,5829245.83349804,28800.0,-3.6566666666666667
816,796347.4085589435,5829245.83349804,28800.0,-4.473333333333333
854,796547.4085589435,5829245.83349804,28800.0,-5.366666666666667
892,796747.4085589435,5829245.83349804,28800.0,-6.303333333333333
930,796947.4085589435,5829245.83349804,28800.0,-7.27
968,797147.4085589435,5829245.83349804,28800.0,-8.253333333333334
1006,797347.4085589435,5829245.83349804,28800.0,-9.25
1044,797547.4085589435,5829245.83349804,28800.0,-10.256666666666668
1082,797747.4085589435,5829245.83349804,28800.0,-11.266666666666666
1120,797947.4085589435,5829245.83349804,28800.0,-12.283333333333331
1158,798147.4085589435,5829245.83349804,28800.0,-13.303333333333335
1196,798347.4085589435,5829245.83349804,28800.0,-14.326666666666668
1234,798547.4085589435,5829245.83349804,28800.0,-15.349999999999998
1272,798747.4085589435,5829245.83349804,28800.0,-16.376666666666665
1310,798947.4085589435,5829245.83349804,28800.0,-17.406666666666666
1348,799147.4085589435,5829245.83349804,28800.0,-18.436666666666667
1386,799347.4085589435,5829245.83349804,28800.0,-19.46666666666667
1424,799547.4085589435,5829245.83349804,28800.0,-20.5
1462,799747.4085589435,5829245.83349804,28800.0,-21.53
1500,799947.4085589435,5829245.83349804,28800.0,-22.563333333333333
1538,800147.4085589435,5829245.83349804,28800.0,-23.596666666666668
1576,800347.4085589435,5829245.83349804,28800.0,-24.633333333333333
19,792147.4085589435,5829445.83349804,28800.0,-18.476666666666667
57,792347.4085589435,5829445.83349804,28800.0,-17.456666666666667
95,792547.4085589435,5829445.83349804,28800.0,-16.44
133,792747.4085589435,5829445.83349804,28800.0,-15.426666666666666
171,792947.4085589435,5829445.83349804,28800.0,-14.416666666666666
209,793147.4085589435,5829445.83349804,28800.0,-13.41
247,793347.4085589435,5829445.83349804,28800.0,-12.41
285,793547.4085589435,5829445.83349804,28800.0,-11.416666666666666
323,793747.4085589435,5829445.83349804,28800.0,-10.433333333333334
361,793947.4085589435,5829445.83349804,28800.0,-9.463333333333335
399,794147.4085589435,5829445.83349804,28800.0,-8.506666666666668
437,794347.4085589435,5829445.83349804,28800.0,-7.573333333333332
475,794547.4085589435,5829445.83349804,28800.0,-6.673333333333334
513,794747.4085589435,5829445.83349804,28800.0,-5.816666666666666
551,794947.4085589435,5829445.83349804,28800.0,-5.033333333333333
589,795147.4085589435,5829445.83349804,28800.0,-4.356666666666667
627,795347.4085589435,5829445.83349804,28800.0,-3.8466666666666667
665,795547.4085589435,5829445.83349804,28800.0,-3.5733333333333333
703,795747.4085589435,5829445.83349804,28800.0,-3.5933333333333337
741,795947.4085589435,5829445.83349804,28800.0,-3.9000000000000004
779,796147.4085589435,5829445.83349804,28800.0,-4.4366666666666665
817,796347.4085589435,5829445.83349804,28800.0,-5.13
855,796547.4085589435,5829445.83349804,28800.0,-5.923333333333334
893,796747.4085589435,5829445.83349804,28800.0,-6.786666666666667
931,796947.4085589435,5829445.83349804,28800.0,-7.69
969,797147.4085589435,5829445.83349804,28800.0,-8.626666666666667
1007,797347.4085589435,5829445.83349804,28800.0,-9.586666666666666
1045,797547.4085589435,5829445.83349804,28800.0,-10.556666666666667
1083,797747.4085589435,5829445.83349804,28800.0,-11.543333333333333
1121,797947.4085589435,5829445.83349804,28800.0,-12.536666666666669
1159,798147.4085589435,5829445.83349804,28800.0,-13.536666666666667
1197,798347.4085589435,5829445.83349804,28800.0,-14.543333333333333
1235,798547.4085589435,5829445.83349804,28800.0,-15.553333333333335
1273,798747.4085589435,5829445.83349804,28800.0,-16.57
1311,798947.4085589435,5829445.83349804,28800.0,-17.586666666666666
1349,799147.4085589435,5829445.83349804,28800.0,-18.606666666666666
1387,799347.4085589435,5829445.83349804,28800.0,-19.62666666666667
1425,799547.4085589435,5829445.83349804,28800.0,-20.650000000000002
1463,799747.4085589435,5829445.83349804,28800.0,-21.676666666666666
1501,799947.4085589435,5829445.83349804,28800.0,-22.703333333333333
1539,800147.4085589435,5829445.83349804,28800.0,-23.73
1577,800347.4085589435,5829445.83349804,28800.0,-24.76
20,792147.4085589435,5829645.83349804,28800.0,-18.703333333333333
58,792347.4085589435,5829645.83349804,28800.0,-17.696666666666665
96,792547.4085589435,5829645.83349804,28800.0,-16.693333333333335
134,792747.4085589435,5829645.83349804,28800.0,-15.696666666666665
172,792947.4085589435,5829645.83349804,28800.0,-14.706666666666667
210,793147.4085589435,5829645.83349804,28800.0,-13.719999999999999
248,793347.4085589435,5829645.83349804,28800.0,-12.746666666666666
286,793547.4085589435,5829645.83349804,28800.0,-11.780000000000001
324,793747.4085589435,5829645.83349804,28800.0,-10.83
362,793947.4085589435,5829645.83349804,28800.0,-9.899999999999999
400,794147.4085589435,5829645.83349804,28800.0,-8.99
438,794347.4085589435,5829645.83349804,28800.0,-8.113333333333333
476,794547.4085589435,5829645.83349804,28800.0,-7.28
514,794747.4085589435,5829645.83349804,28800.0,-6.503333333333334
552,794947.4085589435,5829645.83349804,28800.0,-5.8133333333333335
590,795147.4085589435,5829645.83349804,28800.0,-5.24
628,795347.4085589435,5829645.83349804,28800.0,-4.823333333333333
666,795547.4085589435,5829645.83349804,28800.0,-4.6066666666666665
704,795747.4085589435,5829645.83349804,28800.0,-4.623333333333333
742,795947.4085589435,5829645.83349804,28800.0,-4.866666666666667
780,796147.4085589435,5829645.83349804,28800.0,-5.303333333333333
818,796347.4085589435,5829645.83349804,28800.0,-5.8966666666666665
856,796547.4085589435,5829645.83349804,28800.0,-6.6000000000000005
894,796747.4085589435,5829645.83349804,28800.0,-7.383333333333334
932,796947.4085589435,5829645.83349804,28800.0,-8.223333333333333
970,797147.4085589435,5829645.83349804,28800.0,-9.103333333333333
1008,797347.4085589435,5829645.83349804,28800.0,-10.016666666666667
1046,797547.4085589435,5829645.83349804,28800.0,-10.95
1084,797747.4085589435,5829645.83349804,28800.0,-11.903333333333332
1122,797947.4085589435,5829645.83349804,28800.0,-12.870000000000001
1160,798147.4085589435,5829645.83349804,28800.0,-13.846666666666668
1198,798347.4085589435,5829645.83349804,28800.0,-14.833333333333334
1236,798547.4085589435,5829645.83349804,28800.0,-15.823333333333334
1274,798747.4085589435,5829645.83349804,28800.0,-16.823333333333334
1312,798947.4085589435,5829645.83349804,28800.0,-17.82333333333333
1350,799147.4085589435,5829645.83349804,28800.0,-18.833333333333332
1388,799347.4085589435,5829645.83349804,28800.0,-19.843333333333334
1426,799547.4085589435,5829645.83349804,28800.0,-20.856666666666666
1464,799747.4085589435,5829645.83349804,28800.0,-21.87
1502,799947.4085589435,5829645.83349804,28800.0,-22.89
1540,800147.4085589435,5829645.83349804,28800.0,-23.91
1578,800347.4085589435,5829645.83349804,28800.0,-24.93
21,792147.4085589435,5829845.83349804,28800.0,-18.983333333333334
59,792347.4085589435,5829845.83349804,28800.0,-17.993333333333332
97,792547.4085589435,5829845.83349804,28800.0,-17.009999999999998
135,792747.4085589435,5829845.83349804,28800.0,-16.03333333333333
173,792947.4085589435,5829845.83349804,28800.0,-15.063333333333333
211,793147.4085589435,5829845.83349804,28800.0,-14.103333333333335
249,793347.4085589435,5829845.83349804,28800.0,-13.156666666666666
287,793547.4085589435,5829845.83349804,28800.0,-12.223333333333333
325,793747.4085589435,5829845.83349804,28800.0,-11.31
363,793947.4085589435,5829845.83349804,28800.0,-10.42
401,794147.4085589435,5829845.83349804,28800.0,-9.563333333333333
439,794347.4085589435,5829845.83349804,28800.0,-8.743333333333332
477,794547.4085589435,5829845.83349804,28800.0,-7.973333333333333
515,794747.4085589435,5829845.83349804,28800.0,-7.273333333333333
553,794947.4085589435,5829845.83349804,28800.0,-6.663333333333333
591,795147.4085589435,5829845.83349804,28800.0,-6.17
629,795347.4085589435,5829845.83349804,28800.0,-5.82
667,795547.4085589435,5829845.83349804,28800.0,-5.6433333333333335
705,795747.4085589435,5829845.83349804,28800.0,-5.656666666666667
743,795947.4085589435,5829845.83349804,28800.0,-5.856666666666667
781,796147.4085589435,5829845.83349804,28800.0,-6.226666666666667
819,796347.4085589435,5829845.83349804,28800.0,-6.736666666666667
857,796547.4085589435,5829845.83349804,28800.0,-7.359999999999999
895,796747.4085589435,5829845.83349804,28800.0,-8.07
933,796947.4085589435,5829845.83349804,28800.0,-8.843333333333334
971,797147.4085589435,5829845.83349804,28800.0,-9.67
1009,797347.4085589435,5829845.83349804,28800.0,-10.533333333333333
1047,797547.4085589435,5829845.83349804,28800.0,-11.426666666666666
1085,797747.4085589435,5829845.83349804,28800.0,-12.343333333333334
1123,797947.4085589435,5829845.83349804,28800.0,-13.276666666666667
1161,798147.4085589435,5829845.83349804,28800.0,-14.223333333333334
1199,798347.4085589435,5829845.83349804,28800.0,-15.186666666666667
1237,798547.4085589435,5829845.83349804,28800.0,-16.156666666666666
1275,798747.4085589435,5829845.83349804,28800.0,-17.133333333333333
1313,798947.4085589435,5829845.83349804,28800.0,-18.12
1351,799147.4085589435,5829845.83349804,28800.0,-19.113333333333333
1389,799347.4085589435,5829845.83349804,28800.0,-20.106666666666666
1427,799547.4085589435,5829845.83349804,28800.0,-21.11
1465,799747.4085589435,5829845.83349804,28800.0,-22.113333333333333
1503,799947.4085589435,5829845.83349804,28800.0,-23.12
1541,800147.4085589435,5829845.83349804,28800.0,-24.13
1579,800347.4085589435,5829845.83349804,28800.0,-25.14333333333333
22,792147.4085589435,5830045.83349804,28800.0,-19.32
60,792347.4085589435,5830045.83349804,28800.0,-18.346666666666668
98,792547.4085589435,5830045.83349804,28800.0,-17.38
136,792747.4085589435,5830045.83349804,28800.0,-16.426666666666666
174,792947.4085589435,5830045.83349804,28800.0,-15.48
212,793147.4085589435,5830045.83349804,28800.0,-14.549999999999999
250,793347.4085589435,5830045.83349804,28800.0,-13.633333333333333
288,793547.4085589435,5830045.83349804,28800.0,-12.736666666666668
326,793747.4085589435,5830045.83349804,28800.0,-11.863333333333333
364,793947.4085589435,5830045.83349804,28800.0,-11.016666666666666
402,794147.4085589435,5830045.83349804,28800.0,-10.21
440,794347.4085589435,5830045.83349804,28800.0,-9.446666666666667
478,794547.4085589435,5830045.83349804,28800.0,-8.74
516,794747.4085589435,5830045.83349804,28800.0,-8.106666666666667
554,794947.4085589435,5830045.83349804,28800.0,-7.563333333333334
592,795147.4085589435,5830045.83349804,28800.0,-7.129999999999999
630,795347.4085589435,5830045.83349804,28800.0,-6.83
668,795547.4085589435,5830045.83349804,28800.0,-6.68
706,795747.4085589435,5830045.83349804,28800.0,-6.6899999999999995
744,795947.4085589435,5830045.83349804,28800.0,-6.859999999999999
782,796147.4085589435,5830045.83349804,28800.0,-7.180000000000001
820,796347.4085589435,5830045.83349804,28800.0,-7.626666666666667
858,796547.4085589435,5830045.83349804,28800.0,-8.183333333333334
896,796747.4085589435,5830045.83349804,28800.0,-8.826666666666666
934,796947.4085589435,5830045.83349804,28800.0,-9.540000000000001
972,797147.4085589435,5830045.83349804,28800.0,-10.309999999999999
1010,797347.4085589435,5830045.83349804,28800.0,-11.123333333333333
1048,797547.4085589435,5830045.83349804,28800.0,-11.973333333333333
1086,797747.4085589435,5830045.83349804,28800.0,-12.85
1124,797947.4085589435,5830045.83349804,28800.0,-13.75
1162,798147.4085589435,5830045.83349804,28800.0,-14.666666666666668
1200,798347.4085589435,5830045.83349804,28800.0,-15.600000000000001
1238,798547.4085589435,5830045.83349804,28800.0,-16.546666666666667
1276,798747.4085589435,5830045.83349804,28800.0,-17.503333333333334
1314,798947.4085589435,5830045.83349804,28800.0,-18.47
1352,799147.4085589435,5830045.83349804,28800.0,-19.44333333333333
1390,799347.4085589435,5830045.83349804,28800.0,-20.423333333333332
1428,799547.4085589435,5830045.83349804,28800.0,-21.41
1466,799747.4085589435,5830045.83349804,28800.0,-22.4
1504,799947.4085589435,5830045.83349804,28800.0,-23.393333333333334
1542,800147.4085589435,5830045.83349804,28800.0,-24.39333333333333
1580,800347.4085589435,5830045.83349804,28800.0,-25.39666666666667
23,792147.4085589435,5830245.83349804,28800.0,-19.703333333333333
61,792347.4085589435,5830245.83349804,28800.0,-18.75
99,792547.4085589435,5830245.83349804,28800.0,-17.806666666666665
137,792747.4085589435,5830245.83349804,28800.0,-16.873333333333335
175,792947.4085589435,5830245.83349804,28800.0,-15.956666666666667
213,793147.4085589435,5830245.83349804,28800.0,-15.053333333333335
251,793347.4085589435,5830245.83349804,28800.0,-14.170000000000002
289,793547.4085589435,5830245.83349804,28800.0,-13.309999999999999
327,793747.4085589435,5830245.83349804,28800.0,-12.476666666666667
365,793947.4085589435,5830245.83349804,28800.0,-11.676666666666666
403,794147.4085589435,5830245.83349804,28800.0,-10.916666666666666
441,794347.4085589435,5830245.83349804,28800.0,-10.206666666666667
479,794547.4085589435,5830245.83349804,28800.0,-9.556666666666667
517,794747.4085589435,5830245.83349804,28800.0,-8.98
555,794947.4085589435,5830245.83349804,28800.0,-8.493333333333332
593,795147.4085589435,5830245.83349804,28800.0,-8.11
631,795347.4085589435,5830245.83349804,28800.0,-7.85
669,795547.4085589435,5830245.83349804,28800.0,-7.72
707,795747.4085589435,5830245.83349804,28800.0,-7.726666666666667
745,795947.4085589435,5830245.83349804,28800.0,-7.873333333333333
783,796147.4085589435,5830245.83349804,28800.0,-8.153333333333332
821,796347.4085589435,5830245.83349804,28800.0,-8.55
859,796547.4085589435,5830245.83349804,28800.0,-9.05
897,796747.4085589435,5830245.83349804,28800.0,-9.636666666666667
935,796947.4085589435,5830245.83349804,28800.0,-10.293333333333333
973,797147.4085589435,5830245.83349804,28800.0,-11.01
1011,797347.4085589435,5830245.83349804,28800.0,-11.776666666666667
1049,797547.4085589435,5830245.83349804,28800.0,-12.58
1087,797747.4085589435,5830245.83349804,28800.0,-13.420000000000002
1125,797947.4085589435,5830245.83349804,28800.0,-14.283333333333333
1163,798147.4085589435,5830245.83349804,28800.0,-15.166666666666666
1201,798347.4085589435,5830245.83349804,28800.0,-16.073333333333334
1239,798547.4085589435,5830245.83349804,28800.0,-16.993333333333332
1277,798747.4085589435,5830245.83349804,28800.0,-17.926666666666666
1315,798947.4085589435,5830245.83349804,28800.0,-18.87
1353,799147.4085589435,5830245.83349804,28800.0,-19.823333333333334
1391,799347.4085589435,5830245.83349804,28800.0,-20.78666666666667
1429,799547.4085589435,5830245.83349804,28800.0,-21.756666666666668
1467,799747.4085589435,5830245.83349804,28800.0,-22.73
1505,799947.4085589435,5830245.83349804,28800.0,-23.713333333333335
1543,800147.4085589435,5830245.83349804,28800.0,-24.69666666666667
1581,800347.4085589435,5830245.83349804,28800.0,-25.686666666666667
24,792147.4085589435,5830445.83349804,28800.0,-20.13
62,792347.4085589435,5830445.83349804,28800.0,-19.200000000000003
100,792547.4085589435,5830445.83349804,28800.0,-18.28
138,792747.4085589435,5830445.83349804,28800.0,-17.373333333333335
176,792947.4085589435,5830445.83349804,28800.0,-16.483333333333334
214,793147.4085589435,5830445.83349804,28800.0,-15.613333333333333
252,793347.4085589435,5830445.83349804,28800.0,-14.763333333333334
290,793547.4085589435,5830445.83349804,28800.0,-13.936666666666666
328,793747.4085589435,5830445.83349804,28800.0,-13.143333333333334
366,793947.4085589435,5830445.83349804,28800.0,-12.386666666666667
404,794147.4085589435,5830445.83349804,28800.0,-11.673333333333332
442,794347.4085589435,5830445.83349804,28800.0,-11.013333333333334
480,794547.4085589435,5830445.83349804,28800.0,-10.413333333333334
518,794747.4085589435,5830445.83349804,28800.0,-9.886666666666667
556,794947.4085589435,5830445.83349804,28800.0,-9.446666666666667
594,795147.4085589435,5830445.83349804,28800.0,-9.103333333333333
632,795347.4085589435,5830445.83349804,28800.0,-8.873333333333333
670,795547.4085589435,5830445.83349804,28800.0,-8.756666666666668
708,795747.4085589435,5830445.83349804,28800.0,-8.763333333333334
746,795947.4085589435,5830445.83349804,28800.0,-8.896666666666667
784,796147.4085589435,5830445.83349804,28800.0,-9.143333333333333
822,796347.4085589435,5830445.83349804,28800.0,-9.496666666666666
860,796547.4085589435,5830445.83349804,28800.0,-9.950000000000001
898,796747.4085589435,5830445.83349804,28800.0,-10.486666666666668
936,796947.4085589435,5830445.83349804,28800.0,-11.093333333333334
974,797147.4085589435,5830445.83349804,28800.0,-11.763333333333334
1012,797347.4085589435,5830445.83349804,28800.0,-12.48
1050,797547.4085589435,5830445.83349804,28800.0,-13.243333333333332
1088,797747.4085589435,5830445.83349804,28800.0,-14.04
1126,797947.4085589435,5830445.83349804,28800.0,-14.870000000000001
1164,798147.4085589435,5830445.83349804,28800.0,-15.723333333333334
1202,798347.4085589435,5830445.83349804,28800.0,-16.596666666666664
1240,798547.4085589435,5830445.83349804,28800.0,-17.490000000000002
1278,798747.4085589435,5830445.83349804,28800.0,-18.39666666666667
1316,798947.4085589435,5830445.83349804,28800.0,-19.316666666666666
1354,799147.4085589435,5830445.83349804,28800.0,-20.25
1392,799347.4085589435,5830445.83349804,28800.0,-21.193333333333335
1430,799547.4085589435,5830445.83349804,28800.0,-22.14666666666667
1468,799747.4085589435,5830445.83349804,28800.0,-23.103333333333335
1506,799947.4085589435,5830445.83349804,28800.0,-24.07
1544,800147.4085589435,5830445.83349804,28800.0,-25.04333333333333
1582,800347.4085589435,5830445.83349804,28800.0,-26.020000000000003
25,792147.4085589435,5830645.83349804,28800.0,-20.60333333333333
63,792347.4085589435,5830645.83349804,28800.0,-19.696666666666665
101,792547.4085589435,5830645.83349804,28800.0,-18.8
139,792747.4085589435,5830645.83349804,28800.0,-17.92
177,792947.4085589435,5830645.83349804,28800.0,-17.06
215,793147.4085589435,5830645.83349804,28800.0,-16.21666666666667
253,793347.4085589435,5830645.83349804,28800.0,-15.400000000000002
291,793547.4085589435,5830645.83349804,28800.0,-14.613333333333333
329,793747.4085589435,5830645.83349804,28800.0,-13.856666666666666
367,793947.4085589435,5830645.83349804,28800.0,-13.143333333333334
405,794147.4085589435,5830645.83349804,28800.0,-12.473333333333333
443,794347.4085589435,5830645.83349804,28800.0,-11.856666666666667
481,794547.4085589435,5830645.83349804,28800.0,-11.3
519,794747.4085589435,5830645.83349804,28800.0,-10.816666666666666
557,794947.4085589435,5830645.83349804,28800.0,-10.416666666666668
595,795147.4085589435,5830645.83349804,28800.0,-10.106666666666666
633,795347.4085589435,5830645.83349804,28800.0,-9.899999999999999
671,795547.4085589435,5830645.83349804,28800.0,-9.796666666666667
709,795747.4085589435,5830645.83349804,28800.0,-9.803333333333335
747,795947.4085589435,5830645.83349804,28800.0,-9.92
785,796147.4085589435,5830645.83349804,28800.0,-10.143333333333334
823,796347.4085589435,5830645.83349804,28800.0,-10.463333333333333
861,796547.4085589435,5830645.83349804,28800.0,-10.876666666666667
899,796747.4085589435,5830645.83349804,28800.0,-11.366666666666667
937,796947.4085589435,5830645.83349804,28800.0,-11.93
975,797147.4085589435,5830645.83349804,28800.0,-12.553333333333335
1013,797347.4085589435,5830645.83349804,28800.0,-13.23
1051,797547.4085589435,5830645.83349804,28800.0,-13.953333333333333
1089,797747.4085589435,5830645.83349804,28800.0,-14.713333333333335
1127,797947.4085589435,5830645.83349804,28800.0,-15.503333333333332
1165,798147.4085589435,5830645.83349804,28800.0,-16.32333333333333
1203,798347.4085589435,5830645.83349804,28800.0,-17.166666666666668
1241,798547.4085589435,5830645.83349804,28800.0,-18.03
1279,798747.4085589435,5830645.83349804,28800.0,-18.913333333333334
1317,798947.4085589435,5830645.83349804,28800.0,-19.810000000000002
1355,799147.4085589435,5830645.83349804,28800.0,-20.72
1393,799347.4085589435,5830645.83349804,28800.0,-21.64333333333333
1431,799547.4085589435,5830645.83349804,28800.0,-22.576666666666668
1469,799747.4085589435,5830645.83349804,28800.0,-23.516666666666666
1507,799947.4085589435,5830645.83349804,28800.0,-24.466666666666665
1545,800147.4085589435,5830645.83349804,28800.0,-25.423333333333332
1583,800347.4085589435,5830645.83349804,28800.0,-26.386666666666667
26,792147.4085589435,5830845.83349804,28800.0,-21.116666666666667
64,792347.4085589435,5830845.83349804,28800.0,-20.233333333333334
102,792547.4085589435,5830845.83349804,28800.0,-19.363333333333333
140,792747.4085589435,5830845.83349804,28800.0,-18.509999999999998
178,792947.4085589435,5830845.83349804,28800.0,-17.676666666666666
216,793147.4085589435,5830845.83349804,28800.0,-16.866666666666667
254,793347.4085589435,5830845.83349804,28800.0,-16.083333333333332
292,793547.4085589435,5830845.83349804,28800.0,-15.330000000000002
330,793747.4085589435,5830845.83349804,28800.0,-14.61
368,793947.4085589435,5830845.83349804,28800.0,-13.933333333333334
406,794147.4085589435,5830845.83349804,28800.0,-13.303333333333335
444,794347.4085589435,5830845.83349804,28800.0,-12.726666666666667
482,794547.4085589435,5830845.83349804,28800.0,-12.213333333333331
520,794747.4085589435,5830845.83349804,28800.0,-11.766666666666666
558,794947.4085589435,5830845.83349804,28800.0,-11.399999999999999
596,795147.4085589435,5830845.83349804,28800.0,-11.116666666666667
634,795347.4085589435,5830845.83349804,28800.0,-10.926666666666666
672,795547.4085589435,5830845.83349804,28800.0,-10.833333333333334
710,795747.4085589435,5830845.83349804,28800.0,-10.84
748,795947.4085589435,5830845.83349804,28800.0,-10.946666666666667
786,796147.4085589435,5830845.83349804,28800.0,-11.15
824,796347.4085589435,5830845.83349804,28800.0,-11.443333333333333
862,796547.4085589435,5830845.83349804,28800.0,-11.82
900,796747.4085589435,5830845.83349804,28800.0,-12.273333333333333
938,796947.4085589435,5830845.83349804,28800.0,-12.796666666666667
976,797147.4085589435,5830845.83349804,28800.0,-13.379999999999999
1014,797347.4085589435,5830845.83349804,28800.0,-14.016666666666667
1052,797547.4085589435,5830845.83349804,28800.0,-14.700000000000001
1090,797747.4085589435,5830845.83349804,28800.0,-15.423333333333332
1128,797947.4085589435,5830845.83349804,28800.0,-16.18
1166,798147.4085589435,5830845.83349804,28800.0,-16.96666666666667
1204,798347.4085589435,5830845.83349804,28800.0,-17.78
1242,798547.4085589435,5830845.83349804,28800.0,-18.616666666666667
1280,798747.4085589435,5830845.83349804,28800.0,-19.473333333333336
1318,798947.4085589435,5830845.83349804,28800.0,-20.343333333333334
1356,799147.4085589435,5830845.83349804,28800.0,-21.233333333333334
1394,799347.4085589435,5830845.83349804,28800.0,-22.133333333333333
1432,799547.4085589435,5830845.83349804,28800.0,-23.046666666666667
1470,799747.4085589435,5830845.83349804,28800.0,-23.97
1508,799947.4085589435,5830845.83349804,28800.0,-24.900000000000002
1546,800147.4085589435,5830845.83349804,28800.0,-25.843333333333334
1584,800347.4085589435,5830845.83349804,28800.0,-26.79
27,792147.4085589435,5831045.83349804,28800.0,-21.67
65,792347.4085589435,5831045.83349804,28800.0,-20.806666666666665
103,792547.4085589435,5831045.83349804,28800.0,-19.963333333333335
141,792747.4085589435,5831045.83349804,28800.0,-19.136666666666667
179,792947.4085589435,5831045.83349804,28800.0,-18.330000000000002
217,793147.4085589435,5831045.83349804,28800.0,-17.549999999999997
255,793347.4085589435,5831045.83349804,28800.0,-16.799999999999997
293,793547.4085589435,5831045.83349804,28800.0,-16.080000000000002
331,793747.4085589435,5831045.83349804,28800.0,-15.396666666666668
369,793947.4085589435,5831045.83349804,28800.0,-14.756666666666666
407,794147.4085589435,5831045.83349804,28800.0,-14.163333333333334
445,794347.4085589435,5831045.83349804,28800.0,-13.623333333333335
483,794547.4085589435,5831045.83349804,28800.0,-13.143333333333334
521,794747.4085589435,5831045.83349804,28800.0,-12.73
559,794947.4085589435,5831045.83349804,28800.0,-12.39
597,795147.4085589435,5831045.83349804,28800.0,-12.133333333333333
635,795347.4085589435,5831045.83349804,28800.0,-11.96
673,795547.4085589435,5831045.83349804,28800.0,-11.873333333333333
711,795747.4085589435,5831045.83349804,28800.0,-11.879999999999999
749,795947.4085589435,5831045.83349804,28800.0,-11.976666666666667
787,796147.4085589435,5831045.83349804,28800.0,-12.16
825,796347.4085589435,5831045.83349804,28800.0,-12.43
863,796547.4085589435,5831045.83349804,28800.0,-12.78
901,796747.4085589435,5831045.83349804,28800.0,-13.200000000000001
939,796947.4085589435,5831045.83349804,28800.0,-13.690000000000001
977,797147.4085589435,5831045.83349804,28800.0,-14.236666666666668
1015,797347.4085589435,5831045.83349804,28800.0,-14.836666666666668
1053,797547.4085589435,5831045.83349804,28800.0,-15.483333333333334
1091,797747.4085589435,5831045.83349804,28800.0,-16.169999999999998
1129,797947.4085589435,5831045.83349804,28800.0,-16.893333333333334
1167,798147.4085589435,5831045.83349804,28800.0,-17.650000000000002
1205,798347.4085589435,5831045.83349804,28800.0,-18.433333333333334
1243,798547.4085589435,5831045.83349804,28800.0,-19.24
1281,798747.4085589435,5831045.83349804,28800.0,-20.07
1319,798947.4085589435,5831045.83349804,28800.0,-20.916666666666668
1357,799147.4085589435,5831045.83349804,28800.0,-21.78
1395,799347.4085589435,5831045.83349804,28800.0,-22.66
1433,799547.4085589435,5831045.83349804,28800.0,-23.553333333333335
1471,799747.4085589435,5831045.83349804,28800.0,-24.45666666666667
1509,799947.4085589435,5831045.83349804,28800.0,-25.37
1547,800147.4085589435,5831045.83349804,28800.0,-26.293333333333337
1585,800347.4085589435,5831045.83349804,28800.0,-27.226666666666667
28,792147.4085589435,5831245.83349804,28800.0,-22.256666666666668
66,792347.4085589435,5831245.83349804,28800.0,-21.416666666666668
104,792547.4085589435,5831245.83349804,28800.0,-20.596666666666668
142,792747.4085589435,5831245.83349804,28800.0,-19.796666666666667
180,792947.4085589435,5831245.83349804,28800.0,-19.02
218,793147.4085589435,5831245.83349804,28800.0,-18.27
256,793347.4085589435,5831245.83349804,28800.0,-17.549999999999997
294,793547.4085589435,5831245.83349804,28800.0,-16.863333333333333
332,793747.4085589435,5831245.83349804,28800.0,-16.213333333333335
370,793947.4085589435,5831245.83349804,28800.0,-15.603333333333335
408,794147.4085589435,5831245.83349804,28800.0,-15.043333333333333
446,794347.4085589435,5831245.83349804,28800.0,-14.536666666666665
484,794547.4085589435,5831245.83349804,28800.0,-14.09
522,794747.4085589435,5831245.83349804,28800.0,-13.706666666666667
560,794947.4085589435,5831245.83349804,28800.0,-13.389999999999999
598,795147.4085589435,5831245.83349804,28800.0,-13.150000000000002
636,795347.4085589435,5831245.83349804,28800.0,-12.99
674,795547.4085589435,5831245.83349804,28800.0,-12.913333333333332
712,795747.4085589435,5831245.83349804,28800.0,-12.92
750,795947.4085589435,5831245.83349804,28800.0,-13.006666666666668
788,796147.4085589435,5831245.83349804,28800.0,-13.176666666666666
826,796347.4085589435,5831245.83349804,28800.0,-13.426666666666666
864,796547.4085589435,5831245.83349804,28800.0,-13.75
902,796747.4085589435,5831245.83349804,28800.0,-14.143333333333333
940,796947.4085589435,5831245.83349804,28800.0,-14.599999999999998
978,797147.4085589435,5831245.83349804,28800.0,-15.113333333333333
1016,797347.4085589435,5831245.83349804,28800.0,-15.68
1054,797547.4085589435,5831245.83349804,28800.0,-16.293333333333333
1092,797747.4085589435,5831245.83349804,28800.0,-16.946666666666665
1130,797947.4085589435,5831245.83349804,28800.0,-17.64
1168,798147.4085589435,5831245.83349804,28800.0,-18.363333333333333
1206,798347.4085589435,5831245.83349804,28800.0,-19.119999999999997
1244,798547.4085589435,5831245.83349804,28800.0,-19.89666666666667
1282,798747.4085589435,5831245.83349804,28800.0,-20.700000000000003
1320,798947.4085589435,5831245.83349804,28800.0,-21.523333333333333
1358,799147.4085589435,5831245.83349804,28800.0,-22.363333333333333
1396,799347.4085589435,5831245.83349804,28800.0,-23.223333333333336
1434,799547.4085589435,5831245.83349804,28800.0,-24.093333333333334
1472,799747.4085589435,5831245.83349804,28800.0,-24.976666666666667
1510,799947.4085589435,5831245.83349804,28800.0,-25.873333333333335
1548,800147.4085589435,5831245.83349804,28800.0,-26.779999999999998
1586,800347.4085589435,5831245.83349804,28800.0,-27.69666666666667
29,792147.4085589435,5831445.83349804,28800.0,-22.876666666666665
67,792347.4085589435,5831445.83349804,28800.0,-22.060000000000002
105,792547.4085589435,5831445.83349804,28800.0,-21.263333333333335
143,792747.4085589435,5831445.83349804,28800.0,-20.490000000000002
181,792947.4085589435,5831445.83349804,28800.0,-19.740000000000002
219,793147.4085589435,5831445.83349804,28800.0,-19.02
257,793347.4085589435,5831445.83349804,28800.0,-18.326666666666668
295,793547.4085589435,5831445.83349804,28800.0,-17.669999999999998
333,793747.4085589435,5831445.83349804,28800.0,-17.053333333333335
371,793947.4085589435,5831445.83349804,28800.0,-16.476666666666667
409,794147.4085589435,5831445.83349804,28800.0,-15.946666666666665
447,794347.4085589435,5831445.83349804,28800.0,-15.466666666666669
485,794547.4085589435,5831445.83349804,28800.0,-15.046666666666667
523,794747.4085589435,5831445.83349804,28800.0,-14.69
561,794947.4085589435,5831445.83349804,28800.0,-14.396666666666665
599,795147.4085589435,5831445.83349804,28800.0,-14.173333333333332
637,795347.4085589435,5831445.83349804,28800.0,-14.023333333333333
675,795547.4085589435,5831445.83349804,28800.0,-13.953333333333333
713,795747.4085589435,5831445.83349804,28800.0,-13.956666666666667
751,795947.4085589435,5831445.83349804,28800.0,-14.04
789,796147.4085589435,5831445.83349804,28800.0,-14.196666666666665
827,796347.4085589435,5831445.83349804,28800.0,-14.43
865,796547.4085589435,5831445.83349804,28800.0,-14.73
903,796747.4085589435,5831445.83349804,28800.0,-15.096666666666666
941,796947.4085589435,5831445.83349804,28800.0,-15.526666666666667
979,797147.4085589435,5831445.83349804,28800.0,-16.01
1017,797347.4085589435,5831445.83349804,28800.0,-16.546666666666667
1055,797547.4085589435,5831445.83349804,28800.0,-17.13
1093,797747.4085589435,5831445.83349804,28800.0,-17.75333333333333
1131,797947.4085589435,5831445.83349804,28800.0,-18.413333333333334
1169,798147.4085589435,5831445.83349804,28800.0,-19.11
1207,798347.4085589435,5831445.83349804,28800.0,-19.836666666666666
1245,798547.4085589435,5831445.83349804,28800.0,-20.586666666666666
1283,798747.4085589435,5831445.83349804,28800.0,-21.363333333333333
1321,798947.4085589435,5831445.83349804,28800.0,-22.163333333333334
1359,799147.4085589435,5831445.83349804,28800.0,-22.98
1397,799347.4085589435,5831445.83349804,28800.0,-23.816666666666666
1435,799547.4085589435,5831445.83349804,28800.0,-24.666666666666664
1473,799747.4085589435,5831445.83349804,28800.0,-25.53
1511,799947.4085589435,5831445.83349804,28800.0,-26.406666666666666
1549,800147.4085589435,5831445.83349804,28800.0,-27.296666666666667
1587,800347.4085589435,5831445.83349804,28800.0,-28.196666666666665
30,792147.4085589435,5831645.83349804,28800.0,-23.523333333333333
68,792347.4085589435,5831645.83349804,28800.0,-22.73
106,792547.4085589435,5831645.83349804,28800.0,-21.96
144,792747.4085589435,5831645.83349804,28800.0,-21.21333333333333
182,792947.4085589435,5831645.83349804,28800.0,-20.490000000000002
220,793147.4085589435,5831645.83349804,28800.0,-19.793333333333333
258,793347.4085589435,5831645.83349804,28800.0,-19.130000000000003
296,793547.4085589435,5831645.83349804,28800.0,-18.50333333333333
334,793747.4085589435,5831645.83349804,28800.0,-17.913333333333334
372,793947.4085589435,5831645.83349804,28800.0,-17.363333333333333
410,794147.4085589435,5831645.83349804,28800.0,-16.863333333333333
448,794347.4085589435,5831645.83349804,28800.0,-16.413333333333334
486,794547.4085589435,5831645.83349804,28800.0,-16.016666666666666
524,794747.4085589435,5831645.83349804,28800.0,-15.68
562,794947.4085589435,5831645.83349804,28800.0,-15.406666666666666
600,795147.4085589435,5831645.83349804,28800.0,-15.196666666666665
638,795347.4085589435,5831645.83349804,28800.0,-15.059999999999999
676,795547.4085589435,5831645.83349804,28800.0,-14.993333333333332
714,795747.4085589435,5831645.83349804,28800.0,-14.996666666666666
752,795947.4085589435,5831645.83349804,28800.0,-15.073333333333334
790,796147.4085589435,5831645.83349804,28800.0,-15.219999999999999
828,796347.4085589435,5831645.83349804,28800.0,-15.436666666666666
866,796547.4085589435,5831645.83349804,28800.0,-15.72
904,796747.4085589435,5831645.83349804,28800.0,-16.063333333333333
942,796947.4085589435,5831645.83349804,28800.0,-16.46666666666667
980,797147.4085589435,5831645.83349804,28800.0,-16.923333333333332
1018,797347.4085589435,5831645.83349804,28800.0,-17.433333333333334
1056,797547.4085589435,5831645.83349804,28800.0,-17.986666666666668
1094,797747.4085589435,5831645.83349804,28800.0,-18.58
1132,797947.4085589435,5831645.83349804,28800.0,-19.213333333333335
1170,798147.4085589435,5831645.83349804,28800.0,-19.880000000000003
1208,798347.4085589435,5831645.83349804,28800.0,-20.580000000000002
1246,798547.4085589435,5831645.83349804,28800.0,-21.306666666666665
1284,798747.4085589435,5831645.83349804,28800.0,-22.056666666666665
1322,798947.4085589435,5831645.83349804,28800.0,-22.830000000000002
1360,799147.4085589435,5831645.83349804,28800.0,-23.626666666666665
1398,799347.4085589435,5831645.83349804,28800.0,-24.439999999999998
1436,799547.4085589435,5831645.83349804,28800.0,-25.270000000000003
1474,799747.4085589435,5831645.83349804,28800.0,-26.113333333333333
1512,799947.4085589435,5831645.83349804,28800.0,-26.97
1550,800147.4085589435,5831645.83349804,28800.0,-27.843333333333334
1588,800347.4085589435,5831645.83349804,28800.0,-28.72333333333333
31,792147.4085589435,5831845.83349804,28800.0,-24.2
69,792347.4085589435,5831845.83349804,28800.0,-23.43
107,792547.4085589435,5831845.83349804,28800.0,-22.683333333333334
145,792747.4085589435,5831845.83349804,28800.0,-21.96
183,792947.4085589435,5831845.83349804,28800.0,-21.26
221,793147.4085589435,5831845.83349804,28800.0,-20.593333333333334
259,793347.4085589435,5831845.83349804,28800.0,-19.956666666666667
297,793547.4085589435,5831845.83349804,28800.0,-19.353333333333335
335,793747.4085589435,5831845.83349804,28800.0,-18.79
373,793947.4085589435,5831845.83349804,28800.0,-18.27
411,794147.4085589435,5831845.83349804,28800.0,-17.793333333333333
449,794347.4085589435,5831845.83349804,28800.0,-17.366666666666667
487,794547.4085589435,5831845.83349804,28800.0,-16.993333333333332
525,794747.4085589435,5831845.83349804,28800.0,-16.67666666666667
563,794947.4085589435,5831845.83349804,28800.0,-16.42
601,795147.4085589435,5831845.83349804,28800.0,-16.223333333333333
639,795347.4085589435,5831845.83349804,28800.0,-16.093333333333334
677,795547.4085589435,5831845.83349804,28800.0,-16.03
715,795747.4085589435,5831845.83349804,28800.0,-16.036666666666665
753,795947.4085589435,5831845.83349804,28800.0,-16.106666666666666
791,796147.4085589435,5831845.83349804,28800.0,-16.246666666666666
829,796347.4085589435,5831845.83349804,28800.0,-16.446666666666665
867,796547.4085589435,5831845.83349804,28800.0,-16.71333333333333
905,796747.4085589435,5831845.83349804,28800.0,-17.03666666666667
943,796947.4085589435,5831845.83349804,28800.0,-17.42
981,797147.4085589435,5831845.83349804,28800.0,-17.85
1019,797347.4085589435,5831845.83349804,28800.0,-18.333333333333332
1057,797547.4085589435,5831845.83349804,28800.0,-18.86
1095,797747.4085589435,5831845.83349804,28800.0,-19.43
1133,797947.4085589435,5831845.83349804,28800.0,-20.03666666666667
1171,798147.4085589435,5831845.83349804,28800.0,-20.676666666666666
1209,798347.4085589435,5831845.83349804,28800.0,-21.349999999999998
1247,798547.4085589435,5831845.83349804,28800.0,-22.049999999999997
1285,798747.4085589435,5831845.83349804,28800.0,-22.776666666666667
1323,798947.4085589435,5831845.83349804,28800.0,-23.526666666666667
1361,799147.4085589435,5831845.83349804,28800.0,-24.299999999999997
1399,799347.4085589435,5831845.83349804,28800.0,-25.09
1437,799547.4085589435,5831845.83349804,28800.0,-25.9
1475,799747.4085589435,5831845.83349804,28800.0,-26.723333333333333
1513,799947.4085589435,5831845.83349804,28800.0,-27.563333333333333
1551,800147.4085589435,5831845.83349804,28800.0,-28.416666666666664
1589,800347.4085589435,5831845.83349804,28800.0,-29.28
32,792147.4085589435,5832045.83349804,28800.0,-24.900000000000002
70,792347.4085589435,5832045.83349804,28800.0,-24.153333333333336
108,792547.4085589435,5832045.83349804,28800.0,-23.43
146,792747.4085589435,5832045.83349804,28800.0,-22.73
184,792947.4085589435,5832045.83349804,28800.0,-22.056666666666665
222,793147.4085589435,5832045.83349804,28800.0,-21.413333333333334
260,793347.4085589435,5832045.83349804,28800.0,-20.8
298,793547.4085589435,5832045.83349804,28800.0,-20.223333333333336
336,793747.4085589435,5832045.83349804,28800.0,-19.686666666666667
374,793947.4085589435,5832045.83349804,28800.0,-19.186666666666667
412,794147.4085589435,5832045.83349804,28800.0,-18.736666666666668
450,794347.4085589435,5832045.83349804,28800.0,-18.330000000000002
488,794547.4085589435,5832045.83349804,28800.0,-17.976666666666667
526,794747.4085589435,5832045.83349804,28800.0,-17.676666666666666
564,794947.4085589435,5832045.83349804,28800.0,-17.436666666666667
602,795147.4085589435,5832045.83349804,28800.0,-17.253333333333334
640,795347.4085589435,5832045.83349804,28800.0,-17.13
678,795547.4085589435,5832045.83349804,28800.0,-17.07
716,795747.4085589435,5832045.83349804,28800.0,-17.076666666666668
754,795947.4085589435,5832045.83349804,28800.0,-17.14333333333333
792,796147.4085589435,5832045.83349804,28800.0,-17.273333333333333
830,796347.4085589435,5832045.83349804,28800.0,-17.46333333333333
868,796547.4085589435,5832045.83349804,28800.0,-17.713333333333335
906,796747.4085589435,5832045.83349804,28800.0,-18.02
944,796947.4085589435,5832045.83349804,28800.0,-18.380000000000003
982,797147.4085589435,5832045.83349804,28800.0,-18.79
1020,797347.4085589435,5832045.83349804,28800.0,-19.25
1058,797547.4085589435,5832045.83349804,28800.0,-19.753333333333334
1096,797747.4085589435,5832045.83349804,28800.0,-20.296666666666667
1134,797947.4085589435,5832045.83349804,28800.0,-20.876666666666665
1172,798147.4085589435,5832045.83349804,28800.0,-21.493333333333332
1210,798347.4085589435,5832045.83349804,28800.0,-22.14
1248,798547.4085589435,5832045.83349804,28800.0,-22.816666666666666
1286,798747.4085589435,5832045.83349804,28800.0,-23.52
1324,798947.4085589435,5832045.83349804,28800.0,-24.24666666666667
1362,799147.4085589435,5832045.83349804,28800.0,-24.99666666666667
1400,799347.4085589435,5832045.83349804,28800.0,-25.766666666666666
1438,799547.4085589435,5832045.83349804,28800.0,-26.553333333333335
1476,799747.4085589435,5832045.83349804,28800.0,-27.36
1514,799947.4085589435,5832045.83349804,28800.0,-28.18
1552,800147.4085589435,5832045.83349804,28800.0,-29.013333333333335
1590,800347.4085589435,5832045.83349804,28800.0,-29.863333333333333
33,792147.4085589435,5832245.83349804,28800.0,-25.62333333333333
71,792347.4085589435,5832245.83349804,28800.0,-24.900000000000002
109,792547.4085589435,5832245.83349804,28800.0,-24.196666666666665
147,792747.4085589435,5832245.83349804,28800.0,-23.52
185,792947.4085589435,5832245.83349804,28800.0,-22.869999999999997
223,793147.4085589435,5832245.83349804,28800.0,-22.25
261,793347.4085589435,5832245.83349804,28800.0,-21.663333333333334
299,793547.4085589435,5832245.83349804,28800.0,-21.11
337,793747.4085589435,5832245.83349804,28800.0,-20.593333333333334
375,793947.4085589435,5832245.83349804,28800.0,-20.12
413,794147.4085589435,5832245.83349804,28800.0,-19.686666666666667
451,794347.4085589435,5832245.83349804,28800.0,-19.303333333333335
489,794547.4085589435,5832245.83349804,28800.0,-18.966666666666665
527,794747.4085589435,5832245.83349804,28800.0,-18.683333333333334
565,794947.4085589435,5832245.83349804,28800.0,-18.453333333333333
603,795147.4085589435,5832245.83349804,28800.0,-18.28
641,795347.4085589435,5832245.83349804,28800.0,-18.166666666666664
679,795547.4085589435,5832245.83349804,28800.0,-18.11
717,795747.4085589435,5832245.83349804,28800.0,-18.113333333333333
755,795947.4085589435,5832245.83349804,28800.0,-18.17666666666667
793,796147.4085589435,5832245.83349804,28800.0,-18.299999999999997
831,796347.4085589435,5832245.83349804,28800.0,-18.48
869,796547.4085589435,5832245.83349804,28800.0,-18.71666666666667
907,796747.4085589435,5832245.83349804,28800.0,-19.006666666666668
945,796947.4085589435,5832245.83349804,28800.0,-19.35
983,797147.4085589435,5832245.83349804,28800.0,-19.740000000000002
1021,797347.4085589435,5832245.83349804,28800.0,-20.176666666666666
1059,797547.4085589435,5832245.83349804,28800.0,-20.656666666666666
1097,797747.4085589435,5832245.83349804,28800.0,-21.17666666666667
1135,797947.4085589435,5832245.83349804,28800.0,-21.736666666666668
1173,798147.4085589435,5832245.83349804,28800.0,-22.326666666666668
1211,798347.4085589435,5832245.83349804,28800.0,-22.950000000000003
1249,798547.4085589435,5832245.83349804,28800.0,-23.60333333333333
1287,798747.4085589435,5832245.83349804,28800.0,-24.28666666666667
1325,798947.4085589435,5832245.83349804,28800.0,-24.990000000000002
1363,799147.4085589435,5832245.83349804,28800.0,-25.720000000000002
1401,799347.4085589435,5832245.83349804,28800.0,-26.46666666666667
1439,799547.4085589435,5832245.83349804,28800.0,-27.233333333333334
1477,799747.4085589435,5832245.83349804,28800.0,-28.02
1515,799947.4085589435,5832245.83349804,28800.0,-28.823333333333338
1553,800147.4085589435,5832245.83349804,28800.0,-29.64
1591,800347.4085589435,5832245.83349804,28800.0,-30.47
34,792147.4085589435,5832445.83349804,28800.0,-26.369999999999997
72,792347.4085589435,5832445.83349804,28800.0,-25.666666666666664
110,792547.4085589435,5832445.83349804,28800.0,-24.983333333333334
148,792747.4085589435,5832445.83349804,28800.0,-24.33
186,792947.4085589435,5832445.83349804,28800.0,-23.703333333333333
224,793147.4085589435,5832445.83349804,28800.0,-23.103333333333335
262,793347.4085589435,5832445.83349804,28800.0,-22.54
300,793547.4085589435,5832445.83349804,28800.0,-22.006666666666668
338,793747.4085589435,5832445.83349804,28800.0,-21.513333333333335
376,793947.4085589435,5832445.83349804,28800.0,-21.06
414,794147.4085589435,5832445.83349804,28800.0,-20.64666666666667
452,794347.4085589435,5832445.83349804,28800.0,-20.28
490,794547.4085589435,5832445.83349804,28800.0,-19.963333333333335
528,794747.4085589435,5832445.83349804,28800.0,-19.693333333333335
566,794947.4085589435,5832445.83349804,28800.0,-19.476666666666667
604,795147.4085589435,5832445.83349804,28800.0,-19.313333333333333
642,795347.4085589435,5832445.83349804,28800.0,-19.203333333333333
680,795547.4085589435,5832445.83349804,28800.0,-19.150000000000002
718,795747.4085589435,5832445.83349804,28800.0,-19.153333333333332
756,795947.4085589435,5832445.83349804,28800.0,-19.213333333333335
794,796147.4085589435,5832445.83349804,28800.0,-19.33
832,796347.4085589435,5832445.83349804,28800.0,-19.5
870,796547.4085589435,5832445.83349804,28800.0,-19.723333333333333
908,796747.4085589435,5832445.83349804,28800.0,-20.0
946,796947.4085589435,5832445.83349804,28800.0,-20.326666666666668
984,797147.4085589435,5832445.83349804,28800.0,-20.696666666666665
1022,797347.4085589435,5832445.83349804,28800.0,-21.116666666666667
1060,797547.4085589435,5832445.83349804,28800.0,-21.57333333333333
1098,797747.4085589435,5832445.83349804,28800.0,-22.073333333333334
1136,797947.4085589435,5832445.83349804,28800.0,-22.61
1174,798147.4085589435,5832445.83349804,28800.0,-23.18
1212,798347.4085589435,5832445.83349804,28800.0,-23.78
1250,798547.4085589435,5832445.83349804,28800.0,-24.413333333333334
1288,798747.4085589435,5832445.83349804,28800.0,-25.07
1326,798947.4085589435,5832445.83349804,28800.0,-25.753333333333337
1364,799147.4085589435,5832445.83349804,28800.0,-26.46
1402,799347.4085589435,5832445.83349804,28800.0,-27.189999999999998
1440,799547.4085589435,5832445.83349804,28800.0,-27.936666666666667
1478,799747.4085589435,5832445.83349804,28800.0,-28.703333333333333
1516,799947.4085589435,5832445.83349804,28800.0,-29.486666666666665
1554,800147.4085589435,5832445.83349804,28800.0,-30.283333333333335
1592,800347.4085589435,5832445.83349804,28800.0,-31.096666666666668
35,792147.4085589435,5832645.83349804,28800.0,-27.133333333333333
73,792347.4085589435,5832645.83349804,28800.0,-26.45
111,792547.4085589435,5832645.83349804,28800.0,-25.79
149,792747.4085589435,5832645.83349804,28800.0,-25.156666666666666
187,792947.4085589435,5832645.83349804,28800.0,-24.55
225,793147.4085589435,5832645.83349804,28800.0,-23.973333333333336
263,793347.4085589435,5832645.83349804,28800.0,-23.43
301,793547.4085589435,5832645.83349804,28800.0,-22.916666666666668
339,793747.4085589435,5832645.83349804,28800.0,-22.44333333333333
377,793947.4085589435,5832645.83349804,28800.0,-22.01
415,794147.4085589435,5832645.83349804,28800.0,-21.616666666666667
453,794347.4085589435,5832645.83349804,28800.0,-21.266666666666666
491,794547.4085589435,5832645.83349804,28800.0,-20.96333333333333
529,794747.4085589435,5832645.83349804,28800.0,-20.706666666666667
567,794947.4085589435,5832645.83349804,28800.0,-20.5
605,795147.4085589435,5832645.83349804,28800.0,-20.343333333333334
643,795347.4085589435,5832645.83349804,28800.0,-20.240000000000002
681,795547.4085589435,5832645.83349804,28800.0,-20.19
719,795747.4085589435,5832645.83349804,28800.0,-20.19333333333333
757,795947.4085589435,5832645.83349804,28800.0,-20.25
795,796147.4085589435,5832645.83349804,28800.0,-20.36
833,796347.4085589435,5832645.83349804,28800.0,-20.523333333333333
871,796547.4085589435,5832645.83349804,28800.0,-20.736666666666665
909,796747.4085589435,5832645.83349804,28800.0,-20.996666666666666
947,796947.4085589435,5832645.83349804,28800.0,-21.306666666666665
985,797147.4085589435,5832645.83349804,28800.0,-21.663333333333334
1023,797347.4085589435,5832645.83349804,28800.0,-22.063333333333333
1061,797547.4085589435,5832645.83349804,28800.0,-22.503333333333334
1099,797747.4085589435,5832645.83349804,28800.0,-22.98
1137,797947.4085589435,5832645.83349804,28800.0,-23.49666666666667
1175,798147.4085589435,5832645.83349804,28800.0,-24.043333333333337
1213,798347.4085589435,5832645.83349804,28800.0,-24.62666666666667
1251,798547.4085589435,5832645.83349804,28800.0,-25.236666666666668
1289,798747.4085589435,5832645.83349804,28800.0,-25.873333333333335
1327,798947.4085589435,5832645.83349804,28800.0,-26.53666666666667
1365,799147.4085589435,5832645.83349804,28800.0,-27.22333333333333
1403,799347.4085589435,5832645.83349804,28800.0,-27.93
1441,799547.4085589435,5832645.83349804,28800.0,-28.659999999999997
1479,799747.4085589435,5832645.83349804,28800.0,-29.406666666666666
1517,799947.4085589435,5832645.83349804,28800.0,-30.173333333333332
1555,800147.4085589435,5832645.83349804,28800.0,-30.953333333333333
1593,800347.4085589435,5832645.83349804,28800.0,-31.75
36,792147.4085589435,5832845.83349804,28800.0,-27.916666666666664
74,792347.4085589435,5832845.83349804,28800.0,-27.253333333333337
112,792547.4085589435,5832845.83349804,28800.0,-26.61333333333333
150,792747.4085589435,5832845.83349804,28800.0,-25.996666666666663
188,792947.4085589435,5832845.83349804,28800.0,-25.413333333333334
226,793147.4085589435,5832845.83349804,28800.0,-24.85666666666667
264,793347.4085589435,5832845.83349804,28800.0,-24.33
302,793547.4085589435,5832845.83349804,28800.0,-23.84
340,793747.4085589435,5832845.83349804,28800.0,-23.383333333333333
378,793947.4085589435,5832845.83349804,28800.0,-22.96666666666667
416,794147.4085589435,5832845.83349804,28800.0,-22.59
454,794347.4085589435,5832845.83349804,28800.0,-22.256666666666668
492,794547.4085589435,5832845.83349804,28800.0,-21.966666666666665
530,794747.4085589435,5832845.83349804,28800.0,-21.72
568,794947.4085589435,5832845.83349804,28800.0,-21.523333333333333
606,795147.4085589435,5832845.83349804,28800.0,-21.376666666666665
644,795347.4085589435,5832845.83349804,28800.0,-21.276666666666667
682,795547.4085589435,5832845.83349804,28800.0,-21.23
720,795747.4085589435,5832845.83349804,28800.0,-21.233333333333334
758,795947.4085589435,5832845.83349804,28800.0,-21.286666666666665
796,796147.4085589435,5832845.83349804,28800.0,-21.393333333333334
834,796347.4085589435,5832845.83349804,28800.0,-21.546666666666667
872,796547.4085589435,5832845.83349804,28800.0,-21.75
910,796747.4085589435,5832845.83349804,28800.0,-22.0
948,796947.4085589435,5832845.83349804,28800.0,-22.296666666666667
986,797147.4085589435,5832845.83349804,28800.0,-22.636666666666667
1024,797347.4085589435,5832845.83349804,28800.0,-23.016666666666666
1062,797547.4085589435,5832845.83349804,28800.0,-23.44
1100,797747.4085589435,5832845.83349804,28800.0,-23.9
1138,797947.4085589435,5832845.83349804,28800.0,-24.396666666666665
1176,798147.4085589435,5832845.83349804,28800.0,-24.923333333333332
1214,798347.4085589435,5832845.83349804,28800.0,-25.486666666666665
1252,798547.4085589435,5832845.83349804,28800.0,-26.076666666666668
1290,798747.4085589435,5832845.83349804,28800.0,-26.693333333333335
1328,798947.4085589435,5832845.83349804,28800.0,-27.336666666666666
1366,799147.4085589435,5832845.83349804,28800.0,-28.003333333333337
1404,799347.4085589435,5832845.83349804,28800.0,-28.69333333333333
1442,799547.4085589435,5832845.83349804,28800.0,-29.403333333333336
1480,799747.4085589435,5832845.83349804,28800.0,-30.13
1518,799947.4085589435,5832845.83349804,28800.0,-30.876666666666665
1556,800147.4085589435,5832845.83349804,28800.0,-31.64
1594,800347.4085589435,5832845.83349804,28800.0,-32.42
37,792147.4085589435,5833045.83349804,28800.0,-28.713333333333335
75,792347.4085589435,5833045.83349804,28800.0,-28.07
113,792547.4085589435,5833045.83349804,28800.0,-27.450000000000003
151,792747.4085589435,5833045.83349804,28800.0,-26.85333333333333
189,792947.4085589435,5833045.83349804,28800.0,-26.28666666666667
227,793147.4085589435,5833045.83349804,28800.0,-25.75
265,793347.4085589435,5833045.83349804,28800.0,-25.243333333333336
303,793547.4085589435,5833045.83349804,28800.0,-24.769999999999996
341,793747.4085589435,5833045.83349804,28800.0,-24.333333333333332
379,793947.4085589435,5833045.83349804,28800.0,-23.93
417,794147.4085589435,5833045.83349804,28800.0,-23.57
455,794347.4085589435,5833045.83349804,28800.0,-23.25
493,794547.4085589435,5833045.83349804,28800.0,-22.973333333333333
531,794747.4085589435,5833045.83349804,28800.0,-22.736666666666665
569,794947.4085589435,5833045.83349804,28800.0,-22.55
607,795147.4085589435,5833045.83349804,28800.0,-22.41
645,795347.4085589435,5833045.83349804,28800.0,-22.316666666666666
683,795547.4085589435,5833045.83349804,28800.0,-22.27
721,795747.4085589435,5833045.83349804,28800.0,-22.273333333333333
759,795947.4085589435,5833045.83349804,28800.0,-22.32333333333333
797,796147.4085589435,5833045.83349804,28800.0,-22.423333333333332
835,796347.4085589435,5833045.83349804,28800.0,-22.57
873,796547.4085589435,5833045.83349804,28800.0,-22.766666666666666
911,796747.4085589435,5833045.83349804,28800.0,-23.00333333333333
949,796947.4085589435,5833045.83349804,28800.0,-23.28666666666667
987,797147.4085589435,5833045.83349804,28800.0,-23.613333333333333
1025,797347.4085589435,5833045.83349804,28800.0,-23.98
1063,797547.4085589435,5833045.83349804,28800.0,-24.38666666666667
1101,797747.4085589435,5833045.83349804,28800.0,-24.826666666666668
1139,797947.4085589435,5833045.83349804,28800.0,-25.30666666666667
1177,798147.4085589435,5833045.83349804,28800.0,-25.81666666666667
1215,798347.4085589435,5833045.83349804,28800.0,-26.35666666666667
1253,798547.4085589435,5833045.83349804,28800.0,-26.93
1291,798747.4085589435,5833045.83349804,28800.0,-27.52666666666667
1329,798947.4085589435,5833045.83349804,28800.0,-28.15
1367,799147.4085589435,5833045.83349804,28800.0,-28.799999999999997
1405,799347.4085589435,5833045.83349804,28800.0,-29.470000000000002
1443,799547.4085589435,5833045.83349804,28800.0,-30.159999999999997
1481,799747.4085589435,5833045.83349804,28800.0,-30.87333333333333
1519,799947.4085589435,5833045.83349804,28800.0,-31.6
1557,800147.4085589435,5833045.83349804,28800.0,-32.346666666666664
1595,800347.4085589435,5833045.83349804,28800.0,-33.11
