personId,time,mode,age,sex,economic_status,income,restricted_mobility,homeX,homeY,accessibility
bb_5b4760b0,28800.0,pt,62,m,very_low,499.0,false,772610.49,5807238.59,-14.813333333333334,
bb_0eaa3656,28800.0,pt,62,f,very_low,500.0,true,791420.48,5813063.04,-13.613333333333335,
bb_629a2aaf,28800.0,pt,57,m,medium,3000.0,true,787138.17,5807224.17,-29.403333333333332,
bb_7c578917,28800.0,pt,40,m,high,3000.0,false,769835.68,5832518.76,-20.21333333333334,
bb_54264945,28800.0,pt,67,f,low,900.0,false,819314.96,5804117.4,-22.513333333333332,
bb_1faa17f0,28800.0,pt,30,m,very_high,5600.0,false,755133.39,5828134.12,-23.713333333333335,
bb_c176535b,28800.0,pt,14,f,medium,3000.0,false,812961.04,5792573.28,-17.61333333333334,
bb_d624e423,28800.0,pt,31,f,very_low,500.0,false,867805.13,5746347.23,-34.71333333333334,
bb_77025c8e,28800.0,pt,77,f,medium,1500.0,false,764898.99,5814580.36,-17.61333333333334,
bb_a9ca5ff6,28800.0,pt,35,m,high,3600.0,false,775696.84,5813120.12,-14.813333333333334,
bb_862a095f,28800.0,pt,7,f,medium,3600.0,true,778915.69,5813782.79,-14.813333333333334,
bb_8f343ddd,28800.0,pt,73,f,medium,2000.0,false,791610.2,5840974.17,-19.680000000000003,
bb_a4b7da69,28800.0,pt,30,f,high,5600.0,false,777524.15,5812622.34,-14.813333333333334,
bb_78e26a5e,28800.0,pt,34,m,high,3600.0,false,778417.39,5808685.51,-17.613333333333337,
bb_b84dc155,28800.0,pt,37,m,very_low,500.0,false,790388.79,5797636.96,-13.613333333333335,
bb_894e3311,28800.0,pt,53,f,medium,3000.0,false,785617.03,5813158.35,-17.613333333333333,
bb_5f11b314,28800.0,pt,42,f,medium,3000.0,false,759439.04,5818512.64,-17.61333333333334,
bb_84fe3ef5,28800.0,pt,40,m,low,2000.0,false,815671.83,5807800.37,-17.61333333333334,
bb_956a6fdf,28800.0,pt,45,m,medium,3600.0,false,817570.28,5804022.69,-22.513333333333335,
bb_afefbfbf,28800.0,pt,18,m,medium,2600.0,false,778546.93,5812989.93,-12.213333333333335,
bb_c82df537,28800.0,pt,45,m,high,3000.0,false,781515.96,5767387.42,-25.613333333333337,
bb_389b9dd1,28800.0,pt,57,f,low,1500.0,false,780642.28,5811358.63,-12.213333333333335,
bb_7729cd65,28800.0,pt,36,m,medium,3000.0,false,783335.08,5840768.0,-20.213333333333335,
bb_680e113a,28800.0,pt,51,f,high,3600.0,false,779812.38,5812163.28,-12.213333333333335,
bb_0bbaeafa,28800.0,pt,52,f,high,3600.0,false,765905.0,5833818.15,-20.213333333333342,
bb_bb0e2739,28800.0,pt,9,m,medium,2600.0,false,785695.51,5851389.33,-36.213333333333324,
bb_b9c195ce,28800.0,pt,87,m,medium,2000.0,false,817860.55,5804094.44,-22.513333333333335,
bb_1b2f99e6,28800.0,pt,60,m,medium,2000.0,true,774866.03,5812635.15,-14.813333333333334,
bb_afc5a21e,28800.0,pt,0,f,medium,3000.0,false,809414.86,5845641.81,-16.093333333333334,
bb_35bfb3a6,28800.0,pt,31,m,low,1500.0,false,768150.71,5810490.87,-17.61333333333334,
bb_a937717b,28800.0,pt,2,m,medium,3000.0,false,813529.31,5839137.36,-26.813333333333333,
bb_474b355b,28800.0,pt,48,f,medium,2000.0,false,819547.48,5828049.68,-16.943333333333335,
bb_6ffe1bee,28800.0,pt,1,m,very_low,500.0,false,784388.37,5839235.12,-16.213333333333335,
bb_751fec36,28800.0,pt,57,f,low,1500.0,false,812918.8,5809883.75,-21.613333333333326,
bb_0f2029c3,28800.0,pt,47,m,high,5600.0,false,754441.46,5826711.3,-23.713333333333335,
bb_40769e13,28800.0,pt,56,m,high,3600.0,false,823700.62,5819376.26,-16.213333333333335,
bb_06806396,28800.0,pt,75,m,medium,2600.0,true,815345.12,5803371.25,-17.613333333333337,
bb_3e3d8949,28800.0,pt,7,f,medium,3600.0,false,793769.44,5839899.16,-22.813333333333336,
bb_950a4d89,28800.0,pt,21,f,very_low,2000.0,false,827818.92,5819452.38,-16.213333333333335,
bb_b065d68c,28800.0,pt,14,f,high,4600.0,false,791934.33,5815020.99,-13.613333333333335,
bb_0edb6570,28800.0,pt,14,m,very_high,5600.0,false,795975.42,5840794.12,-16.21333333333333,
bb_087e5dc6,28800.0,pt,98,m,medium,2000.0,true,799190.84,5807958.44,-25.613333333333333,
bb_25eded91,28800.0,pt,39,f,high,3000.0,true,793075.57,5790353.94,-25.613333333333337,
bb_bd6cc378,28800.0,pt,66,m,medium,2000.0,false,779528.17,5814596.02,-17.61333333333334,
bb_aee61331,28800.0,pt,38,m,high,4600.0,false,780376.7,5831678.47,-16.113333333333337,
bb_3832137e,28800.0,pt,55,m,high,4600.0,false,762967.61,5836064.1,-13.313333333333333,
bb_85f1e805,28800.0,pt,8,m,medium,3600.0,false,784237.55,5800754.61,-21.513333333333335,
bb_3111f037,28800.0,pt,37,m,very_low,1500.0,false,781501.57,5811676.41,-14.813333333333334,
bb_7e2ae655,28800.0,pt,62,m,very_low,900.0,false,811107.31,5833189.21,-19.443333333333335,
bb_96d94794,28800.0,pt,57,f,medium,1500.0,false,747030.37,5821042.11,-36.21333333333333,
bb_dc70327d,28800.0,pt,64,f,medium,2000.0,false,781413.63,5810797.34,-14.813333333333334,
bb_3bb432b6,28800.0,pt,81,f,medium,1500.0,false,778712.34,5810957.07,-17.613333333333337,
bb_6d1d6573,28800.0,pt,34,f,medium,3000.0,false,794303.16,5804669.99,-25.613333333333333,
bb_646129b3,28800.0,pt,38,m,high,3600.0,false,800935.36,5853452.75,-22.813333333333333,
bb_78b7a698,28800.0,pt,38,m,medium,3000.0,false,786797.84,5779255.27,-21.51333333333333,
bb_72a23d57,28800.0,pt,41,m,high,3600.0,false,817714.26,5804287.44,-17.61333333333334,
bb_3a684775,28800.0,pt,98,m,low,900.0,true,803887.33,5844374.96,-30.813333333333336,
bb_58d33593,28800.0,pt,45,f,medium,2600.0,true,812239.55,5813669.7,-29.613333333333337,
bb_412b2ae6,28800.0,pt,21,f,very_low,2000.0,false,802491.88,5812232.5,-18.813333333333336,
bb_7a7368f1,28800.0,pt,18,m,low,2000.0,false,796728.71,5807861.22,-25.613333333333337,
bb_301d0462,28800.0,pt,46,m,low,900.0,false,780926.05,5809268.27,-17.61333333333334,
bb_5284e775,28800.0,pt,45,f,medium,2600.0,false,815214.76,5810757.49,-17.61333333333334,
bb_2f311d49,28800.0,pt,50,f,medium,2000.0,false,774525.43,5831847.87,-13.313333333333334,
bb_80d8e091,28800.0,pt,33,m,medium,2000.0,false,809850.61,5844833.83,-22.813333333333333,
bb_069cbd73,28800.0,pt,18,m,very_low,2000.0,false,829501.16,5828418.57,-30.043333333333337,
bb_2e2f3aad,28800.0,pt,62,m,medium,1500.0,false,817114.12,5825288.61,-20.943333333333335,
bb_d8e50c3e,28800.0,pt,33,f,high,4600.0,false,774724.58,5812440.71,-14.813333333333334,
bb_b197b5d6,28800.0,pt,58,f,very_low,499.0,false,823970.65,5820498.88,-23.913333333333334,
bb_db15ed94,28800.0,pt,67,m,low,900.0,false,765732.36,5812062.07,-17.61333333333334,
bb_8914af1e,28800.0,pt,68,f,high,4600.0,false,768251.63,5803184.94,-17.613333333333337,
bb_8b6aa915,28800.0,pt,27,m,medium,3600.0,false,754881.35,5826853.38,-23.713333333333335,
bb_a7c7eac9,28800.0,pt,49,m,low,900.0,false,757163.04,5811949.01,-22.813333333333336,
bb_380a6f19,28800.0,pt,86,f,medium,2600.0,false,810071.39,5851794.19,-26.813333333333333,
bb_9255e9e3,28800.0,pt,58,f,low,900.0,false,809973.18,5813467.16,-21.61333333333333,
bb_8b61d8ac,28800.0,pt,52,f,high,4600.0,false,802022.51,5808838.32,-18.813333333333336,
bb_1e867e6e,28800.0,pt,26,f,high,3600.0,false,777542.57,5813001.58,-14.813333333333334,
bb_ab592856,28800.0,pt,57,f,high,2600.0,false,778796.37,5806585.17,-17.613333333333333,
bb_6e7088ef,28800.0,pt,58,f,high,3600.0,false,816022.77,5827041.53,-16.943333333333335,
bb_a1fc81a8,28800.0,pt,65,f,low,1500.0,false,796163.19,5854055.7,-29.613333333333333,
bb_d0103d74,28800.0,pt,17,f,very_low,2000.0,false,779908.0,5807987.32,-17.613333333333337,
bb_aca0b41d,28800.0,pt,0,m,medium,3000.0,false,821526.1,5832083.22,-34.943333333333335,
bb_13f1864e,28800.0,pt,39,f,medium,2000.0,false,784380.85,5837457.96,-16.21333333333333,
bb_15234ce9,28800.0,pt,49,f,very_high,5600.0,false,761309.29,5796846.49,-24.213333333333342,
bb_c5e49d07,28800.0,pt,8,m,low,2000.0,false,817406.76,5790700.81,-29.61333333333333,
bb_0e8e552a,28800.0,pt,53,f,low,1500.0,false,805334.88,5842714.45,-12.093333333333334,
bb_8f9f6912,28800.0,pt,5,m,high,4600.0,false,779052.57,5813559.48,-14.813333333333334,
bb_5b81d117,28800.0,pt,75,m,low,1500.0,true,832392.22,5831355.22,-24.513333333333332,
bb_07292a26,28800.0,pt,13,m,high,4600.0,false,785509.0,5814033.41,-14.813333333333334,
bb_132631b9,28800.0,pt,32,m,high,4600.0,false,818903.97,5803298.92,-22.713333333333335,
bb_8a3cdfce,28800.0,pt,29,m,high,3600.0,false,776150.69,5812056.18,-14.813333333333336,
bb_01dfaa6b,28800.0,pt,4,m,very_high,5600.0,false,779412.9,5807926.49,-17.613333333333337,
bb_478e69a4,28800.0,pt,47,m,high,3600.0,false,783543.93,5780089.71,-25.613333333333337,
bb_9ec90cb1,28800.0,pt,37,f,medium,2000.0,false,773752.5,5812119.46,-14.813333333333334,
bb_8a9a3a3d,28800.0,pt,87,m,high,5600.0,true,784994.58,5812689.27,-17.613333333333337,
bb_5215b347,28800.0,pt,39,f,medium,2600.0,false,820771.21,5834253.54,-30.943333333333335,
bb_8d562562,28800.0,pt,42,m,medium,3000.0,false,780535.08,5810689.37,-14.813333333333334,
bb_bab557e7,28800.0,pt,12,f,high,4600.0,false,802272.57,5859842.35,-74.81333333333336,
bb_b9e12d39,28800.0,pt,77,m,medium,2000.0,false,788944.22,5844112.19,-14.81333333333333,
bb_b9435ab4,28800.0,pt,16,f,high,3600.0,false,775502.79,5814831.57,-14.813333333333334,
bb_91e9baad,28800.0,pt,20,f,medium,1500.0,false,797271.82,5842362.09,-16.213333333333335,
bb_1c290378,28800.0,pt,27,m,high,3600.0,false,832389.58,5831130.43,-24.513333333333332,
bb_a8a196ac,28800.0,pt,25,f,medium,3000.0,false,779604.41,5813423.1,-14.813333333333334,
bb_169bfb54,28800.0,pt,56,f,very_high,5600.0,false,775377.68,5811436.08,-14.813333333333334,
bb_56f9ed55,28800.0,pt,35,m,medium,2000.0,false,703693.51,5890075.58,-35.71333333333334,
bb_14744d23,28800.0,pt,20,f,medium,2600.0,false,775564.16,5815588.9,-17.613333333333337,
bb_8d59a454,28800.0,pt,45,f,high,3600.0,false,809319.35,5846738.68,-16.093333333333334,
bb_0bd81f17,28800.0,pt,57,m,medium,2600.0,false,787468.01,5814586.6,-16.213333333333335,
bb_25702747,28800.0,pt,52,m,high,3600.0,false,774791.52,5815123.04,-14.813333333333334,
bb_2a67b6e5,28800.0,pt,0,f,high,4600.0,false,784341.21,5852261.48,-24.21333333333334,
bb_28e2c597,28800.0,pt,58,m,high,5600.0,false,794773.08,5810071.15,-57.61333333333335,
bb_32538d37,28800.0,pt,29,f,medium,3000.0,false,809777.62,5845775.15,-16.093333333333334,
bb_94fcd2d6,28800.0,pt,63,f,medium,2000.0,true,776458.7,5831227.11,-13.313333333333334,
bb_49e15099,28800.0,pt,80,f,low,1500.0,false,799759.13,5846209.65,-17.613333333333333,
bb_a464e6d6,28800.0,pt,48,f,medium,1500.0,false,780077.89,5812528.98,-14.813333333333336,
bb_7875ae07,28800.0,pt,60,f,very_low,499.0,false,806144.25,5844053.74,-16.093333333333337,
bb_a7eecd77,28800.0,pt,45,f,high,3600.0,false,748256.15,5772989.55,-36.21333333333333,
bb_611444c6,28800.0,pt,57,m,medium,3000.0,false,783302.07,5848870.01,-24.213333333333335,
bb_3412fd33,28800.0,pt,48,m,medium,3600.0,false,806948.41,5842809.79,-20.093333333333334,
bb_4e50581a,28800.0,pt,48,f,medium,3000.0,false,807768.03,5843824.08,-20.093333333333334,
bb_4a50d04b,28800.0,pt,13,f,high,3600.0,false,782099.15,5845811.85,-16.21333333333333,
bb_8ecdec4e,28800.0,pt,83,f,low,900.0,false,769698.27,5834465.13,-20.21333333333334,
bb_ce59a936,28800.0,pt,45,m,high,4600.0,false,829836.01,5918940.59,-33.61333333333334,
bb_d2e306dd,28800.0,pt,43,f,low,900.0,false,767555.57,5810926.0,-17.61333333333334,
bb_9535c8be,28800.0,pt,16,m,low,3000.0,false,810344.49,5847479.56,-22.81333333333333,
bb_202a363b,28800.0,pt,35,f,high,3600.0,false,812892.75,5810697.01,-29.613333333333337,
bb_1afd4fa4,28800.0,pt,53,f,very_high,5600.0,false,817264.68,5828893.73,-14.943333333333333,
bb_caf3968b,28800.0,pt,37,m,high,3000.0,false,791631.74,5813935.21,-13.613333333333337,
bb_7255fd46,28800.0,pt,10,f,medium,3000.0,false,769987.83,5795240.04,-24.213333333333335,
bb_a41fca5c,28800.0,pt,2,m,medium,3000.0,false,781346.81,5844012.24,-20.213333333333335,
bb_5d409344,28800.0,pt,46,f,low,900.0,false,792468.47,5839836.01,-18.813333333333336,
bb_02e9e7a9,28800.0,pt,66,m,high,4600.0,false,844493.96,5856088.56,-30.943333333333335,
bb_37bf717e,28800.0,pt,72,m,medium,2000.0,true,786559.72,5850988.78,-36.213333333333324,
bb_849f1b3f,28800.0,pt,97,m,low,900.0,true,791737.82,5839693.69,-14.81333333333333,
bb_a89478b5,28800.0,pt,89,f,very_low,500.0,true,784178.42,5836670.58,-15.726666666666667,
bb_24b6384f,28800.0,pt,59,f,very_low,500.0,false,791564.34,5813990.38,-13.613333333333335,
bb_79872ccc,28800.0,pt,94,f,medium,1500.0,true,775955.07,5832683.24,-16.113333333333333,
bb_6e00abb1,28800.0,pt,94,f,low,1500.0,true,794690.15,5856873.54,-77.61333333333333,
bb_91fe6373,28800.0,pt,51,f,very_low,499.0,true,798831.83,5798305.28,-21.513333333333335,
bb_1cde7b78,28800.0,pt,7,m,medium,3000.0,false,797395.82,5807910.56,-25.61333333333334,
bb_d99fb278,28800.0,pt,65,m,medium,3000.0,false,775468.62,5812554.04,-14.813333333333334,
bb_8daf08e7,28800.0,pt,42,f,medium,3000.0,false,808128.53,5808463.15,-21.61333333333333,
bb_9d0f85f8,28800.0,pt,44,m,high,4600.0,false,807965.82,5845497.85,-16.093333333333334,
bb_4c97eea0,28800.0,pt,1,m,high,4600.0,false,815884.9,5798992.75,-17.613333333333337,
bb_c77dd314,28800.0,pt,35,m,high,3600.0,false,819958.97,5824176.71,-23.913333333333334,
bb_a545be15,28800.0,pt,60,m,high,4600.0,false,777167.64,5814235.42,-14.813333333333334,
bb_b1cd2627,28800.0,pt,72,m,low,900.0,true,776706.08,5831625.13,-13.313333333333333,
bb_b09be184,28800.0,pt,72,f,medium,2000.0,false,791862.47,5812982.25,-13.613333333333335,
bb_d4bfff50,28800.0,pt,38,m,high,5600.0,false,779336.13,5813801.39,-14.813333333333333,
bb_971aa340,28800.0,pt,9,f,low,2600.0,false,816566.81,5830444.57,-18.943333333333335,
bb_763371ba,28800.0,pt,32,m,high,3600.0,false,764205.36,5822704.91,-35.71333333333334,
bb_736c05ce,28800.0,pt,31,m,high,3600.0,false,844320.96,5836098.24,-24.513333333333332,
bb_82e6f7f4,28800.0,pt,39,m,low,3000.0,false,870082.82,5803226.65,-40.21333333333333,
bb_0bd10ca6,28800.0,pt,40,f,very_low,499.0,false,815072.46,5809567.79,-17.443333333333335,
bb_61f36cc9,28800.0,pt,47,f,medium,3000.0,false,774643.68,5812619.51,-14.813333333333334,
bb_243c669c,28800.0,pt,42,f,high,3000.0,true,813705.7,5812210.31,-17.44333333333333,
bb_a13b50f4,28800.0,pt,56,m,medium,2600.0,false,812035.57,5839138.23,-26.943333333333335,
bb_3cd29b20,28800.0,pt,62,m,high,3000.0,true,767450.31,5811166.65,-14.813333333333334,
bb_0aa923da,28800.0,pt,60,m,very_low,900.0,true,777006.17,5840072.55,-23.713333333333335,
bb_d5591427,28800.0,pt,45,m,high,3000.0,false,780171.99,5849171.29,-36.21333333333332,
bb_3192cb63,28800.0,pt,27,m,low,1500.0,false,781432.87,5809517.98,-17.613333333333337,
bb_87d2bbca,28800.0,pt,19,m,very_low,2000.0,false,819386.25,5804036.15,-22.513333333333335,
bb_8bb89127,28800.0,pt,49,f,low,900.0,false,787276.08,5814315.94,-17.403333333333336,
bb_335a30d6,28800.0,pt,97,f,medium,2000.0,false,819226.96,5822643.18,-20.043333333333337,
bb_48f14259,28800.0,pt,48,f,low,1500.0,false,788128.83,5803935.35,-13.613333333333337,
bb_40d11d9b,28800.0,pt,55,f,high,3600.0,false,799444.74,5809826.88,-14.813333333333334,
bb_7b444626,28800.0,pt,45,f,very_high,5600.0,false,772472.71,5815702.87,-17.613333333333337,
bb_4daface4,28800.0,pt,14,m,medium,3000.0,false,824990.49,5807137.29,-22.513333333333332,
bb_accc2257,28800.0,pt,73,f,medium,1500.0,false,810714.35,5843934.97,-22.813333333333333,
bb_7e3ffe8c,28800.0,pt,33,f,high,4600.0,false,778533.83,5808732.58,-12.213333333333335,
bb_84f6cd78,28800.0,pt,48,f,very_low,500.0,true,820995.97,5828881.44,-18.943333333333335,
bb_7e95ba8f,28800.0,pt,63,f,high,3600.0,false,824404.46,5837184.18,-30.943333333333335,
bb_4fe6743b,28800.0,pt,55,f,low,900.0,false,789273.08,5803939.56,-13.613333333333337,
bb_471332fb,28800.0,pt,35,f,high,3600.0,false,815827.38,5800831.72,-17.61333333333334,
bb_30b239f3,28800.0,pt,4,f,high,3600.0,true,773178.04,5830790.89,-24.21333333333333,
bb_36a39d12,28800.0,pt,72,f,high,2600.0,false,799109.11,5806514.35,-25.613333333333333,
bb_51b1edd1,28800.0,pt,1,m,medium,3000.0,false,783252.85,5854698.53,-84.21333333333334,
bb_23318f6a,28800.0,pt,46,m,medium,2000.0,false,785630.63,5811435.22,-17.613333333333337,
bb_5c6396f1,28800.0,pt,56,m,low,900.0,false,803941.44,5802247.82,-35.913333333333334,
bb_cd6cbfb3,28800.0,pt,71,f,low,1500.0,false,818353.64,5829735.08,-14.943333333333333,
bb_2f75a02a,28800.0,pt,42,m,very_low,2000.0,false,790446.3,5802092.49,-13.613333333333335,
bb_4143e9b0,28800.0,pt,40,m,medium,3600.0,false,775814.14,5816075.92,-17.613333333333337,
bb_577bba74,28800.0,pt,25,f,medium,2600.0,false,803720.42,5797696.26,-21.513333333333335,
bb_2ee81759,28800.0,pt,27,m,low,1500.0,false,816064.34,5808133.31,-17.61333333333334,
bb_376d6bb0,28800.0,pt,51,m,medium,3600.0,false,805468.86,5795112.04,-33.61333333333334,
bb_510e4473,28800.0,pt,72,f,low,900.0,true,774190.05,5833375.18,-20.213333333333335,
bb_79563db1,28800.0,pt,57,m,low,900.0,false,771366.66,5841247.33,-32.11333333333333,
bb_21e1522b,28800.0,pt,90,m,low,1500.0,false,785589.89,5851006.98,-36.213333333333324,
bb_a8e2c7ff,28800.0,pt,61,f,medium,3000.0,false,784629.32,5779620.94,-21.513333333333332,
bb_94c34a87,28800.0,pt,45,m,very_low,900.0,false,781693.41,5844753.27,-16.21333333333333,
bb_624f6d7a,28800.0,pt,5,m,high,4600.0,false,787251.67,5814715.16,-17.403333333333336,
bb_c43f9f83,28800.0,pt,17,m,high,4600.0,false,777400.0,5831388.91,-11.713333333333335,
bb_390bb7d8,28800.0,pt,22,f,high,5600.0,false,818470.5,5830190.82,-18.943333333333335,
bb_64929203,28800.0,pt,42,f,very_low,900.0,false,800267.09,5809961.3,-14.813333333333334,
bb_b61789f9,28800.0,pt,36,f,medium,3600.0,false,792653.32,5840194.14,-18.813333333333336,
bb_a2dc50ef,28800.0,pt,74,m,high,3600.0,false,845793.3,5719687.52,-34.71333333333334,
bb_a4d51eb0,28800.0,pt,49,m,medium,2600.0,false,780236.28,5831423.2,-16.113333333333333,
bb_9e66b4d7,28800.0,pt,93,m,medium,3000.0,true,775408.2,5815929.23,-14.813333333333334,
bb_5d84122b,28800.0,pt,18,m,high,4600.0,false,787484.72,5816179.83,-13.403333333333336,
bb_cb11303f,28800.0,pt,4,m,medium,3600.0,false,800440.98,5808224.94,-14.813333333333334,
bb_ac6272ac,28800.0,pt,50,m,medium,2600.0,false,818009.36,5823609.62,-23.91333333333333,
bb_311eb567,28800.0,pt,74,m,low,900.0,false,775822.02,5814162.77,-14.813333333333334,
bb_2975ccf6,28800.0,pt,6,f,high,4600.0,false,806076.59,5842262.11,-16.093333333333334,
bb_8f05ad70,28800.0,pt,51,f,high,3600.0,false,807074.25,5842660.45,-20.093333333333334,
bb_504eec43,28800.0,pt,48,f,high,3600.0,false,839786.69,5859899.78,-21.613333333333337,
bb_7822bb93,28800.0,pt,8,m,very_low,900.0,false,807780.74,5815165.63,-16.043333333333337,
bb_d3411db5,28800.0,pt,3,m,medium,2600.0,false,780631.97,5811377.18,-12.213333333333335,
bb_42ae4b5d,28800.0,pt,63,f,very_low,499.0,false,821497.88,5822013.22,-23.913333333333334,
bb_2723c696,28800.0,pt,26,f,very_low,2000.0,false,816411.78,5840424.56,-26.943333333333342,
bb_3655b3fc,28800.0,pt,51,m,high,3600.0,false,779157.99,5814412.54,-17.613333333333337,
bb_51e4e38c,28800.0,pt,37,m,high,4600.0,false,822664.07,5864494.17,-21.613333333333333,
bb_8c6d626e,28800.0,pt,64,m,medium,3000.0,false,802793.21,5852137.31,-22.813333333333336,
bb_a3711690,28800.0,pt,7,m,very_low,900.0,true,791544.22,5814731.7,-13.613333333333335,
bb_7c64e568,28800.0,pt,44,m,low,2000.0,false,803597.71,5803209.91,-29.613333333333326,
bb_0f69d8a1,28800.0,pt,8,f,high,4600.0,false,783072.0,5813250.04,-17.613333333333337,
bb_36d7dcc8,28800.0,pt,57,f,low,1500.0,false,754300.92,5805518.53,-36.21333333333333,
bb_d3c33ca8,28800.0,pt,40,m,medium,3000.0,false,818904.37,5830106.96,-18.943333333333335,
bb_32d9ab4a,28800.0,pt,35,m,high,3600.0,false,819678.51,5828809.11,-18.943333333333335,
bb_bf926632,28800.0,pt,62,f,low,1500.0,false,814442.13,5830379.53,-18.943333333333335,
bb_5d83e636,28800.0,pt,43,m,very_low,900.0,true,806623.76,5843761.9,-12.093333333333334,
bb_8a5047f0,28800.0,pt,65,f,very_low,500.0,false,775141.54,5849838.19,-48.21333333333333,
bb_d664a6bf,28800.0,pt,38,f,very_low,900.0,false,810348.98,5834517.78,-17.443333333333335,
bb_920e2eae,28800.0,pt,47,m,low,2000.0,false,808284.2,5844021.24,-20.093333333333334,
bb_24797454,28800.0,pt,30,f,very_low,900.0,false,775770.59,5833348.6,-16.113333333333333,
bb_0c1340c3,28800.0,pt,70,f,low,1500.0,false,785513.93,5855911.43,-28.92,
bb_9c09aa1a,28800.0,pt,41,f,high,4600.0,false,774026.54,5815011.73,-14.813333333333334,
bb_3094c8d9,28800.0,pt,56,f,low,2000.0,false,794859.53,5847176.24,-19.680000000000003,
bb_b9803273,28800.0,pt,52,m,very_low,900.0,false,767624.37,5804006.05,-17.613333333333337,
bb_a35957c5,28800.0,pt,80,f,high,3600.0,false,782351.61,5846061.63,-20.213333333333335,
bb_89121567,28800.0,pt,60,m,medium,1500.0,false,779708.28,5807609.86,-17.613333333333337,
bb_d3573777,28800.0,pt,54,m,high,2600.0,false,818837.11,5823318.48,-20.043333333333337,
bb_c682a5be,28800.0,pt,41,f,low,1500.0,false,779012.72,5810537.72,-17.61333333333334,
bb_3dd929c8,28800.0,pt,16,f,high,4600.0,false,806516.95,5813859.61,-13.613333333333335,
bb_12e49df2,28800.0,pt,68,f,low,1500.0,false,792743.55,5801898.88,-73.61333333333334,
bb_1db063b8,28800.0,pt,44,m,high,3600.0,false,747010.27,5806096.81,-24.21333333333334,
bb_0f3f0f92,28800.0,pt,62,m,high,3600.0,false,774369.07,5803897.93,-12.213333333333335,
bb_1f1e328d,28800.0,pt,38,m,medium,1500.0,false,786543.12,5781930.63,-25.613333333333337,
bb_c0a28518,28800.0,pt,62,m,very_low,500.0,false,778655.34,5835980.85,-17.313333333333333,
bb_5fe40b40,28800.0,pt,42,m,high,4600.0,false,778319.47,5796354.65,-17.613333333333333,
bb_4ea895a8,28800.0,pt,57,f,high,3000.0,false,781462.31,5808906.67,-17.613333333333337,
bb_c291937c,28800.0,pt,96,m,high,3000.0,false,806837.86,5797800.08,-34.71333333333334,
bb_91c9c986,28800.0,pt,41,m,very_low,1500.0,false,791360.95,5815031.45,-13.613333333333335,
bb_6ebbc97d,28800.0,pt,28,m,medium,2000.0,false,773698.13,5811916.29,-14.813333333333334,
bb_54a0a58e,28800.0,pt,49,m,medium,1500.0,false,877013.45,5814758.85,-35.913333333333334,
bb_d8c72314,28800.0,pt,80,m,high,3600.0,true,786187.69,5813869.44,-14.813333333333334,
bb_1f9af0ed,28800.0,pt,50,m,low,900.0,false,803614.29,5797757.74,-21.513333333333335,
bb_34e78370,28800.0,pt,53,m,medium,2000.0,true,745398.86,5792019.64,-24.213333333333335,
bb_45c58277,28800.0,pt,96,m,low,900.0,true,776844.93,5830824.56,-11.713333333333335,
bb_8f8b6582,28800.0,pt,57,f,very_high,5600.0,false,761131.14,5821428.44,-23.713333333333335,
bb_c96856d2,28800.0,pt,8,f,high,4600.0,true,780671.92,5811365.03,-12.213333333333335,
bb_b4940fcb,28800.0,pt,66,m,high,4600.0,false,739436.09,5808732.01,-22.813333333333336,
bb_9f5fdc42,28800.0,pt,48,f,medium,3600.0,false,776663.71,5831692.79,-13.313333333333334,
bb_70f80f58,28800.0,pt,43,m,very_low,500.0,true,810149.34,5847036.47,-20.09333333333333,
bb_85f21938,28800.0,pt,22,f,very_low,500.0,false,788519.26,5793876.84,-13.613333333333335,
bb_3fffa4c3,28800.0,pt,60,f,medium,2600.0,false,787360.17,5854145.5,-17.613333333333337,
bb_15d3f598,28800.0,pt,66,f,medium,2000.0,false,803498.46,5802099.49,-45.31333333333333,
bb_3ccf690a,28800.0,pt,51,m,high,3600.0,false,774653.79,5801543.92,-22.813333333333336,
bb_cea320cb,28800.0,pt,54,f,very_low,500.0,false,802687.45,5796788.64,-21.513333333333335,
bb_7926ab91,28800.0,pt,52,f,low,900.0,false,821802.43,5821902.03,-23.913333333333338,
bb_317a01e9,28800.0,pt,30,m,very_low,499.0,false,803099.06,5797771.4,-33.61333333333334,
bb_2509d6b1,28800.0,pt,80,f,medium,1500.0,true,802091.58,5806265.64,-23.913333333333334,
bb_aa8914cf,28800.0,pt,48,m,medium,2600.0,false,805285.18,5807083.22,-35.913333333333334,
bb_6240be4e,28800.0,pt,35,f,high,4600.0,false,788273.58,5848063.81,-24.213333333333335,
bb_19030576,28800.0,pt,22,m,very_low,500.0,false,823102.18,5818307.44,-16.213333333333335,
bb_33130a02,28800.0,pt,63,m,very_low,500.0,true,775696.71,5816761.76,-14.813333333333334,
bb_924e9505,28800.0,pt,45,m,low,900.0,false,798971.34,5810598.04,-18.813333333333336,
bb_ac789d9d,28800.0,pt,39,f,very_high,5600.0,false,819635.74,5828807.51,-18.943333333333335,
bb_78f544b5,28800.0,pt,95,f,very_high,4600.0,true,767352.56,5811655.43,-14.813333333333334,
bb_04b7be87,28800.0,pt,10,m,medium,3600.0,false,788073.76,5814717.12,-16.213333333333335,
bb_a23be597,28800.0,pt,57,m,medium,2600.0,false,844315.4,5814499.91,-20.213333333333335,
bb_870b47e5,28800.0,pt,54,m,low,500.0,false,792898.52,5840983.28,-22.88333333333333,
bb_1eaf7358,28800.0,pt,41,f,high,4600.0,false,777422.43,5805465.29,-12.213333333333335,
bb_c9c38a89,28800.0,pt,18,f,low,1500.0,false,808647.74,5842739.15,-20.093333333333334,
bb_c4f7c869,28800.0,pt,75,m,very_high,5600.0,true,818857.42,5829090.33,-14.943333333333333,
bb_416ac218,28800.0,pt,64,f,high,3000.0,true,814508.71,5830547.44,-18.656666666666666,
bb_32c4727e,28800.0,pt,55,m,medium,2000.0,false,772400.85,5806734.87,-17.613333333333333,
bb_aebe069e,28800.0,pt,70,m,low,900.0,false,779772.58,5844417.29,-24.21333333333334,
bb_2e6ce9fe,28800.0,pt,56,m,very_low,500.0,false,785409.66,5854315.22,-28.92,
bb_62295a72,28800.0,pt,54,m,high,3600.0,false,781579.01,5781690.64,-33.61333333333333,
bb_4450ea9b,28800.0,pt,57,f,medium,3000.0,false,779725.82,5812256.95,-14.813333333333334,
bb_46172047,28800.0,pt,29,m,high,3600.0,false,792421.2,5840285.99,-18.813333333333336,
bb_1ff892c5,28800.0,pt,17,m,low,3000.0,false,784586.82,5839464.74,-16.21333333333333,
bb_c085cada,28800.0,pt,61,f,high,3000.0,true,800033.5,5808237.02,-18.813333333333336,
bb_990c847c,28800.0,pt,8,f,very_low,1500.0,false,781313.25,5809462.1,-17.613333333333337,
bb_96e0b7b0,28800.0,pt,62,f,very_high,5600.0,false,760652.51,5821259.84,-23.713333333333335,
bb_3ab8204a,28800.0,pt,57,f,very_low,500.0,true,783465.71,5845694.03,-24.21333333333333,
bb_89e878d5,28800.0,pt,63,m,medium,3000.0,false,745071.95,5848204.38,-23.713333333333335,
bb_4d63acf3,28800.0,pt,32,m,low,2000.0,false,799773.01,5810251.88,-14.813333333333334,
bb_60d51614,28800.0,pt,40,f,high,3600.0,false,810086.6,5846599.71,-16.093333333333334,
bb_1ccb2019,28800.0,pt,59,m,very_high,5600.0,false,797026.18,5850351.44,-29.613333333333337,
bb_9e824591,28800.0,pt,36,f,high,4600.0,false,771469.55,5834162.25,-17.313333333333333,
bb_57b7320c,28800.0,pt,56,f,medium,3000.0,false,775862.91,5801814.67,-17.613333333333337,
bb_4357241a,28800.0,pt,62,m,medium,2600.0,false,812816.29,5834590.58,-26.813333333333336,
bb_ad2223fd,28800.0,pt,6,f,medium,3000.0,false,781880.03,5847302.88,-16.21333333333333,
bb_ca32e364,28800.0,pt,91,m,medium,2000.0,true,803643.63,5796904.22,-21.513333333333335,
bb_dc98226c,28800.0,pt,63,m,very_low,500.0,false,777740.21,5814608.81,-12.213333333333335,
bb_3a4a51f3,28800.0,pt,32,f,high,3600.0,false,791122.39,5812266.67,-26.71333333333333,
bb_51d0d367,28800.0,pt,8,m,high,4600.0,false,819586.25,5822224.02,-20.043333333333337,
bb_003cff03,28800.0,pt,51,f,medium,2600.0,false,772991.05,5831304.94,-24.213333333333328,
bb_af3db755,28800.0,pt,58,m,very_low,500.0,false,801758.95,5854675.35,-22.813333333333333,
bb_6e10f251,28800.0,pt,98,f,medium,2000.0,true,817485.73,5858275.94,-86.81333333333335,
bb_37c7bc67,28800.0,pt,56,m,low,900.0,true,776370.24,5832308.69,-13.313333333333334,
bb_792c6b6c,28800.0,pt,79,f,medium,1500.0,false,780787.73,5832245.66,-23.713333333333335,
bb_99fd2599,28800.0,pt,6,m,medium,3000.0,false,792536.08,5814975.49,-12.213333333333335,
bb_260a4385,28800.0,pt,55,f,low,2000.0,false,786258.6,5787559.37,-21.513333333333332,
bb_9c034740,28800.0,pt,24,f,low,2000.0,false,776965.83,5831315.5,-11.713333333333335,
bb_9eef64ee,28800.0,pt,33,m,very_low,2000.0,false,786733.54,5851181.01,-36.213333333333324,
bb_c86a923b,28800.0,pt,55,m,high,3600.0,false,739615.69,5808603.94,-22.81333333333334,
bb_b9e47c14,28800.0,pt,34,f,low,2000.0,false,783751.22,5840548.5,-16.21333333333333,
bb_09439ee1,28800.0,pt,46,f,medium,3000.0,true,822202.54,5830161.18,-18.943333333333335,
bb_791b1a86,28800.0,pt,17,m,high,3600.0,false,820534.26,5805863.78,-22.513333333333332,
bb_be574cfe,28800.0,pt,41,m,very_high,5600.0,false,794109.04,5840091.54,-22.813333333333336,
bb_8275bc9b,28800.0,pt,27,m,medium,3000.0,false,811761.06,5789577.85,-29.61333333333334,
bb_a99ad42d,28800.0,pt,15,f,low,3000.0,false,801371.48,5853323.69,-22.813333333333333,
bb_8d9e271e,28800.0,pt,65,m,low,900.0,false,775492.9,5812516.33,-14.813333333333334,
bb_09261a50,28800.0,pt,62,m,high,4600.0,false,757186.66,5812057.24,-22.813333333333336,
bb_7b25e693,28800.0,pt,77,f,low,1500.0,false,793018.72,5813783.26,-13.613333333333335,
bb_b35e20f8,28800.0,pt,36,m,high,3600.0,false,760269.95,5834512.99,-23.713333333333335,
bb_1e107145,28800.0,pt,60,f,low,1500.0,false,819644.65,5835911.48,-30.943333333333335,
bb_b50ad544,28800.0,pt,57,m,high,3000.0,true,801660.08,5797987.51,-21.51333333333334,
bb_14e18228,28800.0,pt,56,f,very_high,5600.0,false,774600.21,5817323.52,-17.61333333333334,
bb_170bd8b4,28800.0,pt,34,m,medium,3000.0,false,739347.73,5815425.71,-36.21333333333333,
bb_965d9e19,28800.0,pt,7,m,very_low,2000.0,false,799934.31,5795142.49,-33.61333333333334,
bb_388fb894,28800.0,pt,60,f,very_low,500.0,false,770720.29,5828240.44,-23.713333333333335,
bb_a7bdf4f6,28800.0,pt,98,m,medium,2600.0,true,816556.58,5808588.07,-22.513333333333332,
bb_d03e58d8,28800.0,pt,12,m,very_low,1500.0,false,783683.04,5803420.07,-29.613333333333337,
bb_5f5e991f,28800.0,pt,50,f,very_high,5600.0,false,793611.16,5840193.44,-22.813333333333336,
bb_9141332a,28800.0,pt,80,m,very_low,900.0,false,777017.41,5814289.94,-14.813333333333334,
bb_56f469f3,28800.0,pt,53,f,low,2000.0,false,787490.38,5814620.61,-16.213333333333335,
bb_36a92e00,28800.0,pt,57,m,high,3000.0,false,778455.32,5811213.74,-17.613333333333337,
bb_39189a45,28800.0,pt,10,f,low,2000.0,false,822739.33,5829654.84,-18.943333333333335,
bb_2460dda9,28800.0,pt,14,f,low,2000.0,false,774462.3,5812913.61,-14.813333333333334,
bb_3b9d96f7,28800.0,pt,45,m,very_high,5600.0,false,775575.09,5815619.05,-14.813333333333334,
bb_5e84ce22,28800.0,pt,57,m,very_low,500.0,false,788589.97,5793939.55,-13.613333333333335,
bb_bd510483,28800.0,pt,35,m,very_low,900.0,false,778573.92,5813194.36,-14.813333333333334,
bb_1281e1e9,28800.0,pt,33,f,medium,3600.0,false,806698.07,5843819.3,-12.093333333333334,
bb_69d9090f,28800.0,pt,56,m,high,3600.0,false,822657.34,5831279.98,-34.943333333333335,
bb_157e3645,28800.0,pt,6,f,high,4600.0,false,822406.59,5823095.77,-23.91333333333333,
bb_694fd997,28800.0,pt,78,m,medium,2000.0,false,816187.91,5802910.1,-17.613333333333337,
bb_7a0af813,28800.0,pt,63,m,very_low,900.0,true,799994.95,5844857.83,-66.69717070151563,
bb_60a15cb1,28800.0,pt,70,f,low,1500.0,true,773346.89,5830755.72,-23.713333333333335,
bb_0f2b6b2f,28800.0,pt,58,f,low,1500.0,true,812953.88,5810699.09,-29.613333333333333,
bb_5b1a10f1,28800.0,pt,24,m,high,3600.0,false,819551.66,5804275.65,-17.613333333333337,
bb_c1a7a43c,28800.0,pt,61,f,low,1500.0,false,778922.1,5812989.01,-14.813333333333334,
bb_6d6d0d26,28800.0,pt,12,f,low,2000.0,false,820130.89,5798836.3,-29.61333333333333,
bb_7ff3a119,28800.0,pt,85,m,medium,2600.0,false,800697.83,5853356.23,-22.813333333333333,
bb_b51afa10,28800.0,pt,63,m,very_low,500.0,false,812995.26,5834390.95,-26.813333333333336,
bb_b9345428,28800.0,pt,12,f,high,5600.0,false,792054.15,5812738.59,-13.613333333333335,
bb_b7206ede,28800.0,pt,31,m,low,1500.0,false,805167.78,5791763.47,-37.613333333333344,
bb_01b12e6a,28800.0,pt,40,f,very_high,5600.0,false,783206.75,5849656.0,-24.213333333333335,
bb_b938c95a,28800.0,pt,68,m,medium,2000.0,false,787390.8,5814725.69,-16.213333333333335,
bb_08c052a3,28800.0,pt,79,f,medium,2000.0,false,764428.47,5799432.67,-24.21333333333333,
bb_40f26e4e,28800.0,pt,23,m,low,2600.0,false,771908.38,5807203.36,-14.813333333333334,
bb_c378f49e,28800.0,pt,30,m,high,3600.0,false,821498.22,5806877.91,-22.71333333333333,
bb_88215e3f,28800.0,pt,19,m,medium,2000.0,false,773411.0,5814325.53,-17.613333333333333,
bb_7d56bf56,28800.0,pt,73,m,high,3600.0,false,818591.08,5824335.6,-23.91333333333333,
bb_6b105f83,28800.0,pt,51,m,very_low,500.0,false,778945.02,5810658.5,-17.61333333333334,
bb_79208760,28800.0,pt,95,m,low,900.0,true,789358.74,5803531.64,-13.613333333333337,
bb_647e8ec7,28800.0,pt,72,m,high,4600.0,false,776750.82,5840129.47,-23.713333333333335,
bb_2afa6900,28800.0,pt,35,m,very_low,2000.0,false,801135.14,5843060.09,-19.680000000000003,
bb_c75b08dc,28800.0,pt,1,f,high,4600.0,false,824229.08,5823412.83,-26.943333333333328,
bb_3a8c072b,28800.0,pt,34,f,medium,2000.0,false,843111.27,5800842.35,-64.21333333333334,
bb_21d5a039,28800.0,pt,67,m,medium,3000.0,false,838802.52,5785881.87,-29.613333333333333,
bb_6382a0d9,28800.0,pt,38,m,high,4600.0,false,817929.13,5804141.48,-22.513333333333335,
bb_0ab7ea9f,28800.0,pt,34,m,medium,3000.0,false,805629.73,5845966.54,-22.81333333333333,
bb_84f56cd1,28800.0,pt,19,f,low,2000.0,false,779003.99,5830954.59,-13.313333333333333,
bb_b4c4fe8d,28800.0,pt,79,m,medium,1500.0,true,763595.46,5839524.93,-32.11333333333333,
bb_40981841,28800.0,pt,83,f,low,1500.0,false,823120.51,5819991.4,-16.213333333333335,
bb_a5b6556e,28800.0,pt,28,m,medium,3000.0,false,811035.71,5846010.62,-16.093333333333334,
bb_c561e787,28800.0,pt,12,m,low,2000.0,true,816182.06,5802036.97,-17.613333333333337,
bb_93238192,28800.0,pt,57,m,medium,2000.0,false,772867.97,5807449.92,-14.813333333333334,
bb_b871b8ae,28800.0,pt,49,f,medium,3000.0,false,808290.37,5842736.77,-20.093333333333334,
bb_d48da321,28800.0,pt,61,m,medium,3000.0,false,774641.42,5803337.63,-17.613333333333333,
bb_03c1e815,28800.0,pt,52,m,low,900.0,false,797879.36,5852831.34,-90.81333333333333,
bb_b09673ed,28800.0,pt,0,f,medium,3600.0,false,777781.31,5832177.69,-11.713333333333333,
bb_0fc60ad9,28800.0,pt,42,m,very_low,900.0,false,793243.82,5839952.14,-18.813333333333336,
bb_c72c3c02,28800.0,pt,37,f,high,3600.0,false,778796.96,5819891.27,-19.726666666666667,
bb_5e6cdb67,28800.0,pt,52,m,low,900.0,false,782657.29,5845851.9,-16.21333333333333,
bb_7984f768,28800.0,pt,15,m,high,4600.0,false,806179.02,5845687.69,-20.093333333333334,
bb_21e2d75f,28800.0,pt,36,m,high,3600.0,false,806811.71,5845281.41,-20.093333333333334,
bb_03264c10,28800.0,pt,44,f,medium,3000.0,false,765482.16,5817592.83,-17.61333333333334,
bb_8eaf26e0,28800.0,pt,7,m,very_low,900.0,false,812883.55,5810387.08,-29.613333333333337,
bb_82cf66af,28800.0,pt,39,m,high,4600.0,false,782099.95,5810993.26,-17.613333333333337,
bb_a49bc8ad,28800.0,pt,42,m,medium,3600.0,false,822056.34,5832028.99,-34.943333333333335,
bb_40f160f2,28800.0,pt,60,f,low,1500.0,true,789499.64,5843015.48,-19.680000000000007,
bb_4effa1b2,28800.0,pt,84,f,medium,2000.0,false,775938.6,5811421.24,-14.813333333333334,
bb_b3363300,28800.0,pt,12,m,very_low,1500.0,false,779160.96,5807377.93,-17.613333333333333,
bb_b38d6acf,28800.0,pt,63,m,very_low,500.0,false,816586.67,5841495.94,-26.943333333333335,
bb_ae023157,28800.0,pt,58,m,medium,3600.0,false,758262.43,5810036.0,-17.613333333333337,
bb_d78562fc,28800.0,pt,30,m,medium,3000.0,false,775296.18,5813478.72,-14.813333333333334,
bb_649b0777,28800.0,pt,51,f,high,3600.0,false,845294.45,5811101.47,-20.21333333333334,
bb_0d20c211,28800.0,pt,72,m,very_low,1500.0,false,778589.13,5809003.58,-12.213333333333335,
bb_985c599e,28800.0,pt,33,m,medium,3000.0,false,771981.09,5815667.2,-17.613333333333337,
bb_247572e2,28800.0,pt,17,f,high,4600.0,false,793350.94,5842142.6,-18.813333333333336,
bb_9106f83a,28800.0,pt,36,m,very_high,5600.0,false,784728.16,5840135.61,-12.21333333333333,
bb_b3ec3aad,28800.0,pt,30,m,high,4600.0,false,778486.89,5881078.44,-17.613333333333337,
bb_81401b8a,28800.0,pt,85,f,medium,1500.0,true,826704.18,5823453.93,-26.943333333333335,
bb_88eec3e8,28800.0,pt,24,f,medium,2600.0,false,771985.99,5813615.13,-17.613333333333337,
bb_0ba8204d,28800.0,pt,33,m,high,2600.0,true,780253.9,5848802.28,-16.21333333333333,
bb_b5a80dbc,28800.0,pt,2,f,high,4600.0,false,807525.7,5843575.57,-20.093333333333334,
bb_c5708b6c,28800.0,pt,67,m,medium,2000.0,true,820126.97,5833750.73,-30.943333333333335,
bb_0c96d289,28800.0,pt,63,f,high,3600.0,false,822717.51,5799857.29,-29.61333333333333,
bb_018b4271,28800.0,pt,30,m,medium,3000.0,false,800985.42,5809781.66,-14.813333333333334,
bb_02aee4d2,28800.0,pt,28,f,medium,1500.0,false,810371.64,5852016.39,-26.81333333333333,
bb_80d43cc2,28800.0,pt,43,f,low,900.0,false,834204.19,5828506.81,-96.51333333333334,
bb_5d0f5b0d,28800.0,pt,41,m,high,3600.0,false,773264.58,5820611.63,-17.61333333333334,
bb_07d108d9,28800.0,pt,70,m,medium,1500.0,false,770854.12,5834022.0,-13.313333333333334,
bb_a9edf772,28800.0,pt,3,m,medium,3600.0,false,820400.25,5834436.46,-18.94333333333333,
bb_0be5e1ad,28800.0,pt,20,f,high,4600.0,false,808189.32,5843845.43,-20.09333333333333,
bb_43bed2b1,28800.0,pt,59,f,very_low,500.0,false,778558.04,5832629.24,-17.313333333333333,
bb_781304ce,28800.0,pt,57,m,low,900.0,false,783348.75,5840731.99,-20.213333333333335,
bb_1f50a5f5,28800.0,pt,65,f,low,1500.0,false,773961.22,5830192.42,-16.113333333333337,
bb_5c7f5761,28800.0,pt,74,m,medium,2600.0,false,808345.42,5842140.19,-17.913333333333334,
bb_571b40dc,28800.0,pt,86,m,medium,2000.0,false,775380.55,5813873.74,-14.813333333333333,
bb_104a453e,28800.0,pt,28,m,very_low,1500.0,false,817845.11,5829204.6,-16.943333333333335,
bb_bd0cb1dc,28800.0,pt,61,m,high,2600.0,false,776708.19,5832878.34,-16.113333333333333,
bb_1a8a3c13,28800.0,pt,10,m,very_low,1500.0,false,761307.75,5835599.0,-20.213333333333342,
bb_c806cd72,28800.0,pt,58,m,medium,3000.0,false,818628.09,5830007.48,-18.943333333333335,
bb_1e0bcc32,28800.0,pt,67,m,low,1500.0,false,803549.28,5794011.87,-33.61333333333334,
bb_5c4073e6,28800.0,pt,37,m,very_low,900.0,false,807332.15,5867480.66,-70.81333333333336,
bb_a2a5f51d,28800.0,pt,2,m,low,2000.0,false,789436.15,5843097.71,-20.213333333333335,
bb_b67d57db,28800.0,pt,69,m,medium,2000.0,false,788277.54,5849162.38,-14.813333333333336,
bb_ba3e2e85,28800.0,pt,32,f,very_low,1500.0,false,779112.0,5844139.07,-36.21333333333333,
bb_3a7d03f6,28800.0,pt,36,m,medium,3000.0,false,784123.48,5837376.76,-16.21333333333333,
bb_876fcc5d,28800.0,pt,25,m,very_low,499.0,false,771742.33,5828448.4,-23.713333333333335,
bb_776a6b8e,28800.0,pt,77,f,low,900.0,true,787064.68,5815809.42,-17.403333333333336,
bb_6a576a1a,28800.0,pt,22,f,high,4600.0,false,788217.56,5812266.94,-18.81333333333334,
bb_14a2efcb,28800.0,pt,58,m,very_low,500.0,false,799522.29,5856316.72,-22.813333333333336,
bb_cf231067,28800.0,pt,24,m,high,4600.0,false,785961.0,5854991.75,-17.61333333333334,
bb_4153a0bd,28800.0,pt,23,m,very_low,900.0,false,779771.92,5835990.39,-16.113333333333333,
bb_bc902a0a,28800.0,pt,91,f,low,900.0,false,770822.48,5815975.54,-17.613333333333337,
bb_33700f8a,28800.0,pt,18,m,medium,2000.0,false,777842.56,5830407.66,-14.813333333333334,
bb_65ba8f5e,28800.0,pt,36,f,very_low,500.0,false,777419.51,5813013.4,-14.813333333333334,
bb_74bc1667,28800.0,pt,33,f,high,4600.0,false,811572.01,5846361.26,-22.813333333333333,
bb_d4b7e226,28800.0,pt,37,f,medium,2600.0,false,805350.66,5794363.99,-33.61333333333334,
bb_ced265fa,28800.0,pt,43,f,high,3600.0,false,788291.52,5845069.53,-22.813333333333333,
bb_3b313ba9,28800.0,pt,90,f,low,1500.0,false,815288.76,5806229.77,-17.613333333333344,
bb_7504e0f4,28800.0,pt,39,m,very_low,1500.0,false,801722.96,5806430.56,-23.913333333333334,
bb_cb2578b9,28800.0,pt,66,m,medium,2000.0,false,804610.01,5811815.87,-19.943333333333335,
bb_906f1c90,28800.0,pt,35,f,medium,3000.0,false,779669.36,5825709.71,-14.813333333333334,
bb_722b62cf,28800.0,pt,71,f,medium,2000.0,false,823111.11,5821690.75,-23.913333333333334,
bb_bdc34299,28800.0,pt,6,f,low,2000.0,false,776082.91,5814819.13,-14.813333333333333,
bb_58c5845c,28800.0,pt,55,f,medium,1500.0,true,783232.5,5780303.17,-25.613333333333337,
bb_cd01bf37,28800.0,pt,70,f,medium,2600.0,false,789799.24,5844104.76,-10.813333333333333,
bb_c0f5da5e,28800.0,pt,27,f,medium,2600.0,false,778245.44,5810272.34,-17.613333333333337,
bb_52283b89,28800.0,pt,0,m,high,3600.0,false,819061.85,5796772.95,-22.71333333333333,
bb_768860b2,28800.0,pt,12,m,low,2000.0,false,774327.53,5814644.11,-14.813333333333334,
bb_8dcae97b,28800.0,pt,12,f,very_high,5600.0,false,783019.22,5849229.08,-24.213333333333335,
bb_d00ad3f1,28800.0,pt,67,f,medium,3000.0,false,809900.46,5802918.23,-22.71333333333333,
bb_d4724bad,28800.0,pt,60,f,very_low,499.0,false,786392.53,5852669.75,-17.613333333333337,
bb_d536fd3e,28800.0,pt,3,m,very_low,900.0,false,779973.63,5841835.42,-20.213333333333335,
bb_b08ca8ef,28800.0,pt,33,m,medium,2000.0,false,781442.35,5810655.78,-14.813333333333334,
bb_516aa6f9,28800.0,pt,27,f,very_low,1500.0,false,791062.76,5855731.22,-28.21333333333334,
bb_9df8d5fa,28800.0,pt,82,f,low,900.0,false,823126.07,5820027.34,-16.213333333333335,
bb_d14b4e49,28800.0,pt,39,f,low,2600.0,false,769337.74,5833940.51,-20.213333333333342,
bb_b6d4e9f2,28800.0,pt,2,f,high,4600.0,false,789565.17,5843841.75,-14.813333333333333,
bb_af5b00ea,28800.0,pt,67,m,medium,2000.0,false,781531.16,5845655.38,-16.21333333333333,
bb_06cac2b6,28800.0,pt,84,m,medium,2600.0,true,818066.3,5829426.43,-14.943333333333333,
bb_4784faa0,28800.0,pt,8,m,low,2000.0,false,803027.66,5801402.91,-45.31333333333333,
bb_cfcd14aa,28800.0,pt,33,f,high,3600.0,false,788063.39,5853126.12,-36.213333333333324,
bb_066d276c,28800.0,pt,69,m,low,1500.0,false,791635.78,5813235.36,-13.613333333333337,
bb_d3b0ac38,28800.0,pt,78,f,medium,2600.0,false,819456.06,5832351.68,-18.943333333333335,
bb_b705c5d3,28800.0,pt,65,m,very_low,499.0,false,809143.56,5846306.34,-22.813333333333336,
bb_8752b257,28800.0,pt,54,m,low,900.0,true,781001.15,5811603.14,-12.213333333333335,
bb_a4111a20,28800.0,pt,58,m,very_low,500.0,false,787570.14,5807036.19,-29.403333333333332,
bb_d335bf6e,28800.0,pt,70,m,medium,1500.0,false,753916.12,5772709.04,-29.613333333333337,
bb_7ac65a97,28800.0,pt,66,f,medium,2000.0,false,780920.61,5811171.08,-12.213333333333336,
bb_1d165888,28800.0,pt,32,f,very_low,1500.0,false,826531.11,5805592.36,-22.513333333333335,
bb_06c38617,28800.0,pt,32,m,medium,3600.0,false,790298.51,5803639.17,-13.613333333333335,
bb_81f6bb13,28800.0,pt,56,m,very_low,500.0,false,805951.82,5841389.25,-20.093333333333334,
bb_8d3b85c8,28800.0,pt,59,f,medium,3000.0,false,810167.89,5847424.36,-22.813333333333336,
bb_b8de85bf,28800.0,pt,38,m,low,2000.0,false,740020.02,5808387.29,-22.81333333333334,
bb_a93f6c98,28800.0,pt,36,m,low,1500.0,false,820152.43,5828629.62,-18.943333333333335,
bb_75b4f2f0,28800.0,pt,11,f,very_low,2000.0,false,768163.92,5812545.76,-17.61333333333334,
bb_544c4187,28800.0,pt,63,f,high,3600.0,false,746972.21,5806123.6,-24.21333333333334,
bb_7149dd1c,28800.0,pt,2,f,high,4600.0,false,786485.24,5853047.61,-14.813333333333333,
bb_5a7b312e,28800.0,pt,8,f,very_high,5600.0,false,783928.93,5843902.02,-16.21333333333333,
bb_9cf99172,28800.0,pt,35,f,low,1500.0,false,771860.59,5815894.89,-17.613333333333333,
bb_b6d69152,28800.0,pt,1,f,high,4600.0,false,773799.67,5820925.92,-22.813333333333336,
bb_163b904a,28800.0,pt,29,f,very_low,2000.0,false,770657.62,5828578.46,-23.713333333333335,
bb_0a75352e,28800.0,pt,54,f,high,3600.0,false,777733.39,5810968.67,-14.813333333333333,
bb_6c1a1aba,28800.0,pt,62,f,medium,2000.0,false,820396.2,5805398.97,-22.51333333333334,
bb_752a27fc,28800.0,pt,34,f,very_high,5600.0,false,777158.8,5833515.85,-17.313333333333333,
bb_3c97e732,28800.0,pt,92,m,low,900.0,true,773270.52,5798846.93,-17.613333333333333,
bb_4623e8e8,28800.0,pt,93,f,medium,1500.0,true,783994.62,5841109.87,-16.21333333333333,
bb_bfa36103,28800.0,pt,42,f,high,4600.0,false,822598.63,5830583.2,-18.943333333333335,
bb_6596ba99,28800.0,pt,57,m,very_low,499.0,true,815116.62,5808896.36,-29.613333333333337,
bb_ce0f6110,28800.0,pt,38,f,medium,3000.0,false,756770.9,5842452.8,-47.71333333333334,
bb_835ab8cb,28800.0,pt,56,m,very_low,1500.0,false,783985.96,5838626.06,-16.21333333333333,
bb_77bf9c18,28800.0,pt,7,m,low,1500.0,false,766943.6,5850352.57,-48.21333333333333,
bb_4c59a6e3,28800.0,pt,62,f,very_low,500.0,false,792368.95,5840842.51,-18.813333333333336,
bb_c8cb2a2e,28800.0,pt,98,m,medium,1500.0,true,784061.88,5837967.45,-19.726666666666667,
bb_1eb0a6a6,28800.0,pt,66,f,low,900.0,true,779024.17,5821138.1,-17.61333333333334,
bb_8aacc381,28800.0,pt,25,m,low,1500.0,false,777833.62,5810558.42,-17.613333333333337,
bb_0249c42f,28800.0,pt,37,m,high,2600.0,false,824226.39,5864629.33,-21.613333333333337,
bb_b628379d,28800.0,pt,23,m,high,3600.0,false,770019.02,5859019.13,-72.21333333333334,
bb_30288a82,28800.0,pt,16,f,high,4600.0,false,777774.48,5814456.08,-17.613333333333333,
bb_d483906e,28800.0,pt,38,m,high,3600.0,false,771494.17,5795167.4,-17.613333333333333,
bb_29563ab6,28800.0,pt,50,f,high,4600.0,false,811570.92,5838678.06,-26.943333333333335,
bb_27eb90a7,28800.0,pt,48,f,medium,3600.0,false,769490.47,5833694.87,-20.21333333333334,
bb_3ac776de,28800.0,pt,62,f,low,900.0,false,820187.64,5799793.7,-29.61333333333333,
bb_78a903cb,28800.0,pt,28,f,high,4600.0,false,779877.16,5813338.82,-14.813333333333334,
bb_7ddd0b9b,28800.0,pt,61,m,medium,2600.0,false,789766.1,5804040.75,-13.613333333333337,
bb_91744895,28800.0,pt,53,m,high,3000.0,false,780875.4,5810292.95,-17.613333333333337,
bb_c89d2cda,28800.0,pt,40,m,medium,3600.0,false,872591.66,5812759.05,-23.913333333333334,
bb_dbd2b375,28800.0,pt,64,m,very_low,500.0,true,822383.64,5823156.46,-23.91333333333333,
bb_479fe874,28800.0,pt,60,f,high,4600.0,false,784257.79,5840575.73,-14.813333333333334,
bb_7d914a35,28800.0,pt,78,f,medium,3000.0,true,814228.9,5807669.65,-17.61333333333334,
bb_a3ec10a2,28800.0,pt,9,m,medium,3000.0,false,795110.57,5841151.53,-19.68,
bb_44b4dc54,28800.0,pt,2,m,high,3600.0,false,809482.25,5846752.81,-16.093333333333334,
bb_15f4dee0,28800.0,pt,45,m,very_low,499.0,false,766587.55,5828946.72,-16.113333333333337,
bb_469c7c3e,28800.0,pt,53,f,high,3600.0,false,784373.49,5837433.41,-16.21333333333333,
bb_380d3a4e,28800.0,pt,10,f,high,4600.0,false,813242.06,5844566.03,-22.813333333333336,
bb_a4c63ef3,28800.0,pt,52,m,medium,1500.0,false,821668.0,5822484.41,-23.913333333333334,
bb_201950a0,28800.0,pt,18,m,very_low,2000.0,false,789463.79,5814330.68,-12.213333333333335,
bb_570c0153,28800.0,pt,1,m,high,4600.0,false,770235.59,5823310.94,-29.613333333333333,
bb_7320bcaa,28800.0,pt,76,m,very_low,900.0,false,777961.83,5810283.03,-17.613333333333337,
bb_5fb584ff,28800.0,pt,37,f,high,4600.0,false,775339.76,5814917.43,-14.813333333333334,
bb_cac0ebc7,28800.0,pt,54,m,very_low,500.0,true,777948.21,5831938.96,-11.713333333333333,
bb_710e6cbc,28800.0,pt,71,f,medium,1500.0,false,766832.47,5809670.86,-17.613333333333337,
bb_7ac02826,28800.0,pt,38,f,high,2600.0,false,786017.99,5839803.51,-16.21333333333333,
bb_b27c20a3,28800.0,pt,57,f,medium,3000.0,false,792825.19,5808538.56,-18.813333333333336,
bb_504136b1,28800.0,pt,48,f,low,2600.0,false,771103.08,5808660.95,-14.813333333333334,
bb_69666d77,28800.0,pt,34,f,high,3600.0,false,740297.07,5808255.54,-22.81333333333334,
bb_32836c8c,28800.0,pt,17,f,very_low,900.0,false,794430.18,5802794.04,-73.61333333333334,
bb_c00d78d8,28800.0,pt,77,m,very_low,900.0,false,814826.21,5806728.16,-17.61333333333334,
bb_8e33f2c2,28800.0,pt,32,f,low,900.0,false,778661.55,5812526.39,-12.213333333333335,
bb_7714b0db,28800.0,pt,11,f,medium,3600.0,false,772303.75,5796090.93,-24.213333333333335,
bb_9803bcfb,28800.0,pt,49,m,very_high,5600.0,false,790607.34,5802945.44,-13.613333333333339,
bb_30fd4e48,28800.0,pt,86,m,medium,2600.0,true,775450.73,5817989.94,-17.613333333333337,
bb_515830f4,28800.0,pt,66,m,high,4600.0,false,769872.35,5813893.5,-14.813333333333334,
bb_96d10eb5,28800.0,pt,53,f,low,1500.0,true,800292.65,5783537.22,-73.61333333333333,
bb_43b805ce,28800.0,pt,60,f,very_low,499.0,false,776401.83,5813871.52,-14.813333333333336,
bb_8601d7ac,28800.0,pt,17,m,medium,3000.0,false,776521.29,5792806.79,-36.21333333333333,
bb_0a5b5865,28800.0,pt,57,f,medium,2000.0,true,786610.58,5813287.36,-14.813333333333334,
bb_5b453054,28800.0,pt,87,m,medium,2600.0,true,783568.44,5848775.13,-24.21333333333334,
bb_a731445c,28800.0,pt,33,f,high,4600.0,false,822368.05,5818232.35,-20.043333333333337,
bb_3bc9bd2b,28800.0,pt,25,f,low,1500.0,false,818322.98,5796154.61,-22.71333333333333,
bb_876d0803,28800.0,pt,34,m,very_high,5600.0,false,785910.37,5779888.94,-21.513333333333332,
bb_46357293,28800.0,pt,60,m,low,900.0,false,815068.14,5810715.12,-17.613333333333344,
bb_6c4303da,28800.0,pt,70,f,medium,2600.0,true,791115.54,5813966.28,-12.213333333333335,
bb_4de8cd27,28800.0,pt,41,f,medium,1500.0,false,785055.82,5853207.05,-24.21333333333334,
bb_c732162c,28800.0,pt,65,f,very_low,500.0,false,784734.01,5840155.95,-12.213333333333333,
bb_617fe053,28800.0,pt,44,m,medium,2600.0,false,796773.05,5800273.15,-21.513333333333335,
bb_29404a67,28800.0,pt,69,m,very_low,900.0,false,816081.34,5798124.18,-17.613333333333337,
bb_4ec234aa,28800.0,pt,28,f,very_high,5600.0,false,824019.46,5864672.33,-20.093333333333334,
bb_0a9741b7,28800.0,pt,5,m,medium,3000.0,false,824386.98,5832766.68,-22.943333333333335,
bb_bd709e88,28800.0,pt,56,m,low,2000.0,false,764104.38,5792087.35,-29.613333333333337,
bb_76866cad,28800.0,pt,63,m,high,3000.0,true,771774.39,5828233.35,-23.713333333333335,
bb_ade54a02,28800.0,pt,52,f,high,4600.0,false,814206.54,5802575.35,-17.613333333333337,
bb_41d852e9,28800.0,pt,60,m,medium,2000.0,false,791371.24,5812899.34,-16.213333333333335,
bb_25ab48d0,28800.0,pt,38,m,medium,3000.0,false,817806.45,5789104.02,-17.613333333333337,
bb_8bfafa40,28800.0,pt,64,m,high,4600.0,false,779109.84,5812779.62,-14.813333333333334,
bb_93f48059,28800.0,pt,41,f,very_low,900.0,false,774909.7,5812915.24,-14.813333333333334,
bb_36cf1fc0,28800.0,pt,68,m,high,2600.0,false,785722.12,5813766.7,-14.813333333333334,
bb_28b0b538,28800.0,pt,22,f,high,5600.0,false,803245.03,5797141.89,-33.61333333333334,
bb_a8657967,28800.0,pt,31,f,medium,3000.0,false,780792.48,5769146.61,-25.613333333333337,
bb_5704604d,28800.0,pt,40,m,medium,3000.0,false,813957.06,5824822.98,-17.613333333333333,
bb_694e0f5a,28800.0,pt,86,m,low,900.0,true,801669.57,5853380.33,-22.813333333333333,
bb_339781a8,28800.0,pt,70,f,very_low,900.0,false,824136.12,5825480.47,-22.943333333333335,
bb_50379d9b,28800.0,pt,6,m,high,3600.0,false,790232.59,5846757.75,-14.813333333333333,
bb_5bcb8daf,28800.0,pt,47,f,high,2600.0,false,796014.02,5843419.03,-16.213333333333335,
bb_081b24e9,28800.0,pt,15,f,medium,3600.0,false,772477.14,5817167.05,-17.613333333333337,
bb_c7c440c6,28800.0,pt,90,f,low,900.0,true,776813.79,5831223.05,-11.713333333333335,
bb_70bf62cd,28800.0,pt,54,f,very_high,5600.0,false,787736.78,5846188.59,-26.813333333333336,
bb_d64e537c,28800.0,pt,9,f,medium,3000.0,false,785990.15,5850615.12,-36.213333333333324,
bb_ae49950a,28800.0,pt,22,m,low,900.0,false,772688.3,5831077.19,-24.213333333333328,
bb_46be390c,28800.0,pt,47,m,high,4600.0,false,810240.87,5835897.07,-13.613333333333335,
bb_6a9df59a,28800.0,pt,18,f,high,4600.0,false,761788.22,5820286.34,-35.71333333333334,
bb_9d090207,28800.0,pt,32,f,high,3600.0,false,755538.01,5807137.03,-29.613333333333337,
bb_95ba62b3,28800.0,pt,57,f,very_high,4600.0,false,761404.74,5836155.85,-20.21333333333334,
bb_8f2c2d3c,28800.0,pt,43,m,high,5600.0,false,775792.52,5813131.22,-14.813333333333334,
bb_c242aed9,28800.0,pt,54,f,very_low,900.0,false,799256.28,5812015.63,-18.813333333333336,
bb_a7b6ecba,28800.0,pt,59,f,very_low,900.0,true,769670.93,5814049.6,-17.613333333333337,
bb_c37fe52b,28800.0,pt,24,f,medium,4600.0,true,807502.07,5843616.39,-20.093333333333337,
bb_23d57197,28800.0,pt,73,f,medium,3000.0,false,756813.84,5821571.25,-53.613333333333344,
bb_6a8ec002,28800.0,pt,24,f,high,3600.0,false,820585.66,5803551.45,-22.713333333333335,
bb_6ad3547d,28800.0,pt,37,f,medium,3000.0,false,802626.34,5816022.9,-17.61333333333334,
bb_a6be4759,28800.0,pt,5,f,low,3000.0,false,784377.04,5837538.06,-16.21333333333333,
bb_8217b254,28800.0,pt,18,f,medium,4600.0,false,800176.42,5810853.91,-14.813333333333334,
bb_b0684f17,28800.0,pt,50,m,very_high,4600.0,false,793220.55,5810027.23,-18.813333333333336,
bb_9b2c6130,28800.0,pt,68,m,medium,2000.0,false,787056.4,5812028.42,-16.213333333333335,
bb_b3d78bb2,28800.0,pt,5,m,high,4600.0,false,814939.19,5809378.48,-17.443333333333335,
bb_a05aa89c,28800.0,pt,98,m,medium,2600.0,false,805739.35,5846039.54,-22.813333333333333,
bb_903ffc03,28800.0,pt,43,f,high,3600.0,false,786695.58,5815386.46,-17.403333333333336,
bb_18952fe8,28800.0,pt,63,f,medium,2000.0,false,780512.91,5844285.94,-20.213333333333335,
bb_0f1bfb50,28800.0,pt,55,m,low,900.0,false,823970.87,5828886.95,-22.943333333333335,
bb_2fde4188,28800.0,pt,79,m,low,900.0,false,777072.28,5840153.6,-23.713333333333335,
bb_c3c0d706,28800.0,pt,64,f,high,3600.0,true,817213.02,5828761.43,-14.943333333333333,
bb_3c4fabfc,28800.0,pt,67,m,very_high,4600.0,false,810864.17,5833928.88,-17.613333333333337,
bb_23a7c6e4,28800.0,pt,39,m,very_low,499.0,false,766205.16,5811666.96,-14.813333333333334,
bb_404e22e8,28800.0,pt,62,m,very_low,900.0,false,781295.95,5810946.19,-17.613333333333337,
bb_80bd1f3c,28800.0,pt,63,m,medium,2000.0,true,786225.54,5814997.05,-17.403333333333336,
bb_4354ac7c,28800.0,pt,34,m,medium,2000.0,false,785852.73,5849980.93,-36.213333333333324,
bb_cfc7db87,28800.0,pt,63,f,very_low,500.0,false,807968.67,5815063.78,-16.21333333333333,
bb_95df0312,28800.0,pt,54,f,very_low,900.0,false,789646.69,5845242.11,-18.813333333333336,
bb_28505427,28800.0,pt,56,f,medium,3000.0,false,779456.67,5814015.59,-14.813333333333334,
bb_75bf3eca,28800.0,pt,58,m,medium,2600.0,false,756432.29,5836479.91,-32.11333333333333,
bb_84b1bfe1,28800.0,pt,46,f,very_low,900.0,false,772638.02,5815520.79,-17.613333333333337,
bb_3d11436a,28800.0,pt,27,f,very_low,900.0,false,782248.23,5795021.77,-37.61333333333332,
bb_20f5c995,28800.0,pt,14,m,low,2000.0,false,776486.0,5813802.61,-14.813333333333334,
bb_9ca1ca2c,28800.0,pt,2,m,low,2000.0,false,779341.62,5807926.51,-17.613333333333337,
bb_7c0d4415,28800.0,pt,6,m,medium,2600.0,false,779362.46,5821675.01,-17.313333333333336,
bb_d1c49e3d,28800.0,pt,47,f,very_low,500.0,false,768320.37,5810374.37,-17.61333333333334,
bb_0a13684d,28800.0,pt,2,m,low,2000.0,false,816001.81,5795536.26,-29.61333333333334,
bb_525df82b,28800.0,pt,88,f,medium,1500.0,false,784095.54,5847275.96,-24.213333333333335,
bb_a63d11b1,28800.0,pt,35,m,very_high,5600.0,false,814696.13,5831109.69,-18.656666666666666,
bb_c818d621,28800.0,pt,2,m,high,3600.0,false,809626.47,5846576.31,-20.093333333333334,
bb_8426639b,28800.0,pt,82,f,medium,2600.0,true,770354.19,5828636.14,-23.713333333333335,
bb_50ab8078,28800.0,pt,25,m,medium,2600.0,false,778174.56,5812761.87,-12.213333333333335,
bb_8bc27b85,28800.0,pt,35,f,high,3600.0,false,795818.41,5842875.9,-16.21333333333334,
bb_45556852,28800.0,pt,6,f,very_high,5600.0,false,801353.04,5802922.65,-29.613333333333326,
bb_4b202b16,28800.0,pt,24,m,low,1500.0,false,795514.91,5857150.62,-60.21333333333333,
bb_90f0a5f8,28800.0,pt,23,m,medium,3600.0,false,783259.76,5840451.44,-20.213333333333335,
bb_28dee83e,28800.0,pt,72,m,medium,2000.0,false,821817.12,5832133.64,-22.943333333333335,
bb_d78dcdc0,28800.0,pt,74,m,medium,2600.0,true,779145.87,5812827.2,-14.813333333333333,
bb_d7cc9200,28800.0,pt,69,f,medium,1500.0,false,802351.44,5803571.03,-29.613333333333326,
bb_76f58796,28800.0,pt,12,m,low,2000.0,false,786623.21,5814609.49,-13.403333333333336,
bb_10bb6cd9,28800.0,pt,60,m,low,900.0,false,791522.24,5812541.94,-18.813333333333336,
bb_c7f93b04,28800.0,pt,54,f,low,1500.0,false,770257.05,5823404.89,-29.613333333333333,
bb_2fae0607,28800.0,pt,58,m,medium,2000.0,false,791967.22,5845516.67,-20.213333333333335,
bb_a03efaf2,28800.0,pt,70,m,medium,2000.0,false,818074.61,5830282.79,-18.94333333333333,
bb_6784ee51,28800.0,pt,43,m,medium,2600.0,false,778635.6,5812124.67,-12.213333333333335,
bb_ab6cbca0,28800.0,pt,40,f,low,1500.0,false,812059.53,5857264.89,-26.813333333333333,
bb_ced26cac,28800.0,pt,30,m,medium,1500.0,false,790153.44,5802936.42,-13.613333333333337,
bb_113c6b47,28800.0,pt,13,f,very_low,1500.0,false,783480.6,5855278.96,-84.21333333333334,
bb_bacf674a,28800.0,pt,54,f,very_low,499.0,false,814818.6,5806156.38,-17.613333333333337,
bb_618f3a83,28800.0,pt,20,m,high,4600.0,false,815555.29,5807446.4,-17.61333333333334,
bb_43b96797,28800.0,pt,98,f,medium,2600.0,false,775619.46,5833643.19,-16.113333333333333,
bb_336ca32a,28800.0,pt,70,f,medium,3000.0,false,817394.26,5829712.64,-16.943333333333335,
bb_42f98a53,28800.0,pt,35,m,very_low,499.0,false,814771.28,5808521.0,-21.61333333333333,
bb_4982a649,28800.0,pt,47,m,high,4600.0,false,819840.08,5832637.9,-18.94333333333333,
bb_47ed6996,28800.0,pt,52,m,very_low,1500.0,false,791188.91,5843443.18,-20.213333333333335,
bb_c5c1d9ac,28800.0,pt,8,m,very_high,5600.0,false,793151.2,5809526.61,-18.813333333333336,
bb_5bc86d88,28800.0,pt,48,m,high,3600.0,false,805046.55,5794056.68,-33.61333333333334,
bb_69209fe9,28800.0,pt,43,f,medium,2600.0,false,780824.15,5810163.12,-14.813333333333334,
bb_9115b188,28800.0,pt,65,f,very_low,500.0,false,822947.78,5827472.72,-30.043333333333337,
bb_172b9579,28800.0,pt,54,f,medium,2600.0,false,806221.88,5843191.74,-16.093333333333337,
bb_4a3651e1,28800.0,pt,68,m,low,1500.0,false,780816.42,5805049.67,-17.613333333333333,
bb_0c629b6d,28800.0,pt,14,f,high,4600.0,false,779579.79,5813831.46,-17.613333333333337,
bb_a35197de,28800.0,pt,58,m,medium,3000.0,false,775084.78,5818847.55,-17.61333333333334,
bb_bc011539,28800.0,pt,78,f,high,3000.0,false,822585.84,5818366.47,-16.213333333333335,
bb_442d4589,28800.0,pt,26,m,medium,3000.0,false,765590.38,5799224.06,-24.21333333333334,
bb_1827988e,28800.0,pt,14,f,very_high,5600.0,false,780793.81,5831001.2,-16.113333333333333,
bb_b06ff4c2,28800.0,pt,61,f,medium,2000.0,true,783745.91,5841472.24,-16.213333333333335,
bb_c3ed9e79,28800.0,pt,58,m,medium,2000.0,false,796800.39,5851273.11,-19.68,
bb_75517bc9,28800.0,pt,62,f,medium,2600.0,false,794371.72,5812845.96,-21.513333333333335,
bb_349dab51,28800.0,pt,53,m,medium,2000.0,false,822395.97,5838262.16,-30.943333333333335,
bb_937db43f,28800.0,pt,5,m,very_high,5600.0,false,824952.76,5829677.54,-18.943333333333335,
bb_d931e2cc,28800.0,pt,44,m,medium,3000.0,false,823009.18,5814678.44,-23.91333333333333,
bb_b2d3631d,28800.0,pt,66,m,high,4600.0,false,771210.58,5808545.47,-14.813333333333334,
bb_01c48577,28800.0,pt,81,f,low,1500.0,true,770356.48,5808873.47,-14.813333333333334,
bb_9ef738bc,28800.0,pt,56,f,medium,2000.0,false,813852.78,5812298.9,-13.613333333333337,
bb_7d5ca113,28800.0,pt,6,m,high,5600.0,false,789719.17,5814434.53,-12.213333333333335,
bb_5e52736d,28800.0,pt,72,f,low,900.0,false,823483.37,5818344.79,-16.213333333333335,
bb_43fd2f1c,28800.0,pt,33,m,medium,2000.0,false,780615.71,5831070.47,-16.113333333333333,
bb_d4b4880d,28800.0,pt,11,f,medium,3600.0,false,784972.61,5812754.14,-21.403333333333332,
bb_8fca04f4,28800.0,pt,22,m,very_low,900.0,false,824120.2,5824624.7,-22.943333333333335,
bb_2b2b789e,28800.0,pt,35,f,medium,3000.0,false,761152.68,5821128.88,-23.713333333333335,
bb_97e1a8f0,28800.0,pt,38,f,very_high,5600.0,false,808422.21,5842809.22,-20.093333333333334,
bb_00ed3bdf,28800.0,pt,95,m,very_low,900.0,true,759003.0,5790728.62,-29.61333333333334,
bb_6e0b459c,28800.0,pt,78,f,medium,2000.0,false,773108.09,5820901.99,-17.61333333333334,
bb_4cf2b1a0,28800.0,pt,37,f,high,4600.0,false,825859.44,5830571.35,-22.943333333333335,
bb_c38ca369,28800.0,pt,27,m,high,4600.0,false,780551.11,5831407.82,-16.113333333333333,
bb_33806e6e,28800.0,pt,68,m,high,3600.0,false,823070.49,5822149.46,-23.913333333333334,
bb_06f89177,28800.0,pt,17,m,medium,3000.0,false,788573.92,5793790.16,-13.613333333333335,
bb_6d4ef54b,28800.0,pt,37,m,very_low,500.0,false,777787.15,5835630.66,-17.313333333333333,
bb_1dc4acf0,28800.0,pt,1,f,medium,3600.0,false,809689.73,5845357.55,-20.093333333333337,
bb_79b22828,28800.0,pt,52,f,very_low,499.0,false,802392.21,5854757.99,-22.813333333333333,
bb_97205b93,28800.0,pt,88,m,medium,2000.0,false,790630.54,5813178.25,-13.613333333333335,
bb_55beceef,28800.0,pt,43,f,very_high,5600.0,false,790165.36,5810704.15,-21.443333333333335,
bb_6dda0650,28800.0,pt,68,f,low,900.0,true,778551.49,5810709.25,-14.813333333333334,
bb_387a1091,28800.0,pt,43,m,very_low,1500.0,false,823690.24,5829713.94,-18.943333333333335,
bb_ad04c74b,28800.0,pt,10,f,very_high,5600.0,false,824160.22,5833195.34,-22.943333333333335,
bb_6073f6d4,28800.0,pt,52,m,low,900.0,false,810161.49,5835270.71,-13.613333333333335,
bb_c01197dd,28800.0,pt,31,f,low,3000.0,false,821827.39,5861904.51,-54.813333333333325,
bb_9e82903c,28800.0,pt,66,f,low,900.0,true,762410.68,5836295.55,-17.313333333333336,
bb_3e967da1,28800.0,pt,51,f,medium,3000.0,false,770327.11,5813703.85,-17.613333333333337,
bb_81f33692,28800.0,pt,36,m,high,4600.0,false,818227.26,5830720.03,-18.943333333333335,
bb_56688617,28800.0,pt,31,f,high,3600.0,false,816394.55,5802064.45,-22.71333333333333,
bb_121fde3f,28800.0,pt,11,m,very_low,1500.0,false,806287.17,5846142.18,-20.093333333333334,
bb_590d53b4,28800.0,pt,42,m,very_low,500.0,true,790855.44,5803285.99,-13.613333333333337,
bb_420fc607,28800.0,pt,46,f,high,4600.0,false,762609.31,5835765.34,-17.313333333333333,
bb_a371370a,28800.0,pt,2,f,high,3600.0,false,801404.23,5802997.44,-29.61333333333333,
bb_91b363b8,28800.0,pt,30,m,very_high,5600.0,false,775956.33,5805905.87,-14.813333333333334,
bb_bd8c4322,28800.0,pt,14,f,low,3000.0,false,792960.9,5812431.89,-13.613333333333335,
bb_2e1ea54d,28800.0,pt,72,m,high,4600.0,false,783214.73,5792812.24,-37.61333333333333,
bb_ca3e2fbb,28800.0,pt,34,m,medium,3000.0,false,813895.69,5804337.77,-22.713333333333328,
bb_4db99f18,28800.0,pt,28,f,low,1500.0,false,763116.98,5836069.84,-13.313333333333334,
bb_7304e688,28800.0,pt,42,f,high,4600.0,false,795868.75,5841930.85,-18.48,
bb_25f14c6a,28800.0,pt,43,f,high,4600.0,false,806103.77,5846103.66,-20.093333333333337,
bb_0599fa71,28800.0,pt,6,f,medium,3000.0,false,820018.11,5842521.03,-21.613333333333337,
bb_475c1165,28800.0,pt,68,f,medium,2000.0,false,810170.22,5847616.28,-22.813333333333336,
bb_6d974f09,28800.0,pt,19,m,very_low,900.0,false,779345.8,5813982.22,-14.813333333333334,
bb_7baaa4a6,28800.0,pt,68,f,very_low,500.0,true,816093.06,5798504.44,-17.613333333333337,
bb_b8af6590,28800.0,pt,70,m,low,900.0,false,766973.08,5849174.86,-48.21333333333333,
bb_51cf6dd6,28800.0,pt,48,f,medium,2600.0,false,768398.31,5832017.1,-20.21333333333334,
bb_6df97bbb,28800.0,pt,64,m,high,4600.0,false,769375.12,5813751.28,-17.613333333333337,
bb_210a2c00,28800.0,pt,5,f,very_low,1500.0,false,795523.62,5810273.47,-57.61333333333335,
bb_5fe87dd8,28800.0,pt,64,m,very_low,499.0,true,822368.15,5822441.77,-23.913333333333334,
bb_86442d93,28800.0,pt,50,m,very_low,900.0,false,836950.59,5808646.4,-35.913333333333334,
bb_b6e11edd,28800.0,pt,8,m,high,4600.0,false,800845.82,5810224.38,-14.813333333333334,
bb_b6a4eb02,28800.0,pt,59,f,medium,1500.0,false,806927.99,5848935.97,-16.093333333333334,
bb_2f33393c,28800.0,pt,50,f,medium,1500.0,false,867927.65,5826407.64,-46.81333333333334,
bb_15b6fea1,28800.0,pt,57,f,very_low,500.0,true,805292.65,5793929.03,-33.61333333333334,
bb_0b7b83c4,28800.0,pt,42,f,medium,2600.0,false,816157.17,5827136.53,-16.943333333333335,
bb_c0fe1839,28800.0,pt,93,f,medium,2000.0,false,830162.78,5835431.86,-22.943333333333335,
bb_ca1c988f,28800.0,pt,42,m,high,3600.0,false,890285.93,5771409.79,-35.91333333333334,
bb_aa187305,28800.0,pt,30,m,medium,3600.0,false,774585.29,5815433.58,-17.613333333333337,
bb_42450b64,28800.0,pt,36,m,high,3600.0,false,802000.94,5808576.94,-14.813333333333334,
bb_70ed1f89,28800.0,pt,90,f,very_low,500.0,false,807715.41,5840773.41,-17.913333333333334,
bb_7b4199ac,28800.0,pt,59,f,medium,2000.0,false,778204.95,5809918.56,-17.613333333333337,
bb_1d4dae47,28800.0,pt,30,m,medium,2600.0,false,784648.7,5840723.18,-16.21333333333333,
bb_16637676,28800.0,pt,5,f,medium,2600.0,false,783991.79,5805993.7,-17.613333333333333,
bb_121d02ca,28800.0,pt,69,f,low,1500.0,false,785424.94,5854416.49,-28.920000000000005,
bb_0b1bebe3,28800.0,pt,73,m,high,3600.0,false,781738.54,5852420.15,-24.21333333333334,
bb_ad07fea9,28800.0,pt,57,f,medium,1500.0,false,774963.0,5849201.82,-48.21333333333333,
bb_164ee2b6,28800.0,pt,30,f,medium,3000.0,true,807638.38,5847894.06,-16.093333333333334,
bb_579516fa,28800.0,pt,50,m,medium,3000.0,false,774774.43,5799620.17,-108.91333333333334,
bb_84562f65,28800.0,pt,67,f,medium,2000.0,false,784151.38,5841655.11,-16.21333333333333,
bb_35be8ed2,28800.0,pt,50,f,high,3000.0,false,789628.59,5802078.31,-21.513333333333332,
bb_1b7f2486,28800.0,pt,70,f,low,1500.0,false,811391.44,5834768.07,-26.813333333333336,
bb_a0fef3d2,28800.0,pt,57,f,high,3000.0,false,804593.8,5811855.06,-19.943333333333335,
bb_aa531bc5,28800.0,pt,50,f,very_high,5600.0,false,796541.2,5852432.4,-29.613333333333333,
bb_a7ef0d23,28800.0,pt,70,m,medium,2000.0,false,818549.09,5824041.82,-23.91333333333333,
bb_505e8dcc,28800.0,pt,56,m,low,900.0,false,784016.62,5852961.38,-24.213333333333335,
bb_856e8362,28800.0,pt,48,f,medium,2000.0,false,762580.71,5832751.47,-23.713333333333335,
bb_62d3f65b,28800.0,pt,20,m,low,2000.0,true,809018.98,5838183.04,-19.443333333333335,
bb_aa2ec690,28800.0,pt,96,f,medium,1500.0,true,778896.5,5812319.27,-12.213333333333335,
bb_8cb36a0f,28800.0,pt,85,m,medium,2000.0,false,787186.12,5815130.6,-17.403333333333336,
bb_72da1949,28800.0,pt,56,f,low,2000.0,false,781297.99,5804792.12,-17.613333333333333,
bb_4e2eaf99,28800.0,pt,73,m,very_low,900.0,false,813973.64,5853653.66,-26.813333333333333,
bb_4e4a3746,28800.0,pt,61,m,high,3600.0,false,786653.13,5812301.1,-17.403333333333336,
bb_2aed1e7d,28800.0,pt,69,f,low,2000.0,false,788077.67,5814618.94,-16.213333333333335,
bb_c79da64f,28800.0,pt,9,m,low,3000.0,false,806306.29,5845706.52,-20.093333333333334,
bb_5e3e5cd3,28800.0,pt,11,m,medium,3600.0,false,774225.6,5831034.15,-16.113333333333333,
bb_0f326906,28800.0,pt,28,m,very_low,900.0,false,807118.76,5868021.74,-34.813333333333325,
bb_d3b2cb3b,28800.0,pt,8,f,high,5600.0,false,812819.6,5804112.0,-22.71333333333333,
bb_2f901258,28800.0,pt,92,m,medium,3000.0,true,781158.13,5810731.49,-12.213333333333335,
bb_d7f4ef6d,28800.0,pt,30,m,medium,3000.0,false,823010.41,5818281.46,-16.213333333333335,
bb_b53c20ab,28800.0,pt,7,f,medium,3000.0,false,780821.46,5811199.99,-12.213333333333335,
bb_2bd2030d,28800.0,pt,59,f,low,1500.0,false,789429.99,5814059.29,-12.213333333333335,
bb_b9b2d1fa,28800.0,pt,9,m,high,3600.0,false,800096.64,5808523.47,-18.813333333333336,
bb_c8c9d690,28800.0,pt,33,m,very_low,1500.0,true,811136.9,5833788.96,-19.443333333333335,
bb_c78ce8d1,28800.0,pt,8,f,high,4600.0,false,789480.3,5843600.83,-14.813333333333334,
bb_5de6be58,28800.0,pt,8,m,very_high,5600.0,false,777970.25,5810256.6,-17.613333333333337,
bb_9d07bafd,28800.0,pt,59,f,medium,3000.0,false,748035.42,5861633.49,-36.21333333333332,
bb_8dce09f1,28800.0,pt,64,f,medium,1500.0,false,758506.8,5814109.52,-17.613333333333337,
bb_2e081625,28800.0,pt,71,f,low,900.0,false,820475.8,5805894.4,-22.513333333333335,
bb_54be478f,28800.0,pt,33,m,high,4600.0,false,821417.33,5806816.59,-22.71333333333333,
bb_d0caa576,28800.0,pt,47,m,high,4600.0,false,802609.01,5816029.8,-17.61333333333334,
bb_cddc853f,28800.0,pt,8,m,very_high,5600.0,false,779266.27,5814107.88,-17.613333333333337,
bb_140fb5ff,28800.0,pt,53,f,medium,2600.0,false,778555.53,5796228.92,-36.21333333333333,
bb_b68522e7,28800.0,pt,57,m,medium,1500.0,false,806351.56,5842159.89,-20.093333333333334,
bb_c954b933,28800.0,pt,6,m,medium,3600.0,false,806717.0,5842593.39,-20.093333333333334,
bb_8b45cbf9,28800.0,pt,52,m,very_low,499.0,true,792198.9,5813301.17,-9.613333333333335,
bb_638d21a8,28800.0,pt,14,m,very_low,900.0,false,822874.15,5823095.71,-23.913333333333334,
bb_64b156df,28800.0,pt,24,f,very_low,900.0,false,822112.66,5864381.02,-21.613333333333337,
bb_5c8cb25a,28800.0,pt,60,f,very_low,499.0,false,779966.58,5835608.54,-16.113333333333333,
bb_ca49f96d,28800.0,pt,30,m,high,2600.0,false,820349.92,5827337.36,-22.943333333333335,
bb_a15230cf,28800.0,pt,48,f,medium,2600.0,false,773227.75,5811414.04,-14.813333333333334,
bb_35d4a27a,28800.0,pt,53,m,very_high,5600.0,true,795379.08,5810120.57,-57.61333333333335,
bb_77e65bda,28800.0,pt,77,f,medium,3000.0,false,805994.26,5845330.06,-20.093333333333334,
bb_3cf1f7bf,28800.0,pt,39,m,low,1500.0,false,815090.77,5803173.89,-17.613333333333337,
bb_12be37aa,28800.0,pt,18,m,very_low,499.0,true,808484.18,5845548.19,-16.093333333333334,
bb_6f40ef35,28800.0,pt,19,f,very_low,499.0,false,799858.4,5809507.95,-14.813333333333334,
bb_1b860dbb,28800.0,pt,68,f,very_low,499.0,true,820066.37,5833223.8,-18.943333333333335,
bb_c58adb07,28800.0,pt,20,f,medium,4600.0,false,774592.65,5828950.8,-13.313333333333334,
bb_55e47e53,28800.0,pt,12,f,low,2000.0,false,781160.32,5804454.38,-17.61333333333333,
bb_0d8314ab,28800.0,pt,57,m,medium,3000.0,false,773136.05,5807438.49,-14.813333333333334,
bb_cc904b82,28800.0,pt,51,f,high,3600.0,false,772970.39,5820602.72,-17.61333333333334,
bb_9d729ed5,28800.0,pt,56,f,high,4600.0,true,806222.97,5813780.99,-17.613333333333337,
bb_577863f0,28800.0,pt,3,f,medium,3600.0,false,790734.58,5813581.5,-12.213333333333336,
bb_1625febc,28800.0,pt,30,f,very_low,1500.0,false,783067.53,5845557.96,-24.213333333333335,
bb_42fb8b85,28800.0,pt,49,m,medium,1500.0,false,775197.4,5814828.19,-14.813333333333334,
bb_37c21370,28800.0,pt,57,f,very_low,500.0,false,790217.43,5811327.02,-13.613333333333337,
bb_901480ca,28800.0,pt,45,f,medium,2600.0,false,785655.09,5852098.57,-24.21333333333334,
bb_a87ca8f2,28800.0,pt,75,f,medium,2000.0,false,866307.39,5837880.9,-24.513333333333332,
bb_413880f1,28800.0,pt,56,m,very_high,5600.0,false,756009.89,5869068.41,-36.213333333333324,
bb_0bf84a00,28800.0,pt,19,m,high,4600.0,false,791295.17,5812511.49,-18.81333333333334,
bb_83a89caf,28800.0,pt,83,m,low,1500.0,false,790375.6,5846285.05,-14.813333333333333,
bb_8894d250,28800.0,pt,8,m,very_high,5600.0,false,754038.58,5816407.88,-102.51333333333335,
bb_72272e45,28800.0,pt,41,f,high,3600.0,false,784607.54,5859457.86,-28.92,
bb_a01790fb,28800.0,pt,55,m,medium,3000.0,false,791436.22,5840104.38,-18.813333333333336,
bb_48c1a91c,28800.0,pt,80,f,medium,1500.0,true,809086.56,5846172.66,-16.093333333333334,
bb_78ba3968,28800.0,pt,65,f,low,1500.0,true,796231.15,5840770.25,-16.213333333333335,
bb_309f6b7d,28800.0,pt,52,m,low,900.0,false,791892.06,5840108.18,-18.813333333333336,
bb_a15cd40c,28800.0,pt,72,m,low,900.0,false,761414.6,5796946.44,-24.21333333333334,
bb_3e657cd1,28800.0,pt,17,f,high,4600.0,false,819929.44,5828678.76,-18.943333333333335,
bb_135e80f7,28800.0,pt,78,m,very_low,900.0,false,857508.36,5847524.88,-69.61333333333334,
bb_5d4d3455,28800.0,pt,46,f,very_low,500.0,false,805349.41,5794965.15,-33.61333333333334,
bb_04cd0d39,28800.0,pt,2,m,high,4600.0,false,831889.92,5822843.38,-23.913333333333334,
bb_d888fb35,28800.0,pt,97,f,low,1500.0,false,777705.03,5814585.42,-12.213333333333335,
bb_afb14ab6,28800.0,pt,16,m,very_high,5600.0,false,799911.28,5806368.3,-25.613333333333337,
bb_22fe65e9,28800.0,pt,42,m,high,3600.0,false,772165.72,5858422.78,-72.21333333333331,
bb_7e4743f8,28800.0,pt,33,f,very_low,900.0,false,813514.93,5812326.47,-17.443333333333335,
bb_a959c5f3,28800.0,pt,7,m,very_high,5600.0,false,814976.84,5808636.69,-26.513333333333332,
bb_72698430,28800.0,pt,61,m,medium,3000.0,false,756408.15,5807769.53,-24.213333333333335,
bb_1897e66c,28800.0,pt,48,m,medium,1500.0,false,803205.06,5801356.11,-45.31333333333333,
bb_38b9920a,28800.0,pt,9,f,very_high,5600.0,false,795907.73,5840944.34,-16.213333333333335,
bb_2da63fa8,28800.0,pt,30,m,very_low,1500.0,false,767445.28,5816621.78,-17.61333333333334,
bb_815686ba,28800.0,pt,66,f,very_low,500.0,false,802782.18,5805774.24,-23.913333333333334,
bb_bce45a4b,28800.0,pt,58,f,medium,2000.0,false,782487.42,5845895.52,-20.213333333333335,
bb_0260858b,28800.0,pt,22,m,very_low,900.0,false,803839.98,5794359.63,-33.61333333333334,
bb_1f887903,28800.0,pt,13,f,medium,3600.0,false,820021.26,5811439.38,-22.513333333333335,
bb_19972cbe,28800.0,pt,43,m,medium,2600.0,false,775817.12,5831979.52,-14.813333333333333,
bb_a6268999,28800.0,pt,69,f,high,3000.0,false,789484.64,5802572.83,-21.513333333333335,
bb_270bc99d,28800.0,pt,55,m,medium,3000.0,false,783650.72,5780995.28,-25.613333333333337,
bb_7c9390d0,28800.0,pt,35,m,high,3600.0,false,775465.31,5814331.17,-14.813333333333334,
bb_66a135d6,28800.0,pt,34,m,very_low,1500.0,true,790035.9,5811496.06,-13.613333333333337,
bb_296eaa24,28800.0,pt,92,f,low,900.0,false,824044.61,5823261.58,-28.21333333333334,
bb_d9f71463,28800.0,pt,21,f,medium,2600.0,false,778337.6,5832483.75,-17.313333333333333,
bb_31fb6158,28800.0,pt,59,m,low,900.0,false,782195.91,5795134.85,-37.61333333333332,
bb_b3e1f698,28800.0,pt,54,m,high,3600.0,false,801198.56,5809122.33,-14.813333333333334,
bb_d3be6766,28800.0,pt,58,m,low,1500.0,false,789336.55,5844107.58,-14.813333333333334,
bb_c131dca3,28800.0,pt,40,f,high,4600.0,false,845356.57,5811571.58,-20.21333333333334,
bb_93df9914,28800.0,pt,6,f,medium,2600.0,false,794364.78,5839883.03,-22.813333333333336,
bb_947a99d4,28800.0,pt,13,m,medium,3000.0,false,774329.01,5832060.71,-13.313333333333333,
bb_1d6d9cdc,28800.0,pt,8,f,low,2600.0,false,805823.87,5844703.05,-16.093333333333334,
bb_20e4e529,28800.0,pt,7,f,high,5600.0,false,779510.24,5844072.33,-20.21333333333334,
bb_ca670a21,28800.0,pt,13,m,very_low,900.0,true,798862.86,5811610.09,-18.813333333333336,
bb_57d9ff85,28800.0,pt,53,f,low,900.0,false,782133.4,5846589.05,-16.21333333333333,
bb_60c09002,28800.0,pt,53,f,very_low,900.0,true,789706.71,5845987.07,-14.81333333333333,
bb_c7a384fa,28800.0,pt,17,f,high,3600.0,false,817774.17,5828995.47,-16.943333333333335,
bb_5a7d04fe,28800.0,pt,40,f,medium,2600.0,false,814075.73,5809535.71,-21.61333333333333,
bb_d6abe834,28800.0,pt,54,f,medium,2600.0,false,783475.03,5805483.81,-17.613333333333333,
bb_60f49ddb,28800.0,pt,5,f,low,3000.0,false,768174.74,5843438.94,-32.11333333333333,
bb_79c516c4,28800.0,pt,6,f,medium,3000.0,false,788537.55,5846382.71,-26.813333333333336,
bb_814344d0,28800.0,pt,66,f,medium,1500.0,false,800652.42,5793985.92,-33.61333333333334,
bb_b3b0cb2c,28800.0,pt,14,m,medium,3600.0,false,796573.65,5797678.56,-81.61333333333332,
bb_056633b9,28800.0,pt,82,f,medium,3000.0,false,769162.5,5819970.48,-17.613333333333333,
bb_c0fa9186,28800.0,pt,53,m,medium,2000.0,false,819006.5,5829879.63,-18.943333333333335,
bb_0d8a62ba,28800.0,pt,73,f,low,900.0,false,816463.51,5798000.51,-17.61333333333334,
bb_2b6055a6,28800.0,pt,5,f,high,3600.0,false,774095.62,5846600.8,-48.21333333333333,
bb_a0fc60b6,28800.0,pt,39,m,high,3600.0,false,781428.99,5852735.8,-24.213333333333335,
bb_cdb36ec2,28800.0,pt,32,m,high,3600.0,false,787980.58,5852430.84,-14.813333333333333,
bb_cb611b5a,28800.0,pt,55,m,high,3600.0,false,787295.82,5812252.62,-16.213333333333335,
bb_b5f2f310,28800.0,pt,32,f,medium,3000.0,false,808637.61,5837528.92,-16.093333333333334,
bb_52afaf25,28800.0,pt,22,f,very_low,2000.0,false,819031.01,5823842.9,-20.043333333333337,
bb_0a22faca,28800.0,pt,51,f,medium,2000.0,false,780003.94,5831424.21,-16.113333333333333,
bb_48119a12,28800.0,pt,56,m,low,1500.0,false,788901.02,5813693.25,-13.613333333333335,
bb_9b235e95,28800.0,pt,30,m,very_low,500.0,false,805707.84,5845367.76,-20.093333333333334,
bb_192feae9,28800.0,pt,40,m,very_high,5600.0,false,752250.94,5794878.15,-29.61333333333333,
bb_6684d66d,28800.0,pt,34,f,high,3000.0,false,773992.3,5812411.41,-14.813333333333334,
bb_44d2adc9,28800.0,pt,17,m,low,2000.0,false,796648.36,5843045.48,-12.213333333333331,
bb_8777f39f,28800.0,pt,57,f,medium,2600.0,true,787275.56,5814659.42,-17.403333333333336,
bb_1a70ada9,28800.0,pt,57,m,low,900.0,false,801049.76,5852996.7,-22.813333333333333,
bb_42a679f2,28800.0,pt,56,m,medium,3000.0,false,817779.65,5867315.07,-21.613333333333337,
bb_6900503b,28800.0,pt,53,f,medium,1500.0,false,785864.89,5813778.93,-14.813333333333334,
bb_a12ce917,28800.0,pt,68,f,medium,2000.0,false,839936.73,5859573.39,-21.613333333333337,
bb_b71fdf5f,28800.0,pt,42,m,high,3000.0,false,819466.31,5832445.8,-18.943333333333335,
bb_bf72be67,28800.0,pt,19,m,very_low,2000.0,false,795508.05,5846350.97,-19.68,
bb_6efaa2e2,28800.0,pt,74,m,medium,2600.0,false,752667.95,5811000.56,-24.21333333333334,
bb_190c064c,28800.0,pt,56,m,medium,1500.0,false,820092.32,5833491.01,-30.943333333333335,
bb_91d6cbd6,28800.0,pt,42,m,medium,3600.0,false,774682.75,5814749.98,-14.813333333333334,
bb_028ad536,28800.0,pt,39,m,medium,3600.0,false,783714.77,5840719.19,-16.21333333333333,
bb_1b1edc79,28800.0,pt,36,f,very_low,1500.0,false,815987.52,5801152.95,-17.61333333333334,
bb_b23c0b83,28800.0,pt,43,f,low,2000.0,false,788441.09,5815955.66,-17.613333333333333,
bb_20210028,28800.0,pt,4,m,medium,2000.0,false,802874.62,5816392.2,-16.213333333333335,
bb_97692745,28800.0,pt,72,f,medium,2000.0,false,886645.23,5788833.09,-35.91333333333334,
bb_1c0ef40c,28800.0,pt,84,m,medium,2600.0,false,828577.88,5831368.64,-22.943333333333335,
bb_78135796,28800.0,pt,38,f,medium,3000.0,false,806214.97,5843217.68,-16.093333333333334,
bb_0b3c0de3,28800.0,pt,5,m,high,3600.0,false,825896.84,5823537.57,-26.943333333333335,
bb_4cfa702b,28800.0,pt,73,f,high,3000.0,false,814727.41,5808553.62,-21.613333333333333,
bb_1fd77aff,28800.0,pt,5,m,very_high,5600.0,false,822788.9,5816886.71,-23.913333333333334,
bb_dbe7a799,28800.0,pt,81,m,medium,2000.0,false,822610.37,5819091.31,-16.043333333333337,
bb_82db9265,28800.0,pt,18,f,high,4600.0,false,819867.36,5827848.05,-18.943333333333335,
bb_495522c6,28800.0,pt,7,m,very_high,5600.0,false,776189.42,5814215.69,-14.813333333333334,
bb_34508ac7,28800.0,pt,15,f,high,4600.0,false,784149.74,5839823.79,-16.21333333333333,
bb_b4b28102,28800.0,pt,40,m,medium,3600.0,false,791647.69,5813667.25,-13.613333333333335,
bb_8215d5b2,28800.0,pt,32,f,very_low,500.0,false,817933.56,5837523.52,-26.943333333333335,
bb_29ccd842,28800.0,pt,56,m,very_low,500.0,true,812983.47,5812680.58,-29.613333333333337,
bb_9fec692d,28800.0,pt,84,m,medium,2600.0,false,792044.74,5812966.34,-9.613333333333333,
bb_3abd7d4c,28800.0,pt,12,f,high,4600.0,false,774850.87,5815779.13,-17.613333333333337,
bb_1065091b,28800.0,pt,7,m,high,5600.0,false,801434.7,5850721.54,-78.81333333333336,
bb_208cda37,28800.0,pt,4,m,medium,3600.0,false,814970.52,5806036.98,-17.61333333333334,
bb_8fd088cf,28800.0,pt,52,m,high,4600.0,false,784570.55,5840746.07,-16.21333333333333,
bb_6c07d3f1,28800.0,pt,43,m,low,1500.0,false,792037.16,5839616.73,-14.813333333333333,
bb_071f56c6,28800.0,pt,19,m,medium,2000.0,false,781677.7,5810973.02,-17.613333333333337,
bb_2db612bc,28800.0,pt,32,f,very_low,900.0,false,802797.38,5858036.64,-22.813333333333333,
bb_c05b6306,28800.0,pt,55,m,high,4600.0,false,779254.85,5849147.37,-16.21333333333333,
bb_8d9cd937,28800.0,pt,66,m,medium,2000.0,false,808841.46,5846495.43,-22.813333333333336,
bb_6548e85a,28800.0,pt,41,m,high,2600.0,false,823904.86,5865918.29,-21.613333333333337,
bb_50db2455,28800.0,pt,65,f,very_low,500.0,false,783708.3,5842145.7,-20.213333333333335,
bb_4f7fbd4b,28800.0,pt,19,m,very_low,500.0,false,771735.02,5794414.57,-24.213333333333335,
bb_5d72c14b,28800.0,pt,0,m,medium,3000.0,false,790025.6,5803542.62,-13.613333333333337,
bb_2e3b653f,28800.0,pt,37,f,medium,3000.0,false,806382.58,5837752.93,-16.093333333333334,
bb_04ffdcb4,28800.0,pt,4,f,medium,3600.0,false,758730.49,5817584.37,-17.613333333333337,
bb_a2c9479b,28800.0,pt,9,m,high,4600.0,false,793106.41,5814161.87,-13.613333333333335,
bb_6b60e3aa,28800.0,pt,20,f,low,2000.0,false,802561.59,5815940.66,-17.613333333333337,
bb_5d0640f6,28800.0,pt,48,m,very_low,1500.0,false,780455.03,5832267.45,-23.713333333333335,
bb_dbc044f9,28800.0,pt,52,f,very_low,500.0,false,781630.5,5811226.03,-14.813333333333334,
bb_72577f9e,28800.0,pt,26,m,high,3600.0,false,807607.46,5814886.94,-16.043333333333337,
bb_257a3a93,28800.0,pt,23,m,low,900.0,false,808188.38,5808337.05,-21.61333333333333,
bb_218f10ea,28800.0,pt,37,m,high,3600.0,false,783863.89,5841467.55,-16.21333333333333,
bb_1560a478,28800.0,pt,1,f,medium,2600.0,false,774139.76,5812375.87,-14.813333333333334,
bb_7d2118d5,28800.0,pt,2,f,high,3600.0,false,809839.18,5845915.71,-16.093333333333334,
bb_84ff3e9e,28800.0,pt,45,f,high,3600.0,false,821039.71,5864052.34,-21.613333333333337,
bb_db5da1ca,28800.0,pt,68,f,low,1500.0,false,776107.7,5813618.36,-14.813333333333334,
bb_8de1a8e8,28800.0,pt,8,f,high,4600.0,false,770137.03,5813586.79,-17.613333333333337,
bb_5c872a1a,28800.0,pt,57,f,very_low,1500.0,false,778710.37,5821212.43,-17.61333333333334,
bb_245cc3e7,28800.0,pt,92,f,low,1500.0,false,789008.51,5847870.55,-26.813333333333336,
bb_4dafe8b6,28800.0,pt,25,m,very_low,500.0,false,778956.4,5812830.67,-14.813333333333334,
bb_cd83429b,28800.0,pt,77,f,medium,2000.0,false,791701.98,5839989.54,-18.813333333333336,
bb_7a3bbb0a,28800.0,pt,66,f,medium,2000.0,false,796913.56,5800048.47,-21.513333333333335,
bb_d85ab947,28800.0,pt,35,f,medium,3600.0,false,819739.54,5814640.96,-83.89333333333333,
bb_670bbb29,28800.0,pt,37,m,medium,1500.0,false,810029.0,5848537.1,-26.813333333333333,
bb_86635af0,28800.0,pt,44,f,high,3000.0,true,787458.07,5797294.06,-21.51333333333334,
bb_821cc887,28800.0,pt,58,m,medium,2000.0,false,809447.13,5800163.36,-17.613333333333337,
bb_169fc4e4,28800.0,pt,45,f,medium,2600.0,false,813137.86,5812709.28,-29.613333333333337,
bb_cd6689ed,28800.0,pt,57,f,medium,2600.0,false,781902.85,5811264.01,-14.813333333333334,
bb_be6c715d,28800.0,pt,28,m,medium,3000.0,false,866427.85,5747255.06,-29.613333333333333,
bb_17999f10,28800.0,pt,50,m,high,4600.0,false,822108.62,5832047.58,-34.943333333333335,
bb_da687d0a,28800.0,pt,92,m,low,900.0,false,774361.27,5817990.01,-22.813333333333336,
bb_4d3b03b4,28800.0,pt,47,f,high,3600.0,false,823468.96,5818367.18,-16.213333333333335,
bb_a5d1de8a,28800.0,pt,42,m,medium,3000.0,false,788939.19,5813042.53,-16.213333333333335,
bb_8a229722,28800.0,pt,11,f,low,2000.0,true,791712.81,5840603.09,-18.813333333333336,
bb_3d7282d8,28800.0,pt,8,m,high,4600.0,false,788898.6,5843184.12,-20.21333333333333,
bb_42fb5491,28800.0,pt,43,f,low,900.0,false,814472.58,5807659.03,-21.61333333333333,
bb_46c0ff19,28800.0,pt,43,f,medium,2600.0,false,812705.87,5813152.6,-29.61333333333334,
bb_869c66f6,28800.0,pt,96,f,medium,2000.0,true,822804.32,5830984.06,-18.943333333333335,
bb_aad04101,28800.0,pt,45,f,very_low,900.0,false,773570.46,5811649.84,-14.813333333333334,
bb_a6852259,28800.0,pt,58,m,high,3000.0,true,868854.96,5739242.15,-46.71333333333334,
bb_578829aa,28800.0,pt,52,m,low,900.0,true,824366.05,5864399.67,-21.613333333333337,
bb_9c8c9518,28800.0,pt,72,f,medium,3000.0,false,814490.21,5849028.57,-42.813333333333325,
bb_797c9caf,28800.0,pt,38,f,high,4600.0,false,772016.12,5800109.88,-17.613333333333333,
bb_ada02df5,28800.0,pt,66,m,high,3600.0,true,779134.47,5807619.3,-12.213333333333335,
bb_071f4524,28800.0,pt,28,m,high,3600.0,false,802371.19,5806257.94,-23.913333333333334,
bb_6a7e33c8,28800.0,pt,42,f,medium,3000.0,false,791165.28,5812285.3,-26.71333333333333,
bb_59286323,28800.0,pt,67,m,high,3600.0,true,810204.67,5836179.49,-13.613333333333333,
bb_d891dea0,28800.0,pt,57,f,high,3600.0,false,787356.44,5848203.06,-24.213333333333335,
bb_8fd2c6b4,28800.0,pt,20,f,low,2000.0,true,766589.07,5808103.0,-17.61333333333334,
bb_cadba4ce,28800.0,pt,41,m,medium,3600.0,false,823488.59,5833396.53,-30.943333333333335,
bb_5b83f8db,28800.0,pt,38,m,high,4600.0,false,757487.34,5812838.88,-17.613333333333337,
bb_358d08b3,28800.0,pt,55,m,low,900.0,false,820364.59,5824990.08,-26.943333333333335,
bb_43bc4466,28800.0,pt,57,m,low,900.0,true,819550.14,5829785.67,-18.943333333333335,
bb_999c3fe0,28800.0,pt,55,f,medium,3000.0,true,788070.92,5813185.35,-13.613333333333335,
bb_5585d61c,28800.0,pt,57,m,low,2000.0,false,783972.73,5839948.13,-16.21333333333333,
bb_5763e1cf,28800.0,pt,12,f,very_low,2000.0,false,788413.85,5849228.57,-14.813333333333336,
bb_2aed9dee,28800.0,pt,62,m,low,2000.0,false,765221.64,5812001.06,-14.813333333333334,
bb_1e28f9f1,28800.0,pt,62,f,low,1500.0,false,794907.9,5810061.97,-57.61333333333335,
bb_4ea51522,28800.0,pt,18,m,very_high,5600.0,false,740846.39,5813769.48,-26.813333333333336,
bb_5ab2b242,28800.0,pt,25,m,medium,2000.0,false,787203.83,5801110.46,-21.513333333333332,
bb_73b564af,28800.0,pt,8,m,high,4600.0,false,818448.62,5828731.25,-18.943333333333335,
bb_2fecf340,28800.0,pt,55,m,high,3600.0,false,779845.34,5806780.26,-17.613333333333333,
bb_1963fab0,28800.0,pt,35,f,medium,1500.0,false,776241.45,5803596.96,-17.613333333333337,
bb_442d28a3,28800.0,pt,54,f,high,3600.0,false,848370.88,5894487.55,-33.61333333333334,
bb_70845e25,28800.0,pt,17,f,very_low,2000.0,false,804552.47,5792845.25,-33.61333333333334,
bb_3f9b6884,28800.0,pt,53,f,medium,2000.0,false,794351.7,5840124.38,-22.813333333333336,
bb_9857f094,28800.0,pt,20,m,low,1500.0,true,791980.91,5840493.14,-18.813333333333336,
bb_23bbd584,28800.0,pt,23,m,very_low,900.0,false,773897.69,5814708.27,-17.613333333333337,
bb_5f69c841,28800.0,pt,34,m,low,2000.0,false,775344.58,5812939.45,-14.813333333333334,
bb_37aa2cd7,28800.0,pt,93,f,medium,1500.0,false,820839.58,5834340.91,-30.943333333333335,
bb_c240b7f2,28800.0,pt,25,f,medium,2600.0,false,768136.05,5829018.21,-23.71333333333333,
bb_a527d4f1,28800.0,pt,38,f,high,3600.0,false,783123.82,5798507.56,-61.613333333333344,
bb_ad21ff52,28800.0,pt,72,m,medium,2000.0,false,802780.16,5858981.63,-22.813333333333333,
bb_4beb0bf1,28800.0,pt,5,m,very_low,2000.0,false,779418.95,5835749.29,-16.113333333333333,
bb_697aff83,28800.0,pt,92,m,very_low,900.0,true,811393.54,5841664.19,-26.813333333333333,
bb_c4377496,28800.0,pt,98,f,medium,2000.0,false,827069.69,5818383.62,-16.213333333333335,
bb_1b24858e,28800.0,pt,48,m,high,3600.0,false,822854.86,5829200.78,-22.943333333333335,
bb_13c9298c,28800.0,pt,23,m,medium,3000.0,false,773272.07,5812438.59,-14.813333333333334,
bb_1c522795,28800.0,pt,9,f,medium,3600.0,false,806027.1,5842752.68,-16.093333333333334,
bb_a7bfd09a,28800.0,pt,35,f,high,3600.0,false,788313.73,5846662.63,-26.813333333333336,
bb_1732818c,28800.0,pt,20,m,medium,2000.0,false,812744.7,5838531.12,-26.943333333333335,
bb_2ad4098e,28800.0,pt,53,f,medium,2000.0,false,819617.56,5823299.25,-23.91333333333333,
bb_360b9c64,28800.0,pt,32,f,medium,2000.0,false,777845.78,5814449.04,-17.613333333333333,
bb_6754279f,28800.0,pt,68,m,medium,3000.0,false,773658.55,5812091.05,-14.813333333333333,
bb_1fbc7a3b,28800.0,pt,50,m,very_low,900.0,false,765806.28,5813671.9,-14.813333333333334,
bb_23ec57d1,28800.0,pt,28,f,medium,3000.0,false,817578.77,5809901.34,-22.513333333333335,
bb_51221297,28800.0,pt,40,f,medium,2000.0,false,789348.43,5843134.34,-20.213333333333335,
bb_9a282141,28800.0,pt,71,m,very_high,5600.0,false,809631.48,5847181.63,-22.813333333333333,
bb_9d56053e,28800.0,pt,16,m,high,3600.0,false,806530.67,5797874.86,-34.71333333333334,
bb_a82d7f25,28800.0,pt,7,m,high,5600.0,false,807349.59,5847772.96,-16.093333333333334,
bb_74d74dab,28800.0,pt,43,m,medium,3600.0,false,810081.44,5865461.62,-38.813333333333325,
bb_770feaa6,28800.0,pt,62,f,low,900.0,true,843068.23,5755021.38,-29.613333333333333,
bb_6a2ec8d4,28800.0,pt,49,m,high,3600.0,false,775531.32,5851559.75,-36.213333333333324,
bb_8c2d872f,28800.0,pt,62,f,very_low,500.0,false,810517.09,5799596.87,-17.613333333333337,
bb_4bfbac54,28800.0,pt,72,m,low,1500.0,true,780093.24,5812548.71,-14.813333333333334,
bb_5e6b77ef,28800.0,pt,66,m,medium,2600.0,false,802066.1,5853164.3,-22.813333333333336,
bb_d861c4e1,28800.0,pt,56,m,high,4600.0,false,791348.42,5844490.48,-16.213333333333335,
bb_d1be9bb1,28800.0,pt,75,m,medium,2600.0,false,779524.27,5813885.22,-17.613333333333337,
bb_cb82a945,28800.0,pt,92,m,medium,2600.0,true,788902.58,5847575.89,-24.213333333333335,
bb_0706ec74,28800.0,pt,45,f,low,2000.0,false,769862.02,5834334.78,-20.21333333333334,
bb_b169b5ec,28800.0,pt,80,f,medium,2600.0,false,774027.57,5814381.15,-17.613333333333333,
bb_74030957,28800.0,pt,56,f,very_low,500.0,false,767851.55,5810044.18,-17.61333333333334,
bb_ce5a1c4c,28800.0,pt,64,m,very_low,500.0,true,794063.16,5799352.83,-21.513333333333335,
bb_99efc465,28800.0,pt,13,m,medium,3000.0,false,787789.53,5852503.11,-14.813333333333333,
bb_38e7694a,28800.0,pt,76,f,low,900.0,false,785197.15,5853168.53,-24.21333333333334,
bb_0ab02506,28800.0,pt,9,f,high,4600.0,false,777013.11,5814420.73,-14.813333333333334,
bb_bf142823,28800.0,pt,56,f,high,3600.0,false,764789.66,5799229.99,-24.21333333333333,
bb_2d11d679,28800.0,pt,13,m,medium,3600.0,false,795689.38,5842574.8,-16.21333333333334,
bb_8c9d9e98,28800.0,pt,27,f,very_low,500.0,false,786197.45,5850262.97,-36.21333333333332,
bb_8137804e,28800.0,pt,28,f,high,3600.0,false,777382.43,5811199.96,-14.813333333333334,
bb_a8cf0fe2,28800.0,pt,87,f,very_high,5600.0,true,765422.49,5798996.51,-24.21333333333333,
bb_7d89ae2b,28800.0,pt,35,m,medium,1500.0,false,822051.98,5829824.58,-18.943333333333335,
bb_57caaba3,28800.0,pt,63,f,very_high,5600.0,false,806025.54,5842611.11,-16.093333333333334,
bb_2bcc46cb,28800.0,pt,50,m,low,900.0,false,805634.94,5804353.84,-29.613333333333326,
bb_46dd3480,28800.0,pt,53,f,medium,3000.0,true,776117.36,5813938.23,-14.813333333333334,
bb_8a947863,28800.0,pt,63,f,low,1500.0,false,775168.92,5816011.59,-17.613333333333337,
bb_839e1e3b,28800.0,pt,38,f,high,3600.0,false,836931.78,5843243.84,-30.943333333333335,
bb_ceea127d,28800.0,pt,59,f,medium,2000.0,false,740395.06,5808485.21,-22.81333333333334,
bb_7a22e9b8,28800.0,pt,31,f,medium,2600.0,false,815261.99,5807360.66,-17.61333333333334,
bb_be9b5a24,28800.0,pt,0,f,low,2000.0,true,811592.7,5846013.32,-22.813333333333336,
bb_889e4e39,28800.0,pt,97,f,medium,2000.0,false,810039.95,5846629.87,-16.093333333333334,
bb_ca36f626,28800.0,pt,12,m,medium,3000.0,false,822382.59,5832033.76,-34.943333333333335,
bb_d9340899,28800.0,pt,10,m,medium,3600.0,false,783919.45,5842209.86,-16.21333333333333,
bb_67dbc266,28800.0,pt,34,f,high,3600.0,false,801079.92,5807985.01,-14.813333333333334,
bb_b8de9f2c,28800.0,pt,70,f,medium,2000.0,false,807827.46,5840779.89,-17.913333333333334,
bb_6e26b858,28800.0,pt,26,f,low,2000.0,true,774861.71,5815967.03,-17.613333333333333,
bb_6d2e9b6e,28800.0,pt,50,m,very_low,2000.0,false,845575.25,5813347.03,-20.21333333333334,
bb_834c7498,28800.0,pt,48,m,high,4600.0,false,802397.33,5814203.97,-17.613333333333337,
bb_a6bc125d,28800.0,pt,59,m,medium,3000.0,false,824252.42,5824500.64,-22.943333333333335,
bb_60c34046,28800.0,pt,55,f,medium,2000.0,false,789288.57,5804008.47,-13.613333333333337,
bb_51ce768c,28800.0,pt,41,m,high,3600.0,false,822941.89,5832506.62,-22.943333333333335,
bb_cd2f9ce6,28800.0,pt,10,f,low,2000.0,false,778870.36,5820286.51,-17.61333333333334,
bb_741cd5ed,28800.0,pt,70,f,low,1500.0,true,777394.27,5833208.94,-17.313333333333333,
bb_306897a9,28800.0,pt,66,m,low,900.0,false,804953.55,5789353.24,-33.61333333333334,
bb_35a5e253,28800.0,pt,57,m,high,3600.0,false,812180.63,5842887.05,-26.813333333333333,
bb_84869a35,28800.0,pt,35,f,very_low,2000.0,false,766116.76,5833592.01,-20.21333333333334,
bb_97e22d77,28800.0,pt,52,m,low,2000.0,false,783515.39,5841582.75,-20.213333333333335,
bb_51786885,28800.0,pt,40,f,medium,3600.0,false,759197.54,5821369.07,-53.613333333333344,
bb_cc2b6d94,28800.0,pt,85,m,medium,2600.0,true,790586.01,5813381.78,-12.213333333333335,
bb_45af2c42,28800.0,pt,40,m,very_low,1500.0,false,822565.1,5827692.36,-22.943333333333335,
bb_d07cda8c,28800.0,pt,50,f,high,3600.0,false,786051.01,5812540.35,-16.213333333333335,
bb_794ef040,28800.0,pt,37,f,high,3600.0,false,761443.79,5825950.99,-23.713333333333335,
bb_4dc25f96,28800.0,pt,20,m,low,1500.0,false,811641.66,5838629.04,-26.943333333333335,
bb_be893718,28800.0,pt,66,m,low,900.0,false,822907.35,5817645.16,-23.913333333333334,
bb_bf0ba5eb,28800.0,pt,43,m,high,2600.0,false,788049.99,5843279.09,-20.21333333333333,
bb_3f342308,28800.0,pt,45,m,medium,1500.0,false,772187.31,5807199.49,-14.813333333333334,
bb_b4e8a94a,28800.0,pt,18,f,high,4600.0,false,777236.21,5832224.42,-13.313333333333334,
bb_36f9bfb6,28800.0,pt,33,f,low,900.0,false,773379.71,5802929.06,-24.213333333333335,
bb_85c3f765,28800.0,pt,31,f,medium,3000.0,false,780606.56,5844238.95,-20.213333333333335,
bb_62f4c574,28800.0,pt,7,f,high,4600.0,false,791074.88,5813649.67,-12.213333333333335,
bb_6853eef3,28800.0,pt,8,m,medium,2600.0,false,787528.85,5815262.15,-17.403333333333336,
bb_b9e2b4c0,28800.0,pt,1,m,high,4600.0,false,793589.89,5812457.84,-18.813333333333336,
bb_ae055956,28800.0,pt,59,m,medium,1500.0,false,818045.45,5796125.21,-22.71333333333333,
bb_c7988874,28800.0,pt,62,f,medium,2000.0,false,822373.52,5924266.13,-93.41333333333333,
bb_15921227,28800.0,pt,52,m,very_low,500.0,false,801609.89,5802543.19,-29.613333333333326,
bb_300a89c1,28800.0,pt,35,m,high,3600.0,false,831025.79,5813722.97,-47.91333333333333,
bb_b92111bb,28800.0,pt,65,f,low,1500.0,false,784111.15,5800676.89,-21.513333333333335,
bb_7234f972,28800.0,pt,23,m,medium,3000.0,false,779686.57,5805706.98,-24.213333333333335,
bb_ce482d72,28800.0,pt,53,f,high,3000.0,false,805695.15,5845426.17,-20.093333333333337,
bb_32ed3071,28800.0,pt,45,m,high,4600.0,false,788866.16,5843970.92,-16.21333333333333,
bb_cd3eb5b6,28800.0,pt,15,f,very_high,5600.0,false,804266.75,5812384.39,-18.813333333333333,
bb_54da0023,28800.0,pt,2,f,high,4600.0,false,786863.88,5812048.11,-16.213333333333335,
bb_757399a0,28800.0,pt,69,m,high,4600.0,true,774720.31,5812899.07,-14.813333333333333,
bb_03224255,28800.0,pt,43,m,very_low,2000.0,false,823042.41,5818295.74,-16.213333333333335,
bb_d017963f,28800.0,pt,31,f,low,3000.0,false,777694.25,5812908.46,-14.813333333333334,
bb_76f42c6b,28800.0,pt,38,f,medium,3000.0,false,816605.97,5841409.72,-26.943333333333335,
bb_5627628f,28800.0,pt,52,f,low,900.0,false,792953.99,5840250.77,-18.813333333333336,
bb_814da828,28800.0,pt,57,m,high,3600.0,false,801336.93,5809998.55,-14.813333333333334,
bb_a532e33d,28800.0,pt,66,f,high,3600.0,false,771823.95,5807300.6,-17.613333333333337,
bb_4cf12348,28800.0,pt,27,m,very_low,499.0,false,786957.5,5854054.56,-17.613333333333337,
bb_90d03367,28800.0,pt,86,f,very_high,5600.0,true,792944.39,5812636.08,-9.613333333333335,
bb_4752ae36,28800.0,pt,62,f,high,3000.0,true,789938.46,5803896.8,-13.613333333333337,
bb_0425bb26,28800.0,pt,32,f,high,3600.0,false,775552.96,5812963.24,-14.813333333333334,
bb_546a5ebc,28800.0,pt,64,m,very_low,900.0,true,785452.7,5809548.04,-21.403333333333332,
bb_a5b8402d,28800.0,pt,97,m,medium,1500.0,true,812905.46,5812464.2,-29.613333333333337,
bb_47aea537,28800.0,pt,5,f,medium,3000.0,false,811423.07,5846151.02,-20.093333333333334,
bb_aa3ca0f4,28800.0,pt,92,f,very_low,500.0,false,822741.6,5831541.48,-34.943333333333335,
bb_d8b634f6,28800.0,pt,55,f,high,4600.0,false,767728.68,5808828.66,-17.61333333333334,
bb_55a2d602,28800.0,pt,31,f,medium,2000.0,false,775337.42,5818042.21,-17.61333333333334,
bb_5a5b780e,28800.0,pt,39,m,high,3600.0,false,788238.38,5852820.04,-17.913333333333334,
bb_6f67007c,28800.0,pt,62,f,high,3000.0,false,779149.77,5809630.06,-17.613333333333337,
bb_324be280,28800.0,pt,39,f,medium,2000.0,false,790206.69,5844529.23,-14.813333333333333,
bb_5a918f63,28800.0,pt,66,m,medium,2600.0,false,815370.4,5828910.16,-14.943333333333333,
bb_60317697,28800.0,pt,46,f,medium,2000.0,false,794622.27,5840645.0,-19.68,
bb_6f89e1f9,28800.0,pt,98,f,medium,1500.0,false,770674.82,5828882.11,-16.113333333333333,
bb_11ba8fb3,28800.0,pt,28,f,medium,2600.0,false,805177.12,5839724.46,-17.913333333333334,
bb_c386896d,28800.0,pt,41,f,very_low,900.0,false,779498.82,5814002.7,-14.813333333333334,
bb_4a58df1f,28800.0,pt,63,m,very_low,499.0,true,766144.56,5811173.6,-17.61333333333334,
bb_b4a1936c,28800.0,pt,51,f,medium,2000.0,true,772799.91,5815436.64,-17.613333333333337,
bb_8646880a,28800.0,pt,93,f,high,3600.0,true,770795.79,5828676.24,-16.113333333333337,
bb_71166716,28800.0,pt,68,f,medium,2000.0,false,807834.19,5840830.19,-17.913333333333334,
bb_3cdbaf31,28800.0,pt,28,f,medium,2600.0,false,786009.43,5855227.58,-17.613333333333337,
bb_43c15fca,28800.0,pt,33,m,high,3600.0,false,796207.07,5852200.34,-29.613333333333333,
bb_21af172c,28800.0,pt,60,f,very_low,500.0,true,800115.08,5849655.84,-22.81333333333333,
bb_5f00ca09,28800.0,pt,35,f,very_high,5600.0,false,789925.62,5802379.97,-13.613333333333339,
bb_3b9c318c,28800.0,pt,34,m,high,3600.0,false,785710.54,5852088.87,-24.21333333333334,
bb_871620d5,28800.0,pt,66,f,medium,2600.0,false,823881.04,5829409.69,-18.943333333333335,
bb_8655a0d2,28800.0,pt,48,f,high,3000.0,true,786657.51,5854191.14,-17.613333333333337,
bb_7da68a32,28800.0,pt,73,f,medium,2000.0,false,776047.95,5816787.97,-17.613333333333337,
bb_b98253e2,28800.0,pt,19,f,very_low,2000.0,false,807695.93,5814935.42,-16.043333333333337,
bb_80093d59,28800.0,pt,49,m,high,4600.0,false,823318.1,5815085.05,-23.913333333333334,
bb_ac57f577,28800.0,pt,59,f,low,2000.0,false,806341.25,5845936.92,-20.093333333333334,
bb_d078185c,28800.0,pt,65,f,medium,2600.0,false,792889.05,5808394.52,-21.513333333333335,
bb_13afe690,28800.0,pt,40,m,very_low,900.0,false,807456.72,5847729.09,-16.093333333333334,
bb_1425a84b,28800.0,pt,26,f,very_low,1500.0,false,802067.0,5815931.01,-17.61333333333334,
bb_dbff9553,28800.0,pt,38,f,medium,3000.0,false,824655.7,5863887.21,-21.613333333333333,
bb_4e5abfa7,28800.0,pt,58,m,high,5600.0,false,785629.24,5778825.92,-21.513333333333332,
bb_22b89d48,28800.0,pt,41,m,high,3600.0,false,781618.87,5811235.83,-14.813333333333334,
bb_75060231,28800.0,pt,11,m,medium,3600.0,false,785260.46,5853125.91,-24.213333333333335,
bb_22358dde,28800.0,pt,22,m,low,2000.0,false,787078.43,5815379.74,-13.403333333333336,
bb_cc5a8fbe,28800.0,pt,17,m,high,5600.0,false,767179.21,5822125.01,-17.613333333333337,
bb_8e7d1633,28800.0,pt,33,m,medium,3000.0,false,813835.09,5830486.27,-16.943333333333335,
bb_1df76c19,28800.0,pt,20,m,very_low,900.0,false,819829.43,5823926.89,-23.91333333333333,
bb_7a45cc0f,28800.0,pt,3,f,very_low,1500.0,false,801887.85,5802900.22,-23.91333333333333,
bb_a1b7325b,28800.0,pt,76,f,high,3000.0,false,769853.03,5795777.53,-24.213333333333335,
bb_91c4e612,28800.0,pt,25,f,medium,2000.0,false,757627.89,5801287.27,-24.21333333333334,
bb_cb1ab194,28800.0,pt,48,m,high,3600.0,false,774580.18,5802821.21,-17.613333333333333,
bb_afa5836a,28800.0,pt,39,f,high,3600.0,false,787182.32,5811595.34,-16.213333333333335,
bb_18e12c14,28800.0,pt,33,m,high,4600.0,false,806132.63,5813743.08,-17.613333333333337,
bb_13f9cbf3,28800.0,pt,37,f,high,4600.0,false,820692.2,5806262.84,-22.713333333333335,
bb_66915c97,28800.0,pt,2,m,high,4600.0,false,771418.95,5806337.57,-17.613333333333337,
bb_617cab11,28800.0,pt,51,f,very_low,500.0,false,766293.95,5813093.98,-14.813333333333334,
bb_af931843,28800.0,pt,47,m,low,3600.0,false,804194.96,5806311.16,-35.913333333333334,
bb_0f927a26,28800.0,pt,99,m,medium,2000.0,false,726606.89,5832231.53,-38.91333333333334,
bb_6df9ce6e,28800.0,pt,57,m,high,3600.0,false,788394.7,5846192.58,-26.813333333333336,
bb_1d1a3abb,28800.0,pt,32,m,medium,3000.0,false,819264.99,5828331.63,-16.943333333333335,
bb_77ae32c6,28800.0,pt,1,f,high,4600.0,false,813374.77,5823815.13,-17.613333333333333,
bb_0e867113,28800.0,pt,16,m,medium,3600.0,false,788367.73,5804281.2,-13.613333333333337,
bb_8d8e522f,28800.0,pt,28,m,medium,2000.0,false,835239.98,5886102.74,-21.613333333333337,
bb_a7939d0b,28800.0,pt,32,m,high,3600.0,false,819363.33,5811531.99,-22.513333333333332,
bb_b6b12631,28800.0,pt,62,m,low,900.0,false,806367.81,5843678.21,-16.093333333333337,
bb_b15f3355,28800.0,pt,55,f,very_low,500.0,true,791872.2,5815591.6,-13.613333333333335,
bb_d9467877,28800.0,pt,64,m,high,3600.0,false,788563.04,5803822.44,-13.613333333333337,
bb_bf451da2,28800.0,pt,31,f,high,3600.0,false,800897.76,5808567.35,-14.813333333333334,
bb_42c8453e,28800.0,pt,70,m,medium,2000.0,false,788882.47,5844819.65,-16.21333333333333,
bb_9eed9d31,28800.0,pt,45,f,medium,2000.0,false,784307.94,5838356.14,-16.21333333333333,
bb_6eaebd3b,28800.0,pt,60,m,medium,3000.0,false,770935.07,5833058.33,-13.313333333333334,
bb_c294a53c,28800.0,pt,47,f,medium,3000.0,false,822582.4,5819776.76,-16.043333333333337,
bb_604d7e67,28800.0,pt,66,m,low,900.0,true,773844.35,5811654.54,-14.813333333333334,
bb_bc6b1fa5,28800.0,pt,50,f,medium,3000.0,false,774423.01,5812739.75,-14.813333333333334,
bb_64c7485f,28800.0,pt,30,m,low,2000.0,false,783532.04,5840745.48,-20.213333333333335,
bb_4d936f30,28800.0,pt,83,m,medium,2000.0,false,775473.36,5813726.52,-14.813333333333334,
bb_4cb28e61,28800.0,pt,40,f,high,4600.0,false,765793.63,5847597.93,-32.11333333333333,
bb_3a63352b,28800.0,pt,43,m,very_low,499.0,false,791641.82,5812476.99,-18.81333333333334,
bb_04f46fcd,28800.0,pt,14,m,very_low,499.0,false,805495.5,5843136.86,-16.093333333333334,
bb_1b14bee3,28800.0,pt,61,m,medium,2600.0,false,761972.51,5832220.9,-23.713333333333335,
bb_d085c74f,28800.0,pt,35,f,high,4600.0,false,773782.78,5812175.43,-14.813333333333334,
bb_6ab551cf,28800.0,pt,50,m,high,4600.0,false,813490.06,5794193.13,-17.61333333333334,
bb_9909149a,28800.0,pt,47,m,low,900.0,false,787565.61,5815059.35,-17.403333333333336,
bb_b4f585fc,28800.0,pt,64,f,medium,1500.0,false,815884.44,5797153.75,-17.613333333333337,
bb_5c11336a,28800.0,pt,50,m,medium,2600.0,false,727262.47,5885845.5,-48.213333333333324,
bb_c613ad76,28800.0,pt,28,m,medium,2600.0,false,770264.69,5813695.81,-17.613333333333337,
bb_ba8ca97f,28800.0,pt,54,m,medium,3000.0,false,783599.3,5841320.89,-20.213333333333335,
bb_a8cf136b,28800.0,pt,50,m,high,3600.0,false,817015.22,5825488.14,-20.943333333333335,
bb_d3484c45,28800.0,pt,79,f,low,900.0,true,784114.07,5841043.45,-16.21333333333333,
bb_64bff60b,28800.0,pt,22,m,high,4600.0,false,754941.42,5804267.65,-24.21333333333334,
bb_8451441d,28800.0,pt,51,m,high,4600.0,true,821906.26,5829869.25,-18.943333333333335,
bb_694be792,28800.0,pt,27,m,very_low,500.0,false,767250.75,5820817.32,-29.613333333333333,
bb_48c8910e,28800.0,pt,5,m,high,3600.0,true,817841.45,5823871.63,-26.943333333333335,
bb_af514f02,28800.0,pt,86,f,medium,1500.0,false,886617.56,5791153.05,-28.213333333333335,
bb_b8b38130,28800.0,pt,34,m,high,4600.0,false,787326.8,5903235.34,-77.61333333333334,
bb_54f7faf7,28800.0,pt,22,f,medium,2600.0,false,773946.11,5832990.13,-20.213333333333335,
bb_2205b363,28800.0,pt,52,m,very_low,500.0,true,786217.99,5853727.07,-17.613333333333337,
bb_b894e8d0,28800.0,pt,47,m,high,2600.0,false,817297.58,5830093.64,-18.943333333333335,
bb_280461e2,28800.0,pt,41,f,medium,2600.0,false,802004.86,5814828.55,-17.613333333333337,
bb_bd215849,28800.0,pt,93,f,medium,1500.0,false,767004.79,5849263.41,-48.21333333333333,
bb_6f92259c,28800.0,pt,55,m,low,900.0,false,824133.61,5817206.15,-23.91333333333333,
bb_148fde24,28800.0,pt,10,m,medium,2600.0,false,791895.65,5815225.22,-13.613333333333335,
bb_db2bc32c,28800.0,pt,38,m,high,4600.0,false,826698.55,5832003.98,-34.943333333333335,
bb_03b71c96,28800.0,pt,41,f,high,4600.0,false,783376.78,5840571.36,-20.213333333333335,
bb_cfb5fb84,28800.0,pt,32,m,medium,2000.0,false,816967.59,5829407.94,-14.943333333333333,
bb_d886a627,28800.0,pt,50,f,very_low,500.0,true,766066.7,5815231.22,-29.613333333333337,
bb_a335b35d,28800.0,pt,28,m,very_high,4600.0,false,783361.56,5865641.75,-17.613333333333337,
bb_abb7b797,28800.0,pt,25,m,low,2000.0,true,798814.44,5845786.33,-17.613333333333333,
bb_d35312ad,28800.0,pt,58,m,very_low,900.0,false,781934.04,5845529.82,-16.21333333333333,
bb_0422544e,28800.0,pt,27,f,medium,3000.0,false,791775.35,5812496.55,-18.81333333333334,
bb_0167b889,28800.0,pt,3,m,very_high,5600.0,false,813957.2,5812845.04,-17.44333333333333,
bb_dbe55038,28800.0,pt,23,m,high,4600.0,false,815905.99,5808609.53,-17.61333333333334,
bb_592869b0,28800.0,pt,43,m,low,2000.0,false,790783.49,5803446.29,-13.613333333333337,
bb_6032c5f4,28800.0,pt,44,f,high,3600.0,false,806353.38,5845785.7,-20.093333333333334,
bb_65990371,28800.0,pt,9,m,medium,3000.0,false,772340.23,5852907.87,-24.21333333333334,
bb_1694effe,28800.0,pt,32,f,very_low,500.0,false,822637.96,5819167.41,-16.043333333333337,
bb_07f333bc,28800.0,pt,21,f,low,1500.0,false,792836.77,5804527.18,-13.613333333333335,
bb_dc3715df,28800.0,pt,41,m,low,3000.0,false,778812.36,5820365.85,-17.61333333333334,
bb_bf2b123b,28800.0,pt,42,f,high,3000.0,true,802199.0,5846484.9,-30.81333333333333,
bb_c0e8d287,28800.0,pt,64,m,medium,3000.0,false,829700.88,5832861.28,-18.943333333333335,
bb_5db2c3b7,28800.0,pt,54,m,low,900.0,false,784232.81,5837655.5,-16.21333333333333,
bb_a4c353cc,28800.0,pt,41,f,medium,3600.0,false,808079.8,5844052.19,-20.09333333333333,
bb_1353fc6a,28800.0,pt,78,f,medium,2000.0,false,790077.1,5812534.78,-18.813333333333333,
bb_d28df9f2,28800.0,pt,2,f,high,4600.0,false,781231.75,5812189.31,-14.813333333333334,
bb_24ac8ad7,28800.0,pt,51,f,very_low,500.0,true,786760.81,5850713.06,-36.213333333333324,
bb_b7e253bc,28800.0,pt,42,f,medium,2600.0,false,825615.87,5823371.03,-26.943333333333335,
bb_8472bf6c,28800.0,pt,36,f,high,4600.0,false,773489.54,5815364.61,-17.613333333333337,
bb_bc150752,28800.0,pt,19,f,low,2000.0,true,787925.9,5852080.54,-14.813333333333333,
bb_c4c50284,28800.0,pt,62,f,medium,2000.0,false,810659.84,5833856.02,-18.513333333333335,
bb_2b313aa1,28800.0,pt,23,m,medium,2000.0,false,756957.1,5851880.09,-84.21333333333332,
bb_bd9353fb,28800.0,pt,12,m,very_low,900.0,false,821225.28,5829307.11,-18.943333333333335,
bb_c18a34fa,28800.0,pt,65,f,very_low,500.0,false,772611.34,5807172.56,-14.813333333333334,
bb_8565c8e1,28800.0,pt,52,f,high,3600.0,false,822850.95,5800284.86,-29.61333333333333,
bb_0125a5aa,28800.0,pt,58,f,high,3000.0,false,774609.22,5815178.63,-14.813333333333334,
bb_ac6581c4,28800.0,pt,65,f,very_high,5600.0,true,815055.63,5813064.63,-26.043333333333337,
bb_22300b5d,28800.0,pt,5,m,high,5600.0,false,774692.09,5849768.55,-48.21333333333333,
bb_79435751,28800.0,pt,37,f,low,1500.0,false,794241.53,5802528.46,-73.61333333333334,
bb_b2b1b5cf,28800.0,pt,57,f,very_low,500.0,true,816939.13,5845113.47,-22.813333333333336,
bb_9057cd9b,28800.0,pt,5,m,medium,3000.0,false,786700.22,5851809.65,-36.21333333333333,
bb_b8a37922,28800.0,pt,94,f,high,3600.0,false,811247.36,5794623.23,-29.613333333333333,
bb_6bb5c6d1,28800.0,pt,11,m,low,2000.0,false,765681.91,5816785.89,-17.613333333333337,
bb_c1eb2f0a,28800.0,pt,35,m,low,2000.0,true,825463.82,5823501.22,-23.91333333333333,
bb_0bc124dc,28800.0,pt,61,m,medium,2000.0,false,771011.84,5813432.59,-17.613333333333337,
bb_2c2a35c6,28800.0,pt,23,m,high,3600.0,false,770295.43,5804969.42,-17.613333333333337,
bb_8fff6016,28800.0,pt,39,f,high,3600.0,false,801915.69,5802181.83,-29.61333333333333,
bb_b8bbe0fa,28800.0,pt,88,m,medium,1500.0,false,761086.56,5835737.13,-20.21333333333334,
bb_75879da5,28800.0,pt,98,f,medium,1500.0,true,792530.21,5813425.67,-9.613333333333333,
bb_2811522d,28800.0,pt,22,m,very_low,500.0,false,811198.26,5832095.08,-16.21333333333333,
bb_39a7f271,28800.0,pt,22,f,low,2000.0,false,820844.07,5842949.99,-26.943333333333335,
bb_c81ef1ae,28800.0,pt,37,f,high,4600.0,false,820532.98,5815414.14,-23.913333333333334,
bb_6585af15,28800.0,pt,48,m,medium,3600.0,false,772872.12,5807296.71,-17.613333333333337,
bb_8bfc81b0,28800.0,pt,52,f,medium,3000.0,false,787203.02,5847692.05,-24.21333333333334,
bb_c77edd1a,28800.0,pt,35,f,low,900.0,false,786418.76,5855203.71,-17.613333333333337,
bb_a584e42c,28800.0,pt,6,f,high,4600.0,false,754517.86,5826904.34,-23.71333333333333,
bb_32c19b17,28800.0,pt,53,m,medium,2000.0,false,809397.58,5800100.77,-17.613333333333333,
bb_8bdcc53d,28800.0,pt,29,m,low,2000.0,true,768719.92,5806691.23,-41.61333333333333,
bb_2e8a4523,28800.0,pt,57,m,very_high,5600.0,false,784031.77,5838405.37,-16.21333333333333,
bb_99bfddf8,28800.0,pt,53,f,medium,2000.0,false,775710.84,5831533.46,-13.313333333333334,
bb_d4225e58,28800.0,pt,58,m,medium,2600.0,false,740565.82,5812894.5,-22.813333333333336,
bb_0bcd43b1,28800.0,pt,21,f,very_low,900.0,false,783756.44,5841299.55,-16.21333333333333,
bb_408e25a8,28800.0,pt,44,f,high,4600.0,false,786362.09,5853364.87,-14.813333333333333,
bb_71636abb,28800.0,pt,42,m,medium,2000.0,false,809931.37,5802517.31,-22.71333333333333,
bb_8273d619,28800.0,pt,38,f,high,5600.0,false,822173.86,5818200.77,-20.043333333333337,
bb_0a6f4d52,28800.0,pt,22,f,high,4600.0,false,781065.18,5812266.32,-14.813333333333334,
bb_1b6e3e64,28800.0,pt,23,m,low,900.0,false,786730.88,5850679.0,-36.213333333333324,
bb_2005cd54,28800.0,pt,2,m,medium,3000.0,false,826685.94,5822567.52,-30.043333333333337,
bb_5bfd3788,28800.0,pt,16,m,low,2000.0,false,796588.85,5807655.03,-25.613333333333337,
bb_704ba537,28800.0,pt,93,f,medium,2600.0,false,818482.94,5830364.73,-18.943333333333335,
bb_b0271377,28800.0,pt,78,f,very_low,500.0,false,804638.96,5800509.22,-35.91333333333334,
bb_4bc4f06b,28800.0,pt,56,f,medium,1500.0,false,810290.37,5799582.43,-17.613333333333337,
bb_2faeca91,28800.0,pt,38,m,very_low,500.0,false,827445.19,5831435.42,-18.943333333333335,
bb_c2354603,28800.0,pt,39,m,low,2600.0,false,777918.26,5814610.89,-12.213333333333335,
bb_3d79e06e,28800.0,pt,58,m,low,3000.0,false,795716.45,5778168.17,-37.613333333333344,
bb_25f54cef,28800.0,pt,59,m,very_high,5600.0,false,810772.4,5845525.28,-16.093333333333334,
bb_1aad2c4f,28800.0,pt,35,f,medium,2000.0,false,766996.71,5849555.35,-48.21333333333333,
bb_61bd81ee,28800.0,pt,5,f,very_low,1500.0,false,778369.12,5820845.61,-17.613333333333344,
bb_27327734,28800.0,pt,73,f,low,900.0,false,770649.73,5834141.32,-17.313333333333333,
bb_6edb490a,28800.0,pt,39,m,high,3600.0,false,774577.25,5802819.19,-17.613333333333337,
bb_66306124,28800.0,pt,23,m,very_low,499.0,false,766562.61,5828958.94,-16.113333333333333,
bb_3d5823f7,28800.0,pt,72,m,medium,2000.0,false,824758.86,5830499.09,-14.943333333333333,
bb_9aea06bc,28800.0,pt,73,m,low,900.0,false,791991.85,5840233.93,-18.813333333333336,
bb_53769cca,28800.0,pt,9,m,high,4600.0,false,795428.04,5845050.94,-19.679999999999996,
bb_4c44de29,28800.0,pt,61,m,high,3600.0,false,793421.66,5811113.61,-18.813333333333336,
bb_6fdd4241,28800.0,pt,50,f,high,3600.0,false,739793.66,5808210.21,-22.81333333333334,
bb_bb96a994,28800.0,pt,54,f,high,3600.0,false,777329.71,5805288.76,-17.613333333333333,
bb_89eeb984,28800.0,pt,38,m,medium,3000.0,false,773954.72,5830238.71,-16.113333333333337,
bb_1587b9ef,28800.0,pt,58,m,low,900.0,true,810198.07,5834626.36,-17.443333333333335,
bb_8a729ef6,28800.0,pt,70,f,very_low,900.0,false,815078.39,5807008.81,-17.61333333333334,
bb_2ee24b0f,28800.0,pt,17,f,medium,2600.0,false,806902.92,5842190.2,-20.093333333333334,
bb_cb742264,28800.0,pt,47,f,low,1500.0,false,789380.05,5843037.08,-20.21333333333333,
bb_7ef14070,28800.0,pt,57,m,low,1500.0,false,771779.6,5807193.76,-17.613333333333337,
bb_bdc50d45,28800.0,pt,64,m,high,3600.0,true,768096.04,5801575.88,-29.613333333333333,
bb_ccbccb7f,28800.0,pt,43,f,very_high,5600.0,false,761854.19,5811270.3,-22.813333333333336,
bb_14e40243,28800.0,pt,92,f,medium,2600.0,true,799236.9,5849675.19,-17.613333333333333,
bb_69838657,28800.0,pt,46,f,medium,2000.0,false,845577.88,5808353.46,-20.21333333333334,
bb_9fdbb0a8,28800.0,pt,16,m,very_high,5600.0,false,802801.05,5816269.64,-13.513333333333334,
bb_99474347,28800.0,pt,6,f,very_low,2000.0,true,778248.93,5812314.23,-12.213333333333335,
bb_64ed12fd,28800.0,pt,38,f,medium,2000.0,false,802365.59,5816480.99,-14.813333333333334,
bb_22ef2d2e,28800.0,pt,35,f,high,3600.0,false,770033.22,5813746.49,-14.813333333333334,
bb_3a470fe6,28800.0,pt,75,f,medium,2000.0,false,807872.97,5837414.6,-19.443333333333335,
bb_c70a0877,28800.0,pt,6,m,medium,3000.0,false,814554.04,5808405.13,-21.61333333333333,
bb_9e703036,28800.0,pt,84,m,medium,2600.0,true,791728.95,5846109.39,-28.213333333333335,
bb_b13f476a,28800.0,pt,2,f,medium,2600.0,false,790200.61,5802614.48,-13.613333333333337,
bb_83bc81f0,28800.0,pt,77,f,low,1500.0,true,817763.17,5828924.07,-16.943333333333335,
bb_73fd4a53,28800.0,pt,51,m,very_low,500.0,false,784449.73,5852982.88,-24.213333333333335,
bb_3d0e1518,28800.0,pt,36,m,high,4600.0,false,755729.72,5869943.75,-24.21333333333334,
bb_40e38755,28800.0,pt,50,m,medium,3000.0,false,776722.96,5829952.19,-14.813333333333334,
bb_4384941f,28800.0,pt,9,m,medium,3000.0,false,816275.36,5840151.35,-13.613333333333335,
bb_377350e9,28800.0,pt,24,f,high,4600.0,false,782287.29,5795102.28,-37.61333333333333,
bb_ab6a02bc,28800.0,pt,32,f,very_high,5600.0,false,785265.87,5854806.2,-84.21333333333332,
bb_5f900220,28800.0,pt,58,m,medium,2000.0,false,779602.42,5812043.33,-12.213333333333335,
bb_1471602b,28800.0,pt,55,f,high,3600.0,false,783139.95,5849926.0,-24.213333333333335,
bb_99cafeb3,28800.0,pt,44,m,low,2000.0,false,785680.16,5853230.27,-24.213333333333335,
bb_8555bf5d,28800.0,pt,58,f,low,900.0,true,800188.71,5809618.56,-14.813333333333334,
bb_b79c9ac9,28800.0,pt,58,m,high,3000.0,false,784418.78,5839128.52,-16.21333333333333,
bb_b466c480,28800.0,pt,93,f,medium,1500.0,false,766055.03,5808645.43,-17.61333333333334,
bb_d9eabc46,28800.0,pt,51,f,medium,3600.0,false,807563.19,5843737.64,-17.913333333333334,
bb_bda2f469,28800.0,pt,18,m,medium,3000.0,false,793207.03,5808505.07,-13.613333333333337,
bb_6bc91331,28800.0,pt,26,m,very_high,5600.0,false,774750.55,5812605.53,-14.813333333333334,
bb_add08f31,28800.0,pt,74,f,medium,1500.0,false,773073.26,5811358.06,-14.813333333333334,
bb_34c484fd,28800.0,pt,28,f,medium,2600.0,false,767755.88,5810508.78,-17.613333333333337,
bb_8f50d305,28800.0,pt,8,m,very_high,5600.0,false,793237.76,5853892.08,-28.21333333333334,
bb_21667130,28800.0,pt,66,m,medium,3000.0,false,778431.76,5867097.64,-77.61333333333334,
bb_8e0161b2,28800.0,pt,66,f,medium,2600.0,false,770033.37,5795593.55,-24.213333333333335,
bb_b48514e0,28800.0,pt,41,m,medium,3600.0,false,787900.79,5803802.71,-21.513333333333332,
bb_4ac25540,28800.0,pt,61,m,medium,2600.0,false,773104.89,5854560.91,-72.21333333333332,
bb_9db84487,28800.0,pt,28,m,medium,3000.0,false,769351.26,5813469.34,-17.613333333333337,
bb_a8d694e9,28800.0,pt,0,f,very_low,1500.0,true,775051.86,5816141.79,-17.613333333333337,
bb_abdbff39,28800.0,pt,24,m,high,3600.0,false,775580.86,5816293.74,-17.613333333333337,
bb_bb738664,28800.0,pt,0,m,high,3600.0,false,799177.51,5808037.89,-84.10591285367974,
bb_623ada86,28800.0,pt,9,m,very_low,900.0,false,773683.59,5835867.79,-92.2879079840907,
bb_9fe962f7,28800.0,pt,31,m,high,4600.0,false,833080.9,5832739.89,-72.51333333333334,
bb_a76fcc0e,28800.0,pt,60,m,medium,2600.0,false,765789.4,5798952.23,-24.21333333333333,
bb_7f61360d,28800.0,pt,57,f,medium,3000.0,false,783947.64,5803280.42,-29.613333333333337,
bb_44b4c4a4,28800.0,pt,31,m,medium,3000.0,false,775504.29,5814316.61,-14.813333333333334,
bb_7f79d08b,28800.0,pt,43,f,very_high,5600.0,false,770168.78,5813561.92,-14.813333333333334,
bb_73e66a8b,28800.0,pt,12,f,very_high,5600.0,false,780975.11,5812670.03,-12.213333333333335,
bb_499990b5,28800.0,pt,8,f,high,4600.0,false,776195.02,5831982.94,-13.313333333333334,
bb_17f9d4a6,28800.0,pt,79,m,medium,2000.0,false,784471.96,5837521.26,-16.21333333333333,
bb_c0b1ef01,28800.0,pt,91,f,high,3600.0,false,817863.06,5828599.36,-16.943333333333335,
bb_acc6f20b,28800.0,pt,44,m,medium,1500.0,false,774498.62,5812816.62,-14.813333333333334,
bb_5de85d25,28800.0,pt,36,m,low,2600.0,false,781062.63,5809504.63,-17.613333333333337,
bb_7dea17f9,28800.0,pt,17,m,very_low,2000.0,false,788117.37,5793895.72,-21.513333333333335,
bb_97c6b537,28800.0,pt,92,f,very_low,900.0,true,789967.13,5847078.21,-16.21333333333333,
bb_b7ba9937,28800.0,pt,70,m,medium,2000.0,false,801609.23,5802924.71,-23.913333333333334,
bb_64b3e835,28800.0,pt,57,f,medium,3000.0,false,827793.81,5745359.87,-53.61333333333332,
bb_4590b3f0,28800.0,pt,47,m,medium,2600.0,false,739742.86,5808502.78,-22.81333333333334,
bb_99e7eca0,28800.0,pt,30,f,high,3600.0,false,776196.35,5812124.23,-14.813333333333334,
bb_9a355bf2,28800.0,pt,56,f,medium,1500.0,false,779947.37,5813093.13,-14.813333333333336,
bb_3ca648bd,28800.0,pt,34,m,medium,1500.0,false,817324.89,5804865.76,-17.613333333333337,
bb_26bfb6da,28800.0,pt,17,m,very_high,5600.0,false,769442.08,5834240.66,-20.21333333333334,
bb_8a4dca4c,28800.0,pt,60,f,medium,2000.0,false,815645.65,5828739.95,-14.943333333333333,
bb_cceb413c,28800.0,pt,48,f,high,4600.0,false,789965.55,5810870.79,-21.443333333333335,
bb_129bb20b,28800.0,pt,95,m,medium,2000.0,false,869450.65,5801113.69,-40.21333333333333,
bb_2652270b,28800.0,pt,53,f,medium,3000.0,false,779316.87,5813359.78,-14.813333333333334,
bb_14918f7c,28800.0,pt,23,m,very_high,5600.0,false,778312.33,5809937.67,-17.613333333333337,
bb_5a48f8c7,28800.0,pt,34,f,high,4600.0,false,792874.03,5808729.11,-18.813333333333336,
bb_8623b8cd,28800.0,pt,76,f,very_low,900.0,true,779234.98,5809752.58,-17.613333333333333,
bb_bd9dde22,28800.0,pt,42,m,medium,3000.0,false,762535.08,5832662.67,-23.713333333333335,
bb_2ff69293,28800.0,pt,5,f,high,4600.0,true,807549.76,5808728.84,-21.61333333333333,
bb_49eae886,28800.0,pt,53,m,medium,3000.0,false,776115.64,5830125.49,-14.813333333333334,
bb_c09e3258,28800.0,pt,94,f,medium,1500.0,false,815341.3,5807630.2,-21.61333333333333,
bb_629c54b8,28800.0,pt,24,m,medium,1500.0,false,779909.8,5813232.12,-14.813333333333334,
bb_42ab6ed5,28800.0,pt,55,f,medium,2600.0,false,799340.39,5807987.76,-25.613333333333337,
bb_74999898,28800.0,pt,32,m,medium,2000.0,false,776073.3,5814357.38,-14.813333333333334,
bb_d397c54a,28800.0,pt,68,m,high,3600.0,true,797225.21,5842417.56,-16.213333333333335,
bb_a2de9858,28800.0,pt,5,f,high,4600.0,false,788833.54,5793848.63,-13.613333333333335,
bb_afc2d911,28800.0,pt,58,f,very_low,500.0,true,814951.94,5807301.48,-17.613333333333344,
bb_95a7fbd6,28800.0,pt,2,f,very_low,900.0,false,844078.62,5800622.65,-64.21333333333334,
bb_77583cca,28800.0,pt,98,m,medium,2000.0,false,864819.68,5852641.49,-120.21333333333338,
bb_ad43bb78,28800.0,pt,43,m,medium,3000.0,false,780695.55,5811398.84,-12.213333333333335,
bb_51340add,28800.0,pt,28,m,low,2000.0,false,778308.27,5812202.58,-12.213333333333335,
bb_c2d295b5,28800.0,pt,21,f,medium,3000.0,false,779042.47,5819775.1,-19.726666666666667,
bb_cf919022,28800.0,pt,58,m,low,900.0,false,803736.65,5794318.12,-33.61333333333334,
bb_31ca9b90,28800.0,pt,52,f,high,4600.0,false,816769.59,5797494.17,-17.613333333333337,
bb_6b8554de,28800.0,pt,63,f,high,3600.0,true,770854.73,5834080.96,-13.313333333333333,
bb_7d0c7d96,28800.0,pt,42,m,very_low,499.0,false,781787.54,5844381.88,-20.21333333333334,
bb_b1f82c9c,28800.0,pt,81,f,medium,2000.0,false,780883.21,5811967.79,-12.213333333333335,
bb_67cb0dfe,28800.0,pt,33,m,high,3000.0,false,778557.45,5812872.03,-12.213333333333335,
bb_3ca9879b,28800.0,pt,1,m,very_low,1500.0,false,789111.49,5812159.72,-21.443333333333335,
bb_32b1e092,28800.0,pt,33,m,medium,1500.0,false,825780.59,5864170.62,-21.613333333333337,
bb_6fa1d2b7,28800.0,pt,37,m,very_low,500.0,false,799503.0,5849447.91,-17.61333333333334,
bb_5ea41d47,28800.0,pt,59,f,high,3600.0,false,789412.71,5845328.86,-18.813333333333336,
bb_4a50976a,28800.0,pt,56,f,medium,2000.0,false,809384.57,5845709.1,-16.093333333333334,
bb_a1c21da4,28800.0,pt,58,f,high,3600.0,false,786630.43,5852309.49,-36.21333333333333,
bb_29206574,28800.0,pt,15,m,high,4600.0,false,801743.18,5814637.94,-17.613333333333337,
bb_d9b98f0b,28800.0,pt,24,m,medium,2600.0,false,773552.96,5811651.86,-14.813333333333334,
bb_70f16e04,28800.0,pt,1,m,medium,3000.0,false,798775.73,5803583.9,-25.613333333333337,
bb_37875889,28800.0,pt,13,f,very_high,5600.0,false,802503.81,5814272.69,-17.613333333333337,
bb_b18a1980,28800.0,pt,63,f,low,1500.0,false,811078.8,5842749.36,-26.813333333333333,
bb_49ec70db,28800.0,pt,48,m,very_low,500.0,true,782736.11,5845290.62,-20.213333333333335,
bb_a76a3cd4,28800.0,pt,41,f,medium,2600.0,false,802817.08,5795703.91,-33.61333333333334,
bb_0a9ed606,28800.0,pt,86,f,low,900.0,false,805079.74,5856822.3,-94.81333333333332,
bb_d586bcd5,28800.0,pt,56,f,medium,3000.0,false,813813.87,5812517.42,-13.613333333333337,
bb_601a3d3c,28800.0,pt,41,m,high,3600.0,false,809879.31,5849116.41,-26.813333333333333,
bb_0b938d0c,28800.0,pt,42,f,medium,1500.0,false,812600.43,5871884.11,-45.31333333333333,
bb_470b49a1,28800.0,pt,55,m,medium,3000.0,false,821569.33,5823423.09,-23.91333333333333,
bb_0af245c0,28800.0,pt,60,m,high,4600.0,false,785634.84,5779144.82,-21.513333333333335,
bb_507bc4cf,28800.0,pt,6,f,high,4600.0,false,778956.9,5835142.41,-17.313333333333333,
bb_857bc9e5,28800.0,pt,33,f,high,3600.0,false,773038.92,5820662.02,-17.61333333333334,
bb_5d2ce7d4,28800.0,pt,66,f,medium,2600.0,false,820177.13,5828082.16,-18.943333333333335,
bb_7f6a28cf,28800.0,pt,52,f,very_low,500.0,true,822335.25,5822290.0,-23.91333333333333,
bb_14dc0437,28800.0,pt,52,m,very_low,500.0,true,813165.86,5810498.63,-29.61333333333334,
bb_77088fc5,28800.0,pt,23,m,high,4600.0,false,775383.31,5817494.82,-14.813333333333334,
bb_83d1f2f9,28800.0,pt,87,f,medium,2000.0,false,841857.64,5796419.71,-29.613333333333333,
bb_0bb73410,28800.0,pt,66,f,high,4600.0,false,735037.23,5799829.12,-26.81333333333334,
bb_7447db75,28800.0,pt,37,m,low,1500.0,false,766763.55,5828749.36,-23.713333333333335,
bb_85b8735f,28800.0,pt,11,m,medium,3000.0,false,785473.95,5851801.82,-36.213333333333324,
bb_646f090f,28800.0,pt,50,m,medium,1500.0,false,778884.39,5821539.26,-19.72666666666667,
bb_1e9a5d1b,28800.0,pt,88,m,low,900.0,true,777365.07,5849011.38,-24.213333333333335,
bb_d35dee95,28800.0,pt,46,m,low,3600.0,false,775270.2,5828969.47,-13.313333333333334,
bb_c48f06cc,28800.0,pt,97,f,very_high,4600.0,false,778374.24,5809129.55,-17.613333333333337,
bb_45c81d33,28800.0,pt,63,m,medium,3000.0,false,844336.75,5805623.34,-23.913333333333334,
bb_43e60876,28800.0,pt,0,m,very_high,5600.0,false,809240.66,5808191.09,-21.613333333333333,
bb_b19c620f,28800.0,pt,37,m,low,900.0,false,792838.79,5808698.08,-18.813333333333336,
bb_0d574edc,28800.0,pt,38,f,very_high,5600.0,false,771541.36,5805766.43,-17.613333333333333,
bb_6ea3de4f,28800.0,pt,45,m,high,3600.0,false,761504.3,5835534.12,-20.21333333333334,
bb_a32b65ad,28800.0,pt,56,m,low,900.0,false,788869.32,5858966.62,-36.213333333333324,
bb_50a6d11b,28800.0,pt,39,f,medium,2600.0,true,823437.1,5818826.63,-16.213333333333335,
bb_86cfe761,28800.0,pt,22,f,low,2000.0,false,766847.21,5808046.11,-26.813333333333336,
bb_a1b7f8cf,28800.0,pt,2,m,high,3600.0,false,803014.16,5802054.66,-45.31333333333335,
bb_5a110eaf,28800.0,pt,14,f,high,4600.0,false,778680.7,5808799.8,-12.213333333333333,
bb_0a8b9274,28800.0,pt,16,m,medium,2600.0,false,790082.54,5814284.38,-12.213333333333335,
bb_497b74c4,28800.0,pt,54,m,low,3000.0,false,808019.84,5843253.73,-20.093333333333334,
bb_8ab08e1d,28800.0,pt,18,m,very_low,2000.0,false,779992.52,5841321.8,-20.213333333333335,
bb_dc5c07ec,28800.0,pt,62,m,very_low,900.0,true,778843.09,5820351.02,-17.61333333333334,
bb_959ee618,28800.0,pt,35,m,medium,3000.0,false,787265.13,5814279.75,-17.403333333333336,
bb_41b23c29,28800.0,pt,60,f,very_low,500.0,true,795665.4,5842794.27,-16.213333333333335,
bb_ab04c7fd,28800.0,pt,41,f,medium,1500.0,false,776377.54,5812308.22,-10.813333333333333,
bb_c8ec4687,28800.0,pt,47,m,medium,3600.0,false,786366.51,5812082.78,-17.403333333333336,
bb_5132a306,28800.0,pt,2,m,high,3600.0,false,783314.33,5848587.76,-24.21333333333334,
bb_ca0b3d14,28800.0,pt,57,m,high,4600.0,false,800664.11,5808680.6,-18.813333333333336,
bb_36c2afd3,28800.0,pt,97,m,medium,2600.0,true,793295.16,5810574.0,-18.813333333333336,
bb_07b87acc,28800.0,pt,9,m,low,3000.0,false,778039.42,5798868.32,-17.613333333333337,
bb_da843aa0,28800.0,pt,52,f,high,4600.0,false,767280.05,5810576.48,-17.61333333333334,
bb_0b3174e4,28800.0,pt,35,m,medium,3000.0,false,754113.95,5804826.1,-24.21333333333334,
bb_20afda67,28800.0,pt,14,f,medium,2000.0,false,802638.79,5854634.45,-22.813333333333333,
bb_6d6543fb,28800.0,pt,2,f,medium,2600.0,false,811028.33,5833527.06,-19.443333333333335,
bb_6367da1b,28800.0,pt,23,m,medium,3000.0,false,745786.99,5791317.46,-24.21333333333333,
bb_5307aa69,28800.0,pt,60,f,medium,1500.0,false,781591.83,5809170.79,-17.613333333333333,
bb_8d24694b,28800.0,pt,8,m,high,4600.0,false,799816.06,5806682.31,-25.613333333333337,
bb_1fef61df,28800.0,pt,53,f,high,2600.0,false,796201.94,5851177.64,-19.68,
bb_5ba5a10e,28800.0,pt,69,f,medium,2000.0,false,814638.99,5830306.04,-18.656666666666666,
bb_063583a1,28800.0,pt,57,f,medium,1500.0,true,772550.89,5815868.77,-17.613333333333337,
bb_bd6b19ab,28800.0,pt,56,m,high,3600.0,false,766000.67,5844092.24,-32.11333333333333,
bb_20451982,28800.0,pt,67,f,medium,2600.0,false,785788.2,5852591.94,-24.21333333333334,
bb_59477cfb,28800.0,pt,45,f,medium,2000.0,false,799118.61,5807552.61,-25.613333333333333,
bb_49973889,28800.0,pt,17,f,medium,3000.0,false,825622.69,5823490.28,-23.913333333333334,
bb_44363222,28800.0,pt,43,m,very_low,500.0,true,791382.54,5814526.89,-13.613333333333335,
bb_122b035a,28800.0,pt,12,f,high,5600.0,false,811263.28,5810722.18,-21.61333333333333,
bb_12aba643,28800.0,pt,48,m,very_low,500.0,false,734236.8,5821422.7,-26.813333333333336,
bb_40ad618c,28800.0,pt,58,m,very_low,499.0,false,814458.42,5812498.42,-13.613333333333337,
bb_a2a6e541,28800.0,pt,57,m,high,3600.0,false,789465.97,5845923.53,-14.813333333333333,
bb_7ad85e11,28800.0,pt,56,f,low,1500.0,false,788917.3,5804606.98,-13.613333333333337,
bb_3332d8f1,28800.0,pt,11,m,medium,3600.0,false,781617.41,5811654.62,-14.813333333333334,
bb_c6496c28,28800.0,pt,32,f,low,2000.0,false,809503.55,5802387.74,-22.71333333333333,
bb_32430078,28800.0,pt,58,m,high,3000.0,false,775992.15,5830762.59,-14.813333333333334,
bb_23a78c04,28800.0,pt,29,f,medium,3000.0,false,775025.98,5828554.13,-16.113333333333333,
bb_79b587ec,28800.0,pt,83,m,low,900.0,false,818780.11,5823148.14,-20.043333333333337,
bb_3455dd9c,28800.0,pt,42,m,medium,2600.0,false,778508.84,5819809.08,-19.726666666666667,
bb_0be25712,28800.0,pt,6,f,high,3000.0,false,771371.08,5813381.77,-17.613333333333337,
bb_42ab6d87,28800.0,pt,51,m,medium,2000.0,false,784991.17,5778985.34,-13.613333333333335,
bb_d4aa76af,28800.0,pt,52,f,medium,2600.0,false,775079.02,5829169.28,-13.313333333333333,
bb_bb4de1c5,28800.0,pt,7,m,medium,3600.0,false,778441.02,5821030.89,-17.61333333333334,
bb_a577dc88,28800.0,pt,30,m,very_low,1500.0,false,788717.32,5847743.86,-24.213333333333335,
bb_4e1bbe81,28800.0,pt,53,m,high,3600.0,false,828032.23,5842476.64,-54.94333333333334,
bb_65868020,28800.0,pt,72,f,low,900.0,true,837275.99,5811790.89,-35.913333333333334,
bb_01744e76,28800.0,pt,54,m,low,900.0,false,787267.23,5807276.13,-29.403333333333332,
bb_64d86e3b,28800.0,pt,5,f,very_high,5600.0,false,777202.16,5810972.39,-17.613333333333337,
bb_88d31750,28800.0,pt,28,m,medium,2000.0,false,790073.12,5811572.35,-13.613333333333337,
bb_b40a1101,28800.0,pt,33,m,very_low,900.0,false,801232.25,5808162.3,-14.813333333333334,
bb_576173d2,28800.0,pt,57,f,medium,3000.0,false,776048.18,5814490.78,-14.813333333333334,
bb_9178624e,28800.0,pt,49,m,medium,3000.0,false,806226.58,5842420.28,-20.093333333333334,
bb_00255009,28800.0,pt,5,m,high,4600.0,false,775287.13,5830578.13,-16.113333333333333,
bb_39b06216,28800.0,pt,14,m,medium,2000.0,false,789937.12,5843355.02,-14.813333333333333,
bb_4e757bde,28800.0,pt,31,f,medium,3000.0,false,807376.44,5848364.3,-16.093333333333334,
bb_71ab6696,28800.0,pt,6,f,high,3600.0,false,816216.83,5804779.75,-17.61333333333334,
bb_b67e9053,28800.0,pt,12,f,medium,2600.0,false,789800.13,5810849.24,-21.443333333333335,
bb_c204d7db,28800.0,pt,68,f,low,1500.0,false,775747.2,5815824.45,-17.613333333333337,
bb_399f08fe,28800.0,pt,57,f,high,3600.0,false,777001.38,5792676.93,-36.213333333333324,
bb_56a92e0b,28800.0,pt,60,f,low,900.0,false,774088.0,5814752.99,-14.813333333333334,
bb_9e567f5a,28800.0,pt,74,m,medium,1500.0,false,779270.56,5813752.38,-14.813333333333334,
bb_d6192e2b,28800.0,pt,44,m,medium,2000.0,false,772352.85,5820295.04,-22.81333333333334,
bb_b04301fa,28800.0,pt,45,f,very_high,5600.0,false,820210.18,5847487.37,-21.613333333333337,
bb_caa01c6b,28800.0,pt,12,m,very_low,1500.0,false,780537.51,5787680.38,-25.613333333333337,
bb_51ca0f33,28800.0,pt,37,f,low,1500.0,false,815292.15,5830284.34,-18.943333333333335,
bb_86170487,28800.0,pt,37,m,high,3000.0,false,770827.22,5790741.74,-26.813333333333336,
bb_a926d497,28800.0,pt,32,f,medium,2000.0,false,791212.55,5813127.77,-13.613333333333337,
bb_81a89d79,28800.0,pt,6,f,high,4600.0,false,823607.49,5829697.86,-18.943333333333335,
bb_5750574d,28800.0,pt,63,f,high,3600.0,false,808629.81,5842719.74,-20.093333333333334,
bb_0aa33324,28800.0,pt,58,f,very_low,500.0,true,832508.95,5825856.13,-71.91333333333331,
bb_503d63f8,28800.0,pt,51,m,low,2000.0,true,779162.09,5813032.9,-14.813333333333334,
bb_89f784cb,28800.0,pt,41,f,high,3600.0,false,765776.44,5847425.24,-32.11333333333333,
bb_a69cc27c,28800.0,pt,57,f,very_low,499.0,false,815400.5,5786078.21,-29.61333333333333,
bb_18777b7d,28800.0,pt,58,m,medium,1500.0,false,792669.46,5839584.94,-18.813333333333336,
bb_1cc61a23,28800.0,pt,53,m,medium,2000.0,false,771622.0,5813749.37,-17.613333333333337,
bb_87abeb4d,28800.0,pt,97,m,medium,2000.0,false,784147.81,5837233.76,-16.21333333333333,
bb_875fab94,28800.0,pt,52,m,very_low,499.0,true,818731.62,5796365.75,-22.71333333333333,
bb_66bb4f95,28800.0,pt,3,f,high,4600.0,false,773748.49,5814438.51,-17.613333333333333,
bb_b7bf6fa1,28800.0,pt,35,m,medium,1500.0,false,802637.78,5816545.74,-14.513333333333337,
bb_82d16c02,28800.0,pt,94,f,high,2600.0,true,775693.45,5813288.12,-14.813333333333334,
bb_570b498c,28800.0,pt,63,m,very_low,500.0,false,776812.12,5849024.16,-36.213333333333324,
bb_203faf2c,28800.0,pt,18,m,very_low,499.0,false,810639.56,5814300.64,-18.813333333333336,
bb_4555b9b3,28800.0,pt,48,m,high,3000.0,false,780781.77,5843113.42,-20.21333333333334,
bb_cab0a620,28800.0,pt,87,f,medium,1500.0,false,791652.53,5815254.84,-13.613333333333335,
bb_27f33452,28800.0,pt,19,m,medium,2600.0,false,796101.07,5850871.98,-19.68,
bb_8e209b81,28800.0,pt,97,f,very_low,500.0,false,804446.26,5810296.07,-25.613333333333337,
bb_d7ee7bc8,28800.0,pt,78,f,low,900.0,false,782308.72,5846724.97,-16.21333333333333,
bb_bd29735a,28800.0,pt,72,f,high,3000.0,true,786191.59,5853503.42,-17.613333333333337,
bb_675ba893,28800.0,pt,28,f,high,3600.0,false,775364.9,5831210.72,-13.313333333333336,
bb_c3925cc8,28800.0,pt,11,f,medium,3600.0,false,802734.83,5797488.17,-21.513333333333335,
bb_c38bc58f,28800.0,pt,10,m,very_high,5600.0,false,815714.94,5795412.3,-29.613333333333326,
bb_3feec708,28800.0,pt,6,m,very_low,900.0,true,817345.44,5829495.68,-16.943333333333335,
bb_5dc2ad83,28800.0,pt,57,m,very_high,5600.0,false,816025.89,5828137.73,-14.943333333333333,
bb_372638d7,28800.0,pt,4,m,medium,2600.0,false,782083.46,5846749.28,-16.21333333333333,
bb_5d377580,28800.0,pt,55,f,medium,3000.0,false,801602.81,5809540.56,-18.813333333333336,
bb_7bd9cb19,28800.0,pt,22,f,high,5600.0,false,787133.57,5810939.04,-16.213333333333335,
bb_a857d731,28800.0,pt,73,f,very_low,500.0,false,786389.76,5804277.13,-13.613333333333337,
bb_6f614f4b,28800.0,pt,5,f,medium,3000.0,true,770809.88,5828585.58,-16.113333333333333,
bb_c58eef54,28800.0,pt,75,m,low,1500.0,false,815459.69,5807333.91,-17.61333333333334,
bb_beccf815,28800.0,pt,98,f,low,900.0,false,790576.47,5813321.82,-13.613333333333337,
bb_ca9b92b8,28800.0,pt,96,f,medium,3000.0,false,775715.19,5811302.44,-14.813333333333334,
bb_2add6690,28800.0,pt,81,m,medium,2000.0,false,779426.39,5814081.35,-15.726666666666665,
bb_01e7cd45,28800.0,pt,27,m,high,3600.0,false,790146.88,5802740.52,-13.613333333333335,
bb_20fcfce9,28800.0,pt,40,m,medium,2000.0,false,771168.59,5814078.7,-17.613333333333337,
bb_60773f60,28800.0,pt,5,f,medium,3600.0,false,787277.17,5814822.54,-17.403333333333336,
bb_6b57e790,28800.0,pt,10,m,very_low,1500.0,false,761608.63,5835998.7,-20.213333333333335,
bb_735d77a0,28800.0,pt,83,f,medium,2000.0,false,787024.85,5850899.21,-36.213333333333324,
bb_bb79049f,28800.0,pt,34,f,very_high,5600.0,false,801415.16,5801506.3,-33.61333333333334,
bb_336e337e,28800.0,pt,66,m,medium,2600.0,false,808052.64,5814363.39,-16.21333333333333,
bb_530a6fe9,28800.0,pt,65,f,medium,2000.0,false,796745.65,5851514.48,-19.68,
bb_5bd5edc9,28800.0,pt,13,f,low,3000.0,false,817894.93,5827981.34,-16.943333333333335,
bb_96ebbb67,28800.0,pt,50,f,medium,3000.0,false,816228.38,5830136.54,-18.943333333333335,
bb_c735ad9c,28800.0,pt,25,f,low,900.0,false,813641.15,5824425.31,-17.613333333333333,
bb_5088b0bb,28800.0,pt,55,f,high,4600.0,false,805936.52,5841103.18,-17.913333333333334,
bb_84d8769b,28800.0,pt,38,m,high,3600.0,false,788177.6,5814974.51,-16.213333333333335,
bb_2bed2d38,28800.0,pt,22,m,very_low,900.0,false,782395.77,5846240.64,-16.21333333333333,
bb_9f0a5f6b,28800.0,pt,36,m,very_low,499.0,false,811376.14,5794508.1,-29.613333333333333,
bb_4c52eb92,28800.0,pt,44,m,very_low,500.0,true,774368.1,5803368.21,-17.613333333333333,
bb_55bf9fdd,28800.0,pt,35,m,high,3600.0,false,844548.25,5818166.51,-28.213333333333342,
bb_81bc2a4e,28800.0,pt,73,m,medium,2600.0,false,791235.11,5813444.87,-12.213333333333336,
bb_ce1b356a,28800.0,pt,38,f,very_high,5600.0,false,775646.22,5851770.47,-36.213333333333324,
bb_4ce26967,28800.0,pt,13,f,medium,2000.0,false,791585.83,5812548.52,-18.813333333333333,
bb_20b6ef3a,28800.0,pt,57,f,high,3600.0,false,785984.41,5851029.96,-36.213333333333324,
bb_c904a8a7,28800.0,pt,73,f,medium,2000.0,false,784463.83,5837468.14,-16.213333333333335,
bb_2bed1fbd,28800.0,pt,62,f,very_low,500.0,false,786468.16,5852176.66,-24.21333333333334,
bb_a4fe0d71,28800.0,pt,65,f,medium,2600.0,false,799919.05,5849299.05,-22.81333333333333,
bb_914e3099,28800.0,pt,36,m,high,2600.0,false,801414.39,5802694.33,-29.613333333333326,
bb_79308d33,28800.0,pt,43,m,very_low,499.0,false,791420.47,5855869.44,-28.213333333333342,
bb_91c2b27f,28800.0,pt,63,m,low,1500.0,false,813604.78,5845055.46,-22.813333333333336,
bb_76ebb6a5,28800.0,pt,42,m,very_low,2000.0,false,828308.28,5831685.02,-18.943333333333335,
bb_bcc05781,28800.0,pt,59,f,high,4600.0,false,778626.18,5821117.6,-17.61333333333334,
bb_66f6f6ba,28800.0,pt,43,f,medium,1500.0,false,813629.48,5811755.36,-17.443333333333335,
bb_98268d27,28800.0,pt,37,f,medium,3600.0,false,799459.25,5810026.47,-14.813333333333334,
bb_3e1fe92b,28800.0,pt,25,m,high,3000.0,false,776079.58,5850114.54,-24.21333333333334,
bb_a1346d8c,28800.0,pt,62,f,very_high,5600.0,true,779534.77,5834806.56,-23.713333333333335,
bb_15689fa0,28800.0,pt,1,m,low,2000.0,false,784300.82,5839422.01,-16.21333333333333,
bb_db5f2430,28800.0,pt,63,m,high,3600.0,false,762664.49,5834946.47,-17.313333333333333,
bb_d4a69e0f,28800.0,pt,70,f,low,900.0,true,770184.8,5832671.47,-20.213333333333342,
bb_29d56528,28800.0,pt,44,m,medium,2600.0,false,776602.93,5813844.02,-14.813333333333334,
bb_7471854f,28800.0,pt,53,f,medium,2000.0,false,773919.38,5803747.97,-17.613333333333333,
bb_2dc342e4,28800.0,pt,42,m,high,3600.0,false,779326.3,5888729.17,-41.61333333333334,
bb_93288adc,28800.0,pt,47,f,high,5600.0,false,807339.56,5808521.03,-21.61333333333333,
bb_71b53a9d,28800.0,pt,62,m,medium,2000.0,false,794291.59,5812863.16,-21.513333333333335,
bb_c1666c0f,28800.0,pt,67,m,medium,2000.0,false,786215.94,5852411.4,-24.21333333333334,
bb_463d26f5,28800.0,pt,45,m,very_high,5600.0,false,788149.54,5849194.88,-14.813333333333336,
bb_5ebd2f71,28800.0,pt,40,m,medium,2600.0,false,800282.88,5808338.4,-14.813333333333336,
bb_2301fb1b,28800.0,pt,47,m,medium,1500.0,false,773949.38,5818381.59,-22.813333333333336,
bb_2cb8a613,28800.0,pt,22,f,medium,1500.0,false,815234.78,5803602.67,-17.613333333333337,
bb_03957ebb,28800.0,pt,63,m,very_low,500.0,true,785910.95,5812356.92,-16.213333333333335,
bb_821a6e56,28800.0,pt,42,m,very_high,5600.0,false,802713.31,5816358.97,-13.513333333333334,
bb_96cd3bfe,28800.0,pt,32,m,medium,2000.0,false,791624.0,5813001.02,-13.613333333333335,
bb_c040033f,28800.0,pt,6,m,medium,3600.0,false,782014.42,5846675.8,-24.213333333333335,
bb_47970840,28800.0,pt,19,f,high,4600.0,false,778672.36,5808981.37,-12.213333333333335,
bb_96353f2d,28800.0,pt,28,m,high,3600.0,false,815175.7,5852820.14,-42.813333333333325,
bb_30624793,28800.0,pt,73,f,low,900.0,false,783256.0,5840963.76,-20.213333333333335,
bb_aefbc907,28800.0,pt,32,m,high,3600.0,false,814081.42,5811818.15,-17.443333333333335,
bb_186abeb8,28800.0,pt,52,m,medium,3000.0,false,780904.04,5864792.84,-29.61333333333333,
bb_6ce7abc9,28800.0,pt,12,f,high,5600.0,false,788033.98,5793986.73,-13.613333333333335,
bb_1dd01e36,28800.0,pt,59,f,low,900.0,false,816859.6,5805624.45,-22.513333333333332,
bb_d3438a90,28800.0,pt,45,m,medium,3000.0,false,779881.16,5812209.95,-14.813333333333334,
bb_aa3737fc,28800.0,pt,39,m,medium,2000.0,false,731452.25,5811537.22,-22.813333333333336,
bb_1d20170b,28800.0,pt,39,f,medium,3600.0,false,755171.67,5808048.89,-24.213333333333335,
bb_1be4006b,28800.0,pt,56,f,high,3000.0,false,802356.93,5808592.65,-14.813333333333334,
bb_b1689bbe,28800.0,pt,35,f,low,2000.0,false,828386.26,5798823.17,-65.61333333333334,
bb_bf53a943,28800.0,pt,46,f,high,3600.0,false,789892.83,5843921.35,-10.813333333333333,
bb_3f31f809,28800.0,pt,98,f,medium,1500.0,true,813305.28,5811755.99,-29.613333333333333,
bb_c9cc0e13,28800.0,pt,32,f,medium,3600.0,false,775158.66,5813888.65,-14.813333333333334,
bb_9ec3cfad,28800.0,pt,37,f,medium,3600.0,false,805775.65,5840172.29,-17.913333333333334,
bb_31f62a6b,28800.0,pt,12,f,very_high,5600.0,false,762874.18,5816662.12,-102.51333333333332,
bb_45824093,28800.0,pt,72,f,very_low,900.0,true,828454.11,5820224.86,-16.213333333333335,
bb_8ba25cef,28800.0,pt,72,f,low,900.0,false,789021.77,5812576.3,-21.443333333333335,
bb_2fc2b2b6,28800.0,pt,59,f,high,3600.0,false,814269.01,5824796.34,-17.613333333333333,
bb_cceadf1b,28800.0,pt,44,f,high,4600.0,false,762647.86,5836101.35,-17.313333333333336,
bb_12627027,28800.0,pt,42,f,very_low,900.0,false,795851.24,5845412.18,-19.679999999999996,
bb_82f237c4,28800.0,pt,92,f,medium,2000.0,false,785731.81,5813555.69,-14.813333333333333,
bb_0dda9070,28800.0,pt,49,m,high,4600.0,false,805993.0,5842734.7,-16.09333333333333,
bb_9ca209e9,28800.0,pt,40,f,medium,2000.0,false,779056.09,5814372.77,-17.613333333333337,
bb_5755f971,28800.0,pt,15,m,medium,2600.0,false,770966.71,5849565.89,-48.21333333333333,
bb_489a4a3b,28800.0,pt,57,m,very_low,499.0,true,799889.3,5853605.17,-26.813333333333333,
bb_0e38d585,28800.0,pt,76,f,low,900.0,false,783658.85,5845951.17,-24.213333333333335,
bb_2f0d93b7,28800.0,pt,35,m,low,2000.0,false,826470.26,5854049.0,-26.943333333333335,
bb_16f26a38,28800.0,pt,37,f,medium,2000.0,false,792062.47,5813739.02,-13.613333333333335,
bb_977d2974,28800.0,pt,55,f,very_low,499.0,false,812373.85,5812325.6,-29.61333333333334,
bb_269d0e5f,28800.0,pt,35,f,high,4600.0,false,776206.1,5813949.36,-14.813333333333334,
bb_6ef7e0ea,28800.0,pt,35,f,medium,2600.0,false,776138.75,5811946.78,-14.813333333333334,
bb_99c64422,28800.0,pt,14,m,high,4600.0,false,789131.8,5813650.54,-13.613333333333335,
bb_42e8ffb0,28800.0,pt,22,m,medium,2600.0,false,778912.65,5813055.83,-14.813333333333334,
bb_68d6ce64,28800.0,pt,55,f,medium,2000.0,false,784261.6,5839691.19,-16.213333333333335,
bb_21ed4415,28800.0,pt,33,m,medium,1500.0,false,783693.3,5778616.27,-33.61333333333333,
bb_39ce8993,28800.0,pt,93,m,medium,2000.0,false,788071.89,5843283.55,-20.213333333333335,
bb_afabd20c,28800.0,pt,40,m,high,3600.0,false,801076.25,5788946.86,-45.31333333333333,
bb_176ae741,28800.0,pt,12,m,very_low,2000.0,false,816259.76,5834519.59,-42.943333333333335,
bb_5a910bab,28800.0,pt,24,f,high,4600.0,false,771571.14,5814109.67,-17.613333333333337,
bb_aca16f86,28800.0,pt,29,m,high,3600.0,false,845632.44,5814127.3,-20.21333333333334,
bb_10f2d278,28800.0,pt,64,f,medium,3000.0,false,773626.46,5811623.16,-14.813333333333334,
bb_b118cc2a,28800.0,pt,40,f,medium,3600.0,false,756108.04,5808337.29,-24.213333333333335,
bb_58a4d6f3,28800.0,pt,72,m,low,900.0,true,781912.1,5846085.57,-16.21333333333333,
bb_c6030d2c,28800.0,pt,66,f,very_high,5600.0,false,778800.82,5810928.6,-17.613333333333337,
bb_94801c65,28800.0,pt,35,m,low,2000.0,true,805329.05,5794607.74,-33.61333333333334,
bb_bf735379,28800.0,pt,72,m,medium,2600.0,false,774475.29,5828586.12,-16.113333333333333,
bb_154f25d5,28800.0,pt,51,f,medium,3000.0,false,818532.56,5830374.46,-18.943333333333335,
bb_90420352,28800.0,pt,42,f,very_low,500.0,false,784670.55,5840935.97,-16.21333333333333,
bb_8162eb7d,28800.0,pt,28,m,medium,3000.0,false,779823.76,5813671.61,-14.813333333333334,
bb_0e1ad187,28800.0,pt,88,f,medium,1500.0,true,807807.28,5843996.85,-20.093333333333334,
bb_2d818f32,28800.0,pt,45,m,low,3000.0,false,822786.51,5830439.83,-14.943333333333335,
bb_7be2a837,28800.0,pt,56,f,medium,2600.0,false,839315.0,5860316.98,-21.613333333333333,
bb_777661fb,28800.0,pt,2,f,high,4600.0,false,772392.8,5806948.26,-17.613333333333337,
bb_b1e95b53,28800.0,pt,35,m,high,2600.0,false,825568.96,5829618.05,-18.943333333333335,
bb_0a4cdace,28800.0,pt,40,f,medium,2600.0,false,786003.22,5815307.95,-21.403333333333336,
bb_9868ec8f,28800.0,pt,60,f,high,4600.0,false,779436.68,5814694.56,-17.61333333333334,
bb_d80cfe8e,28800.0,pt,58,m,high,3600.0,false,814818.39,5796840.94,-17.61333333333334,
bb_a35c3d64,28800.0,pt,73,m,very_low,500.0,true,769994.68,5833479.13,-20.213333333333342,
bb_2d03246c,28800.0,pt,44,m,low,2600.0,false,813969.06,5803741.35,-22.71333333333333,
bb_bb3e6411,28800.0,pt,28,m,low,2000.0,false,818165.32,5804172.22,-22.513333333333335,
bb_3e89e5a7,28800.0,pt,37,f,medium,1500.0,false,815072.9,5865833.85,-21.613333333333333,
bb_3f408ef6,28800.0,pt,63,m,very_low,500.0,true,818465.46,5829900.42,-14.943333333333333,
bb_b61e195a,28800.0,pt,67,m,medium,1500.0,false,814506.7,5808636.57,-21.613333333333326,
bb_25ba56b7,28800.0,pt,36,f,high,3600.0,false,809657.65,5847296.09,-22.813333333333333,
bb_c56fa9c9,28800.0,pt,42,f,very_high,5600.0,false,775418.05,5814205.94,-14.813333333333334,
bb_a527944c,28800.0,pt,60,m,medium,2600.0,false,783442.66,5780416.17,-25.613333333333337,
bb_cb3b1b19,28800.0,pt,47,m,very_high,5600.0,false,779475.4,5814059.69,-15.726666666666665,
bb_996aad70,28800.0,pt,8,f,medium,3000.0,false,800054.69,5845540.74,-17.613333333333333,
bb_c6840d6b,28800.0,pt,45,f,medium,2600.0,true,786698.64,5811389.45,-17.403333333333336,
bb_ce0bcd49,28800.0,pt,35,f,medium,1500.0,false,765689.23,5816731.85,-17.613333333333337,
bb_06fe0950,28800.0,pt,74,f,very_low,500.0,false,793533.32,5810827.87,-18.813333333333333,
bb_b105b3d0,28800.0,pt,35,m,high,4600.0,false,741062.27,5812398.6,-17.613333333333337,
bb_bc0f6eef,28800.0,pt,12,m,medium,3000.0,false,801936.02,5790684.7,-45.31333333333333,
bb_875edddb,28800.0,pt,10,f,high,4600.0,false,758643.9,5817987.89,-17.613333333333337,
bb_a60136e7,28800.0,pt,68,f,low,1500.0,false,821617.12,5832876.26,-34.943333333333335,
bb_d6647009,28800.0,pt,62,f,high,4600.0,false,775793.36,5815577.76,-17.613333333333337,
bb_12bbfb32,28800.0,pt,37,m,very_high,5600.0,false,778988.74,5820378.84,-17.613333333333337,
bb_4ba37c53,28800.0,pt,52,m,high,4600.0,false,783690.15,5840511.7,-16.21333333333333,
bb_5f58aef2,28800.0,pt,63,f,medium,1500.0,false,845991.1,5802697.49,-23.913333333333338,
bb_609d3410,28800.0,pt,40,f,high,4600.0,false,796137.79,5841634.59,-18.479999999999997,
bb_45982b8a,28800.0,pt,56,m,high,4600.0,false,809559.95,5802887.23,-22.71333333333333,
bb_5596c224,28800.0,pt,37,m,medium,2000.0,false,779150.48,5821764.37,-19.726666666666667,
bb_7ded3b55,28800.0,pt,13,f,low,3000.0,false,818586.91,5796203.12,-22.71333333333333,
bb_433ef2a8,28800.0,pt,52,m,medium,2000.0,false,800965.81,5788871.46,-45.31333333333333,
bb_42947944,28800.0,pt,42,m,high,5600.0,false,798927.18,5811602.96,-18.813333333333336,
bb_db7327a6,28800.0,pt,56,f,high,3600.0,false,774350.63,5814420.94,-14.813333333333334,
bb_d0b259bf,28800.0,pt,67,f,low,1500.0,true,776887.52,5812255.51,-10.813333333333334,
bb_5d48e83d,28800.0,pt,64,f,low,900.0,true,821832.07,5832051.32,-22.943333333333335,
bb_5618fe3c,28800.0,pt,13,f,very_low,900.0,false,791674.14,5846149.44,-28.21333333333333,
bb_452788a9,28800.0,pt,37,m,medium,3000.0,false,785679.85,5850749.99,-36.213333333333324,
bb_a1f5a3c4,28800.0,pt,43,f,high,2600.0,false,822094.37,5817881.38,-20.043333333333337,
bb_720c0698,28800.0,pt,56,f,low,900.0,false,825015.2,5864955.78,-21.613333333333337,
bb_b535e160,28800.0,pt,8,f,medium,3600.0,false,772382.53,5806869.4,-17.613333333333337,
bb_4f7d5618,28800.0,pt,13,m,very_high,5600.0,false,771781.1,5807025.27,-14.813333333333334,
bb_a6df1270,28800.0,pt,47,f,high,4600.0,false,815086.39,5812724.61,-29.613333333333326,
bb_96d44226,28800.0,pt,27,m,low,2000.0,true,814131.09,5810354.29,-29.61333333333333,
bb_22abc831,28800.0,pt,89,m,medium,2600.0,false,790414.39,5846086.35,-14.813333333333333,
bb_75161ac0,28800.0,pt,66,m,very_low,500.0,true,770141.98,5795393.96,-24.21333333333333,
bb_27cedb23,28800.0,pt,14,m,very_low,1500.0,false,788863.69,5844955.07,-16.213333333333335,
bb_6fe8f0dd,28800.0,pt,17,m,very_low,1500.0,false,814580.16,5808841.89,-21.61333333333333,
bb_9c512286,28800.0,pt,6,m,medium,3600.0,false,817696.76,5832403.83,-30.943333333333328,
bb_cc4493b6,28800.0,pt,99,m,medium,2600.0,true,816787.86,5804006.04,-22.513333333333332,
bb_84962307,28800.0,pt,7,f,very_low,900.0,false,815765.17,5812152.92,-26.043333333333337,
bb_b5739e73,28800.0,pt,5,m,medium,3000.0,false,774878.16,5831172.92,-13.313333333333336,
bb_50b4e2da,28800.0,pt,43,f,very_low,1500.0,false,796899.83,5800004.24,-21.513333333333335,
bb_9d298e52,28800.0,pt,85,m,medium,2000.0,false,800260.21,5807105.54,-18.813333333333336,
bb_709ca7e1,28800.0,pt,68,f,very_low,500.0,false,819365.02,5804691.63,-17.613333333333337,
bb_7130d106,28800.0,pt,39,f,low,3000.0,false,777247.5,5814779.45,-17.613333333333333,
bb_8394656b,28800.0,pt,40,m,medium,4600.0,false,824550.69,5801613.96,-22.713333333333335,
bb_9b03ac01,28800.0,pt,59,m,low,900.0,true,819600.08,5812065.67,-22.513333333333335,
bb_a00eb929,28800.0,pt,47,f,high,3000.0,false,796222.97,5851444.66,-19.68,
bb_5bf420b7,28800.0,pt,56,f,high,3600.0,false,774102.13,5811976.5,-14.813333333333334,
bb_933d4e6a,28800.0,pt,59,m,very_low,500.0,false,767672.99,5808994.36,-17.61333333333334,
bb_9a194eff,28800.0,pt,22,f,medium,2600.0,false,784604.24,5840922.21,-16.21333333333333,
bb_41af1591,28800.0,pt,0,m,low,1500.0,false,817306.05,5801887.19,-77.61333333333334,
bb_3b61fa97,28800.0,pt,31,m,medium,2000.0,false,804211.21,5800582.99,-35.913333333333334,
bb_3b8a9289,28800.0,pt,61,m,medium,2000.0,false,758561.21,5814074.75,-41.61333333333334,
bb_28825ca2,28800.0,pt,66,f,low,900.0,false,774416.17,5814889.47,-14.813333333333334,
bb_5bd1a551,28800.0,pt,5,m,medium,3000.0,false,775448.48,5815928.97,-14.813333333333334,
bb_aea6c013,28800.0,pt,66,m,low,1500.0,false,805137.12,5794909.53,-33.61333333333334,
bb_89cbefb6,28800.0,pt,45,f,very_low,500.0,true,800009.84,5845387.77,-17.613333333333333,
bb_cdd2a0fc,28800.0,pt,35,m,high,2600.0,false,778761.81,5820874.86,-17.613333333333344,
bb_a8a98360,28800.0,pt,52,m,very_low,500.0,false,791072.58,5797358.0,-13.613333333333339,
bb_03003770,28800.0,pt,53,m,medium,1500.0,false,822702.04,5822125.77,-23.913333333333334,
bb_1fe2c6ca,28800.0,pt,92,m,medium,2000.0,false,757661.61,5871211.25,-36.21333333333333,
bb_81dcf540,28800.0,pt,42,m,medium,3600.0,false,770439.61,5834160.18,-20.21333333333334,
bb_ac93955d,28800.0,pt,17,m,medium,2600.0,false,802198.87,5846108.01,-30.813333333333333,
bb_bec5b55e,28800.0,pt,25,m,high,3600.0,false,822260.99,5830312.76,-18.943333333333335,
bb_c2555a75,28800.0,pt,50,m,high,3600.0,false,786445.32,5852143.47,-24.21333333333334,
bb_9b33ca35,28800.0,pt,32,m,very_low,499.0,false,801177.17,5852641.82,-22.813333333333333,
bb_1cb2ec8e,28800.0,pt,39,m,very_low,500.0,false,801097.85,5856151.06,-22.813333333333336,
bb_3aec0831,28800.0,pt,33,m,high,4600.0,false,779350.8,5814408.28,-17.61333333333334,
bb_99612a93,28800.0,pt,40,f,very_low,900.0,false,765353.72,5798959.98,-24.21333333333333,
bb_2491c89b,28800.0,pt,18,m,high,4600.0,false,783951.34,5797654.85,-61.61333333333333,
bb_804533e6,28800.0,pt,66,f,low,1500.0,false,814123.84,5811580.87,-17.443333333333335,
bb_2ba39ba0,28800.0,pt,20,m,low,2600.0,false,786615.43,5815677.55,-17.403333333333336,
bb_1e8aa6eb,28800.0,pt,14,m,very_low,1500.0,false,822755.14,5823234.18,-23.913333333333334,
bb_7e2b5012,28800.0,pt,71,f,low,900.0,false,788682.6,5804083.21,-13.613333333333337,
bb_6ffcea3f,28800.0,pt,17,m,very_low,900.0,true,772020.29,5800565.38,-17.613333333333333,
bb_167902de,28800.0,pt,57,m,medium,3000.0,true,780988.17,5811208.29,-12.213333333333333,
bb_6e620970,28800.0,pt,72,f,medium,1500.0,false,801316.9,5808023.46,-14.813333333333336,
bb_4a84cfbb,28800.0,pt,15,f,high,5600.0,false,791287.66,5813165.68,-13.613333333333337,
bb_1a29a10f,28800.0,pt,80,m,very_low,900.0,true,790856.99,5855622.66,-28.21333333333334,
bb_c925c3e3,28800.0,pt,73,m,low,1500.0,false,784671.64,5852234.79,-24.21333333333334,
bb_c764d8aa,28800.0,pt,63,m,very_high,5600.0,false,787460.51,5815633.82,-17.403333333333336,
bb_b25a3978,28800.0,pt,7,m,medium,3000.0,false,777154.9,5811122.71,-17.613333333333337,
bb_d60b597a,28800.0,pt,71,m,medium,2000.0,false,763680.21,5810648.64,-22.813333333333336,
bb_3c8336cb,28800.0,pt,37,f,medium,3600.0,false,771448.21,5805697.91,-22.813333333333336,
bb_a8286185,28800.0,pt,57,f,very_high,5600.0,false,777169.46,5812744.59,-14.813333333333334,
bb_094af1ad,28800.0,pt,44,m,medium,3600.0,false,800594.54,5810414.8,-14.813333333333334,
bb_ac257ef9,28800.0,pt,11,m,very_low,900.0,false,788156.9,5815796.91,-17.403333333333336,
bb_d7ce4414,28800.0,pt,5,f,low,3000.0,false,786070.73,5850493.48,-36.213333333333324,
bb_c23301b7,28800.0,pt,32,f,very_low,900.0,false,824552.23,5842805.79,-62.94333333333334,
bb_6c47eac4,28800.0,pt,33,f,medium,3600.0,false,787562.12,5797072.54,-21.513333333333335,
bb_36df4fdd,28800.0,pt,93,f,medium,3000.0,true,781048.38,5811887.22,-12.213333333333335,
bb_8835f414,28800.0,pt,57,m,high,4600.0,false,823567.44,5864010.6,-21.613333333333337,
bb_89585d1c,28800.0,pt,33,m,very_low,900.0,false,774699.28,5801210.23,-22.813333333333336,
bb_49782c71,28800.0,pt,41,f,medium,3000.0,false,814164.32,5807686.16,-21.613333333333326,
bb_90dba10f,28800.0,pt,62,f,medium,1500.0,false,779709.81,5830822.79,-13.313333333333333,
bb_d71762d8,28800.0,pt,71,f,medium,1500.0,false,817312.15,5808827.61,-22.51333333333334,
bb_2b503eeb,28800.0,pt,8,m,medium,2600.0,false,779571.15,5813902.51,-17.61333333333334,
bb_852e59d8,28800.0,pt,20,m,low,900.0,false,781623.17,5809223.16,-17.613333333333333,
bb_c345ca0c,28800.0,pt,55,f,medium,2600.0,false,775034.44,5830787.64,-16.11333333333333,
bb_3f97401d,28800.0,pt,52,f,high,4600.0,false,796035.55,5843640.72,-16.21333333333334,
bb_c7c9552d,28800.0,pt,55,f,very_low,500.0,true,765741.29,5812048.36,-17.61333333333334,
bb_58627383,28800.0,pt,17,m,very_high,5600.0,false,794350.59,5840577.38,-22.813333333333336,
bb_79880e5e,28800.0,pt,7,f,very_low,1500.0,false,781925.06,5845678.66,-16.213333333333335,
bb_121d2f26,28800.0,pt,33,m,low,2000.0,false,774453.87,5812508.22,-14.813333333333334,
bb_573f4973,28800.0,pt,28,f,very_low,900.0,false,854208.86,5891783.21,-33.61333333333334,
bb_89264b54,28800.0,pt,14,f,high,3600.0,false,779247.62,5814480.0,-17.61333333333334,
bb_2f219277,28800.0,pt,36,f,high,3600.0,false,823255.57,5848436.27,-26.943333333333335,
bb_cbecad6d,28800.0,pt,32,m,medium,3000.0,false,778845.57,5821815.15,-19.726666666666667,
bb_b80b59a5,28800.0,pt,70,f,medium,1500.0,true,818525.09,5824159.07,-23.91333333333333,
bb_5fa486d7,28800.0,pt,68,f,medium,2000.0,true,777255.11,5814590.15,-14.813333333333334,
bb_c6eed68e,28800.0,pt,35,f,medium,3600.0,false,774358.74,5828877.74,-16.113333333333333,
bb_4460d1d7,28800.0,pt,54,m,very_high,5600.0,false,781578.06,5811041.02,-17.613333333333337,
bb_b9e03276,28800.0,pt,33,f,high,3600.0,false,793116.9,5809785.65,-18.813333333333333,
bb_5dd5ace7,28800.0,pt,57,m,very_low,500.0,false,811355.46,5794597.55,-29.613333333333333,
bb_511c6f4b,28800.0,pt,37,m,high,4600.0,false,774462.63,5815091.82,-14.813333333333334,
bb_d197b289,28800.0,pt,21,f,very_low,1500.0,false,816773.7,5830507.14,-18.943333333333335,
bb_a79953c0,28800.0,pt,4,f,very_high,5600.0,false,783964.45,5842353.57,-16.21333333333333,
bb_3fc08508,28800.0,pt,4,f,low,2000.0,false,807440.61,5840406.68,-17.913333333333334,
bb_15fd06c7,28800.0,pt,63,m,high,4600.0,false,814446.12,5846310.63,-28.21333333333333,
bb_38dfd5d1,28800.0,pt,55,m,medium,2000.0,false,769834.14,5834798.58,-24.21333333333333,
bb_7ec71193,28800.0,pt,43,m,medium,2600.0,false,762212.46,5859967.0,-36.21333333333334,
bb_73c94120,28800.0,pt,53,m,low,1500.0,false,783697.61,5841574.27,-16.21333333333333,
bb_23b4239d,28800.0,pt,23,f,medium,3000.0,false,774508.53,5803393.96,-17.613333333333333,
bb_7cd4a88d,28800.0,pt,66,f,medium,1500.0,false,790120.68,5803874.75,-13.613333333333337,
bb_a9263801,28800.0,pt,32,m,low,2000.0,false,814502.7,5813312.27,-29.613333333333337,
bb_2ac23575,28800.0,pt,35,f,medium,3000.0,false,777367.34,5831923.43,-13.313333333333333,
bb_4bcf49a6,28800.0,pt,91,f,high,3600.0,false,779099.03,5810590.15,-14.813333333333334,
bb_9ed7ade7,28800.0,pt,90,f,very_high,5600.0,true,823297.91,5818078.53,-20.043333333333337,
bb_b8029289,28800.0,pt,72,m,low,1500.0,true,815102.67,5812365.44,-17.61333333333334,
bb_c9b68831,28800.0,pt,9,m,very_high,5600.0,false,792746.8,5840181.68,-18.813333333333336,
bb_49c13009,28800.0,pt,30,f,medium,2000.0,false,777346.93,5811166.59,-14.813333333333334,
bb_1d02c14d,28800.0,pt,68,f,high,3600.0,false,778687.78,5812936.26,-12.213333333333333,
bb_941b6cf6,28800.0,pt,17,m,medium,3600.0,false,775804.32,5830607.1,-14.813333333333334,
bb_cb2f6d43,28800.0,pt,23,f,very_low,500.0,false,766606.64,5807886.86,-17.61333333333334,
bb_2854abea,28800.0,pt,33,f,high,4600.0,false,771727.26,5809097.95,-14.813333333333333,
bb_23babdd2,28800.0,pt,53,f,very_low,500.0,false,814464.55,5810418.87,-17.613333333333344,
bb_114cebfa,28800.0,pt,52,m,high,4600.0,false,798423.38,5810625.58,-18.813333333333336,
bb_801766ec,28800.0,pt,9,f,very_low,900.0,false,801829.94,5802651.69,-23.913333333333334,
bb_d0f14ae7,28800.0,pt,70,m,medium,1500.0,false,769630.79,5813964.82,-17.613333333333337,
bb_4accb37d,28800.0,pt,35,m,very_low,1500.0,false,821383.43,5825631.06,-34.04333333333333,
bb_967330bf,28800.0,pt,52,f,very_high,5600.0,false,790324.0,5804638.9,-13.613333333333337,
bb_c6400f4c,28800.0,pt,51,f,high,4600.0,false,802661.66,5858863.75,-22.81333333333333,
bb_3bad9b83,28800.0,pt,54,m,high,3000.0,false,769767.64,5834158.77,-20.21333333333334,
bb_3a4588fd,28800.0,pt,31,f,medium,2000.0,false,787388.47,5815184.99,-17.403333333333336,
bb_37f22038,28800.0,pt,45,f,very_low,900.0,true,819442.32,5824991.38,-23.913333333333334,
bb_aa82a2b4,28800.0,pt,2,f,very_low,1500.0,false,769434.46,5841334.76,-32.11333333333333,
bb_4d580829,28800.0,pt,13,m,very_high,5600.0,false,819118.98,5824151.81,-20.043333333333337,
bb_82263346,28800.0,pt,44,f,low,3000.0,false,791528.35,5841100.87,-19.680000000000003,
bb_737d9518,28800.0,pt,93,m,low,900.0,true,779145.92,5806297.77,-17.613333333333333,
bb_43123072,28800.0,pt,29,m,high,3600.0,false,832547.42,5832584.14,-72.51333333333334,
bb_1c4b7afd,28800.0,pt,56,f,high,4600.0,false,801278.89,5810639.86,-14.813333333333334,
bb_ad825100,28800.0,pt,31,m,medium,3600.0,false,784093.7,5839193.43,-16.213333333333335,
bb_26912138,28800.0,pt,18,f,high,3600.0,false,787925.8,5814849.9,-16.213333333333335,
bb_b625d789,28800.0,pt,15,f,high,4600.0,false,785513.48,5853103.47,-24.213333333333335,
bb_21e5b2c3,28800.0,pt,46,m,medium,1500.0,false,819235.88,5832371.42,-18.943333333333335,
bb_0f4e211a,28800.0,pt,65,f,very_low,900.0,false,780930.57,5809610.04,-17.613333333333333,
bb_7ab45e4f,28800.0,pt,10,f,low,2000.0,false,809266.89,5845788.04,-16.09333333333333,
bb_21b18b86,28800.0,pt,15,f,high,3600.0,false,774929.28,5833227.91,-16.113333333333333,
bb_24976aa7,28800.0,pt,59,f,very_high,5600.0,false,787282.13,5857636.51,-36.213333333333324,
bb_645a3237,28800.0,pt,12,f,high,4600.0,false,806181.8,5843199.97,-16.093333333333334,
bb_b74aa816,28800.0,pt,67,f,high,3600.0,false,808830.19,5846935.26,-16.093333333333334,
bb_73f27795,28800.0,pt,57,m,very_high,5600.0,false,775442.76,5815056.23,-14.813333333333334,
bb_876b5fa9,28800.0,pt,33,m,high,3600.0,false,785714.5,5855818.32,-28.92,
bb_4cc27b1c,28800.0,pt,9,f,medium,2600.0,false,790646.52,5813640.43,-12.213333333333335,
bb_607e7e4e,28800.0,pt,20,m,low,1500.0,false,785085.01,5811129.58,-21.403333333333332,
bb_81421a5a,28800.0,pt,12,m,very_low,900.0,false,774720.55,5803475.46,-17.613333333333333,
bb_d6bab580,28800.0,pt,68,f,very_high,5600.0,false,800937.67,5853776.9,-22.813333333333336,
bb_0f8b5648,28800.0,pt,61,m,very_low,500.0,true,788717.11,5844960.69,-16.21333333333333,
bb_4c80e543,28800.0,pt,4,m,very_low,900.0,false,823321.41,5819192.97,-11.913333333333334,
bb_b7f9acd2,28800.0,pt,12,m,very_high,5600.0,false,799974.7,5807995.81,-14.813333333333334,
bb_01efab49,28800.0,pt,44,m,high,3600.0,false,840562.81,5884325.92,-33.61333333333334,
bb_6527aad0,28800.0,pt,29,m,low,3000.0,false,777431.03,5812513.37,-14.813333333333334,
bb_c9dfa9d9,28800.0,pt,70,f,low,1500.0,true,787202.92,5854482.04,-28.92,
bb_3f08f6e8,28800.0,pt,64,m,high,3600.0,true,778331.7,5832734.62,-17.313333333333333,
bb_8ee1263f,28800.0,pt,52,m,high,4600.0,false,809985.68,5809262.74,-21.61333333333333,
bb_b6645b90,28800.0,pt,34,f,high,4600.0,false,796177.39,5851175.64,-19.68,
bb_9db66495,28800.0,pt,23,f,high,4600.0,false,774038.34,5815025.69,-17.613333333333337,
bb_55e18ee3,28800.0,pt,62,f,high,4600.0,false,816182.46,5798134.16,-17.613333333333337,
bb_d9551bdf,28800.0,pt,45,f,high,4600.0,false,841965.91,5796593.23,-29.61333333333333,
bb_5b7915b1,28800.0,pt,81,m,very_low,900.0,true,814468.85,5802833.21,-17.613333333333337,
bb_6e550966,28800.0,pt,58,m,high,3600.0,false,809539.92,5846364.25,-16.093333333333334,
bb_4f7826a8,28800.0,pt,53,m,high,3000.0,false,820889.81,5822839.86,-23.913333333333334,
bb_6cda5a1b,28800.0,pt,45,f,very_low,900.0,false,789704.97,5846161.18,-12.213333333333331,
bb_2d845ba3,28800.0,pt,30,f,high,4600.0,false,799618.78,5810866.48,-14.813333333333334,
bb_847c3922,28800.0,pt,25,m,low,2000.0,true,784985.12,5853053.02,-24.21333333333334,
bb_a21306b7,28800.0,pt,39,m,medium,3000.0,false,791073.53,5801526.71,-21.513333333333335,
bb_a71bb0ac,28800.0,pt,71,f,medium,1500.0,true,778110.47,5809539.36,-17.613333333333337,
bb_5c0cdec4,28800.0,pt,34,m,very_low,900.0,false,768845.11,5807795.07,-17.613333333333337,
bb_8bbea884,28800.0,pt,39,f,medium,3000.0,false,804581.61,5800741.61,-35.913333333333334,
bb_c7eaba40,28800.0,pt,52,m,high,3000.0,false,823968.42,5830028.32,-22.943333333333335,
bb_7b839eff,28800.0,pt,30,f,very_low,900.0,false,770843.9,5828825.83,-16.113333333333333,
bb_a86a2a9d,28800.0,pt,2,m,high,4600.0,false,810281.69,5835307.66,-13.613333333333335,
bb_071635a2,28800.0,pt,88,f,medium,1500.0,false,823229.54,5818428.25,-16.213333333333335,
bb_a516cba6,28800.0,pt,78,m,medium,2000.0,true,762381.66,5805128.04,-41.61333333333333,
bb_49ec72e4,28800.0,pt,62,f,medium,3000.0,false,787385.32,5845137.04,-28.21333333333334,
bb_b77c5951,28800.0,pt,61,m,medium,3000.0,false,773170.16,5811681.81,-14.813333333333334,
bb_4fdce0b6,28800.0,pt,93,f,medium,2000.0,true,758510.21,5807638.21,-29.613333333333337,
bb_50cdea47,28800.0,pt,25,f,medium,2000.0,false,776875.14,5833277.02,-20.213333333333335,
bb_976f2928,28800.0,pt,36,f,medium,3000.0,false,779437.72,5813070.91,-14.813333333333334,
bb_3c161cac,28800.0,pt,52,f,very_low,500.0,true,822454.79,5821615.23,-23.91333333333333,
bb_b5a135ff,28800.0,pt,28,f,low,1500.0,false,810316.82,5846965.3,-20.093333333333337,
bb_dadf3d9b,28800.0,pt,58,f,medium,3000.0,false,778680.72,5821543.03,-19.726666666666667,
bb_4e9e928f,28800.0,pt,35,m,low,2000.0,true,799330.92,5849313.18,-17.613333333333333,
bb_56867ccc,28800.0,pt,64,m,medium,2000.0,false,810256.34,5851726.1,-26.81333333333333,
bb_89e1cbc2,28800.0,pt,53,f,high,3600.0,false,773901.38,5833587.31,-20.213333333333335,
bb_7effdfda,28800.0,pt,42,m,high,4600.0,false,780532.86,5812469.55,-12.213333333333335,
bb_3af61049,28800.0,pt,48,f,very_low,500.0,true,815024.68,5808638.48,-26.513333333333332,
bb_70cf0171,28800.0,pt,57,f,medium,2000.0,false,800500.54,5808004.49,-14.813333333333334,
bb_0647bddf,28800.0,pt,28,f,high,3600.0,false,785865.54,5811716.85,-17.403333333333336,
bb_0b4a9f40,28800.0,pt,92,m,low,1500.0,true,777133.13,5831399.68,-11.713333333333335,
bb_3016c607,28800.0,pt,42,m,high,4600.0,false,789498.71,5803493.63,-13.613333333333337,
bb_90f710c6,28800.0,pt,36,f,high,3600.0,false,779179.46,5821687.23,-15.726666666666667,
bb_738fd8fb,28800.0,pt,12,f,high,3600.0,false,788556.22,5793986.79,-13.613333333333335,
bb_d7734ca8,28800.0,pt,10,f,medium,4600.0,false,775695.38,5789962.3,-36.21333333333333,
bb_764ae8e0,28800.0,pt,58,m,high,4600.0,false,764225.77,5836517.83,-23.713333333333335,
bb_9721952e,28800.0,pt,59,f,medium,2600.0,false,823821.71,5779882.22,-17.61333333333334,
bb_c9d60338,28800.0,pt,8,f,very_low,900.0,false,794365.41,5839883.12,-22.813333333333336,
bb_90274d52,28800.0,pt,49,m,high,4600.0,false,819546.11,5829670.33,-18.943333333333335,
bb_933407f2,28800.0,pt,62,m,medium,2000.0,false,806716.0,5837687.17,-16.093333333333334,
bb_6eebcef5,28800.0,pt,26,f,very_low,500.0,false,796486.74,5854081.65,-29.613333333333333,
bb_8b1cc369,28800.0,pt,88,f,medium,2600.0,true,776624.25,5812074.41,-10.813333333333334,
bb_1c39ad66,28800.0,pt,51,m,high,3600.0,false,778916.97,5831578.96,-11.713333333333333,
bb_ba888850,28800.0,pt,78,f,very_high,5600.0,false,821325.0,5822383.08,-23.91333333333333,
bb_d9e1127b,28800.0,pt,99,f,low,2000.0,true,781007.69,5809558.42,-17.613333333333337,
bb_15d885e6,28800.0,pt,45,f,high,3000.0,true,771408.05,5828447.83,-23.713333333333335,
bb_33f8c157,28800.0,pt,27,m,very_low,900.0,false,774820.95,5812795.61,-14.813333333333334,
bb_78b2de60,28800.0,pt,0,f,medium,3000.0,false,766066.25,5810881.58,-17.61333333333334,
bb_1b041202,28800.0,pt,19,f,low,1500.0,false,781486.7,5812155.93,-14.813333333333334,
bb_74eb105c,28800.0,pt,58,f,high,3600.0,false,813766.52,5808324.89,-21.61333333333333,
bb_0ab81cc0,28800.0,pt,59,f,low,1500.0,false,819589.54,5814557.43,-83.89333333333332,
bb_384496b8,28800.0,pt,36,m,very_low,499.0,true,775258.69,5833249.04,-16.113333333333333,
bb_39050bb1,28800.0,pt,47,f,high,4600.0,false,757499.86,5812397.56,-17.613333333333337,
bb_86720ed2,28800.0,pt,58,m,very_high,5600.0,false,783798.46,5848753.33,-24.21333333333334,
bb_b89db3d0,28800.0,pt,57,m,high,3600.0,false,775560.04,5829340.5,-13.313333333333334,
bb_bb6b8990,28800.0,pt,54,f,very_low,499.0,false,770178.57,5828902.09,-23.713333333333335,
bb_329625e5,28800.0,pt,48,m,high,3600.0,false,763263.19,5793502.24,-17.613333333333333,
bb_39fd5f78,28800.0,pt,74,f,low,900.0,false,779649.98,5811513.93,-14.813333333333334,
bb_8bc8a4d9,28800.0,pt,3,m,very_low,1500.0,false,803469.48,5802729.06,-29.61333333333333,
bb_afdc0952,28800.0,pt,92,m,low,1500.0,true,779669.19,5807992.94,-17.613333333333337,
bb_1eb57be4,28800.0,pt,30,m,medium,3600.0,false,806818.85,5836607.59,-19.443333333333335,
bb_cadcfcc7,28800.0,pt,12,m,high,4600.0,false,806318.57,5843522.84,-16.093333333333337,
bb_a8199760,28800.0,pt,11,f,very_low,900.0,false,774229.68,5814796.99,-14.813333333333334,
bb_82a31399,28800.0,pt,11,f,low,2600.0,false,809951.81,5834789.89,-13.613333333333335,
bb_88bb536b,28800.0,pt,47,f,medium,1500.0,false,808641.39,5841802.71,-17.913333333333334,
bb_9aaae589,28800.0,pt,70,m,medium,3000.0,false,814489.59,5855635.61,-30.81333333333333,
bb_45cc92e9,28800.0,pt,87,f,medium,1500.0,true,787969.32,5843021.04,-20.213333333333335,
bb_6ebdd8da,28800.0,pt,52,f,low,900.0,false,793458.54,5812511.81,-18.81333333333334,
bb_459febab,28800.0,pt,15,m,medium,2600.0,false,805916.18,5845951.68,-20.093333333333334,
bb_31e589e6,28800.0,pt,53,m,high,4600.0,false,823441.73,5833993.28,-30.943333333333335,
bb_2e449a8d,28800.0,pt,67,m,medium,2600.0,true,819973.51,5836032.46,-30.943333333333335,
bb_426ee068,28800.0,pt,60,f,very_low,499.0,false,792381.51,5812684.61,-9.613333333333337,
bb_db224c56,28800.0,pt,10,f,medium,3600.0,false,779527.37,5838351.94,-23.71333333333333,
bb_5c4c8696,28800.0,pt,69,f,low,1500.0,false,789289.92,5845073.19,-22.81333333333333,
bb_77063980,28800.0,pt,65,f,very_high,5600.0,true,771269.62,5795007.6,-24.213333333333335,
bb_61f5330f,28800.0,pt,38,f,low,1500.0,false,776627.02,5811766.83,-14.813333333333334,
bb_5b121c22,28800.0,pt,48,f,very_low,900.0,true,822332.0,5831931.31,-34.943333333333335,
bb_2a2ff43b,28800.0,pt,42,f,high,4600.0,false,778839.67,5813119.35,-14.813333333333334,
bb_a013a53b,28800.0,pt,53,m,medium,2000.0,false,776935.94,5814483.37,-17.613333333333337,
bb_06b0ab8d,28800.0,pt,39,m,medium,2600.0,false,774776.11,5814655.98,-14.813333333333334,
bb_7828870e,28800.0,pt,45,m,very_low,500.0,true,801479.61,5797563.43,-21.51333333333334,
bb_be9f30ef,28800.0,pt,40,f,high,4600.0,false,806754.14,5842614.25,-20.093333333333334,
bb_1f077e34,28800.0,pt,20,f,low,3600.0,false,755908.17,5803251.07,-24.213333333333342,
bb_463c0846,28800.0,pt,65,m,very_low,500.0,false,814797.48,5812835.86,-17.44333333333333,
bb_7a900326,28800.0,pt,11,f,very_high,5600.0,false,776448.42,5839953.62,-23.713333333333335,
bb_cd67dd5e,28800.0,pt,73,f,medium,2000.0,false,777328.72,5811014.16,-17.613333333333337,
bb_0035dbf8,28800.0,pt,60,m,low,900.0,false,820899.55,5841424.78,-26.943333333333335,
bb_b7f391ec,28800.0,pt,56,m,medium,3000.0,false,783356.28,5850770.17,-24.213333333333335,
bb_8adb732a,28800.0,pt,64,f,very_low,500.0,false,814915.79,5809830.16,-13.613333333333335,
bb_729fd6f7,28800.0,pt,31,f,high,4600.0,false,742219.98,5812144.27,-17.613333333333337,
bb_a14ce6aa,28800.0,pt,99,m,low,1500.0,false,792001.81,5813336.01,-13.613333333333335,
bb_da5cfc13,28800.0,pt,36,m,low,3600.0,false,781240.39,5871766.77,-29.613333333333337,
bb_88c862f3,28800.0,pt,17,m,very_high,5600.0,false,778508.46,5816918.58,-26.81333333333333,
bb_489c6af6,28800.0,pt,1,f,very_high,5600.0,false,790304.11,5802807.87,-13.613333333333339,
bb_5d956a55,28800.0,pt,87,f,low,900.0,false,822068.22,5830580.97,-18.943333333333335,
bb_568b6efc,28800.0,pt,53,m,high,4600.0,false,747569.44,5808809.78,-36.21333333333333,
bb_428c6903,28800.0,pt,44,f,low,2000.0,false,788833.67,5844341.23,-16.21333333333333,
bb_2f571158,28800.0,pt,51,f,high,5600.0,false,752382.89,5819932.04,-41.61333333333334,
bb_1ed80cfd,28800.0,pt,19,f,very_low,1500.0,false,787706.96,5848151.67,-24.213333333333335,
bb_44e6af8a,28800.0,pt,62,m,very_low,499.0,false,799406.02,5856874.05,-22.813333333333333,
bb_0e943d8e,28800.0,pt,31,f,very_low,900.0,false,765871.31,5808242.61,-17.61333333333334,
bb_4d3c39e6,28800.0,pt,12,f,high,5600.0,false,788541.83,5815922.76,-17.613333333333333,
bb_31d0f387,28800.0,pt,37,f,high,4600.0,false,775766.73,5831089.52,-13.313333333333334,
bb_0c173d31,28800.0,pt,30,f,very_low,900.0,false,807071.63,5845683.85,-20.093333333333337,
bb_57b56090,28800.0,pt,62,m,very_low,500.0,false,817928.7,5829757.05,-14.943333333333333,
bb_d01155b7,28800.0,pt,56,f,high,3000.0,false,792365.48,5839939.1,-18.813333333333336,
bb_871dc046,28800.0,pt,9,f,high,5600.0,false,774082.6,5803414.42,-17.613333333333337,
bb_b426a758,28800.0,pt,0,m,very_low,2000.0,false,780277.81,5848067.2,-24.21333333333334,
bb_67e815f5,28800.0,pt,17,m,high,4600.0,false,781136.87,5804137.61,-17.61333333333333,
bb_4935f059,28800.0,pt,51,m,high,3600.0,false,786483.39,5814405.64,-17.403333333333336,
bb_74ba5cdf,28800.0,pt,86,f,very_low,500.0,true,766703.37,5811948.28,-14.813333333333334,
bb_a528e741,28800.0,pt,30,f,medium,1500.0,false,778107.72,5813058.11,-14.813333333333333,
bb_1fa95cdc,28800.0,pt,2,m,medium,3000.0,false,818322.58,5823964.88,-23.91333333333333,
bb_0b609483,28800.0,pt,5,m,medium,3600.0,false,784655.58,5840731.64,-16.21333333333333,
bb_7972f469,28800.0,pt,31,m,high,3600.0,false,775264.65,5813729.27,-14.813333333333334,
bb_2529f2cc,28800.0,pt,67,m,low,1500.0,false,780901.85,5836261.09,-23.713333333333335,
bb_55805b8b,28800.0,pt,81,f,low,900.0,true,789958.64,5812621.77,-18.813333333333336,
bb_63156708,28800.0,pt,97,m,low,900.0,true,774984.2,5849290.23,-48.21333333333333,
bb_ce21c612,28800.0,pt,16,f,high,5600.0,false,795980.92,5841944.6,-18.48,
bb_d22d3065,28800.0,pt,31,f,high,3600.0,false,813997.13,5803791.22,-22.71333333333333,
bb_41ff5d96,28800.0,pt,77,m,medium,1500.0,false,777935.46,5798948.63,-17.613333333333337,
bb_850dfcbc,28800.0,pt,33,f,low,2000.0,false,777274.88,5812980.48,-14.813333333333334,
bb_ba3327f8,28800.0,pt,43,f,low,900.0,false,801947.83,5802735.35,-23.913333333333334,
bb_3e2a0cbb,28800.0,pt,42,m,very_low,500.0,true,814919.26,5807612.73,-17.61333333333334,
bb_52200b67,28800.0,pt,71,f,low,1500.0,false,780618.72,5811266.34,-12.213333333333335,
bb_5434ee08,28800.0,pt,60,m,low,900.0,false,819486.48,5824593.11,-23.913333333333334,
bb_68e451f0,28800.0,pt,74,m,high,4600.0,true,788720.33,5814999.15,-17.613333333333333,
bb_d764fe0a,28800.0,pt,64,m,very_low,499.0,false,819826.26,5823429.51,-23.91333333333333,
bb_057d8574,28800.0,pt,42,f,medium,2600.0,false,790527.3,5803142.9,-13.613333333333337,
bb_c605eb29,28800.0,pt,58,f,medium,2000.0,false,781344.1,5812197.41,-14.813333333333334,
bb_da0a205d,28800.0,pt,2,m,very_low,900.0,false,833192.3,5873054.18,-33.61333333333334,
bb_75ea5907,28800.0,pt,38,m,very_low,500.0,false,802782.66,5796897.2,-21.513333333333335,
bb_49d373ee,28800.0,pt,80,f,medium,2000.0,false,800918.41,5810445.22,-14.813333333333334,
bb_1ee17339,28800.0,pt,55,f,low,1500.0,false,777483.16,5830322.99,-14.813333333333334,
bb_b74a065c,28800.0,pt,25,f,very_low,1500.0,false,801079.09,5855822.55,-22.813333333333336,
bb_102fef6a,28800.0,pt,42,f,very_high,5600.0,false,796461.64,5844260.56,-19.68,
bb_a4f07fb1,28800.0,pt,21,m,medium,2600.0,false,778557.44,5809145.01,-12.213333333333335,
bb_1d083ce4,28800.0,pt,16,m,very_low,1500.0,false,821328.61,5813146.4,-29.61333333333334,
bb_ba3cb294,28800.0,pt,23,m,low,2000.0,true,786044.23,5853033.02,-17.613333333333337,
bb_529c5c8d,28800.0,pt,45,f,medium,3600.0,false,784372.4,5866924.85,-29.613333333333333,
bb_6325e999,28800.0,pt,42,m,high,4600.0,false,808107.57,5837414.45,-16.093333333333334,
bb_ca7dfac8,28800.0,pt,83,f,medium,2000.0,false,813955.76,5808091.06,-17.61333333333334,
bb_da17f478,28800.0,pt,63,m,high,4600.0,false,808148.87,5845483.39,-16.093333333333334,
bb_d31589ce,28800.0,pt,48,m,medium,1500.0,false,809029.43,5846229.92,-22.813333333333336,
bb_129c0420,28800.0,pt,38,m,medium,3000.0,false,806968.3,5843977.88,-16.093333333333334,
bb_9b9d9eec,28800.0,pt,70,m,low,900.0,false,763553.74,5792981.55,-17.613333333333333,
bb_9d493b3a,28800.0,pt,23,f,high,3600.0,false,826224.57,5858449.95,-21.613333333333337,
bb_a1996ef5,28800.0,pt,72,f,very_low,900.0,false,810426.77,5849035.18,-26.81333333333333,
bb_28e7a7d6,28800.0,pt,42,f,medium,3600.0,false,864809.53,5811283.4,-23.913333333333334,
bb_8f8982dc,28800.0,pt,9,m,medium,3600.0,false,764857.71,5855489.13,-163.0443321738961,
bb_7e5199b9,28800.0,pt,5,m,medium,3000.0,false,822875.41,5829302.48,-18.943333333333335,
bb_ae340e3c,28800.0,pt,91,f,low,900.0,false,814868.98,5830956.52,-18.943333333333335,
bb_a59c281b,28800.0,pt,53,f,high,2600.0,false,779589.71,5812933.2,-14.813333333333334,
bb_0267b5aa,28800.0,pt,75,m,low,900.0,true,786441.37,5801511.1,-21.513333333333335,
bb_47d46cb8,28800.0,pt,50,m,medium,2000.0,false,814659.99,5813383.51,-26.043333333333337,
bb_3e577ac4,28800.0,pt,60,m,very_low,500.0,true,826429.87,5818746.48,-16.213333333333335,
bb_120f1a3c,28800.0,pt,47,m,low,900.0,false,802021.35,5808085.98,-18.813333333333336,
bb_b7c9e30b,28800.0,pt,43,m,very_low,1500.0,false,788776.61,5793949.29,-13.613333333333335,
bb_9c6dafa1,28800.0,pt,34,f,medium,2600.0,false,787946.89,5852382.66,-14.813333333333333,
bb_a2d08090,28800.0,pt,28,f,medium,2000.0,false,824364.2,5829252.39,-22.943333333333335,
bb_63819c40,28800.0,pt,50,m,medium,2000.0,false,775279.19,5814381.7,-14.813333333333334,
bb_83c7b069,28800.0,pt,59,m,medium,3000.0,false,783934.59,5840543.46,-16.213333333333335,
bb_22ba8be1,28800.0,pt,13,m,very_low,1500.0,false,777548.33,5832046.5,-14.813333333333334,
bb_9ff44dba,28800.0,pt,52,f,high,3600.0,false,789877.06,5802760.93,-13.613333333333337,
bb_cebc9500,28800.0,pt,30,m,high,2600.0,true,778951.23,5820164.09,-19.726666666666667,
bb_d951f9ca,28800.0,pt,56,f,high,3000.0,false,802712.09,5814674.9,-17.613333333333337,
bb_847264ec,28800.0,pt,9,m,very_low,2000.0,false,820253.18,5828165.49,-18.943333333333335,
bb_926ccd95,28800.0,pt,30,m,high,3600.0,false,772243.72,5815710.49,-17.613333333333337,
bb_9a504b68,28800.0,pt,36,f,high,4600.0,false,804349.19,5800515.94,-35.913333333333334,
bb_cd074066,28800.0,pt,40,m,medium,3000.0,false,781302.2,5810992.21,-17.613333333333337,
bb_13bf4daa,28800.0,pt,24,m,very_low,499.0,false,792186.47,5815295.38,-13.613333333333333,
bb_1e4222e1,28800.0,pt,38,m,high,3600.0,false,777491.48,5814977.14,-17.613333333333333,
bb_bee3894d,28800.0,pt,16,m,high,4600.0,false,810072.77,5842977.91,-22.813333333333333,
bb_2525db31,28800.0,pt,83,f,medium,2600.0,false,812509.34,5804234.8,-22.713333333333335,
bb_b380e06b,28800.0,pt,28,m,very_high,5600.0,false,771256.74,5833154.55,-13.313333333333334,
bb_b0a0d7e0,28800.0,pt,31,f,high,4600.0,false,771476.38,5814163.46,-17.613333333333337,
bb_1825ca80,28800.0,pt,72,m,low,1500.0,true,815462.74,5806504.57,-17.443333333333335,
bb_05af46dd,28800.0,pt,49,m,high,2600.0,false,740521.95,5809219.16,-22.81333333333334,
bb_a1ae28a3,28800.0,pt,61,m,very_low,500.0,false,786497.84,5852686.47,-17.613333333333337,
bb_7aabbc02,28800.0,pt,21,m,low,3000.0,false,776641.0,5833656.29,-20.213333333333335,
bb_8f72c825,28800.0,pt,8,m,medium,3000.0,false,778816.42,5796111.4,-36.21333333333333,
bb_26503d8e,28800.0,pt,62,f,medium,2600.0,true,806699.83,5837758.74,-16.093333333333334,
bb_96f914de,28800.0,pt,56,f,high,3000.0,false,813471.36,5823980.74,-17.613333333333333,
bb_9fab066e,28800.0,pt,50,f,low,1500.0,false,789902.62,5803588.85,-13.613333333333337,
bb_1f899eb5,28800.0,pt,35,f,high,4600.0,false,769349.97,5813453.95,-17.613333333333333,
bb_8a093e98,28800.0,pt,7,m,medium,3600.0,false,782035.32,5810147.73,-17.61333333333334,
bb_455f39e2,28800.0,pt,52,f,low,1500.0,false,774955.06,5828751.52,-13.313333333333334,
bb_288a47ea,28800.0,pt,4,m,medium,2600.0,false,783332.31,5848715.78,-24.213333333333335,
bb_aa29ac75,28800.0,pt,32,f,medium,2000.0,false,822708.25,5832237.39,-22.943333333333335,
bb_d2e12378,28800.0,pt,36,f,very_low,1500.0,false,777584.84,5812697.1,-14.813333333333334,
bb_b5bce475,28800.0,pt,5,m,very_low,1500.0,false,782092.05,5809917.66,-17.613333333333337,
bb_cd4b7e25,28800.0,pt,55,f,medium,3000.0,true,822706.65,5830750.61,-18.943333333333335,
bb_4ce9df2f,28800.0,pt,53,m,high,3600.0,false,793298.44,5808612.65,-18.81333333333333,
bb_8ee64fb5,28800.0,pt,47,f,high,3600.0,false,777455.09,5812713.05,-14.813333333333334,
bb_3af09c9c,28800.0,pt,37,m,very_high,5600.0,false,816616.55,5800704.45,-17.613333333333337,
bb_00b01f0d,28800.0,pt,59,f,very_low,500.0,true,819380.4,5822867.8,-20.043333333333333,
bb_a93d83ad,28800.0,pt,33,f,medium,3000.0,false,785609.17,5812162.76,-16.213333333333335,
bb_127c49eb,28800.0,pt,48,m,high,3000.0,false,806726.78,5846249.05,-20.093333333333334,
bb_4927eaca,28800.0,pt,36,f,very_low,2000.0,false,811242.81,5834408.2,-26.813333333333333,
bb_6f28e48a,28800.0,pt,18,m,medium,2000.0,false,774512.16,5799971.94,-22.813333333333336,
bb_29080db7,28800.0,pt,20,f,very_low,2000.0,false,781454.51,5811278.84,-14.813333333333334,
bb_158004b3,28800.0,pt,20,m,medium,3600.0,false,734443.29,5852157.89,-95.71333333333334,
bb_db1eaeae,28800.0,pt,57,f,very_low,500.0,false,788330.17,5844097.3,-16.21333333333333,
bb_2a3fd8ad,28800.0,pt,42,f,high,3000.0,true,801524.01,5854100.78,-22.813333333333333,
bb_a11c8cdc,28800.0,pt,6,f,low,2000.0,false,789807.3,5845964.87,-14.81333333333333,
bb_a1495011,28800.0,pt,47,f,low,900.0,true,814937.08,5806674.95,-17.61333333333334,
bb_9194bece,28800.0,pt,27,f,low,2000.0,false,801710.49,5814169.92,-14.813333333333334,
bb_db8754f8,28800.0,pt,4,f,very_high,5600.0,false,814347.27,5802422.25,-17.613333333333337,
bb_0915e41a,28800.0,pt,38,f,high,4600.0,false,784610.9,5840906.17,-16.21333333333333,
bb_672be0c4,28800.0,pt,30,f,medium,2000.0,false,790639.71,5813601.53,-12.213333333333335,
bb_9a198c76,28800.0,pt,73,f,medium,1500.0,true,816819.45,5840481.32,-26.943333333333342,
bb_8c2d62eb,28800.0,pt,30,m,very_low,900.0,false,791244.84,5812965.01,-13.613333333333335,
bb_61102a7d,28800.0,pt,71,m,medium,1500.0,false,768364.13,5813006.98,-26.81333333333334,
bb_19a57a13,28800.0,pt,86,f,low,900.0,true,787617.54,5850999.55,-88.21333333333334,
bb_448e1e83,28800.0,pt,40,f,high,4600.0,false,774188.65,5803398.23,-17.613333333333333,
bb_0e3d2a30,28800.0,pt,62,f,very_low,500.0,false,769075.45,5811397.84,-17.613333333333333,
bb_4d3af2b7,28800.0,pt,77,f,high,2600.0,true,792746.46,5839438.45,-18.813333333333336,
bb_62b774cb,28800.0,pt,67,f,medium,2000.0,false,807808.87,5843976.41,-20.093333333333334,
bb_b0f5d313,28800.0,pt,27,m,low,1500.0,false,803359.02,5798507.51,-33.61333333333334,
bb_0fc50e37,28800.0,pt,53,f,high,3000.0,false,808972.41,5846003.87,-16.093333333333334,
bb_35a7069b,28800.0,pt,78,f,medium,2000.0,false,789454.21,5845740.78,-14.813333333333333,
bb_7b1960b7,28800.0,pt,8,m,high,5600.0,false,783571.29,5848660.52,-24.213333333333335,
bb_266855e4,28800.0,pt,54,f,medium,3000.0,false,784781.5,5840270.31,-12.213333333333331,
bb_9fb02381,28800.0,pt,38,f,high,3600.0,false,791907.45,5815609.06,-13.613333333333333,
bb_28e5d573,28800.0,pt,78,m,high,2600.0,true,819596.25,5828800.67,-18.94333333333333,
bb_b32224cc,28800.0,pt,7,f,high,4600.0,false,772536.39,5815732.71,-17.613333333333337,
bb_433e3e82,28800.0,pt,87,f,very_high,5600.0,true,763362.58,5820357.73,-23.713333333333335,
bb_9f07488e,28800.0,pt,68,f,low,900.0,false,786228.67,5811761.46,-17.403333333333336,
bb_45ecf264,28800.0,pt,55,f,high,3000.0,false,778596.25,5821178.43,-17.61333333333334,
bb_5cc097ad,28800.0,pt,18,f,high,4600.0,false,767997.62,5810047.98,-17.61333333333334,
bb_994fe2bd,28800.0,pt,5,f,medium,3000.0,false,819311.07,5804123.74,-22.513333333333335,
bb_4e4752c2,28800.0,pt,5,f,very_low,1500.0,false,818109.94,5810951.96,-22.513333333333335,
bb_4a441548,28800.0,pt,41,f,low,3000.0,false,793737.98,5842986.06,-16.213333333333335,
bb_42bd7a4c,28800.0,pt,20,f,low,2000.0,true,807896.74,5814607.51,-17.61333333333334,
bb_b631eb96,28800.0,pt,82,m,low,1500.0,true,784544.97,5840542.63,-12.213333333333331,
bb_86c08f9f,28800.0,pt,14,m,low,3000.0,false,778377.64,5809871.1,-17.613333333333337,
bb_24e72b3e,28800.0,pt,9,m,low,3000.0,false,771597.02,5813652.83,-17.613333333333337,
bb_cb1f7ad7,28800.0,pt,67,f,very_high,5600.0,true,819942.97,5828005.34,-18.943333333333335,
bb_71fa2e63,28800.0,pt,53,f,very_low,500.0,true,806727.93,5843833.1,-12.093333333333334,
bb_4c1645b7,28800.0,pt,28,m,very_low,499.0,false,815522.43,5809578.66,-17.443333333333335,
bb_149df275,28800.0,pt,85,f,medium,1500.0,false,783042.45,5850091.96,-24.213333333333335,
bb_376b1a5d,28800.0,pt,13,f,low,2000.0,false,807563.54,5845400.72,-16.093333333333334,
bb_30616770,28800.0,pt,16,f,very_low,2000.0,false,781962.51,5811097.58,-14.813333333333334,
bb_36547421,28800.0,pt,58,f,medium,2600.0,false,789789.15,5802593.38,-13.613333333333335,
bb_0eaceb4c,28800.0,pt,50,f,very_low,500.0,true,765713.32,5815855.33,-29.61333333333334,
bb_0c0df961,28800.0,pt,87,m,high,4600.0,false,795398.71,5839963.74,-22.813333333333336,
bb_2a32f68e,28800.0,pt,54,m,medium,1500.0,false,822059.86,5841236.1,-62.94333333333334,
bb_9a10e7f9,28800.0,pt,52,m,low,900.0,false,820295.17,5842150.72,-26.943333333333335,
bb_4f13cdf2,28800.0,pt,55,f,medium,2000.0,false,814554.45,5804360.72,-17.613333333333337,
bb_03c41d9e,28800.0,pt,39,m,medium,1500.0,false,805951.36,5842616.82,-16.093333333333334,
bb_48e57824,28800.0,pt,56,m,medium,3000.0,false,773836.35,5830101.73,-23.713333333333335,
bb_ae4f7e80,28800.0,pt,68,m,low,900.0,true,780218.7,5848433.62,-28.213333333333342,
bb_9b3f5bc9,28800.0,pt,46,m,very_low,1500.0,false,777512.41,5831333.35,-11.713333333333335,
bb_d5711f75,28800.0,pt,54,m,low,900.0,false,778625.07,5812701.29,-12.213333333333335,
bb_b5ef7cd9,28800.0,pt,76,f,medium,1500.0,true,789525.75,5844445.98,-14.813333333333333,
bb_561cbc65,28800.0,pt,61,m,medium,2600.0,false,781316.83,5810680.71,-14.813333333333333,
bb_943b197b,28800.0,pt,63,f,very_low,500.0,false,790431.23,5813458.1,-13.613333333333335,
bb_187d4243,28800.0,pt,41,m,high,3600.0,false,789441.11,5813644.71,-16.213333333333335,
bb_49dbb602,28800.0,pt,81,f,medium,3000.0,false,791507.14,5844413.84,-16.213333333333335,
bb_2fb85673,28800.0,pt,51,f,medium,2000.0,false,778573.07,5811294.29,-17.613333333333337,
bb_0643c5f0,28800.0,pt,10,f,very_low,1500.0,false,791606.04,5840517.36,-18.813333333333333,
bb_aaab936b,28800.0,pt,10,m,low,3000.0,false,777307.82,5814954.36,-17.613333333333333,
bb_34c5c185,28800.0,pt,94,m,low,900.0,false,814763.16,5807561.58,-17.61333333333334,
bb_cb72d6df,28800.0,pt,43,m,high,4600.0,false,810465.78,5835708.33,-13.613333333333335,
bb_c0f5f7de,28800.0,pt,47,f,high,5600.0,false,807694.95,5843537.97,-20.093333333333337,
bb_930224c5,28800.0,pt,57,f,medium,1500.0,false,796001.24,5791334.28,-85.61333333333336,
bb_c767cd7a,28800.0,pt,33,m,medium,1500.0,false,772804.64,5815357.88,-17.613333333333337,
bb_13b561d8,28800.0,pt,26,f,very_low,1500.0,false,812805.74,5811057.18,-29.613333333333337,
bb_6e4e9197,28800.0,pt,62,m,medium,1500.0,false,786447.64,5852768.68,-17.613333333333337,
bb_3004d564,28800.0,pt,52,m,low,2000.0,false,795689.22,5844167.29,-19.68,
bb_7c71f275,28800.0,pt,38,f,high,4600.0,false,786573.88,5814372.3,-17.403333333333336,
bb_02c6dd3c,28800.0,pt,16,m,medium,2600.0,false,815499.43,5800459.57,-17.61333333333334,
bb_c8f1b4f0,28800.0,pt,16,m,high,5600.0,false,774959.54,5815436.04,-17.613333333333337,
bb_7a0baf69,28800.0,pt,8,f,high,4600.0,false,785420.63,5812672.36,-17.613333333333337,
bb_1edd7571,28800.0,pt,34,f,very_low,900.0,false,827191.45,5848116.13,-33.61333333333334,
bb_b2665d70,28800.0,pt,72,m,high,2600.0,true,783799.05,5853049.25,-24.213333333333335,
bb_70c312b2,28800.0,pt,9,f,very_high,5600.0,false,819587.14,5812092.16,-22.513333333333335,
bb_1bb78741,28800.0,pt,69,f,low,900.0,true,780161.21,5841791.4,-20.213333333333335,
bb_43d2c06a,28800.0,pt,80,f,medium,1500.0,false,771384.24,5814086.81,-17.613333333333337,
bb_a719094b,28800.0,pt,23,m,low,900.0,false,744810.87,5840099.48,-32.11333333333333,
bb_8cb8789e,28800.0,pt,56,m,medium,3000.0,false,793150.86,5843328.6,-16.213333333333335,
bb_d0c93ddd,28800.0,pt,31,m,medium,2600.0,false,737784.39,5813743.3,-26.813333333333336,
bb_845035c6,28800.0,pt,62,f,high,3600.0,false,776086.92,5813293.0,-14.813333333333334,
bb_c363a672,28800.0,pt,57,f,medium,2000.0,false,773868.51,5814614.53,-17.613333333333337,
bb_9c887f84,28800.0,pt,15,m,medium,3000.0,false,792341.0,5814445.86,-18.81333333333334,
bb_9cfc93dc,28800.0,pt,61,m,very_low,500.0,false,823865.71,5829565.6,-18.943333333333335,
bb_6ec9ee8e,28800.0,pt,48,m,medium,3000.0,false,777505.49,5787500.9,-25.613333333333337,
bb_6e7b6278,28800.0,pt,44,m,high,2600.0,false,766041.92,5844727.82,-32.11333333333333,
bb_455185ce,28800.0,pt,49,f,high,4600.0,false,765437.69,5809181.55,-17.613333333333337,
bb_8f71f3d7,28800.0,pt,16,f,medium,2600.0,false,777389.64,5832322.78,-11.713333333333335,
bb_3c9d467d,28800.0,pt,10,f,high,4600.0,false,775699.04,5811358.78,-14.813333333333334,
bb_7b9a7096,28800.0,pt,34,f,medium,2000.0,false,793102.21,5814013.59,-13.613333333333335,
bb_c5000fe8,28800.0,pt,71,m,low,1500.0,true,782918.12,5855316.72,-84.21333333333334,
bb_2aaa4366,28800.0,pt,38,m,low,2000.0,false,816279.37,5840189.95,-13.613333333333335,
bb_6c648da6,28800.0,pt,50,m,high,3600.0,false,807328.35,5843870.42,-16.093333333333337,
bb_c7edfcf8,28800.0,pt,96,m,low,1500.0,false,776802.67,5831773.95,-13.313333333333334,
bb_67ba895b,28800.0,pt,65,f,very_high,4600.0,true,790219.09,5847143.4,-17.913333333333334,
bb_7b781e11,28800.0,pt,42,m,medium,3600.0,false,779961.28,5813082.89,-14.813333333333334,
bb_30fe68ab,28800.0,pt,42,f,medium,1500.0,false,755786.33,5809852.88,-29.613333333333337,
bb_6f4d509b,28800.0,pt,8,m,high,3600.0,false,805912.85,5845486.32,-20.093333333333334,
bb_0a68c160,28800.0,pt,39,m,low,3000.0,false,771888.13,5815878.46,-17.613333333333333,
bb_24975ff0,28800.0,pt,2,m,medium,2600.0,false,778965.83,5812365.51,-12.213333333333335,
bb_a6026682,28800.0,pt,30,f,medium,2000.0,false,770967.5,5815894.81,-17.61333333333334,
bb_5af0b247,28800.0,pt,5,m,very_high,5600.0,false,781360.68,5810932.44,-17.613333333333337,
bb_b7c5da6c,28800.0,pt,28,m,very_low,500.0,false,803833.74,5794457.85,-33.61333333333334,
bb_c562cd6d,28800.0,pt,47,f,low,1500.0,false,767756.62,5804289.9,-17.613333333333337,
bb_442274ec,28800.0,pt,65,f,very_high,5600.0,true,789221.05,5845552.84,-16.213333333333335,
bb_87efe5ee,28800.0,pt,59,f,very_low,500.0,false,821534.81,5840820.19,-62.943333333333335,
bb_9a790f6b,28800.0,pt,5,m,high,3600.0,false,777255.51,5851507.59,-116.96667097113664,
bb_344a62a9,28800.0,pt,19,f,very_low,1500.0,false,775892.27,5811326.28,-14.813333333333336,
bb_65975cea,28800.0,pt,55,m,medium,2000.0,false,761232.99,5799938.71,-24.21333333333334,
bb_21115dbf,28800.0,pt,94,m,low,1500.0,true,793191.45,5809577.58,-18.813333333333336,
bb_028cef31,28800.0,pt,96,f,medium,1500.0,true,765635.45,5809036.43,-17.61333333333334,
bb_aeb2de78,28800.0,pt,62,f,very_low,500.0,false,828237.87,5830527.29,-22.943333333333335,
bb_890b4825,28800.0,pt,54,m,medium,1500.0,false,791875.44,5812760.54,-13.613333333333333,
bb_59d1d118,28800.0,pt,38,f,very_high,5600.0,false,824373.16,5815356.86,-23.913333333333334,
bb_59355d8c,28800.0,pt,52,f,low,900.0,false,792258.36,5840578.57,-18.813333333333336,
bb_738ab4a8,28800.0,pt,57,m,very_low,500.0,false,767241.34,5809852.55,-17.613333333333337,
bb_5e4d8310,28800.0,pt,30,f,medium,1500.0,false,857006.32,5799831.07,-114.51333333333334,
bb_bc135175,28800.0,pt,69,m,high,3000.0,false,809362.62,5847117.83,-20.093333333333334,
bb_d4895f20,28800.0,pt,37,m,high,4600.0,false,839683.3,5723337.17,-41.61333333333334,
bb_da4e3a7b,28800.0,pt,52,m,very_low,499.0,false,779207.68,5809929.84,-17.613333333333337,
bb_1e5ae3d7,28800.0,pt,22,f,medium,3000.0,false,789092.2,5843798.09,-14.813333333333333,
bb_b45ffdfe,28800.0,pt,14,f,low,2000.0,false,822647.34,5823155.13,-23.91333333333333,
bb_89c120cc,28800.0,pt,88,f,medium,2000.0,false,786826.03,5845065.37,-28.213333333333335,
bb_981cdbbd,28800.0,pt,25,f,medium,2600.0,false,821965.21,5829204.65,-18.943333333333335,
bb_a2f2fa9e,28800.0,pt,8,m,very_high,5600.0,false,812528.81,5812010.09,-29.61333333333334,
bb_4651fb83,28800.0,pt,8,m,medium,3000.0,false,779106.35,5810683.93,-17.613333333333337,
bb_dc78d386,28800.0,pt,72,m,medium,2000.0,true,785353.1,5855337.72,-28.92,
bb_7e081970,28800.0,pt,8,f,very_low,900.0,false,768292.54,5810227.34,-17.613333333333337,
bb_ac748c9c,28800.0,pt,25,f,very_low,499.0,false,824103.43,5831790.49,-22.943333333333335,
bb_01a3046e,28800.0,pt,67,f,very_high,5600.0,false,767184.89,5828949.86,-16.113333333333333,
bb_8bacea3e,28800.0,pt,15,m,low,2600.0,false,778444.41,5810260.43,-17.613333333333337,
bb_12fe8fc1,28800.0,pt,7,m,high,4600.0,false,788788.66,5804751.49,-13.613333333333337,
bb_a3216c86,28800.0,pt,51,m,medium,3600.0,false,811087.91,5846088.22,-16.093333333333334,
bb_0cde4385,28800.0,pt,42,m,low,3000.0,false,765781.43,5847422.61,-32.11333333333333,
bb_69dba010,28800.0,pt,96,f,medium,1500.0,false,791076.63,5802124.06,-13.613333333333337,
bb_365ab642,28800.0,pt,38,m,high,3600.0,false,792099.41,5839946.63,-18.813333333333336,
bb_bf71d3fa,28800.0,pt,90,f,low,900.0,true,776923.73,5831611.11,-11.713333333333335,
bb_b3220645,28800.0,pt,8,f,high,4600.0,false,776980.03,5832999.35,-20.213333333333335,
bb_a60e5e8a,28800.0,pt,81,f,medium,2600.0,true,778629.66,5812161.57,-12.213333333333335,
bb_ced32f62,28800.0,pt,97,m,low,1500.0,false,774016.85,5831231.63,-16.113333333333333,
bb_916aa55d,28800.0,pt,95,f,medium,3000.0,true,823337.5,5824248.89,-23.913333333333334,
bb_bd0be0e5,28800.0,pt,62,f,medium,2000.0,false,806436.27,5845268.48,-20.093333333333334,
bb_0c37514d,28800.0,pt,27,m,medium,2000.0,false,783602.48,5841151.02,-20.213333333333335,
bb_3f882ff7,28800.0,pt,68,f,high,4600.0,false,771156.59,5821670.25,-22.813333333333336,
bb_76638d2e,28800.0,pt,31,m,high,3600.0,false,739534.37,5808892.54,-22.81333333333334,
bb_14f99903,28800.0,pt,61,f,medium,3000.0,false,811043.69,5833762.28,-19.443333333333335,
bb_198e47b8,28800.0,pt,28,m,very_low,499.0,true,757468.22,5812577.81,-17.613333333333344,
bb_cbd5bbb6,28800.0,pt,20,f,very_low,2000.0,false,789007.79,5843599.03,-16.213333333333335,
bb_5953f962,28800.0,pt,43,m,medium,3000.0,false,819824.16,5833689.49,-30.943333333333335,
bb_260a92c8,28800.0,pt,27,m,medium,2600.0,false,778697.41,5810068.06,-17.613333333333337,
bb_2846631c,28800.0,pt,53,m,high,3600.0,false,789246.12,5843014.55,-20.213333333333335,
bb_442240b7,28800.0,pt,50,f,high,5600.0,false,784145.59,5839923.75,-16.21333333333333,
bb_424fd4a6,28800.0,pt,15,f,low,3000.0,false,817629.69,5809795.29,-22.513333333333335,
bb_36ba6760,28800.0,pt,56,m,medium,2000.0,true,799695.56,5810578.25,-14.813333333333334,
bb_7ac99184,28800.0,pt,38,m,very_high,5600.0,false,824196.03,5817346.98,-23.91333333333333,
bb_2f9e35e4,28800.0,pt,51,f,low,2000.0,false,775369.44,5828908.02,-13.313333333333334,
bb_2eb8c6db,28800.0,pt,55,m,very_low,500.0,true,847771.35,5816054.8,-76.21333333333332,
bb_0fd077ff,28800.0,pt,49,m,medium,1500.0,false,823489.53,5822278.55,-23.913333333333334,
bb_1254ba80,28800.0,pt,4,f,high,3600.0,false,788173.21,5789255.99,-49.61333333333334,
bb_34375149,28800.0,pt,39,m,high,3600.0,false,823269.03,5828775.44,-22.943333333333335,
bb_3b526928,28800.0,pt,91,m,medium,2000.0,false,767395.64,5810706.33,-17.61333333333334,
bb_6dbf431b,28800.0,pt,35,f,medium,2600.0,false,767534.81,5810496.7,-17.61333333333334,
bb_7fd1a2b3,28800.0,pt,38,f,medium,3000.0,false,776793.04,5813607.5,-14.813333333333334,
bb_4b2feeca,28800.0,pt,59,f,medium,3000.0,false,801130.36,5807955.76,-14.813333333333334,
bb_ba9aaa91,28800.0,pt,58,f,high,2600.0,false,854296.67,5896233.68,-33.61333333333334,
bb_84ff5c14,28800.0,pt,8,m,very_low,2000.0,false,802577.51,5805842.39,-23.913333333333334,
bb_1ab4eef7,28800.0,pt,93,m,medium,2000.0,false,760419.85,5812097.17,-22.813333333333336,
bb_a36ae4a6,28800.0,pt,17,f,medium,2000.0,false,762870.03,5835067.14,-17.313333333333333,
bb_b3a96759,28800.0,pt,32,m,medium,2000.0,true,793381.68,5853815.67,-28.21333333333334,
bb_8d406392,28800.0,pt,23,f,very_low,900.0,true,762960.75,5835587.14,-20.21333333333334,
bb_37da68ff,28800.0,pt,63,m,low,900.0,false,819401.22,5822429.33,-20.043333333333337,
bb_4b5afe93,28800.0,pt,40,m,high,4600.0,false,820346.51,5803801.52,-22.513333333333335,
bb_b58fecd6,28800.0,pt,46,f,very_low,900.0,false,811455.68,5846793.18,-22.813333333333336,
bb_a0a0ff4c,28800.0,pt,37,m,high,3000.0,false,787709.41,5814627.8,-16.213333333333335,
bb_6d3b2cd7,28800.0,pt,47,m,low,1500.0,false,781192.33,5811681.48,-12.213333333333335,
bb_bffabd5c,28800.0,pt,46,f,very_low,900.0,false,775081.36,5803589.63,-17.613333333333333,
bb_92cd1c58,28800.0,pt,53,m,medium,3600.0,false,791653.53,5813853.22,-13.613333333333337,
bb_c450a00d,28800.0,pt,50,f,medium,2000.0,false,786453.28,5813719.33,-14.813333333333334,
bb_3d931137,28800.0,pt,80,f,high,3000.0,false,767184.62,5811561.64,-14.813333333333334,
bb_3100fc52,28800.0,pt,95,f,high,3600.0,false,771822.92,5815941.45,-17.613333333333337,
bb_d2ecd858,28800.0,pt,50,f,medium,1500.0,false,781747.18,5811588.16,-14.813333333333334,
bb_2f5bd4f5,28800.0,pt,16,f,very_high,5600.0,false,795098.44,5854070.4,-29.613333333333333,
bb_88bca602,28800.0,pt,59,f,low,1500.0,false,831278.95,5836844.33,-18.943333333333335,
bb_83389e7b,28800.0,pt,63,m,medium,2000.0,false,779349.08,5809905.65,-17.613333333333337,
bb_79151c57,28800.0,pt,25,m,low,900.0,false,808991.41,5846878.04,-22.813333333333333,
bb_b34ef800,28800.0,pt,32,f,low,900.0,false,813971.48,5830646.43,-18.656666666666666,
bb_4a32ecc2,28800.0,pt,65,f,very_low,500.0,false,768291.41,5786178.92,-26.81333333333334,
bb_ba241493,28800.0,pt,33,m,very_low,500.0,false,763836.15,5816119.3,-17.61333333333334,
bb_c39dd123,28800.0,pt,37,m,high,4600.0,false,772537.03,5821143.87,-22.813333333333336,
bb_dc1da0be,28800.0,pt,41,m,high,2600.0,false,740472.1,5781637.03,-24.213333333333335,
bb_b2591fbe,28800.0,pt,71,m,medium,2000.0,true,800715.54,5809531.17,-14.813333333333334,
bb_5274a2f1,28800.0,pt,39,m,medium,2600.0,false,788935.69,5793431.73,-13.613333333333335,
bb_26b70e6a,28800.0,pt,72,f,low,1500.0,true,801749.02,5802939.56,-23.913333333333334,
bb_d1748156,28800.0,pt,35,m,high,4600.0,false,784236.33,5840547.7,-14.813333333333334,
bb_ab750a17,28800.0,pt,22,m,medium,3000.0,false,783686.52,5841116.42,-20.213333333333335,
bb_6d657f1c,28800.0,pt,58,f,medium,1500.0,false,783300.72,5841060.26,-20.213333333333335,
bb_c00e0b52,28800.0,pt,73,m,very_low,900.0,false,769387.2,5811215.09,-17.613333333333337,
bb_6fae0215,28800.0,pt,46,m,very_low,900.0,false,786361.21,5855046.04,-17.613333333333337,
bb_0e3d5f0d,28800.0,pt,49,m,medium,1500.0,false,783835.93,5839484.07,-16.213333333333335,
bb_3c9b9cd9,28800.0,pt,29,m,medium,1500.0,false,823785.21,5864394.97,-21.613333333333333,
bb_7e76591d,28800.0,pt,73,m,medium,1500.0,false,777145.96,5831074.99,-11.713333333333335,
bb_83b5c433,28800.0,pt,50,f,very_high,5600.0,false,778882.17,5796114.95,-36.21333333333333,
bb_b076b860,28800.0,pt,80,f,medium,1500.0,false,776561.05,5813231.87,-14.813333333333334,
bb_b3cc73fc,28800.0,pt,6,m,medium,2600.0,false,814950.55,5807043.67,-17.61333333333334,
bb_57bbea98,28800.0,pt,10,m,low,2000.0,false,792334.03,5839588.43,-18.813333333333336,
bb_0ff810b0,28800.0,pt,15,m,low,3000.0,false,787284.24,5816057.32,-13.403333333333336,
bb_4e5fe34c,28800.0,pt,66,f,low,1500.0,false,792767.83,5814641.47,-13.613333333333335,
bb_86f78f07,28800.0,pt,85,m,low,900.0,false,781688.53,5810186.07,-17.613333333333337,
bb_d5992f62,28800.0,pt,16,m,very_low,2600.0,false,820326.0,5806451.01,-22.713333333333335,
bb_cae2f03b,28800.0,pt,30,f,medium,2600.0,false,821781.81,5831685.61,-34.943333333333335,
bb_11728456,28800.0,pt,13,f,very_high,5600.0,false,781749.43,5810190.53,-14.813333333333334,
bb_51cb0968,28800.0,pt,45,m,medium,1500.0,false,775991.76,5813350.99,-14.813333333333334,
bb_7e3c9bbd,28800.0,pt,17,m,very_high,5600.0,false,821120.95,5838734.1,-30.943333333333335,
bb_95da16c5,28800.0,pt,63,f,low,1500.0,false,815132.0,5809132.94,-17.443333333333335,
bb_9e8ea99c,28800.0,pt,51,f,high,3600.0,false,784010.44,5839220.56,-16.213333333333335,
bb_8351fcb0,28800.0,pt,58,m,very_low,499.0,false,819037.4,5822948.27,-20.043333333333337,
bb_bbb9dd5c,28800.0,pt,47,m,medium,3000.0,false,818550.44,5789121.89,-17.613333333333337,
bb_d29d13a4,28800.0,pt,57,f,high,3000.0,false,756357.3,5809102.33,-29.613333333333333,
bb_6414036a,28800.0,pt,26,m,very_low,900.0,false,785927.96,5850790.84,-36.213333333333324,
bb_c65102f8,28800.0,pt,42,m,medium,2000.0,false,806323.86,5843221.5,-16.093333333333337,
bb_41b25336,28800.0,pt,33,f,very_high,5600.0,false,781219.03,5809627.4,-17.613333333333337,
bb_a2ca6a25,28800.0,pt,74,f,medium,2000.0,false,796351.89,5841857.64,-18.48,
bb_9dac8dcf,28800.0,pt,27,f,high,5600.0,false,776104.49,5813819.62,-14.813333333333334,
bb_3eb3bb3f,28800.0,pt,63,f,very_low,499.0,false,790349.69,5813648.45,-13.613333333333335,
bb_043cb602,28800.0,pt,51,f,very_low,500.0,true,786867.28,5853851.26,-17.613333333333337,
bb_71bdc664,28800.0,pt,11,f,medium,3600.0,false,773631.47,5798579.67,-24.213333333333335,
bb_7d8e67fc,28800.0,pt,46,f,high,3600.0,false,795610.95,5845256.28,-19.68,
bb_8646b3f4,28800.0,pt,6,m,very_high,5600.0,false,802765.31,5801457.15,-45.31333333333333,
bb_2b993b42,28800.0,pt,22,m,very_low,2000.0,false,829869.77,5833414.49,-18.943333333333335,
bb_292fbb42,28800.0,pt,2,f,medium,3600.0,false,823339.75,5818460.44,-16.213333333333335,
bb_01f055dd,28800.0,pt,12,m,high,4600.0,false,779385.5,5849347.14,-36.213333333333324,
bb_6083038a,28800.0,pt,85,m,medium,2000.0,false,790583.1,5813387.7,-12.213333333333335,
bb_5bcf9b3d,28800.0,pt,3,m,medium,2600.0,false,787375.46,5816184.87,-13.403333333333336,
bb_cebd2310,28800.0,pt,72,f,very_low,500.0,true,791700.82,5840472.34,-18.813333333333336,
bb_8f807a09,28800.0,pt,36,m,low,2000.0,false,810548.64,5847369.69,-22.813333333333333,
bb_8e2cb534,28800.0,pt,51,m,high,4600.0,false,844560.13,5805550.21,-23.913333333333338,
bb_d1b23f8a,28800.0,pt,83,f,medium,2000.0,false,819994.29,5824192.64,-26.943333333333335,
bb_be44e730,28800.0,pt,5,f,very_high,5600.0,false,813982.6,5845068.5,-22.813333333333336,
bb_602b4e95,28800.0,pt,21,f,high,5600.0,false,788215.42,5815533.37,-17.403333333333336,
bb_529c14be,28800.0,pt,60,f,medium,2000.0,false,773608.03,5814854.68,-14.813333333333334,
bb_1261d57c,28800.0,pt,27,f,very_low,1500.0,false,767486.48,5809833.65,-17.613333333333337,
bb_11b10b05,28800.0,pt,51,m,high,5600.0,false,815959.02,5800333.42,-17.61333333333334,
bb_d8f200d2,28800.0,pt,54,m,low,900.0,false,783998.3,5845832.78,-24.213333333333335,
bb_594ce5c9,28800.0,pt,72,m,medium,2600.0,false,781014.86,5810676.19,-12.213333333333335,
bb_ba13e9c9,28800.0,pt,67,f,medium,2000.0,false,813925.51,5804484.05,-22.71333333333333,
bb_237f78bb,28800.0,pt,0,m,very_low,1500.0,false,821692.48,5821902.73,-23.913333333333334,
bb_ce70d9f5,28800.0,pt,52,f,high,4600.0,false,820169.03,5823843.12,-23.91333333333333,
bb_195650fb,28800.0,pt,50,m,medium,2600.0,false,814822.32,5812299.36,-17.443333333333335,
bb_cdb93ec9,28800.0,pt,29,f,high,3600.0,false,770968.72,5813990.13,-17.613333333333337,
bb_2dd6602b,28800.0,pt,47,m,low,900.0,false,800120.98,5807265.69,-18.813333333333336,
bb_da0134e3,28800.0,pt,53,f,medium,1500.0,false,786113.18,5811411.89,-17.403333333333336,
bb_8ddbd796,28800.0,pt,21,f,low,1500.0,true,773254.67,5820727.68,-17.61333333333334,
bb_af72713f,28800.0,pt,13,m,very_high,5600.0,false,783910.88,5838714.17,-19.726666666666667,
bb_23498724,28800.0,pt,33,f,very_low,500.0,false,815658.62,5831173.91,-18.943333333333335,
bb_4bb7ef41,28800.0,pt,5,f,high,3600.0,false,784396.61,5839119.47,-16.21333333333333,
bb_0c2d895d,28800.0,pt,41,m,high,4600.0,false,775719.68,5829852.12,-13.313333333333334,
bb_0df4be58,28800.0,pt,36,f,high,4600.0,false,812938.77,5834802.67,-26.813333333333336,
bb_04c26f30,28800.0,pt,44,m,very_high,5600.0,false,824961.33,5830595.37,-18.943333333333335,
bb_71043c25,28800.0,pt,43,f,high,3600.0,false,795965.27,5840923.28,-16.21333333333333,
bb_7dff618a,28800.0,pt,69,m,medium,2000.0,false,806432.71,5843549.17,-16.093333333333334,
bb_7a5c4908,28800.0,pt,53,m,medium,1500.0,false,789894.39,5802604.87,-13.613333333333337,
bb_7d346247,28800.0,pt,71,f,medium,2600.0,false,755559.81,5808248.61,-24.21333333333334,
bb_53108340,28800.0,pt,35,m,low,3600.0,false,777271.59,5812846.66,-14.813333333333334,
bb_00123290,28800.0,pt,72,f,low,900.0,true,810768.14,5803170.04,-22.71333333333333,
bb_511a3d7d,28800.0,pt,68,m,low,900.0,true,776821.67,5831585.58,-11.713333333333333,
bb_9e5849de,28800.0,pt,57,m,high,4600.0,false,782901.03,5845446.92,-24.213333333333335,
bb_2d37101d,28800.0,pt,23,m,very_low,900.0,false,780281.15,5847993.1,-24.21333333333334,
bb_68e0a0c8,28800.0,pt,32,m,very_low,900.0,false,797414.46,5795399.89,-33.61333333333334,
bb_2b27ef7e,28800.0,pt,37,m,very_high,5600.0,false,773570.52,5811209.58,-14.813333333333333,
bb_5b7878b5,28800.0,pt,43,f,medium,2000.0,false,800476.15,5811436.33,-18.813333333333336,
bb_05b15088,28800.0,pt,5,f,very_high,5600.0,false,824406.31,5836844.64,-30.943333333333335,
bb_3b4954c2,28800.0,pt,46,m,medium,3600.0,false,776199.58,5814575.87,-14.813333333333334,
bb_c5be7bbf,28800.0,pt,50,f,medium,2600.0,false,814853.81,5831454.43,-18.943333333333335,
bb_bd41ff6d,28800.0,pt,71,f,medium,2000.0,false,844680.77,5814841.38,-20.213333333333335,
bb_c2b3c6dd,28800.0,pt,0,m,very_high,5600.0,false,774822.99,5811623.32,-14.813333333333333,
bb_8e1c6b14,28800.0,pt,16,m,medium,3000.0,false,827771.36,5819358.91,-16.213333333333335,
bb_3fde32c6,28800.0,pt,78,f,medium,2600.0,false,815182.2,5806515.38,-17.61333333333334,
bb_23a31a7c,28800.0,pt,12,m,high,4600.0,false,779502.1,5814647.0,-17.613333333333337,
bb_4611b4a7,28800.0,pt,9,f,very_high,5600.0,false,830623.96,5834801.04,-30.943333333333335,
bb_b6fee080,28800.0,pt,5,f,medium,2600.0,false,806601.1,5846009.98,-20.093333333333334,
bb_d56092b4,28800.0,pt,68,f,medium,2600.0,false,806132.03,5845064.32,-20.093333333333334,
bb_833090f0,28800.0,pt,9,f,medium,2600.0,false,770082.52,5834395.99,-20.21333333333334,
bb_c3e000f4,28800.0,pt,8,f,high,4600.0,false,774239.54,5812481.46,-14.813333333333334,
bb_aa892f9c,28800.0,pt,18,m,medium,2600.0,false,772373.31,5821584.18,-17.61333333333334,
bb_c4f6ea3c,28800.0,pt,70,f,high,2600.0,false,769311.59,5809413.23,-17.613333333333337,
bb_54ae42ac,28800.0,pt,59,m,high,2600.0,false,754331.36,5805499.27,-36.21333333333333,
bb_4081423c,28800.0,pt,5,m,high,3600.0,false,825260.09,5829797.85,-22.943333333333335,
bb_3f2e229b,28800.0,pt,55,f,medium,2000.0,false,810200.08,5846335.67,-16.093333333333334,
bb_861a4b85,28800.0,pt,59,m,low,900.0,false,799764.45,5851129.08,-78.81333333333335,
bb_7e9e39c2,28800.0,pt,47,f,high,3600.0,false,803042.59,5801487.22,-45.31333333333333,
bb_0c7e3adc,28800.0,pt,72,f,very_low,900.0,false,785922.58,5850815.4,-36.213333333333324,
bb_831ba040,28800.0,pt,36,f,very_low,900.0,true,815951.39,5806911.31,-17.44333333333333,
bb_4a8dd815,28800.0,pt,47,m,medium,2000.0,false,791927.15,5844099.66,-12.21333333333333,
bb_c66716b7,28800.0,pt,35,f,very_low,499.0,false,774779.77,5798215.43,-108.91333333333334,
bb_0937d788,28800.0,pt,69,f,low,1500.0,false,784670.29,5840712.22,-16.21333333333333,
bb_cd934f15,28800.0,pt,7,m,high,4600.0,false,815394.89,5808860.96,-17.61333333333334,
bb_82aedec1,28800.0,pt,43,m,medium,3600.0,false,764014.95,5799097.94,-24.213333333333328,
bb_36ac1ba2,28800.0,pt,72,f,medium,2600.0,false,815881.37,5829611.87,-32.91333333333333,
bb_068c01bb,28800.0,pt,7,m,very_high,5600.0,false,791297.64,5845159.04,-16.21333333333333,
bb_530b8327,28800.0,pt,36,f,high,4600.0,false,781225.12,5812281.19,-14.813333333333334,
bb_d3368282,28800.0,pt,69,f,low,1500.0,false,787483.31,5814521.86,-16.213333333333335,
bb_726a67d9,28800.0,pt,63,m,high,3600.0,false,791669.98,5814548.65,-13.613333333333335,
bb_d668175d,28800.0,pt,52,m,medium,1500.0,false,825964.77,5823699.48,-23.913333333333334,
bb_917702eb,28800.0,pt,19,m,very_high,5600.0,false,786255.1,5813945.58,-14.813333333333334,
bb_c14f7348,28800.0,pt,50,m,high,4600.0,false,807493.4,5839800.85,-17.913333333333334,
bb_57342ce4,28800.0,pt,8,f,medium,2600.0,false,782423.18,5846217.71,-16.21333333333333,
bb_554b67a6,28800.0,pt,48,f,high,3600.0,false,814146.11,5825330.29,-17.613333333333333,
bb_7b3638d2,28800.0,pt,48,f,medium,3000.0,false,815517.62,5800497.08,-17.61333333333334,
bb_bbf0c5bb,28800.0,pt,12,m,low,2600.0,false,779530.96,5825649.05,-14.813333333333334,
bb_3d8b50bb,28800.0,pt,48,m,low,900.0,false,782873.42,5850444.72,-24.213333333333335,
bb_1ce8352a,28800.0,pt,96,m,low,1500.0,true,795736.84,5842137.6,-18.48,
bb_7a8fe6c2,28800.0,pt,63,m,very_high,5600.0,false,809558.02,5846729.44,-16.093333333333334,
bb_893b9c4e,28800.0,pt,73,m,high,3600.0,false,773677.01,5814618.02,-17.613333333333337,
bb_13dd5ba1,28800.0,pt,82,m,high,3600.0,false,824401.18,5831109.95,-18.943333333333335,
bb_7805ae88,28800.0,pt,0,m,very_high,5600.0,false,827061.66,5831982.08,-34.943333333333335,
bb_aaf34499,28800.0,pt,31,m,high,4600.0,false,778026.56,5812680.43,-12.213333333333335,
bb_7e414138,28800.0,pt,62,m,very_low,900.0,true,785835.83,5812124.87,-16.213333333333335,
bb_7ae49ed9,28800.0,pt,68,f,high,4600.0,false,808928.89,5846461.0,-22.813333333333333,
bb_ae1d76c8,28800.0,pt,28,f,very_low,900.0,false,761425.36,5807984.75,-29.613333333333337,
bb_d79456cc,28800.0,pt,59,m,medium,2600.0,false,776821.56,5811971.88,-12.213333333333335,
bb_c9f9c807,28800.0,pt,73,f,medium,2000.0,false,820930.45,5822623.27,-23.91333333333333,
bb_04f61313,28800.0,pt,65,f,very_low,500.0,false,822291.53,5829792.29,-18.943333333333335,
bb_55d66fa2,28800.0,pt,76,m,high,4600.0,false,817108.06,5808270.96,-22.51333333333334,
bb_c4e078a6,28800.0,pt,41,m,high,4600.0,false,826733.72,5831734.61,-34.943333333333335,
bb_2e80725c,28800.0,pt,57,f,low,900.0,false,773876.22,5848101.17,-48.21333333333333,
bb_0bc2bed6,28800.0,pt,11,f,very_low,1500.0,false,774134.97,5812022.09,-14.813333333333334,
bb_51a02779,28800.0,pt,22,f,high,5600.0,false,789109.4,5797870.89,-73.61333333333334,
bb_b0db1f63,28800.0,pt,68,m,low,900.0,true,814000.91,5812882.99,-17.443333333333335,
bb_1c243303,28800.0,pt,25,m,low,900.0,false,817415.1,5830099.66,-18.943333333333335,
bb_5c1c4b36,28800.0,pt,20,m,very_low,900.0,false,805126.91,5791380.47,-33.61333333333334,
bb_81478992,28800.0,pt,44,m,very_low,500.0,true,800117.99,5851541.9,-78.81333333333336,
bb_355d74ad,28800.0,pt,84,m,low,1500.0,false,793145.22,5813835.52,-13.613333333333335,
bb_1b065df3,28800.0,pt,22,m,high,4600.0,false,815311.29,5829121.56,-14.943333333333333,
bb_3fa8381e,28800.0,pt,10,f,medium,2000.0,false,775269.08,5851337.73,-36.213333333333324,
bb_033fbda0,28800.0,pt,43,m,medium,3600.0,false,784100.73,5841529.98,-16.21333333333333,
bb_52a4d84d,28800.0,pt,37,f,low,900.0,false,822985.4,5830759.33,-18.943333333333335,
bb_78281a05,28800.0,pt,44,m,low,2000.0,false,782176.56,5846428.66,-16.21333333333333,
bb_7c800789,28800.0,pt,86,m,medium,2000.0,false,774711.93,5812507.62,-14.813333333333334,
bb_d65650c7,28800.0,pt,35,f,medium,2600.0,false,823179.28,5823253.98,-23.913333333333334,
bb_91bb1524,28800.0,pt,31,m,high,4600.0,false,778765.16,5812802.1,-12.213333333333335,
bb_d6b6c58f,28800.0,pt,35,f,medium,2000.0,false,786410.58,5814805.77,-17.403333333333336,
bb_9a076c49,28800.0,pt,5,f,medium,3000.0,false,776958.69,5828251.6,-14.813333333333334,
bb_af4dac6e,28800.0,pt,14,m,high,5600.0,false,807984.36,5842420.67,-17.913333333333334,
bb_c7648de4,28800.0,pt,73,m,medium,1500.0,false,780498.58,5831163.17,-16.113333333333333,
bb_04a44c76,28800.0,pt,70,m,low,900.0,true,821844.6,5828512.53,-18.943333333333335,
bb_18f25500,28800.0,pt,43,m,medium,2600.0,false,825724.28,5829579.61,-22.943333333333335,
bb_000eb23e,28800.0,pt,63,f,low,1500.0,false,770080.99,5841041.52,-32.11333333333333,
bb_c0365213,28800.0,pt,66,f,medium,2000.0,false,777530.83,5833331.6,-17.313333333333333,
bb_846da3c3,28800.0,pt,43,m,medium,2000.0,true,775678.45,5832732.77,-16.113333333333333,
bb_867e049a,28800.0,pt,2,m,low,2000.0,false,767109.38,5822449.33,-17.613333333333337,
bb_782792de,28800.0,pt,19,f,high,4600.0,false,807169.36,5842373.79,-20.093333333333334,
bb_4f08773e,28800.0,pt,82,f,medium,2000.0,false,815301.87,5807501.43,-17.613333333333344,
bb_b63c7ddf,28800.0,pt,55,m,medium,2000.0,false,740084.11,5819153.27,-29.613333333333326,
bb_2fcf1446,28800.0,pt,60,f,high,3000.0,false,789961.8,5844724.78,-14.813333333333333,
bb_610b43fc,28800.0,pt,97,f,medium,1500.0,true,786440.97,5854175.68,-17.61333333333334,
bb_a510fd4f,28800.0,pt,52,m,medium,1500.0,false,819235.27,5823084.78,-20.043333333333337,
bb_0e72cecf,28800.0,pt,39,f,medium,3000.0,false,778181.46,5809477.47,-17.613333333333337,
bb_7d02bc95,28800.0,pt,43,f,medium,3600.0,false,782080.52,5810885.96,-17.613333333333337,
bb_1e6c13f5,28800.0,pt,64,f,medium,3600.0,false,775740.22,5833528.48,-16.113333333333333,
bb_73edacca,28800.0,pt,48,f,low,2000.0,false,822263.4,5924842.71,-33.61333333333334,
bb_4cbadf9e,28800.0,pt,42,m,high,2600.0,false,754128.66,5857961.09,-36.21333333333332,
bb_173f220e,28800.0,pt,72,f,medium,2000.0,true,819289.36,5804074.09,-22.513333333333332,
bb_1abd774b,28800.0,pt,23,m,very_low,900.0,false,805469.25,5788270.88,-33.61333333333334,
bb_2fb7248d,28800.0,pt,50,m,medium,3600.0,false,814630.71,5802961.83,-17.613333333333337,
bb_33376a6f,28800.0,pt,19,m,low,3000.0,false,814974.03,5806465.8,-17.61333333333334,
bb_39b79847,28800.0,pt,58,m,medium,1500.0,true,820784.31,5798465.0,-29.613333333333333,
bb_217b5050,28800.0,pt,4,m,very_low,2000.0,false,800912.36,5806133.22,-23.913333333333334,
bb_26280977,28800.0,pt,51,f,high,3600.0,false,844522.63,5805555.88,-23.913333333333334,
bb_92f265d3,28800.0,pt,25,m,very_low,499.0,false,803733.25,5796748.64,-21.513333333333335,
bb_8d6abcf7,28800.0,pt,58,f,very_low,500.0,false,767962.48,5809081.61,-17.613333333333337,
bb_456c757c,28800.0,pt,22,m,medium,3600.0,false,777132.63,5830840.01,-11.713333333333335,
bb_3f0d1f45,28800.0,pt,36,f,medium,2000.0,false,778794.2,5808890.4,-12.213333333333335,
bb_bed7ecd3,28800.0,pt,51,f,high,3600.0,false,814836.12,5802819.19,-17.613333333333337,
bb_a7937b96,28800.0,pt,47,m,high,3600.0,false,771845.28,5807281.5,-17.61333333333334,
bb_a832a383,28800.0,pt,83,f,low,1500.0,false,783558.83,5848230.62,-36.21333333333333,
bb_8fdbd687,28800.0,pt,31,f,medium,3000.0,false,762516.48,5835762.49,-20.21333333333334,
bb_533a28aa,28800.0,pt,21,m,very_low,2000.0,false,830044.89,5834772.75,-22.943333333333335,
bb_2226d37e,28800.0,pt,43,m,low,2000.0,true,787685.13,5850614.85,-88.21333333333334,
bb_b8991711,28800.0,pt,36,f,medium,2600.0,false,762772.24,5836615.8,-17.313333333333336,
bb_d639136c,28800.0,pt,65,f,medium,2000.0,false,818464.11,5829837.27,-14.943333333333333,
bb_64774b80,28800.0,pt,5,f,high,4600.0,false,826873.11,5831957.55,-34.943333333333335,
bb_725bb1be,28800.0,pt,74,f,low,1500.0,true,801682.33,5802980.06,-23.913333333333334,
bb_1e269380,28800.0,pt,49,m,very_high,5600.0,false,811401.98,5856266.3,-26.81333333333333,
bb_8bd56bab,28800.0,pt,38,f,medium,2600.0,false,770173.74,5828835.78,-23.71333333333334,
bb_b637348c,28800.0,pt,52,m,high,5600.0,false,800443.01,5810458.41,-14.813333333333334,
bb_085b8043,28800.0,pt,72,m,low,900.0,false,773663.57,5811626.84,-14.813333333333334,
bb_a328714c,28800.0,pt,55,m,medium,2000.0,false,832959.97,5860694.03,-45.31333333333333,
bb_d1e4f471,28800.0,pt,55,m,high,3600.0,false,824339.93,5814414.12,-23.913333333333334,
bb_736fedae,28800.0,pt,70,f,medium,3000.0,false,775227.26,5832008.73,-13.313333333333333,
bb_2c7ef94a,28800.0,pt,67,f,medium,2600.0,true,775449.26,5802342.19,-17.613333333333333,
bb_cc97cacd,28800.0,pt,70,m,medium,2000.0,true,813284.94,5834923.17,-26.813333333333336,
bb_c194dda0,28800.0,pt,70,f,very_low,900.0,false,777599.91,5810944.32,-14.813333333333334,
bb_271eef53,28800.0,pt,83,f,low,1500.0,true,808750.54,5844089.04,-20.093333333333334,
bb_b14100cf,28800.0,pt,70,f,low,900.0,false,813075.0,5810268.73,-29.613333333333333,
bb_8afff240,28800.0,pt,31,m,very_low,500.0,false,776169.15,5832630.85,-20.213333333333335,
bb_87e49f11,28800.0,pt,35,f,medium,3000.0,false,786544.36,5853407.28,-14.813333333333333,
bb_2a52b16c,28800.0,pt,72,m,low,1500.0,false,786019.53,5812732.23,-16.213333333333335,
bb_4374e5f8,28800.0,pt,80,f,low,900.0,true,767015.91,5811231.7,-17.61333333333334,
bb_64ec559e,28800.0,pt,45,f,medium,3000.0,false,801873.12,5802998.41,-23.913333333333334,
bb_492a2638,28800.0,pt,43,f,medium,1500.0,false,824422.36,5822806.12,-26.943333333333335,
bb_b2152039,28800.0,pt,27,f,very_low,900.0,false,791563.84,5812571.77,-18.813333333333336,
bb_24351688,28800.0,pt,58,f,low,1500.0,false,778093.5,5832394.78,-17.313333333333333,
bb_955e64e0,28800.0,pt,13,f,very_low,2000.0,false,821924.68,5830870.17,-34.943333333333335,
bb_cfdcf2b7,28800.0,pt,47,m,high,3600.0,false,823655.03,5829981.24,-18.943333333333335,
bb_a9ee7363,28800.0,pt,20,m,medium,2000.0,false,779366.29,5813845.38,-14.813333333333334,
bb_265ca12b,28800.0,pt,26,m,medium,3600.0,false,795327.66,5809967.41,-57.61333333333335,
bb_8115057a,28800.0,pt,10,m,very_high,5600.0,false,792639.71,5814876.49,-12.213333333333335,
bb_85ec9f17,28800.0,pt,42,f,very_low,2000.0,false,824173.21,5817252.81,-23.91333333333333,
bb_8c70aa4a,28800.0,pt,68,m,high,3600.0,false,830789.9,5835159.37,-30.943333333333335,
bb_c812d184,28800.0,pt,53,m,very_low,900.0,true,803790.22,5802142.72,-45.31333333333333,
bb_1e3e93c6,28800.0,pt,0,m,medium,2600.0,false,762534.41,5832750.03,-23.713333333333335,
bb_4f822d16,28800.0,pt,68,m,low,900.0,false,788463.67,5846647.47,-26.813333333333336,
bb_47bfdb73,28800.0,pt,77,f,medium,2600.0,true,803892.95,5815229.66,-17.613333333333333,
bb_0d0bcf3d,28800.0,pt,6,f,low,2000.0,false,784318.75,5852246.15,-24.21333333333334,
bb_97690226,28800.0,pt,85,f,low,900.0,false,809325.94,5845970.61,-16.093333333333334,
bb_5573f895,28800.0,pt,13,f,very_low,1500.0,false,809380.11,5845630.41,-16.09333333333333,
bb_7b73632d,28800.0,pt,33,f,medium,2600.0,false,817477.3,5799964.77,-17.61333333333334,
bb_478ba97b,28800.0,pt,40,f,very_high,5600.0,false,812874.81,5812731.23,-29.61333333333334,
bb_c65bb56b,28800.0,pt,10,f,high,4600.0,false,767370.59,5811273.93,-14.813333333333334,
bb_7a717fc5,28800.0,pt,55,f,medium,2000.0,false,793347.34,5811109.28,-18.813333333333336,
bb_3bc95818,28800.0,pt,57,f,high,2600.0,false,775603.88,5832966.24,-16.113333333333333,
bb_70a1f526,28800.0,pt,58,m,high,3600.0,true,812662.02,5838385.93,-13.613333333333335,
bb_4142ffb9,28800.0,pt,62,m,medium,2000.0,false,799220.48,5808074.06,-83.99248604564826,
bb_264f7e71,28800.0,pt,60,m,medium,2600.0,true,811210.2,5833826.34,-19.443333333333335,
bb_051bca42,28800.0,pt,37,m,medium,2600.0,false,763291.16,5794612.44,-24.213333333333335,
bb_c3b5ab4d,28800.0,pt,8,m,high,3600.0,false,822167.22,5829383.82,-18.943333333333335,
bb_33c6f5e1,28800.0,pt,11,f,low,1500.0,false,791487.77,5843139.87,-22.883333333333333,
bb_d525d65d,28800.0,pt,38,f,high,4600.0,false,794009.61,5799263.27,-21.513333333333335,
bb_592871f3,28800.0,pt,82,f,very_high,5600.0,false,783528.44,5841041.18,-20.213333333333335,
bb_20ad4baf,28800.0,pt,1,f,low,2000.0,true,781692.14,5811589.58,-14.813333333333334,
bb_890c1924,28800.0,pt,64,f,very_low,500.0,false,763515.48,5805849.55,-17.61333333333334,
bb_cf99ce12,28800.0,pt,12,f,high,4600.0,false,776715.93,5830745.76,-13.313333333333336,
bb_31fd7eb8,28800.0,pt,3,f,high,3600.0,true,781250.77,5810925.94,-14.813333333333334,
bb_d89a5321,28800.0,pt,71,f,medium,2000.0,false,691256.37,5882856.28,-38.81333333333334,
bb_cba95846,28800.0,pt,2,m,high,4600.0,false,777528.76,5832588.65,-11.713333333333333,
bb_d5a2c38c,28800.0,pt,38,m,high,2600.0,false,762252.55,5795978.21,-24.21333333333334,
bb_4123dd6f,28800.0,pt,7,m,high,4600.0,false,800358.14,5854303.58,-26.813333333333333,
bb_acc801f2,28800.0,pt,6,m,low,2000.0,false,806188.21,5837514.26,-17.913333333333334,
bb_02133c41,28800.0,pt,58,m,low,1500.0,false,755101.14,5857486.82,-36.213333333333324,
bb_2d1c8b60,28800.0,pt,61,f,medium,2000.0,false,825864.08,5823483.65,-26.943333333333335,
bb_07c48486,28800.0,pt,52,f,medium,2600.0,true,789089.79,5843831.97,-14.813333333333334,
bb_38d13f73,28800.0,pt,55,m,high,2600.0,false,881888.86,5780419.95,-83.89333333333336,
bb_05f12393,28800.0,pt,41,m,medium,3600.0,false,798635.16,5785274.17,-37.613333333333344,
bb_aa804a7d,28800.0,pt,65,f,very_low,500.0,false,781385.17,5811275.84,-14.813333333333334,
bb_50234b8b,28800.0,pt,12,f,high,5600.0,false,816293.45,5808718.64,-22.513333333333335,
bb_8db0e335,28800.0,pt,15,m,very_high,5600.0,false,792479.34,5840882.77,-19.68,
bb_b15aac91,28800.0,pt,63,m,very_low,900.0,true,789880.89,5812620.25,-18.81333333333334,
bb_a3483b4e,28800.0,pt,32,f,very_low,900.0,false,780853.09,5810871.14,-12.213333333333335,
bb_1d33be0f,28800.0,pt,63,f,very_high,5600.0,false,835315.31,5886280.86,-21.613333333333337,
bb_730e16fb,28800.0,pt,9,f,medium,3600.0,false,820329.77,5833310.25,-30.943333333333335,
bb_9c61f3e3,28800.0,pt,28,m,low,1500.0,false,766230.99,5814929.29,-29.613333333333344,
bb_2309338f,28800.0,pt,38,m,medium,3000.0,false,778982.98,5812633.23,-12.213333333333335,
bb_d4ec0a13,28800.0,pt,32,m,high,2600.0,false,811334.1,5797907.09,-29.61333333333333,
bb_53256803,28800.0,pt,25,f,low,2000.0,false,813848.5,5803893.55,-22.713333333333328,
bb_3f1e5a15,28800.0,pt,50,f,high,3600.0,false,806832.13,5845360.5,-20.09333333333333,
bb_96a55199,28800.0,pt,19,m,low,2000.0,false,812983.27,5856410.36,-26.81333333333333,
bb_c7d70200,28800.0,pt,50,f,high,4600.0,false,824630.82,5831716.32,-22.943333333333328,
bb_0f5505ff,28800.0,pt,58,m,medium,2000.0,false,774829.23,5828564.64,-16.113333333333333,
bb_c8e3b309,28800.0,pt,72,f,medium,2000.0,false,827731.99,5832326.33,-30.943333333333328,
bb_64895480,28800.0,pt,26,m,low,2000.0,false,778727.94,5810244.06,-17.613333333333337,
bb_d02e4c8f,28800.0,pt,15,m,high,3600.0,false,779958.64,5813022.69,-14.813333333333336,
bb_4d383182,28800.0,pt,47,m,high,4600.0,false,792090.38,5839960.99,-18.813333333333336,
bb_b0cb35ea,28800.0,pt,59,f,low,900.0,false,816108.61,5830220.47,-18.943333333333335,
bb_75cd0b8c,28800.0,pt,51,m,medium,1500.0,false,786799.74,5854102.03,-17.613333333333337,
bb_69224fa4,28800.0,pt,37,m,high,5600.0,false,854423.19,5896323.18,-33.61333333333334,
bb_3a09bc15,28800.0,pt,36,m,very_low,2000.0,false,805974.29,5787805.24,-37.613333333333344,
bb_55fcad1b,28800.0,pt,64,m,very_low,500.0,false,766167.32,5809049.85,-17.61333333333334,
bb_c9f376d3,28800.0,pt,10,m,low,2000.0,false,820471.89,5842188.55,-26.943333333333342,
bb_269e40cd,28800.0,pt,5,f,high,3600.0,true,770623.61,5808845.21,-14.813333333333334,
bb_c57666cd,28800.0,pt,86,f,low,900.0,false,800095.91,5849833.46,-22.81333333333333,
bb_1246b20b,28800.0,pt,55,m,very_low,500.0,false,805724.5,5842972.61,-16.09333333333333,
bb_885ab658,28800.0,pt,18,m,low,2000.0,true,792004.88,5813691.52,-13.613333333333335,
bb_5ff68612,28800.0,pt,5,m,very_high,5600.0,false,815317.82,5808345.78,-21.61333333333333,
bb_abb5869a,28800.0,pt,31,f,very_low,900.0,false,779793.62,5806613.91,-17.613333333333333,
bb_b266e9d2,28800.0,pt,61,m,very_low,500.0,true,800058.95,5808277.76,-18.813333333333336,
bb_cb86db38,28800.0,pt,83,f,medium,2000.0,false,818913.26,5829570.74,-14.943333333333333,
bb_b730bb22,28800.0,pt,62,f,very_low,499.0,false,795900.47,5857104.47,-28.21333333333334,
bb_5aed6745,28800.0,pt,11,f,medium,2000.0,false,770761.63,5828638.19,-16.11333333333333,
bb_21223f38,28800.0,pt,40,f,low,2000.0,false,823191.31,5818424.59,-16.213333333333335,
bb_3d366438,28800.0,pt,42,m,medium,3600.0,false,793144.71,5809485.7,-18.813333333333333,
bb_4581cc4c,28800.0,pt,4,m,medium,2600.0,true,815004.91,5803746.12,-17.61333333333334,
bb_cef07f98,28800.0,pt,7,m,medium,3600.0,false,773844.75,5831952.57,-13.313333333333336,
bb_51e6d4a4,28800.0,pt,55,f,medium,2000.0,false,792103.03,5839979.13,-18.813333333333336,
bb_abd7b324,28800.0,pt,63,f,low,900.0,false,758652.5,5821708.97,-53.613333333333344,
bb_969f7b4b,28800.0,pt,69,f,medium,2600.0,false,788258.65,5849255.82,-14.813333333333334,
bb_0a6c7660,28800.0,pt,13,m,medium,3000.0,false,771101.59,5828350.73,-23.713333333333335,
bb_bede78a5,28800.0,pt,5,f,high,3000.0,false,778476.91,5812210.82,-12.213333333333335,
bb_bbbb16c5,28800.0,pt,78,f,high,3600.0,true,822344.3,5832341.86,-34.943333333333335,
bb_67ef0974,28800.0,pt,41,f,low,2600.0,false,816668.39,5787164.78,-29.613333333333337,
bb_31c0a549,28800.0,pt,68,f,medium,2000.0,false,779733.77,5813675.55,-14.813333333333334,
bb_0508446c,28800.0,pt,80,f,medium,2000.0,false,799130.73,5803230.35,-25.613333333333337,
bb_26c50b41,28800.0,pt,46,f,very_low,900.0,false,821382.87,5823575.88,-23.91333333333333,
bb_5b092ce0,28800.0,pt,92,f,low,1500.0,true,807323.73,5843126.9,-17.913333333333334,
bb_1885a600,28800.0,pt,63,f,medium,3000.0,false,806575.66,5845866.04,-20.093333333333334,
bb_2b338d19,28800.0,pt,62,m,high,4600.0,false,794364.46,5840058.36,-22.813333333333336,
bb_0c8b393e,28800.0,pt,59,m,high,3600.0,false,768285.55,5809219.84,-17.613333333333337,
bb_a00943da,28800.0,pt,8,f,very_low,2000.0,false,815631.45,5830373.07,-18.943333333333335,
bb_8e534733,28800.0,pt,94,f,high,3600.0,true,798729.14,5798613.12,-21.513333333333335,
bb_028feb34,28800.0,pt,58,m,medium,2000.0,false,791074.23,5801988.9,-13.613333333333337,
bb_8b8c1128,28800.0,pt,7,f,high,3600.0,false,810533.52,5847118.16,-22.813333333333336,
bb_90812400,28800.0,pt,38,f,medium,2600.0,false,810193.47,5845459.78,-16.093333333333334,
bb_436d6b5d,28800.0,pt,79,m,low,900.0,false,821351.52,5803703.97,-22.713333333333335,
bb_a6ed6a8b,28800.0,pt,64,m,medium,2000.0,false,800161.31,5806425.83,-25.613333333333337,
bb_b0e5ccfa,28800.0,pt,67,f,very_high,5600.0,false,791671.0,5812944.05,-13.613333333333335,
bb_3c743177,28800.0,pt,37,m,medium,2000.0,false,827297.72,5832504.19,-34.943333333333335,
bb_ba783e3f,28800.0,pt,32,m,very_high,5600.0,false,815530.44,5808606.22,-17.61333333333334,
bb_7b9e7e90,28800.0,pt,92,f,high,3600.0,true,789330.4,5813988.39,-13.613333333333333,
bb_b7848e9c,28800.0,pt,39,m,high,3600.0,false,784814.15,5852683.2,-24.21333333333334,
bb_5727bf6b,28800.0,pt,72,m,medium,3000.0,false,818521.18,5823664.26,-23.91333333333333,
bb_bb708765,28800.0,pt,48,m,high,3600.0,false,766328.85,5823531.35,-23.713333333333335,
bb_55966436,28800.0,pt,42,m,very_low,900.0,false,774112.8,5839674.62,-23.713333333333335,
bb_4fec759b,28800.0,pt,62,f,very_low,499.0,false,767035.5,5810369.31,-14.813333333333334,
bb_7f053fdb,28800.0,pt,33,m,medium,1500.0,false,819635.99,5829653.91,-18.943333333333335,
bb_0d1b0619,28800.0,pt,7,f,low,3000.0,false,770966.01,5841080.53,-23.71333333333333,
bb_c48dc7b6,28800.0,pt,34,f,medium,1500.0,false,783916.3,5845637.36,-24.213333333333335,
bb_0373bc6f,28800.0,pt,51,f,medium,3600.0,false,775341.77,5817524.52,-14.813333333333334,
bb_98b8ddb4,28800.0,pt,33,m,high,3000.0,false,789382.83,5813632.35,-16.213333333333335,
bb_d8e31f9d,28800.0,pt,88,f,low,1500.0,false,789099.84,5858385.73,-36.213333333333324,
bb_3782be4b,28800.0,pt,33,f,medium,1500.0,false,814562.6,5812177.2,-17.443333333333335,
bb_ca57022d,28800.0,pt,71,f,low,900.0,true,816577.86,5796476.37,-29.613333333333337,
bb_35b235e5,28800.0,pt,42,f,high,4600.0,false,825074.06,5831069.76,-18.943333333333335,
bb_a3551670,28800.0,pt,68,f,very_low,499.0,true,822334.22,5823417.07,-23.91333333333333,
bb_c37dbcec,28800.0,pt,36,f,medium,2600.0,false,819481.97,5842506.1,-26.943333333333335,
bb_ba8afefc,28800.0,pt,36,f,high,4600.0,false,824054.18,5863879.0,-21.613333333333333,
bb_550312e9,28800.0,pt,4,m,high,3600.0,false,814688.13,5810124.87,-17.443333333333335,
bb_bf9a08bf,28800.0,pt,12,m,low,2000.0,false,781495.57,5810145.01,-14.813333333333334,
bb_cc9d67d3,28800.0,pt,37,m,medium,3000.0,false,800411.47,5808196.45,-14.813333333333334,
bb_0e368130,28800.0,pt,68,m,medium,2000.0,false,815015.38,5807030.1,-17.61333333333334,
bb_951537cf,28800.0,pt,72,m,medium,2000.0,false,818452.66,5796236.38,-22.713333333333335,
bb_0214075b,28800.0,pt,18,f,low,2000.0,false,775707.67,5814663.74,-14.813333333333334,
bb_129b471a,28800.0,pt,21,m,low,2000.0,false,774598.47,5803139.35,-17.613333333333333,
bb_a00f13da,28800.0,pt,12,m,medium,3600.0,false,781985.52,5847350.01,-24.213333333333335,
bb_558a9f69,28800.0,pt,63,f,very_low,499.0,false,781666.84,5844489.66,-20.213333333333335,
bb_be98ec44,28800.0,pt,37,f,medium,3000.0,false,815713.74,5803811.26,-13.613333333333335,
bb_0ac3ce8d,28800.0,pt,19,m,medium,2600.0,false,826439.1,5818209.54,-16.213333333333335,
bb_ce34a864,28800.0,pt,34,m,medium,2000.0,false,712298.31,5880516.33,-95.71333333333335,
bb_0322de67,28800.0,pt,92,f,low,1500.0,true,780867.32,5836202.38,-23.713333333333335,
bb_7e8807d3,28800.0,pt,77,f,very_low,500.0,false,813906.73,5807996.75,-21.613333333333326,
bb_9dcf432c,28800.0,pt,56,m,medium,2000.0,false,822108.84,5829615.21,-18.943333333333335,
bb_19c59f61,28800.0,pt,42,m,low,900.0,false,819631.47,5828831.62,-14.943333333333333,
bb_659a6da2,28800.0,pt,37,m,medium,3600.0,false,781499.67,5811781.07,-14.813333333333334,
bb_c1b4a510,28800.0,pt,38,m,medium,2000.0,false,818051.16,5880745.12,-30.813333333333333,
bb_9ffb933d,28800.0,pt,90,f,low,500.0,false,823094.67,5819876.92,-16.043333333333337,
bb_d9736389,28800.0,pt,32,f,high,4600.0,false,782306.89,5852440.26,-24.21333333333334,
bb_d1d5db7a,28800.0,pt,32,m,high,3600.0,false,755770.13,5800007.92,-29.613333333333326,
bb_5aeaacaa,28800.0,pt,41,f,very_high,5600.0,false,778849.8,5796089.3,-36.21333333333333,
bb_52d7a03d,28800.0,pt,34,m,high,4600.0,false,775994.1,5814007.26,-14.813333333333333,
bb_633d690b,28800.0,pt,38,f,medium,3000.0,false,814918.54,5828513.63,-14.943333333333333,
bb_4dd8ac8e,28800.0,pt,32,f,high,4600.0,false,791232.61,5812365.34,-26.71333333333333,
bb_990d024f,28800.0,pt,38,f,high,4600.0,false,799346.75,5811997.88,-18.813333333333336,
bb_5eabba19,28800.0,pt,21,f,high,4600.0,false,778706.82,5820525.67,-19.726666666666667,
bb_6135353e,28800.0,pt,15,m,low,1500.0,false,805166.13,5791439.84,-33.61333333333334,
bb_8a29d776,28800.0,pt,38,f,very_low,2000.0,false,762160.87,5820295.99,-23.713333333333335,
bb_1d5b219e,28800.0,pt,25,f,medium,2000.0,false,816094.52,5802978.58,-17.61333333333334,
bb_6d76fee6,28800.0,pt,82,f,medium,2000.0,false,819605.2,5811311.98,-22.513333333333335,
bb_00f37122,28800.0,pt,22,m,very_low,900.0,false,770867.39,5813322.04,-17.613333333333333,
bb_cf19525e,28800.0,pt,23,f,very_low,900.0,false,771999.82,5813588.31,-17.613333333333337,
bb_313aa1d7,28800.0,pt,59,m,high,2600.0,false,777004.55,5814543.92,-17.613333333333337,
bb_600fbe2c,28800.0,pt,42,f,medium,3600.0,false,770178.32,5808241.69,-17.613333333333333,
bb_a98fee74,28800.0,pt,5,m,medium,2600.0,false,788465.45,5848541.67,-17.913333333333334,
bb_4f2cf437,28800.0,pt,8,m,medium,3000.0,false,784390.34,5839217.05,-16.213333333333335,
bb_298d4472,28800.0,pt,65,m,very_low,500.0,true,825492.76,5823698.97,-23.913333333333334,
bb_0a3c38df,28800.0,pt,52,f,very_high,5600.0,false,779297.96,5868623.19,-29.613333333333326,
bb_d178e995,28800.0,pt,47,f,medium,2000.0,false,801002.17,5808180.09,-14.813333333333334,
bb_5979cff3,28800.0,pt,25,f,low,2000.0,false,787493.76,5815213.34,-17.403333333333336,
bb_5992e44f,28800.0,pt,39,f,medium,2000.0,false,818993.3,5830020.07,-18.943333333333335,
bb_4ca22c70,28800.0,pt,35,m,very_high,5600.0,false,824290.36,5866248.36,-21.61333333333334,
bb_081b63a4,28800.0,pt,61,f,medium,2000.0,true,775732.49,5813081.13,-14.813333333333334,
bb_56d69189,28800.0,pt,61,m,medium,3000.0,false,780000.43,5831513.84,-16.113333333333333,
bb_3dff1737,28800.0,pt,98,f,medium,1500.0,false,815583.69,5804029.44,-13.613333333333335,
bb_522aa9b0,28800.0,pt,18,f,low,1500.0,false,770701.83,5828916.02,-16.113333333333333,
bb_5b3ecb68,28800.0,pt,83,f,low,900.0,true,800041.22,5806888.94,-25.613333333333337,
bb_8ae4cd30,28800.0,pt,15,f,very_high,5600.0,false,771961.55,5815798.56,-17.613333333333337,
bb_335cb0fa,28800.0,pt,33,f,very_high,5600.0,false,770494.52,5821563.26,-22.813333333333336,
bb_6ba1594a,28800.0,pt,58,f,medium,2000.0,false,771919.57,5800605.59,-17.613333333333333,
bb_716e7a60,28800.0,pt,7,f,very_high,5600.0,false,783479.39,5839863.88,-16.213333333333335,
bb_53252f7b,28800.0,pt,2,f,medium,2000.0,false,771705.51,5853869.4,-48.21333333333333,
bb_bd1e9383,28800.0,pt,65,f,very_low,499.0,false,805125.0,5794907.31,-33.61333333333334,
bb_9199bd60,28800.0,pt,22,f,medium,3000.0,false,817237.63,5826359.26,-16.943333333333335,
bb_576c1192,28800.0,pt,55,f,medium,4600.0,false,787335.65,5815378.92,-17.403333333333336,
bb_6fd8276e,28800.0,pt,90,f,medium,2000.0,true,787883.47,5814834.52,-16.213333333333335,
bb_7ec9f666,28800.0,pt,53,f,medium,3000.0,false,777290.4,5811128.88,-14.813333333333334,
bb_58fa3ca0,28800.0,pt,52,m,high,3600.0,false,813449.79,5811900.21,-17.44333333333333,
bb_9ba0ff5f,28800.0,pt,90,f,low,1500.0,true,822993.99,5818942.97,-11.913333333333334,
bb_49cf40ce,28800.0,pt,46,m,low,3000.0,false,774389.21,5828552.85,-16.113333333333333,
bb_7fac3034,28800.0,pt,35,m,low,1500.0,false,814743.13,5808495.27,-21.613333333333333,
bb_a51b6e21,28800.0,pt,36,f,high,3000.0,true,765100.22,5830762.46,-23.713333333333335,
bb_bf861ea2,28800.0,pt,16,f,very_high,5600.0,false,762468.51,5835353.42,-17.313333333333336,
bb_baf42699,28800.0,pt,56,m,high,3600.0,true,811157.74,5845418.65,-20.093333333333334,
bb_151359df,28800.0,pt,75,m,medium,3000.0,false,829470.01,5839612.11,-34.94333333333334,
bb_250b5f69,28800.0,pt,58,f,medium,3000.0,false,760514.51,5811699.2,-22.813333333333336,
bb_716451e9,28800.0,pt,42,f,very_low,900.0,false,815647.75,5807677.08,-17.61333333333334,
bb_3a23325d,28800.0,pt,43,m,medium,2000.0,false,814407.8,5832039.62,-18.943333333333335,
bb_916378cc,28800.0,pt,48,f,very_high,5600.0,false,817591.43,5829294.3,-14.943333333333333,
bb_5e2117bb,28800.0,pt,72,f,high,3600.0,false,795620.71,5846456.64,-19.68,
bb_97f0ceda,28800.0,pt,13,f,medium,2000.0,false,774101.7,5800662.23,-17.613333333333333,
bb_7d470415,28800.0,pt,73,m,medium,2600.0,false,777330.78,5812889.14,-14.813333333333334,
bb_641496bc,28800.0,pt,94,f,medium,2600.0,true,771005.18,5794878.34,-24.213333333333335,
bb_8e015c08,28800.0,pt,20,m,medium,2600.0,false,820399.13,5847272.68,-21.613333333333337,
bb_c35e5471,28800.0,pt,31,m,medium,2600.0,false,781362.85,5810898.64,-17.613333333333337,
bb_83d19dbe,28800.0,pt,59,f,very_low,500.0,true,823196.27,5823744.51,-23.913333333333334,
bb_2498ad2f,28800.0,pt,32,m,very_low,499.0,false,812350.99,5851119.79,-20.09333333333333,
bb_292b180e,28800.0,pt,61,m,high,3600.0,false,799507.85,5857218.34,-22.813333333333336,
bb_23cc9feb,28800.0,pt,23,f,high,4600.0,false,765921.78,5807876.85,-17.613333333333337,
bb_98da4eda,28800.0,pt,87,f,low,900.0,true,781395.48,5811795.36,-14.813333333333334,
bb_37be3baa,28800.0,pt,30,f,high,4600.0,false,781200.92,5808883.93,-17.613333333333337,
bb_919ad17f,28800.0,pt,61,f,high,3000.0,false,810588.56,5851743.95,-26.813333333333333,
bb_4c0eaa7f,28800.0,pt,52,m,medium,2000.0,false,739907.92,5808899.78,-22.81333333333334,
bb_af937239,28800.0,pt,30,m,very_low,1500.0,false,799552.36,5850119.82,-17.613333333333333,
bb_5c9c069d,28800.0,pt,66,f,very_low,500.0,false,776454.25,5831967.2,-13.313333333333333,
bb_8c81077b,28800.0,pt,19,m,very_low,2000.0,false,777889.37,5811481.96,-17.613333333333337,
bb_5872fdf6,28800.0,pt,65,f,very_low,500.0,false,812695.42,5812242.67,-29.613333333333337,
bb_082c8025,28800.0,pt,31,m,medium,3000.0,false,772442.95,5821053.3,-22.813333333333336,
bb_2b1bca53,28800.0,pt,85,f,very_high,5600.0,false,783857.19,5840668.43,-16.21333333333333,
bb_6b0d2df0,28800.0,pt,48,m,low,2000.0,false,812645.04,5812500.65,-29.613333333333337,
bb_20a6f81c,28800.0,pt,62,f,medium,2600.0,false,761737.38,5800132.02,-24.21333333333334,
bb_6963f160,28800.0,pt,41,m,high,4600.0,false,770648.83,5833221.09,-13.313333333333334,
bb_767f384e,28800.0,pt,51,m,high,4600.0,false,778766.59,5820099.56,-19.726666666666667,
bb_358c06a8,28800.0,pt,63,m,very_low,500.0,true,801583.52,5855829.77,-22.813333333333336,
bb_430e3e4c,28800.0,pt,42,f,medium,2600.0,false,817371.42,5825799.7,-20.943333333333335,
bb_b082d553,28800.0,pt,26,f,medium,3000.0,false,779185.32,5812149.68,-12.213333333333335,
bb_1e57cd76,28800.0,pt,23,f,medium,1500.0,false,780682.86,5811081.0,-12.213333333333335,
bb_4f71917e,28800.0,pt,67,f,medium,2000.0,false,822128.67,5818025.64,-20.043333333333337,
bb_af18e931,28800.0,pt,57,f,low,900.0,true,813089.9,5812830.9,-29.613333333333337,
bb_22bddf57,28800.0,pt,64,m,high,3600.0,false,823818.78,5832661.8,-22.943333333333335,
bb_d752dbb2,28800.0,pt,20,f,high,4600.0,false,786662.17,5812896.6,-16.213333333333335,
bb_97207f9b,28800.0,pt,47,m,medium,2000.0,false,799471.24,5807637.1,-25.613333333333333,
bb_5fad5f0e,28800.0,pt,11,m,very_low,2600.0,false,799267.84,5809919.63,-18.813333333333336,
bb_3050184e,28800.0,pt,9,m,high,3600.0,false,795412.51,5866967.31,-41.61333333333334,
bb_1d9d7111,28800.0,pt,54,m,medium,1500.0,false,796114.7,5841723.18,-18.48,
bb_b222ebad,28800.0,pt,46,f,very_low,500.0,false,816070.32,5808217.46,-17.61333333333334,
bb_37c9b18b,28800.0,pt,72,m,high,3000.0,false,819382.62,5811989.64,-22.513333333333335,
bb_be86a222,28800.0,pt,66,m,medium,1500.0,false,795309.93,5853788.07,-29.613333333333333,
bb_471d8b26,28800.0,pt,62,f,very_low,500.0,false,772101.48,5800591.83,-17.613333333333333,
bb_972164ef,28800.0,pt,56,m,medium,2000.0,false,848705.55,5829357.41,-24.513333333333335,
bb_be1efba8,28800.0,pt,62,f,medium,2600.0,false,779898.35,5812987.15,-14.813333333333336,
bb_31780f42,28800.0,pt,12,f,high,4600.0,false,809595.02,5800343.33,-22.71333333333333,
bb_39322bb8,28800.0,pt,13,m,low,2600.0,false,787599.71,5793482.1,-21.513333333333332,
bb_5b548c0a,28800.0,pt,27,m,medium,2600.0,false,779195.24,5807021.85,-17.613333333333333,
bb_7e984d45,28800.0,pt,9,m,very_high,5600.0,false,776679.35,5834028.73,-20.213333333333335,
bb_9fa0e914,28800.0,pt,32,m,medium,3000.0,false,815913.29,5795142.57,-29.613333333333337,
bb_677270c9,28800.0,pt,73,m,medium,2600.0,false,762238.26,5811141.14,-22.813333333333336,
bb_174381e3,28800.0,pt,52,f,low,900.0,true,780301.97,5835276.5,-17.313333333333333,
bb_d5871636,28800.0,pt,69,m,medium,2600.0,false,803177.75,5798099.32,-33.61333333333334,
bb_38208092,28800.0,pt,91,f,very_low,500.0,true,777970.09,5835360.23,-16.113333333333333,
bb_a5602bb0,28800.0,pt,52,f,very_high,5600.0,false,775232.37,5814570.97,-14.813333333333334,
bb_3b06a8dd,28800.0,pt,42,m,medium,3600.0,false,779764.67,5813366.39,-14.813333333333333,
bb_58387876,28800.0,pt,55,m,low,2000.0,false,789420.86,5813597.44,-16.213333333333335,
bb_9990e7af,28800.0,pt,55,f,very_low,500.0,true,781986.14,5845602.04,-16.213333333333335,
bb_22d5c150,28800.0,pt,66,f,medium,1500.0,false,821561.8,5822527.04,-23.91333333333333,
bb_62f4f3da,28800.0,pt,56,f,low,3600.0,false,807889.46,5845294.51,-16.093333333333334,
bb_c5735884,28800.0,pt,30,f,high,3600.0,false,776223.57,5814604.98,-14.813333333333334,
bb_94fa455e,28800.0,pt,36,m,medium,2600.0,false,815099.1,5830561.73,-18.943333333333335,
bb_5d9f5c0a,28800.0,pt,94,m,low,900.0,true,793695.3,5799929.96,-21.513333333333332,
bb_36d63dae,28800.0,pt,63,f,high,3000.0,false,813877.68,5856039.43,-26.813333333333333,
bb_cdb0aca2,28800.0,pt,45,m,high,3600.0,false,824162.48,5831697.55,-22.943333333333335,
bb_bc14ea3d,28800.0,pt,67,f,medium,2600.0,true,767806.62,5829960.79,-16.113333333333333,
bb_b830b97d,28800.0,pt,63,m,high,3600.0,false,739852.29,5812059.17,-22.81333333333334,
bb_33b05fba,28800.0,pt,66,f,low,1500.0,false,747603.54,5777993.52,-36.21333333333333,
bb_d5f776a0,28800.0,pt,62,m,very_low,500.0,true,771863.9,5800565.28,-17.613333333333337,
bb_1cce1bb4,28800.0,pt,66,m,very_high,5600.0,false,746812.6,5868273.72,-36.21333333333333,
bb_b85946c9,28800.0,pt,17,f,medium,3600.0,false,772980.63,5811874.09,-14.813333333333334,
bb_37d6f7ac,28800.0,pt,51,m,high,3600.0,false,778181.83,5812868.05,-12.213333333333335,
bb_0e385831,28800.0,pt,17,f,medium,3000.0,false,773702.05,5811661.51,-14.813333333333334,
bb_2ecabe39,28800.0,pt,15,f,high,4600.0,false,815513.2,5804072.23,-13.613333333333335,
bb_bebf9492,28800.0,pt,22,f,medium,2000.0,false,762086.81,5835204.18,-20.21333333333334,
bb_13395d77,28800.0,pt,33,m,very_low,900.0,false,816845.0,5840556.17,-26.943333333333342,
bb_b067becd,28800.0,pt,33,m,low,2000.0,false,813877.17,5803723.87,-22.71333333333333,
bb_8bbfd7d9,28800.0,pt,60,f,very_low,500.0,true,773284.15,5820894.92,-17.61333333333334,
bb_3aa39251,28800.0,pt,83,f,medium,2000.0,false,788967.92,5854697.78,-28.21333333333334,
bb_9b357ed8,28800.0,pt,69,m,low,900.0,true,793495.73,5841626.89,-19.68,
bb_2fca2b6d,28800.0,pt,92,f,high,4600.0,false,774605.74,5829208.69,-13.313333333333333,
bb_75b125f9,28800.0,pt,38,f,high,4600.0,false,774422.79,5812771.92,-14.813333333333334,
bb_7cca1e6a,28800.0,pt,60,m,medium,2000.0,false,778096.37,5796517.98,-36.21333333333333,
bb_cc8e66e0,28800.0,pt,43,f,very_low,900.0,false,822203.3,5817691.08,-20.043333333333337,
bb_35cac7fd,28800.0,pt,17,m,very_low,900.0,false,800008.67,5810987.58,-14.813333333333334,
bb_741fca56,28800.0,pt,90,m,medium,1500.0,false,762231.37,5832474.82,-23.713333333333335,
bb_021df9c7,28800.0,pt,19,f,medium,4600.0,true,817551.71,5788395.02,-17.613333333333337,
bb_cbc5156d,28800.0,pt,33,f,medium,2000.0,false,775438.1,5811946.83,-14.813333333333334,
bb_6136d714,28800.0,pt,33,m,low,2000.0,false,775595.98,5811429.93,-14.813333333333334,
bb_3d6d229b,28800.0,pt,30,m,high,2600.0,true,782449.75,5797375.56,-61.613333333333344,
bb_cc8d14f1,28800.0,pt,25,f,medium,3600.0,false,778789.5,5810935.1,-17.613333333333337,
bb_9d6b0e0f,28800.0,pt,50,m,high,3600.0,false,789554.24,5845375.39,-16.213333333333335,
bb_9fc9f652,28800.0,pt,56,m,medium,2000.0,false,778100.93,5809424.97,-17.613333333333337,
bb_643c12ff,28800.0,pt,29,f,low,900.0,false,821364.05,5798398.79,-29.613333333333333,
bb_a13fafbe,28800.0,pt,37,f,high,4600.0,false,814798.0,5804839.59,-22.71333333333333,
bb_763ed5a9,28800.0,pt,44,m,medium,3000.0,false,784163.45,5838218.8,-16.21333333333333,
bb_53c3f2ac,28800.0,pt,45,m,high,2600.0,false,819110.03,5803888.95,-22.513333333333335,
bb_5e48ef8d,28800.0,pt,23,f,very_low,2000.0,false,781587.02,5809476.04,-17.613333333333337,
bb_73e21d80,28800.0,pt,22,m,high,3600.0,false,811347.75,5814458.24,-18.813333333333336,
bb_2bef5dbd,28800.0,pt,7,f,medium,3000.0,false,769850.76,5835573.87,-24.213333333333328,
bb_dc61f4cd,28800.0,pt,20,f,very_high,5600.0,false,810073.09,5844553.94,-26.813333333333333,
bb_c1cf4aa3,28800.0,pt,63,f,low,1500.0,false,830562.33,5836348.89,-22.943333333333335,
bb_46f1ff2c,28800.0,pt,62,m,high,3000.0,true,818759.54,5827868.77,-16.943333333333335,
bb_4be5aec5,28800.0,pt,64,f,high,3600.0,false,765465.67,5799251.96,-24.21333333333334,
bb_177494da,28800.0,pt,43,m,very_low,499.0,false,788512.54,5793862.86,-13.613333333333335,
bb_3eda3b6e,28800.0,pt,7,m,medium,3000.0,false,802985.26,5858583.52,-22.813333333333333,
bb_1d115e8f,28800.0,pt,20,f,low,1500.0,true,779631.48,5830761.45,-13.313333333333333,
bb_4b26cfbd,28800.0,pt,40,m,medium,1500.0,false,774780.95,5804571.12,-17.613333333333333,
bb_c7f615eb,28800.0,pt,61,m,very_low,500.0,true,802563.95,5797056.13,-21.513333333333332,
bb_4095204f,28800.0,pt,98,f,medium,1500.0,true,812836.33,5804486.66,-22.71333333333333,
bb_9af0c60c,28800.0,pt,98,f,medium,1500.0,true,796837.08,5841934.35,-16.21333333333334,
bb_173032da,28800.0,pt,58,m,high,3000.0,false,780875.8,5810169.96,-14.813333333333334,
bb_9db2550d,28800.0,pt,15,f,medium,2600.0,false,799756.1,5848939.03,-22.813333333333333,
bb_974315d0,28800.0,pt,56,f,medium,2000.0,false,826780.21,5717731.84,-53.613333333333344,
bb_25940843,28800.0,pt,73,f,medium,2000.0,false,780005.79,5808108.92,-17.613333333333337,
bb_81f50dba,28800.0,pt,17,m,very_high,5600.0,false,767730.15,5792896.26,-26.813333333333336,
bb_1799197b,28800.0,pt,68,m,medium,1500.0,true,780246.17,5813299.72,-12.213333333333335,
bb_50cf7e25,28800.0,pt,59,m,high,3600.0,false,813914.59,5801035.38,-29.61333333333333,
bb_931cd34a,28800.0,pt,63,f,medium,2000.0,false,825247.4,5823799.59,-23.913333333333334,
bb_33d95cab,28800.0,pt,80,f,medium,2000.0,false,774460.05,5817194.96,-17.61333333333334,
bb_402a4e64,28800.0,pt,69,m,medium,3000.0,false,868396.03,5744663.5,-46.71333333333334,
bb_4ec136cc,28800.0,pt,23,f,medium,4600.0,true,787788.73,5850775.08,-88.21333333333334,
bb_90b1b5f7,28800.0,pt,70,f,medium,2000.0,false,829471.79,5825377.59,-30.043333333333337,
bb_2f69aeec,28800.0,pt,66,m,low,1500.0,false,781592.82,5811654.69,-14.813333333333334,
bb_37fe490f,28800.0,pt,75,f,high,3600.0,true,811951.37,5841273.78,-26.81333333333333,
bb_46e01c6a,28800.0,pt,30,m,medium,3000.0,false,783426.7,5841394.07,-20.213333333333335,
bb_01a3d101,28800.0,pt,21,m,very_high,5600.0,false,783697.42,5840702.17,-16.213333333333335,
bb_3b86b9e1,28800.0,pt,19,m,medium,3600.0,false,788682.04,5843998.15,-16.21333333333333,
bb_24fb8927,28800.0,pt,57,f,medium,2600.0,false,819679.36,5829059.57,-18.943333333333335,
bb_b9cd6fb4,28800.0,pt,24,m,high,4600.0,false,751723.35,5870943.7,-36.213333333333324,
bb_30e90dd4,28800.0,pt,58,f,very_high,5600.0,true,781918.57,5847052.19,-16.21333333333333,
bb_3c197822,28800.0,pt,12,m,medium,3000.0,false,778165.67,5809914.97,-17.613333333333337,
bb_4733af58,28800.0,pt,18,f,low,1500.0,false,781749.11,5809520.3,-17.613333333333337,
bb_c200aa9c,28800.0,pt,42,m,very_low,900.0,false,785615.79,5853106.04,-24.21333333333334,
bb_7c1fd2db,28800.0,pt,42,f,low,1500.0,false,780570.15,5811772.14,-12.213333333333335,
bb_b8b8c218,28800.0,pt,78,m,medium,3000.0,false,810026.18,5851759.83,-26.81333333333333,
bb_6d68961d,28800.0,pt,69,f,low,900.0,false,780467.54,5831272.63,-16.113333333333333,
bb_7b4e7c28,28800.0,pt,70,f,low,900.0,false,791149.39,5855417.48,-28.213333333333342,
bb_9ea192fb,28800.0,pt,64,f,very_low,500.0,false,787125.23,5858188.62,-36.213333333333324,
bb_0e133a0b,28800.0,pt,62,m,very_low,900.0,false,781766.63,5810931.14,-17.613333333333337,
bb_2a87edbf,28800.0,pt,35,m,high,4600.0,false,809387.69,5845599.78,-16.093333333333334,
bb_b5021aa5,28800.0,pt,92,f,medium,2000.0,false,773950.66,5830170.37,-16.113333333333333,
bb_13be845e,28800.0,pt,50,m,high,3000.0,false,819775.77,5833556.0,-30.943333333333335,
bb_2f7f82d6,28800.0,pt,3,f,very_low,1500.0,false,776107.22,5828936.14,-16.113333333333333,
bb_a38659a2,28800.0,pt,73,m,medium,2000.0,false,770956.67,5808500.39,-14.813333333333334,
bb_5dc5613f,28800.0,pt,22,m,high,3600.0,false,773097.81,5820744.49,-17.613333333333337,
bb_53822124,28800.0,pt,59,f,very_low,500.0,true,783621.69,5845810.57,-24.213333333333335,
bb_716cdfd0,28800.0,pt,39,m,medium,2000.0,false,772360.71,5821513.52,-17.61333333333334,
bb_a7a95c86,28800.0,pt,27,f,low,900.0,false,800712.69,5810781.22,-14.813333333333334,
bb_8e812947,28800.0,pt,11,f,very_high,5600.0,false,767050.78,5828857.03,-16.113333333333333,
bb_cfeddada,28800.0,pt,18,m,very_high,5600.0,false,776095.89,5813292.71,-14.813333333333334,
bb_888e3382,28800.0,pt,94,m,medium,2000.0,true,810373.36,5847593.0,-22.813333333333336,
bb_72db0017,28800.0,pt,67,f,medium,2000.0,false,762718.85,5834656.17,-17.313333333333333,
bb_c9029ee4,28800.0,pt,18,f,medium,3600.0,false,813284.74,5809749.8,-21.61333333333333,
bb_8cf9a8a4,28800.0,pt,40,f,medium,3000.0,false,774503.79,5831647.75,-13.313333333333333,
bb_6918d912,28800.0,pt,22,f,high,4600.0,false,765792.21,5811735.32,-14.813333333333334,
bb_5d522aed,28800.0,pt,8,f,high,3600.0,false,814238.63,5830636.03,-18.656666666666666,
bb_54fe70be,28800.0,pt,53,m,high,3000.0,false,807813.63,5837575.25,-16.093333333333334,
bb_6914fd84,28800.0,pt,38,f,high,4600.0,false,810148.66,5851742.3,-26.813333333333336,
bb_60d94e61,28800.0,pt,56,f,very_high,5600.0,false,775115.49,5816107.85,-17.613333333333337,
bb_88dcbb51,28800.0,pt,47,m,medium,3000.0,false,819168.68,5822744.47,-20.043333333333337,
bb_7ebec462,28800.0,pt,4,m,medium,3600.0,false,767625.3,5810818.54,-14.813333333333334,
bb_17791e72,28800.0,pt,14,m,very_high,5600.0,false,774127.25,5830760.25,-13.313333333333334,
bb_62c7a82d,28800.0,pt,35,f,very_high,5600.0,false,775590.4,5813572.17,-14.813333333333334,
bb_7c055d40,28800.0,pt,52,m,low,900.0,false,782217.63,5845563.87,-16.213333333333335,
bb_4b473f37,28800.0,pt,39,f,high,3600.0,false,780883.07,5810949.35,-12.213333333333335,
bb_14df74fe,28800.0,pt,52,f,medium,1500.0,false,774029.36,5803719.55,-17.613333333333333,
bb_1fe1442e,28800.0,pt,62,m,very_low,900.0,true,780267.82,5848094.69,-24.21333333333334,
bb_5210e665,28800.0,pt,61,f,high,3600.0,false,773717.57,5812076.37,-14.813333333333334,
bb_1474b01e,28800.0,pt,52,m,high,4600.0,false,787093.99,5814744.78,-17.403333333333336,
bb_21a9fabe,28800.0,pt,56,f,low,1500.0,false,790189.23,5802888.11,-13.613333333333339,
bb_2f54751d,28800.0,pt,21,f,medium,3000.0,false,784421.19,5841114.96,-16.21333333333333,
bb_82517a16,28800.0,pt,25,f,high,3600.0,false,807890.78,5814299.54,-16.656666666666666,
bb_9a7dd8c7,28800.0,pt,62,f,low,900.0,false,775513.24,5812587.39,-14.813333333333334,
bb_83a906be,28800.0,pt,69,f,medium,2000.0,false,791718.89,5841145.34,-19.68,
bb_3aeae600,28800.0,pt,73,f,medium,2000.0,false,806305.42,5813765.97,-17.61333333333334,
bb_2303e12a,28800.0,pt,66,f,medium,2000.0,false,766221.35,5808057.52,-17.61333333333334,
bb_20829257,28800.0,pt,20,m,very_low,900.0,false,774453.72,5812540.13,-14.813333333333334,
bb_aa90e36d,28800.0,pt,70,f,medium,2000.0,false,807347.18,5848255.1,-16.093333333333334,
bb_b7875a74,28800.0,pt,36,f,high,3600.0,false,776544.02,5813171.02,-14.813333333333334,
bb_8504ab38,28800.0,pt,23,f,very_low,500.0,false,799480.23,5848720.99,-78.81333333333336,
bb_5d090535,28800.0,pt,60,f,low,900.0,true,788319.04,5848745.34,-17.913333333333334,
bb_bf92cefc,28800.0,pt,36,f,high,3000.0,true,771345.37,5828822.8,-16.113333333333333,
bb_9f4e20eb,28800.0,pt,5,f,low,2600.0,false,812574.58,5812430.24,-29.613333333333337,
bb_9262e96c,28800.0,pt,13,f,very_low,900.0,true,778860.26,5819970.98,-19.726666666666667,
bb_a1b2de2f,28800.0,pt,42,m,medium,3600.0,false,784331.75,5800832.0,-21.513333333333335,
bb_1ffb4417,28800.0,pt,72,f,low,1500.0,false,770645.94,5794844.99,-17.613333333333333,
bb_a26f6b03,28800.0,pt,95,f,medium,2000.0,false,822714.33,5834932.36,-34.94333333333334,
bb_9e5239be,28800.0,pt,37,f,medium,3000.0,false,776613.91,5811780.16,-14.813333333333334,
bb_97f56e31,28800.0,pt,0,f,very_low,1500.0,false,795694.98,5815050.5,-13.613333333333335,
bb_95df2f03,28800.0,pt,37,f,very_low,500.0,false,799523.29,5807194.71,-25.613333333333333,
bb_a44d8bdb,28800.0,pt,38,f,very_high,5600.0,false,807737.76,5840685.73,-17.913333333333334,
bb_b314506c,28800.0,pt,22,m,very_low,900.0,false,812450.9,5811282.48,-29.613333333333337,
bb_5a792a15,28800.0,pt,61,m,medium,2000.0,false,756840.95,5812490.37,-17.613333333333337,
bb_154793a9,28800.0,pt,70,m,high,3000.0,false,770508.85,5833650.06,-17.313333333333333,
bb_a0afd716,28800.0,pt,1,m,high,4600.0,false,789849.25,5803292.6,-13.613333333333339,
bb_2ec5e69b,28800.0,pt,60,f,medium,1500.0,false,817692.21,5804410.64,-17.613333333333337,
bb_8d4b98e2,28800.0,pt,43,m,low,2000.0,false,750685.42,5867772.71,-24.21333333333334,
bb_d3c6970a,28800.0,pt,66,f,medium,2000.0,false,757588.99,5789755.77,-29.613333333333333,
bb_26522d82,28800.0,pt,62,m,high,3000.0,true,806476.65,5841959.28,-20.093333333333337,
bb_9981bf7e,28800.0,pt,28,f,low,3000.0,false,816770.79,5805631.51,-22.513333333333335,
bb_3edb5c07,28800.0,pt,80,m,medium,2000.0,false,820341.28,5799791.59,-29.613333333333333,
bb_3e638e04,28800.0,pt,7,f,very_low,2000.0,false,805328.26,5842863.33,-12.09333333333333,
bb_5e04883d,28800.0,pt,51,f,very_high,5600.0,false,799041.25,5808102.28,-83.76165433167598,
bb_bdb8ff0c,28800.0,pt,32,m,very_low,900.0,false,778839.34,5810111.49,-17.613333333333333,
bb_bf9de9ba,28800.0,pt,85,f,low,900.0,false,827103.08,5863902.02,-21.613333333333337,
bb_55544105,28800.0,pt,23,m,high,3600.0,false,799175.83,5805913.25,-25.613333333333337,
bb_d24016a6,28800.0,pt,51,m,very_high,5600.0,false,776248.27,5813777.71,-14.813333333333334,
bb_dab54221,28800.0,pt,18,m,very_low,900.0,false,814752.02,5806792.6,-17.61333333333334,
bb_a042ed7b,28800.0,pt,24,m,low,1500.0,false,810076.89,5849131.04,-26.813333333333333,
bb_3d9ed5bc,28800.0,pt,40,m,very_low,900.0,false,785305.11,5855398.87,-28.92,
bb_03320d08,28800.0,pt,13,f,high,3600.0,false,779781.52,5841601.41,-20.213333333333335,
bb_218e6294,28800.0,pt,35,m,medium,3000.0,false,762995.23,5765419.62,-81.61333333333332,
bb_d6e5ae4b,28800.0,pt,33,m,medium,2600.0,false,779272.45,5812476.32,-14.813333333333334,
bb_71c81e0d,28800.0,pt,10,m,medium,3000.0,false,782232.33,5846056.69,-16.21333333333333,
bb_5e582f85,28800.0,pt,58,m,medium,2000.0,false,761685.79,5799764.03,-24.213333333333342,
bb_b2ca247d,28800.0,pt,61,f,high,3600.0,false,802085.84,5808952.32,-18.813333333333336,
bb_960fcccb,28800.0,pt,32,m,low,2000.0,true,812980.63,5810473.24,-29.61333333333334,
bb_baf4f9c5,28800.0,pt,43,m,high,3600.0,true,817094.18,5826031.35,-16.943333333333335,
bb_7dac4ff9,28800.0,pt,57,m,medium,3000.0,false,788278.29,5849270.65,-14.813333333333336,
bb_8e85e65a,28800.0,pt,69,m,medium,2000.0,false,781556.62,5795794.62,-37.61333333333333,
bb_aa6612e4,28800.0,pt,62,f,medium,2000.0,false,805762.9,5843481.19,-16.093333333333334,
bb_ba3d3aef,28800.0,pt,39,m,high,3600.0,false,800138.47,5855866.1,-22.813333333333336,
bb_25fb3df6,28800.0,pt,37,f,high,4600.0,false,791724.51,5855591.66,-28.21333333333334,
bb_8761c803,28800.0,pt,98,m,medium,2600.0,true,822662.41,5831047.85,-18.943333333333335,
bb_92f593ba,28800.0,pt,70,f,very_high,5600.0,false,760379.35,5812004.15,-22.813333333333336,
bb_080ee789,28800.0,pt,25,f,very_low,1500.0,false,772311.98,5815803.35,-17.613333333333337,
bb_05c47052,28800.0,pt,44,m,medium,2000.0,false,778377.99,5820780.49,-17.61333333333334,
bb_544a11b3,28800.0,pt,76,f,medium,1500.0,false,813801.48,5804012.27,-22.71333333333333,
bb_2fc84280,28800.0,pt,64,f,very_low,500.0,false,775917.91,5839704.05,-23.71333333333334,
bb_5738c15b,28800.0,pt,60,f,medium,2000.0,false,785607.91,5811514.91,-17.613333333333333,
bb_af4cf469,28800.0,pt,36,m,very_high,5600.0,false,778625.47,5812794.31,-12.213333333333335,
bb_a9205c12,28800.0,pt,86,f,low,900.0,false,822477.18,5818543.0,-16.213333333333335,
bb_9fda3418,28800.0,pt,64,m,medium,3000.0,false,779899.44,5813626.95,-14.813333333333334,
bb_34ea5b56,28800.0,pt,51,f,very_low,900.0,false,778770.18,5812259.82,-12.213333333333333,
bb_35b9c852,28800.0,pt,46,m,very_low,900.0,false,783624.83,5841435.97,-16.213333333333335,
bb_dc49804b,28800.0,pt,12,m,very_low,2000.0,false,783272.66,5840714.17,-20.213333333333335,
bb_5711745c,28800.0,pt,13,f,very_low,500.0,false,776946.42,5833679.11,-17.313333333333333,
bb_a57a7ab4,28800.0,pt,61,f,high,3000.0,true,779994.84,5813642.65,-14.813333333333336,
bb_dc5a43ae,28800.0,pt,55,m,high,3600.0,false,775697.73,5815557.76,-17.613333333333333,
bb_39433c46,28800.0,pt,8,m,high,4600.0,false,789377.25,5843031.28,-20.213333333333335,
bb_c236ff2e,28800.0,pt,33,m,high,4600.0,false,776441.54,5831298.79,-13.313333333333333,
bb_85c865b8,28800.0,pt,55,f,medium,3000.0,false,777192.18,5831785.42,-13.313333333333334,
bb_c13e166a,28800.0,pt,75,f,low,1500.0,false,795404.56,5854158.19,-29.613333333333337,
bb_12c0f434,28800.0,pt,97,f,very_high,5600.0,true,796040.64,5850760.98,-19.68,
bb_a7d8687a,28800.0,pt,97,m,medium,3000.0,true,808156.52,5843153.08,-20.093333333333334,
bb_db8d52b8,28800.0,pt,99,f,medium,2000.0,true,766321.42,5845060.1,-32.11333333333333,
bb_30b2974e,28800.0,pt,5,f,medium,3000.0,false,812765.59,5837782.57,-26.943333333333335,
bb_41998790,28800.0,pt,37,f,medium,3600.0,false,773732.34,5811699.24,-14.813333333333334,
bb_881217fe,28800.0,pt,51,m,medium,2000.0,true,820356.17,5823273.52,-23.91333333333333,
bb_3dc37ffa,28800.0,pt,66,f,medium,1500.0,false,800318.75,5809771.59,-14.813333333333334,
bb_26e106da,28800.0,pt,52,m,medium,3600.0,false,816183.89,5797470.4,-17.613333333333333,
bb_6c2eaa23,28800.0,pt,55,f,medium,3000.0,false,825280.31,5831408.76,-18.943333333333335,
bb_485a8ac3,28800.0,pt,4,m,low,1500.0,false,796231.92,5857562.81,-60.21333333333333,
bb_c3eef00e,28800.0,pt,25,m,very_low,2000.0,false,762071.21,5835275.97,-20.21333333333334,
bb_07af4e67,28800.0,pt,85,f,medium,2000.0,false,770615.54,5814550.95,-17.613333333333337,
bb_0797a7f4,28800.0,pt,88,f,medium,1500.0,false,771967.86,5828835.51,-16.113333333333333,
bb_9d14ced9,28800.0,pt,6,m,very_low,1500.0,false,770524.45,5833835.78,-17.313333333333333,
bb_a252321f,28800.0,pt,59,f,medium,2000.0,false,786221.46,5814493.75,-17.403333333333336,
bb_7346fe6d,28800.0,pt,47,f,high,3600.0,false,792485.5,5840695.05,-19.68,
bb_ac0acb03,28800.0,pt,14,f,low,1500.0,false,789206.64,5803254.86,-13.613333333333337,
bb_38803202,28800.0,pt,70,m,high,3000.0,false,826345.32,5805897.36,-22.513333333333335,
bb_9e808571,28800.0,pt,29,f,very_low,2000.0,false,773746.4,5811447.42,-14.813333333333334,
bb_62aabf8b,28800.0,pt,20,m,low,900.0,false,787052.96,5814886.65,-17.403333333333336,
bb_0aa712f3,28800.0,pt,73,m,medium,2600.0,false,825567.83,5823648.95,-23.913333333333334,
bb_23c4dae1,28800.0,pt,33,m,very_low,900.0,false,741987.56,5812702.33,-22.813333333333336,
bb_51ac6e99,28800.0,pt,48,m,high,3600.0,false,821954.82,5831644.14,-22.943333333333335,
bb_0e509cd4,28800.0,pt,27,m,high,3000.0,false,766309.88,5844254.24,-32.11333333333333,
bb_66d6e056,28800.0,pt,66,f,medium,2600.0,true,788381.51,5815721.36,-17.61333333333333,
bb_0e870e35,28800.0,pt,17,m,high,4600.0,false,773393.0,5814978.52,-17.613333333333337,
bb_778f928a,28800.0,pt,40,f,medium,3000.0,false,809464.05,5799939.07,-17.613333333333337,
bb_44f4dbba,28800.0,pt,10,f,low,3000.0,false,775149.04,5831148.68,-13.313333333333334,
bb_8329e2ad,28800.0,pt,28,m,very_high,5600.0,false,845230.0,5805984.39,-23.913333333333334,
bb_4d4842c7,28800.0,pt,43,f,medium,2600.0,false,817036.91,5825080.88,-20.943333333333335,
bb_bf0ecca0,28800.0,pt,54,m,very_low,500.0,true,786680.75,5854191.29,-17.613333333333337,
bb_bf574e38,28800.0,pt,58,m,medium,2600.0,false,775419.96,5813791.32,-14.813333333333334,
bb_a30bef67,28800.0,pt,16,m,high,4600.0,false,784584.82,5799466.21,-21.513333333333335,
bb_25fc4e1b,28800.0,pt,14,m,very_low,1500.0,false,775504.92,5814358.85,-14.813333333333334,
bb_dc696c1c,28800.0,pt,29,m,medium,2000.0,false,799274.87,5806542.99,-25.613333333333337,
bb_b1af6d1d,28800.0,pt,30,f,low,2000.0,false,769044.17,5816305.35,-17.613333333333337,
bb_a1ebd970,28800.0,pt,45,f,high,3600.0,false,779378.73,5812093.7,-12.213333333333335,
bb_8d091c0d,28800.0,pt,91,f,low,900.0,false,814144.84,5810245.2,-29.61333333333333,
bb_3e778570,28800.0,pt,50,m,high,4600.0,false,800433.71,5810027.56,-14.813333333333334,
bb_1e66e389,28800.0,pt,15,m,low,2000.0,false,785513.12,5854563.83,-28.92,
bb_59950c0e,28800.0,pt,88,f,low,900.0,false,809083.69,5835665.26,-26.943333333333335,
bb_66c8b6aa,28800.0,pt,57,f,very_low,500.0,true,766281.01,5811628.1,-14.813333333333334,
bb_9529a90a,28800.0,pt,71,f,low,1500.0,false,774090.12,5831034.94,-16.113333333333333,
bb_7932253d,28800.0,pt,38,f,high,4600.0,false,779468.14,5811502.31,-14.813333333333334,
bb_738b2b51,28800.0,pt,10,m,medium,3600.0,false,772502.93,5815714.49,-17.613333333333337,
bb_bb3fc6b2,28800.0,pt,10,m,medium,2000.0,false,801308.95,5803095.59,-29.613333333333326,
bb_0c79e10b,28800.0,pt,36,f,medium,2600.0,false,806100.67,5844063.71,-16.093333333333334,
bb_9707d730,28800.0,pt,30,f,low,900.0,false,784450.54,5839767.22,-16.21333333333333,
bb_c1651fc9,28800.0,pt,23,f,medium,1500.0,false,787637.77,5815515.03,-17.403333333333332,
bb_248843c5,28800.0,pt,52,m,low,2000.0,false,823918.22,5825485.12,-22.943333333333335,
bb_785ad4d5,28800.0,pt,87,m,high,3000.0,false,830393.23,5835876.91,-22.943333333333335,
bb_7a5097dd,28800.0,pt,13,f,low,3000.0,false,787655.25,5791617.13,-98.31333333333333,
bb_91bad201,28800.0,pt,40,m,medium,1500.0,false,814576.26,5830894.87,-18.656666666666666,
bb_21ab8b29,28800.0,pt,36,m,low,3000.0,false,776123.3,5833410.73,-16.113333333333333,
bb_508f4fae,28800.0,pt,58,f,high,3600.0,false,788010.8,5815163.35,-17.403333333333336,
bb_77bf28aa,28800.0,pt,5,m,medium,3600.0,false,820584.14,5803365.2,-22.71333333333333,
bb_c29579b7,28800.0,pt,73,m,medium,1500.0,false,829949.96,5837216.11,-22.943333333333328,
bb_097c9f12,28800.0,pt,50,f,low,1500.0,false,804584.83,5800589.43,-35.913333333333334,
bb_85e8a30d,28800.0,pt,67,f,medium,2000.0,false,760387.81,5808352.85,-17.613333333333337,
bb_52792a99,28800.0,pt,52,f,medium,2000.0,false,861776.69,5852719.12,-120.21333333333337,
bb_0763b048,28800.0,pt,10,f,very_low,1500.0,false,799701.77,5807637.99,-25.613333333333337,
bb_89011f38,28800.0,pt,72,f,low,900.0,true,778930.98,5810556.35,-17.61333333333334,
bb_a92ecee1,28800.0,pt,52,f,very_low,500.0,true,802994.31,5802603.04,-29.61333333333333,
bb_5f608c0a,28800.0,pt,59,m,very_low,499.0,true,787810.93,5844067.25,-22.813333333333333,
bb_a9407788,28800.0,pt,52,m,very_high,5600.0,false,810475.47,5848654.73,-26.81333333333333,
bb_4db97b29,28800.0,pt,43,m,medium,3600.0,false,812725.72,5838153.77,-26.943333333333335,
bb_b2ae5490,28800.0,pt,58,f,high,3600.0,false,764450.2,5836263.3,-23.713333333333335,
bb_21e2ec64,28800.0,pt,40,m,low,2600.0,false,792690.43,5840794.25,-22.883333333333333,
bb_08c8b4b1,28800.0,pt,67,f,low,1500.0,false,823603.14,5819486.11,-16.213333333333335,
bb_6ba0ad89,28800.0,pt,55,f,very_low,500.0,false,778866.16,5809773.36,-17.613333333333333,
bb_767fd1f1,28800.0,pt,36,f,medium,3000.0,false,810080.14,5849107.98,-26.813333333333333,
bb_b9456461,28800.0,pt,98,f,medium,1500.0,true,815024.09,5804644.19,-17.61333333333334,
bb_517fac43,28800.0,pt,45,f,low,900.0,false,824774.15,5830457.92,-18.943333333333335,
bb_1787a3ab,28800.0,pt,90,f,medium,2000.0,true,801757.13,5806419.25,-23.913333333333334,
bb_12d32e1e,28800.0,pt,47,f,very_high,5600.0,false,741902.02,5813496.18,-26.813333333333336,
bb_5ea27d17,28800.0,pt,14,m,medium,3000.0,false,778431.67,5812542.8,-10.813333333333334,
bb_8a0d74a8,28800.0,pt,72,f,medium,1500.0,false,776393.59,5814071.17,-14.813333333333334,
bb_9bc79be7,28800.0,pt,73,m,low,900.0,false,808882.55,5845907.11,-16.093333333333334,
bb_ca05e09d,28800.0,pt,34,f,medium,3000.0,false,770067.83,5813822.38,-14.813333333333334,
bb_ad059901,28800.0,pt,9,f,very_high,5600.0,false,760039.56,5812076.39,-22.813333333333336,
bb_21ef3b4f,28800.0,pt,9,f,medium,3600.0,false,775251.96,5811865.45,-14.813333333333333,
bb_6cefcb3d,28800.0,pt,63,f,high,4600.0,true,777305.09,5812843.0,-14.813333333333334,
bb_62f6cb6d,28800.0,pt,59,f,high,3600.0,false,801247.29,5808560.53,-18.813333333333336,
bb_42985801,28800.0,pt,60,f,medium,3000.0,false,823016.38,5817475.71,-23.913333333333334,
bb_b923f50a,28800.0,pt,86,m,high,3600.0,false,766399.41,5811241.81,-14.813333333333334,
bb_a351e1f9,28800.0,pt,51,m,high,3000.0,false,775393.6,5814158.49,-14.813333333333334,
bb_67096aea,28800.0,pt,49,m,medium,2000.0,false,773189.19,5820893.34,-17.61333333333334,
bb_9d404e5c,28800.0,pt,63,f,very_low,499.0,false,814950.81,5806184.03,-17.61333333333334,
bb_cf6be93a,28800.0,pt,40,m,medium,1500.0,false,777147.69,5812042.03,-14.813333333333334,
bb_ab78b7f0,28800.0,pt,50,m,very_high,5600.0,false,735113.51,5820427.52,-26.813333333333336,
bb_3aec5764,28800.0,pt,32,f,medium,2600.0,false,807041.88,5842145.15,-22.813333333333333,
bb_8b326800,28800.0,pt,9,f,very_low,2000.0,false,788184.04,5849293.05,-14.813333333333336,
bb_47ba3f19,28800.0,pt,58,f,low,1500.0,false,815563.17,5809531.69,-17.44333333333333,
bb_9bc6e735,28800.0,pt,15,m,very_high,5600.0,false,783276.11,5840424.73,-20.213333333333335,
bb_466241f3,28800.0,pt,56,f,medium,2000.0,false,810475.21,5836227.69,-13.613333333333335,
bb_69e66033,28800.0,pt,40,m,low,2000.0,true,813793.48,5808577.78,-21.61333333333333,
bb_05fe26b1,28800.0,pt,98,m,medium,1500.0,true,801042.56,5810405.96,-18.813333333333336,
bb_a4dd39d7,28800.0,pt,6,f,medium,3000.0,false,820649.91,5825806.16,-26.943333333333335,
bb_829e9f94,28800.0,pt,4,m,medium,3600.0,true,772630.04,5800475.26,-17.613333333333333,
bb_6ce43b99,28800.0,pt,83,f,medium,1500.0,true,820303.17,5834300.22,-18.943333333333335,
bb_40010be9,28800.0,pt,72,f,high,3600.0,false,777210.87,5812878.33,-14.813333333333334,
bb_5a1ff171,28800.0,pt,5,f,very_high,5600.0,false,806169.9,5813923.08,-17.61333333333334,
bb_1bea0802,28800.0,pt,47,m,high,3600.0,false,821727.08,5804156.12,-22.513333333333335,
bb_36aacbd5,28800.0,pt,61,f,very_low,500.0,true,786311.68,5849871.83,-36.213333333333324,
bb_832609be,28800.0,pt,4,m,medium,3600.0,false,774447.1,5798557.22,-108.91333333333334,
bb_21e7d725,28800.0,pt,57,m,very_low,500.0,true,785593.72,5852496.4,-24.21333333333334,
bb_7b20aaee,28800.0,pt,72,m,very_high,5600.0,false,821595.09,5831675.34,-34.94333333333333,
bb_136c8642,28800.0,pt,56,m,very_low,900.0,false,817723.38,5832539.62,-30.943333333333335,
bb_bae15ba7,28800.0,pt,52,m,medium,1500.0,false,825545.11,5823512.34,-23.913333333333334,
bb_d976fb19,28800.0,pt,74,f,low,900.0,false,822838.31,5799321.71,-29.61333333333333,
bb_a9b513a4,28800.0,pt,37,f,high,4600.0,false,844989.35,5814456.08,-20.213333333333335,
bb_238afcbf,28800.0,pt,20,m,high,4600.0,false,786430.81,5815187.17,-17.403333333333336,
bb_d48e1107,28800.0,pt,51,m,medium,3000.0,false,825533.1,5798990.29,-65.61333333333334,
bb_2244e45d,28800.0,pt,1,m,medium,3600.0,false,801800.09,5810499.71,-14.813333333333334,
bb_1c0c4f87,28800.0,pt,62,f,low,1500.0,false,772583.06,5854533.57,-48.21333333333333,
bb_2f3673fa,28800.0,pt,44,f,very_low,900.0,false,778026.29,5810120.31,-17.613333333333337,
bb_b6a2b04b,28800.0,pt,85,f,medium,1500.0,true,772428.17,5821098.66,-22.813333333333336,
bb_9751f370,28800.0,pt,38,f,very_high,5600.0,false,820373.41,5834344.52,-18.943333333333335,
bb_62d208e7,28800.0,pt,13,m,very_high,5600.0,false,773924.02,5830276.18,-16.113333333333333,
bb_38c5de59,28800.0,pt,65,m,high,3000.0,true,770443.49,5821688.32,-22.813333333333336,
bb_57242c59,28800.0,pt,18,m,low,900.0,false,816496.58,5797780.61,-17.613333333333337,
bb_2ca9953a,28800.0,pt,44,m,medium,3600.0,false,775348.76,5814132.66,-14.813333333333334,
bb_74c765db,28800.0,pt,6,f,very_low,1500.0,false,796948.68,5842161.92,-16.213333333333335,
bb_2d0c455e,28800.0,pt,42,f,high,3600.0,false,814440.56,5830589.52,-18.65666666666667,
bb_5c57c696,28800.0,pt,96,f,high,3600.0,true,765982.78,5824025.39,-29.613333333333337,
bb_bc2cd953,28800.0,pt,62,f,high,3000.0,true,811281.79,5814347.59,-18.813333333333336,
bb_9bb97b95,28800.0,pt,10,f,medium,3000.0,false,772036.87,5815683.13,-17.613333333333337,
bb_1dd4b78a,28800.0,pt,56,f,medium,2000.0,false,780675.92,5811287.6,-12.213333333333335,
bb_8c6590d2,28800.0,pt,56,m,very_high,5600.0,false,779020.07,5821142.02,-17.61333333333334,
bb_c4d10b00,28800.0,pt,23,f,high,4600.0,false,801805.87,5816191.05,-16.213333333333335,
bb_921c22ad,28800.0,pt,20,m,medium,2600.0,false,787774.46,5794362.04,-21.513333333333335,
bb_25aeeb60,28800.0,pt,58,m,very_low,500.0,false,789920.58,5791149.86,-25.613333333333337,
bb_ab5cd3c9,28800.0,pt,60,m,medium,2600.0,false,867851.33,5745394.19,-46.71333333333334,
bb_3673ca6d,28800.0,pt,7,m,medium,3600.0,false,790178.17,5803429.42,-13.613333333333337,
bb_5b81f67f,28800.0,pt,47,f,low,1500.0,false,789964.15,5803955.32,-13.613333333333337,
bb_9970d413,28800.0,pt,45,f,high,4600.0,false,779183.69,5844114.61,-20.213333333333335,
bb_1f0cf19e,28800.0,pt,62,f,low,1500.0,false,796785.93,5800225.15,-21.513333333333335,
bb_83b32551,28800.0,pt,6,f,high,3000.0,false,792507.27,5814804.53,-13.613333333333333,
bb_d1009c7a,28800.0,pt,56,m,medium,3000.0,false,773658.31,5798942.44,-24.213333333333335,
bb_b3640ebe,28800.0,pt,52,f,high,4600.0,false,776804.35,5805889.93,-12.213333333333335,
bb_c66dc4e4,28800.0,pt,38,f,low,3000.0,false,792396.86,5812870.78,-9.613333333333335,
bb_0d6c23ef,28800.0,pt,11,f,medium,3600.0,false,789756.96,5803714.07,-13.613333333333337,
bb_891781f2,28800.0,pt,67,m,low,900.0,false,785484.11,5853108.06,-24.213333333333335,
bb_0eeb9b8e,28800.0,pt,17,m,medium,3600.0,false,796904.89,5850348.1,-29.61333333333334,
bb_a5ed14e3,28800.0,pt,9,m,medium,3000.0,false,765042.4,5809600.88,-17.613333333333337,
bb_3cf0c725,28800.0,pt,60,f,high,3000.0,false,784450.53,5837063.13,-16.113333333333333,
bb_badf95c3,28800.0,pt,25,f,very_low,1500.0,false,817211.09,5828741.27,-14.943333333333335,
bb_d41b6cbb,28800.0,pt,51,m,high,3000.0,false,787042.31,5811134.51,-16.213333333333335,
bb_5d7dbf6e,28800.0,pt,22,f,medium,2000.0,false,793764.95,5799535.06,-21.513333333333335,
bb_a5400919,28800.0,pt,54,f,very_low,500.0,false,829703.33,5832966.36,-18.943333333333335,
bb_b2b910c7,28800.0,pt,12,m,medium,3000.0,false,785553.64,5809546.06,-21.403333333333332,
bb_948eb3f5,28800.0,pt,63,f,very_high,5600.0,false,777863.95,5814506.11,-17.613333333333333,
bb_d65ba37a,28800.0,pt,44,f,low,2000.0,true,778204.98,5813307.64,-14.813333333333333,
bb_26e5bf41,28800.0,pt,13,m,very_low,2000.0,false,791282.86,5814875.14,-13.613333333333335,
bb_3c62b530,28800.0,pt,60,m,high,4600.0,false,800281.84,5806383.64,-23.913333333333334,
bb_ad03358b,28800.0,pt,52,m,medium,3600.0,false,780866.56,5809327.99,-17.61333333333334,
bb_05814107,28800.0,pt,34,m,low,900.0,false,761187.63,5835425.66,-20.21333333333334,
bb_93b2e919,28800.0,pt,75,f,low,900.0,false,769813.62,5832962.97,-20.21333333333334,
bb_867464c9,28800.0,pt,19,f,medium,3600.0,false,754915.62,5869573.9,-24.21333333333334,
bb_57f0464d,28800.0,pt,54,f,very_high,5600.0,false,763890.9,5792660.73,-29.613333333333333,
bb_80f1032a,28800.0,pt,9,f,medium,3000.0,false,767692.07,5804207.3,-17.613333333333337,
bb_631f45ea,28800.0,pt,50,m,medium,2000.0,false,821382.4,5825629.72,-34.04333333333333,
bb_751d06dc,28800.0,pt,70,f,high,3600.0,false,810153.69,5811280.43,-21.61333333333333,
bb_52cde3ff,28800.0,pt,58,f,medium,1500.0,false,777636.14,5846139.46,-20.213333333333335,
bb_6440fe39,28800.0,pt,65,m,low,900.0,false,774182.96,5812240.05,-14.813333333333334,
bb_a88e94a7,28800.0,pt,95,f,very_high,4600.0,false,823054.46,5828138.34,-22.943333333333335,
bb_75240096,28800.0,pt,62,m,high,3600.0,false,798301.17,5810651.37,-18.813333333333336,
bb_1a8b360e,28800.0,pt,51,f,high,2600.0,false,789880.67,5803568.94,-13.613333333333337,
bb_92d8ef55,28800.0,pt,5,m,medium,3000.0,false,809786.53,5844950.73,-22.813333333333333,
bb_808b9f4a,28800.0,pt,42,f,medium,3600.0,false,769310.57,5809371.34,-17.613333333333337,
bb_83d2f84a,28800.0,pt,19,m,medium,2600.0,false,784808.48,5799686.74,-21.513333333333335,
bb_3a5db90c,28800.0,pt,41,f,medium,2000.0,false,775366.82,5818624.11,-17.61333333333334,
bb_9c4d97df,28800.0,pt,40,m,medium,1500.0,false,784378.55,5801087.54,-21.513333333333335,
bb_b9ad934a,28800.0,pt,1,m,medium,3600.0,false,778198.2,5809649.41,-17.613333333333337,
bb_834937d8,28800.0,pt,57,m,low,900.0,false,766650.79,5810446.48,-17.61333333333334,
bb_a20c479b,28800.0,pt,23,m,low,1500.0,false,795597.92,5846530.78,-19.68,
bb_bd5d87f5,28800.0,pt,54,m,very_low,499.0,false,824143.02,5824689.02,-22.943333333333335,
bb_6b10fd2b,28800.0,pt,54,m,low,900.0,false,816295.51,5840241.97,-13.613333333333335,
bb_17b675e5,28800.0,pt,57,f,very_low,499.0,false,799914.85,5845993.89,-17.613333333333333,
bb_48fb2981,28800.0,pt,58,m,very_low,500.0,false,786817.29,5850106.99,-36.213333333333324,
bb_3ed39f18,28800.0,pt,55,f,very_low,900.0,false,779880.68,5812226.79,-14.813333333333334,
bb_8528eb0e,28800.0,pt,86,f,very_low,500.0,true,776157.16,5832389.22,-20.213333333333335,
bb_dbbc82a9,28800.0,pt,54,m,very_high,5600.0,false,825152.5,5829569.83,-18.943333333333335,
bb_b95a38dc,28800.0,pt,22,m,medium,3600.0,false,773652.63,5830537.67,-23.71333333333334,
bb_433dbc99,28800.0,pt,42,f,medium,1500.0,false,768290.85,5810323.58,-17.61333333333334,
bb_5c7b789d,28800.0,pt,89,m,low,1500.0,true,781742.42,5810737.7,-17.613333333333337,
bb_83a9a84f,28800.0,pt,51,f,very_low,900.0,false,779502.32,5814595.14,-17.61333333333334,
bb_a6b2ff92,28800.0,pt,15,m,high,3600.0,false,786797.92,5851357.98,-36.213333333333324,
bb_1de9687e,28800.0,pt,49,f,very_high,5600.0,true,777265.05,5812952.08,-14.813333333333334,
bb_d251f391,28800.0,pt,32,f,high,3600.0,false,820098.75,5829114.0,-18.943333333333335,
bb_08d8b598,28800.0,pt,15,m,medium,3000.0,false,784153.51,5837445.88,-16.21333333333333,
bb_2f2da952,28800.0,pt,9,f,high,4600.0,false,780162.34,5844260.48,-20.213333333333335,
bb_72f0539c,28800.0,pt,51,f,low,900.0,false,810500.58,5847439.25,-22.813333333333333,
bb_0fbd684e,28800.0,pt,45,m,medium,3600.0,false,770821.03,5834744.01,-24.21333333333333,
bb_715d9ef4,28800.0,pt,61,f,medium,2600.0,false,785980.14,5813643.79,-14.813333333333334,
bb_aee58b70,28800.0,pt,2,f,very_high,5600.0,false,779127.79,5812217.55,-12.213333333333335,
bb_226e8bda,28800.0,pt,2,m,very_low,1500.0,false,799273.24,5855409.56,-74.81333333333336,
bb_6f87bfab,28800.0,pt,92,m,medium,2600.0,false,770405.8,5828910.94,-16.113333333333333,
bb_8b705215,28800.0,pt,76,f,medium,2000.0,false,820426.47,5812993.72,-22.513333333333335,
bb_ab1304fb,28800.0,pt,23,m,high,3600.0,false,800144.7,5808263.32,-14.813333333333334,
bb_0037f5cb,28800.0,pt,35,m,medium,3600.0,false,796565.4,5855190.71,-60.21333333333333,
bb_9dfe74b9,28800.0,pt,43,m,very_high,5600.0,false,792986.18,5839708.84,-18.813333333333336,
bb_62756a00,28800.0,pt,53,m,high,3600.0,false,791586.47,5843091.74,-22.883333333333333,
bb_bd808db1,28800.0,pt,45,m,medium,1500.0,false,793585.65,5810214.67,-18.813333333333336,
bb_04c66b4f,28800.0,pt,8,m,very_high,5600.0,false,815656.64,5801233.47,-17.613333333333337,
bb_cbb22a4d,28800.0,pt,68,f,low,900.0,false,789158.16,5812212.26,-21.443333333333335,
bb_41dfa092,28800.0,pt,60,m,medium,2000.0,false,815052.66,5800444.37,-41.61333333333335,
bb_cd2acfb7,28800.0,pt,40,f,low,2000.0,false,820426.72,5812570.74,-22.513333333333335,
bb_203a6707,28800.0,pt,62,m,high,4600.0,false,815830.59,5799082.91,-29.613333333333333,
bb_558e5cb4,28800.0,pt,60,m,high,3600.0,false,765264.78,5847457.55,-32.11333333333333,
bb_a139704f,28800.0,pt,20,m,high,4600.0,false,780862.18,5811559.54,-12.213333333333335,
bb_167697f6,28800.0,pt,43,m,medium,1500.0,false,801011.01,5806167.32,-23.913333333333338,
bb_0b3b00e2,28800.0,pt,77,m,very_low,900.0,true,774018.04,5832133.93,-13.313333333333334,
bb_49851ccb,28800.0,pt,43,m,high,4600.0,false,777906.18,5810325.37,-17.613333333333337,
bb_9da17cd4,28800.0,pt,21,m,high,4600.0,false,845050.45,5804975.03,-23.913333333333334,
bb_5719813c,28800.0,pt,60,m,medium,3000.0,false,785515.34,5840022.5,-16.21333333333333,
bb_5b239cf0,28800.0,pt,17,f,very_low,1500.0,false,777198.73,5833302.21,-20.213333333333335,
bb_4a07dd0e,28800.0,pt,58,f,very_low,500.0,true,780957.46,5836093.19,-23.713333333333335,
bb_c7fb8ef3,28800.0,pt,3,m,very_low,900.0,false,783252.36,5848954.15,-24.213333333333342,
bb_bb32dcbd,28800.0,pt,29,f,high,3600.0,false,824513.37,5829621.26,-18.943333333333335,
bb_2b23c247,28800.0,pt,26,f,very_high,5600.0,false,771043.38,5814368.35,-17.613333333333337,
bb_372d027d,28800.0,pt,64,m,high,3000.0,true,777382.29,5814888.85,-17.613333333333333,
bb_ab9c3b1d,28800.0,pt,34,m,low,2000.0,false,772696.75,5813822.72,-17.613333333333337,
bb_21090a76,28800.0,pt,38,m,medium,2000.0,false,878487.03,5813440.97,-23.913333333333338,
bb_56d2b014,28800.0,pt,19,m,very_low,499.0,false,776112.98,5814893.42,-14.813333333333334,
bb_2fc3b47c,28800.0,pt,55,f,high,3600.0,true,772651.96,5852246.64,-24.21333333333334,
bb_05f7cd7e,28800.0,pt,50,m,high,3600.0,false,779871.17,5807434.88,-17.613333333333333,
bb_c3737266,28800.0,pt,61,f,medium,2000.0,false,779330.7,5868875.62,-29.61333333333333,
bb_9f97ee61,28800.0,pt,2,m,medium,3600.0,false,825559.9,5823361.77,-26.943333333333335,
bb_243dc3b1,28800.0,pt,60,m,high,3000.0,false,822573.63,5827944.21,-22.943333333333335,
bb_701e03cb,28800.0,pt,90,m,medium,2600.0,false,771255.37,5808609.3,-14.813333333333334,
bb_62b430e3,28800.0,pt,68,f,medium,2000.0,false,788463.6,5848536.07,-17.913333333333334,
bb_82a434ab,28800.0,pt,31,f,medium,3000.0,false,786766.34,5812807.99,-16.21333333333333,
bb_10b21560,28800.0,pt,46,m,low,900.0,false,814589.78,5830274.09,-18.656666666666666,
bb_9d2adf94,28800.0,pt,72,f,high,4600.0,false,803638.72,5803131.74,-29.61333333333333,
bb_37bab1e7,28800.0,pt,57,f,high,3000.0,false,796864.94,5852388.79,-29.613333333333337,
bb_d1a7b8dd,28800.0,pt,42,m,low,2600.0,false,873223.82,5835446.05,-71.91333333333331,
bb_07363827,28800.0,pt,53,f,high,4600.0,false,784414.47,5839352.55,-16.21333333333333,
bb_804fef0b,28800.0,pt,49,f,high,2600.0,false,835246.55,5838509.11,-30.943333333333335,
bb_75c2738f,28800.0,pt,23,f,high,3600.0,false,810235.89,5835294.18,-13.613333333333335,
bb_52347db7,28800.0,pt,70,m,medium,2000.0,true,825987.19,5798003.23,-65.61333333333334,
bb_3b2169f2,28800.0,pt,55,m,medium,2000.0,false,773713.73,5835680.0,-91.94441343470072,
bb_2ce185d5,28800.0,pt,5,m,medium,3600.0,false,777004.67,5833244.29,-20.213333333333335,
bb_2eaea06d,28800.0,pt,57,m,very_low,500.0,true,791612.05,5813539.83,-9.613333333333335,
bb_b23633d7,28800.0,pt,42,f,very_low,500.0,true,777785.91,5811358.64,-17.613333333333333,
bb_98826b76,28800.0,pt,43,f,very_low,900.0,false,766744.56,5810566.41,-14.813333333333334,
bb_6a2948db,28800.0,pt,28,f,medium,3000.0,false,777371.75,5814689.99,-14.813333333333334,
bb_51556a8b,28800.0,pt,12,m,high,4600.0,false,795038.61,5840694.42,-19.679999999999996,
bb_539ea74e,28800.0,pt,56,m,medium,2000.0,false,765617.24,5833362.24,-20.21333333333334,
bb_d9c84808,28800.0,pt,56,m,high,3000.0,false,778365.28,5770951.66,-73.61333333333334,
bb_5de9a163,28800.0,pt,25,m,medium,2600.0,false,793488.11,5810945.46,-18.813333333333336,
bb_2a909f25,28800.0,pt,42,m,medium,1500.0,false,751610.28,5810726.91,-29.61333333333333,
bb_68e222ec,28800.0,pt,29,f,very_high,5600.0,false,780845.08,5811412.11,-12.213333333333335,
bb_c816ed6f,28800.0,pt,18,f,high,4600.0,false,787849.51,5844306.33,-22.813333333333333,
bb_940ac281,28800.0,pt,77,m,medium,1500.0,false,765395.13,5817573.06,-17.613333333333337,
bb_64b4b592,28800.0,pt,1,f,very_high,5600.0,false,809747.27,5847364.57,-22.813333333333336,
bb_409de5b5,28800.0,pt,74,f,high,3600.0,false,800457.43,5810041.16,-14.813333333333334,
bb_32f79aec,28800.0,pt,49,f,medium,2000.0,false,794673.37,5841521.24,-19.68,
bb_40661971,28800.0,pt,20,m,low,3000.0,false,774817.47,5812317.57,-14.813333333333333,
bb_997f6147,28800.0,pt,52,f,low,1500.0,false,807276.52,5844156.89,-16.093333333333337,
bb_7fc93ed9,28800.0,pt,14,f,low,2000.0,false,777987.85,5813031.64,-14.813333333333334,
bb_cb41dd67,28800.0,pt,6,f,medium,3600.0,false,775244.59,5833335.52,-16.11333333333333,
bb_c6dce91c,28800.0,pt,83,m,high,4600.0,false,775531.57,5811945.53,-14.813333333333333,
bb_b7ff098a,28800.0,pt,46,m,high,4600.0,false,772480.35,5820940.09,-22.813333333333336,
bb_cc8f3ca9,28800.0,pt,40,m,medium,2600.0,false,761202.55,5789990.18,-29.613333333333337,
bb_7ae44848,28800.0,pt,59,f,high,3000.0,false,755750.75,5870830.57,-24.21333333333334,
bb_8fe9ce3b,28800.0,pt,10,f,medium,3600.0,false,790320.13,5804672.34,-13.613333333333337,
bb_a5df2574,28800.0,pt,93,f,medium,1500.0,false,778435.94,5812344.44,-10.813333333333334,
bb_d08bff86,28800.0,pt,41,f,medium,1500.0,false,814438.39,5855546.63,-30.813333333333333,
bb_d59940ef,28800.0,pt,9,f,medium,3600.0,false,812210.38,5810711.38,-29.613333333333337,
bb_a41899a7,28800.0,pt,62,f,very_low,499.0,false,788253.67,5857713.24,-36.213333333333324,
bb_44860c6d,28800.0,pt,56,m,very_low,500.0,false,808148.76,5814541.52,-16.21333333333333,
bb_381ffa95,28800.0,pt,55,m,very_low,900.0,false,791944.81,5813644.61,-13.613333333333333,
bb_ac746672,28800.0,pt,0,m,high,3600.0,false,767721.41,5820470.07,-17.613333333333333,
bb_1649798c,28800.0,pt,60,f,medium,2600.0,false,819274.59,5746362.21,-34.71333333333334,
bb_ab71295f,28800.0,pt,91,f,low,900.0,true,819094.46,5823127.58,-20.043333333333337,
bb_7674649c,28800.0,pt,58,m,very_low,500.0,false,830295.12,5835127.21,-22.943333333333335,
bb_be7dd8ee,28800.0,pt,34,m,medium,2600.0,false,789672.07,5803937.07,-13.613333333333337,
bb_503f9639,28800.0,pt,53,f,medium,3000.0,false,820200.93,5806467.39,-22.713333333333328,
bb_0c7aebc6,28800.0,pt,20,f,medium,3000.0,false,792134.84,5844463.38,-12.213333333333331,
bb_04dc87c3,28800.0,pt,89,f,low,1500.0,false,807390.76,5845133.85,-16.093333333333334,
bb_9e409a88,28800.0,pt,91,f,medium,2000.0,false,764384.88,5801275.56,-26.813333333333336,
bb_3d88b899,28800.0,pt,56,m,high,3600.0,false,776961.54,5833220.12,-20.21333333333333,
bb_889bd1e8,28800.0,pt,1,f,medium,2600.0,false,777384.83,5812730.2,-14.813333333333334,
bb_090e8443,28800.0,pt,38,m,medium,3600.0,false,818048.77,5830200.64,-18.943333333333335,
bb_bb545437,28800.0,pt,63,f,medium,3000.0,false,780931.4,5809771.81,-17.613333333333337,
bb_8500187a,28800.0,pt,57,f,very_high,5600.0,false,787985.54,5760319.72,-37.613333333333344,
bb_8625d059,28800.0,pt,54,m,high,3600.0,false,770688.77,5866504.48,-48.21333333333333,
bb_7f1c4e7c,28800.0,pt,42,m,medium,3000.0,false,817889.97,5829413.39,-16.943333333333335,
bb_70dd1250,28800.0,pt,38,f,very_low,900.0,false,795752.29,5840706.1,-16.21333333333333,
bb_9481d0ce,28800.0,pt,77,f,low,900.0,false,793231.89,5853762.87,-28.21333333333334,
bb_bc7dea1f,28800.0,pt,42,f,very_low,900.0,false,795981.26,5840980.8,-16.213333333333335,
bb_3e11aa87,28800.0,pt,18,f,very_low,500.0,false,779265.52,5832559.93,-17.313333333333333,
bb_148d56d3,28800.0,pt,7,f,very_high,5600.0,false,791563.06,5843250.45,-20.213333333333335,
bb_50065e00,28800.0,pt,24,f,medium,1500.0,false,824770.62,5863053.06,-21.613333333333337,
bb_67147967,28800.0,pt,67,f,low,900.0,false,815962.95,5801098.89,-17.61333333333334,
bb_36fb658a,28800.0,pt,61,f,high,3000.0,true,787487.74,5851094.6,-17.913333333333334,
bb_88a3635f,28800.0,pt,72,f,low,900.0,false,785701.47,5850372.13,-36.21333333333333,
bb_1f202918,28800.0,pt,75,f,medium,1500.0,false,824968.31,5830452.47,-18.943333333333335,
bb_1b09f794,28800.0,pt,7,m,medium,2000.0,false,819723.45,5813269.27,-29.61333333333333,
bb_24c9ad4b,28800.0,pt,45,m,medium,2600.0,false,878183.19,5812780.72,-20.21333333333334,
bb_9165fa40,28800.0,pt,39,f,very_low,900.0,false,767314.54,5809556.01,-17.613333333333337,
bb_5d33bbac,28800.0,pt,67,f,high,3600.0,false,817107.35,5825780.93,-16.943333333333335,
bb_1c4fec2c,28800.0,pt,53,f,high,3600.0,false,775253.65,5818057.94,-14.813333333333334,
bb_556307f0,28800.0,pt,59,m,medium,2000.0,false,764037.4,5799938.54,-24.21333333333334,
bb_63542b4f,28800.0,pt,63,m,high,3000.0,true,795983.98,5843709.14,-18.48,
bb_a0585cdf,28800.0,pt,58,f,very_high,5600.0,false,810962.32,5845593.24,-16.093333333333334,
bb_bf04217e,28800.0,pt,17,m,low,2000.0,false,806064.03,5845714.28,-20.09333333333333,
bb_759046d9,28800.0,pt,12,m,low,3000.0,false,768251.37,5812753.57,-17.613333333333344,
bb_5ef44fde,28800.0,pt,7,m,medium,3000.0,false,774990.46,5811702.48,-14.813333333333334,
bb_d296e5f5,28800.0,pt,48,f,medium,3000.0,false,818482.4,5823674.42,-23.91333333333333,
bb_602a98a8,28800.0,pt,70,m,medium,2600.0,false,782294.78,5845966.75,-16.21333333333333,
bb_26571b22,28800.0,pt,53,m,low,900.0,false,799526.0,5849179.94,-22.813333333333333,
bb_a46240b1,28800.0,pt,35,m,very_low,1500.0,false,778323.74,5812151.2,-12.213333333333335,
bb_5180aa37,28800.0,pt,5,f,high,4600.0,true,782964.29,5849471.14,-24.213333333333335,
bb_0d5ffe38,28800.0,pt,16,m,low,3000.0,false,815063.32,5831254.02,-18.943333333333335,
bb_42573a66,28800.0,pt,77,f,low,900.0,false,789231.59,5843003.32,-20.21333333333333,
bb_7d5f13c2,28800.0,pt,47,m,medium,3000.0,false,772097.77,5858705.77,-72.21333333333332,
bb_0ae7caf2,28800.0,pt,36,m,very_low,900.0,false,800646.04,5853503.19,-22.813333333333333,
bb_a67e5f92,28800.0,pt,56,f,low,2600.0,false,834590.69,5816615.45,-16.213333333333335,
bb_bfa2d235,28800.0,pt,62,f,high,3600.0,false,794379.62,5840245.32,-22.813333333333336,
bb_6dae7883,28800.0,pt,74,m,medium,2000.0,false,778591.31,5811842.85,-14.813333333333334,
bb_0e03fa05,28800.0,pt,52,f,high,4600.0,false,798113.45,5859317.45,-93.41333333333331,
bb_1e1d0353,28800.0,pt,16,f,low,3000.0,false,802675.14,5801577.31,-45.31333333333333,
bb_87f24a74,28800.0,pt,53,m,very_low,900.0,true,782326.87,5844936.89,-16.21333333333333,
bb_039fe265,28800.0,pt,23,m,low,1500.0,false,762431.78,5835227.91,-17.313333333333333,
bb_9454a671,28800.0,pt,71,f,low,1500.0,false,808562.86,5837226.95,-16.093333333333334,
bb_a4fea209,28800.0,pt,57,m,low,1500.0,false,789936.61,5802635.31,-13.613333333333335,
bb_0270f9fc,28800.0,pt,38,f,low,900.0,false,800428.12,5810846.93,-14.813333333333334,
bb_cf9e34c3,28800.0,pt,56,f,very_low,500.0,false,825546.99,5823719.12,-23.913333333333334,
bb_1b9fafde,28800.0,pt,35,f,medium,2600.0,false,793856.65,5840087.05,-22.813333333333336,
bb_83206c80,28800.0,pt,65,f,very_low,500.0,false,753715.94,5806091.13,-36.21333333333333,
bb_d7edddd2,28800.0,pt,42,f,very_low,500.0,false,829499.12,5812386.13,-35.913333333333334,
bb_c3b7c61b,28800.0,pt,60,f,very_low,500.0,false,814865.54,5811138.94,-29.61333333333333,
bb_d42ac6a3,28800.0,pt,99,m,medium,2000.0,false,839822.4,5859531.78,-33.61333333333334,
bb_d1f344c2,28800.0,pt,38,m,very_low,499.0,false,789980.78,5791107.93,-25.613333333333337,
bb_720763cc,28800.0,pt,58,m,high,3600.0,false,854734.73,5891918.23,-33.61333333333334,
bb_5856dbb2,28800.0,pt,54,f,medium,2000.0,false,844748.3,5813933.97,-16.21333333333333,
bb_a3182de8,28800.0,pt,42,m,very_low,499.0,false,822208.99,5840749.26,-62.94333333333334,
bb_360fb8b6,28800.0,pt,83,m,medium,2600.0,true,801919.57,5854469.09,-22.813333333333333,
bb_48b2c75c,28800.0,pt,16,m,high,3600.0,false,806265.46,5846042.67,-20.093333333333334,
bb_c7b5880e,28800.0,pt,55,f,medium,1500.0,false,809151.73,5835532.62,-13.613333333333335,
bb_22df6791,28800.0,pt,57,f,high,2600.0,true,807535.07,5805106.12,-29.61333333333333,
bb_4aea2058,28800.0,pt,47,m,low,2000.0,false,807868.18,5854660.3,-38.813333333333325,
bb_8a262f1e,28800.0,pt,58,f,high,4600.0,false,813033.38,5793758.45,-17.613333333333337,
bb_77cd65c6,28800.0,pt,61,m,medium,2000.0,false,807321.99,5847718.53,-16.093333333333334,
bb_63ef1d2f,28800.0,pt,42,f,high,3600.0,false,778832.39,5812562.69,-12.213333333333335,
bb_1b4394d0,28800.0,pt,53,f,very_low,500.0,true,796660.81,5797533.35,-81.61333333333332,
bb_52347339,28800.0,pt,43,m,very_low,2000.0,false,785480.45,5855818.15,-28.92,
bb_206bbda3,28800.0,pt,18,f,high,4600.0,false,796886.28,5852559.27,-29.613333333333337,
bb_d800e943,28800.0,pt,38,m,medium,3000.0,false,821032.55,5803772.43,-22.713333333333335,
bb_3e4fe934,28800.0,pt,74,m,medium,2000.0,false,805598.97,5845073.62,-20.093333333333334,
bb_88591c8f,28800.0,pt,31,m,medium,1500.0,false,777671.12,5815042.11,-17.613333333333333,
bb_5a4c1cd2,28800.0,pt,43,m,very_high,5600.0,false,824886.38,5831460.81,-18.943333333333335,
bb_d11f46aa,28800.0,pt,43,f,medium,2000.0,true,810305.25,5847279.84,-22.813333333333336,
bb_c6352bf8,28800.0,pt,46,f,high,3600.0,true,779437.47,5814617.95,-17.613333333333337,
bb_05414d5b,28800.0,pt,42,m,high,3600.0,false,818775.91,5830332.72,-18.943333333333335,
bb_199b17e8,28800.0,pt,62,m,medium,2000.0,false,798836.9,5806781.64,-25.613333333333337,
bb_404185d0,28800.0,pt,45,m,high,4600.0,false,795981.14,5845143.77,-19.68,
bb_69d4ba95,28800.0,pt,73,f,low,900.0,true,772599.85,5800536.53,-17.613333333333333,
bb_7e30f3c0,28800.0,pt,20,m,medium,2600.0,false,772360.69,5815656.65,-17.613333333333337,
bb_7f9e0579,28800.0,pt,42,f,very_low,2000.0,false,776878.29,5805349.74,-12.213333333333335,
bb_555bee74,28800.0,pt,68,m,high,3600.0,false,786407.23,5813032.89,-14.813333333333333,
bb_99d274c4,28800.0,pt,41,m,high,5600.0,false,791825.76,5841081.53,-18.813333333333336,
bb_dabcf745,28800.0,pt,32,f,medium,3000.0,false,802210.23,5806047.54,-23.913333333333334,
bb_9d5f1659,28800.0,pt,39,m,low,2000.0,false,780718.41,5810919.95,-12.213333333333333,
bb_1c6bf603,28800.0,pt,93,f,low,900.0,false,819992.95,5805643.6,-22.513333333333335,
bb_4a4685f7,28800.0,pt,54,m,medium,2600.0,false,776776.65,5830543.86,-13.313333333333334,
bb_c2b064b6,28800.0,pt,24,f,medium,2000.0,false,783157.46,5850317.33,-24.213333333333335,
bb_602ead4a,28800.0,pt,80,f,low,900.0,true,815215.36,5810698.12,-17.61333333333334,
bb_00569251,28800.0,pt,70,f,medium,2000.0,true,767283.33,5810528.06,-17.61333333333334,
bb_398bad93,28800.0,pt,51,f,very_low,500.0,true,766087.63,5815585.41,-29.613333333333347,
bb_3c5dd2de,28800.0,pt,50,f,very_low,500.0,false,826499.01,5804782.08,-22.513333333333335,
bb_c747d4ca,28800.0,pt,66,f,low,1500.0,false,788557.88,5844406.07,-16.21333333333333,
bb_3b4c7b37,28800.0,pt,19,f,medium,4600.0,true,789437.42,5803538.67,-13.613333333333337,
bb_10184693,28800.0,pt,49,f,very_low,900.0,false,807877.55,5808426.62,-21.61333333333333,
bb_827752ca,28800.0,pt,3,m,low,2000.0,false,774713.64,5812667.8,-14.813333333333334,
bb_4884213c,28800.0,pt,71,m,very_low,500.0,true,806423.01,5813598.93,-17.613333333333337,
bb_6a08d1e3,28800.0,pt,66,m,low,900.0,false,771605.99,5788347.82,-26.813333333333333,
bb_d7a9918c,28800.0,pt,36,m,medium,3600.0,false,783807.02,5841507.44,-16.21333333333333,
bb_c2306422,28800.0,pt,8,f,very_low,900.0,false,817384.43,5789901.62,-29.613333333333326,
bb_8bfc74b9,28800.0,pt,68,f,low,1500.0,false,767609.45,5808553.16,-17.613333333333337,
bb_c20b3c81,28800.0,pt,53,m,high,3600.0,false,755420.46,5807821.76,-24.213333333333335,
bb_b56c52b2,28800.0,pt,57,f,low,1500.0,false,820071.14,5804531.63,-17.61333333333334,
bb_8b5466b9,28800.0,pt,51,f,low,3000.0,false,841275.78,5859303.6,-30.943333333333335,
bb_88a987fe,28800.0,pt,24,f,medium,2000.0,false,773552.71,5812379.3,-14.813333333333334,
bb_b0ca1a90,28800.0,pt,59,m,medium,2600.0,true,816225.94,5828376.58,-14.943333333333333,
bb_23aed215,28800.0,pt,45,f,high,3600.0,false,819929.13,5836258.68,-30.943333333333335,
bb_d8c97a62,28800.0,pt,80,f,medium,2600.0,true,759290.54,5821406.34,-53.613333333333344,
bb_7901d07c,28800.0,pt,74,m,medium,2000.0,false,781378.18,5809466.8,-17.613333333333337,
bb_9084332b,28800.0,pt,3,f,medium,4600.0,false,773682.82,5803202.65,-22.813333333333333,
bb_721cd8c5,28800.0,pt,29,m,high,3600.0,false,807909.22,5837639.29,-16.093333333333334,
bb_d7660678,28800.0,pt,36,f,low,2000.0,false,803933.02,5801996.61,-45.31333333333333,
bb_3a537bc8,28800.0,pt,53,f,high,3600.0,false,818350.71,5827388.68,-16.943333333333335,
bb_1cb7c860,28800.0,pt,56,f,medium,2000.0,false,799157.65,5811206.36,-18.813333333333336,
bb_3339ad67,28800.0,pt,71,f,low,900.0,true,777931.0,5810287.49,-17.613333333333337,
bb_3f61ffa5,28800.0,pt,62,m,medium,3000.0,false,808799.4,5846128.69,-16.093333333333334,
bb_094f9fce,28800.0,pt,57,f,very_high,4600.0,false,806802.85,5842416.44,-20.093333333333337,
bb_d3a7de45,28800.0,pt,47,m,medium,4600.0,false,801745.96,5810490.79,-14.813333333333334,
bb_a3c69f40,28800.0,pt,60,f,medium,2600.0,false,820566.77,5790054.06,-41.61333333333333,
bb_0337872e,28800.0,pt,98,m,low,1500.0,true,819861.98,5829140.68,-18.943333333333335,
bb_3efe5d95,28800.0,pt,4,m,low,2000.0,false,797249.55,5800560.78,-21.513333333333335,
bb_42ccf0b6,28800.0,pt,57,f,high,4600.0,false,776019.01,5816735.57,-17.613333333333337,
bb_1d4af736,28800.0,pt,83,m,low,1500.0,false,811549.5,5846224.45,-22.813333333333336,
bb_106273cd,28800.0,pt,50,m,high,4600.0,false,784395.19,5839188.31,-16.213333333333335,
bb_695e9dfb,28800.0,pt,32,f,high,4600.0,false,812340.91,5813553.33,-29.613333333333337,
bb_690c394f,28800.0,pt,46,f,high,3600.0,false,873191.4,5758243.21,-46.71333333333334,
bb_8ede5e6d,28800.0,pt,21,m,very_low,900.0,false,790689.84,5855888.63,-28.21333333333334,
bb_6fd706a8,28800.0,pt,41,m,very_high,5600.0,false,767616.98,5822754.94,-29.61333333333334,
bb_4b0c6a70,28800.0,pt,13,f,very_low,1500.0,false,807752.02,5815143.34,-16.043333333333337,
bb_11fd9d91,28800.0,pt,51,f,high,3600.0,false,744962.66,5797772.23,-29.61333333333333,
bb_ce93418a,28800.0,pt,31,m,very_low,499.0,false,804101.33,5794288.79,-33.61333333333334,
bb_8c093e8e,28800.0,pt,59,m,medium,2600.0,false,774461.04,5799937.86,-22.813333333333336,
bb_759bd168,28800.0,pt,65,f,high,3000.0,true,774400.24,5830660.25,-13.313333333333334,
bb_27a870a0,28800.0,pt,57,f,medium,2000.0,false,789925.19,5803370.39,-13.613333333333339,
bb_7c50c606,28800.0,pt,5,m,very_high,5600.0,false,770824.41,5813304.92,-17.613333333333333,
bb_13c7368c,28800.0,pt,17,f,very_low,900.0,true,780248.09,5835491.63,-16.113333333333333,
bb_b29f53a7,28800.0,pt,30,m,high,3600.0,false,757729.74,5869849.7,-36.213333333333324,
bb_0de3f22d,28800.0,pt,20,m,very_low,900.0,false,819221.84,5822965.04,-20.043333333333333,
bb_374b74b6,28800.0,pt,68,f,high,3600.0,false,826684.22,5823663.19,-23.913333333333334,
bb_202e93d1,28800.0,pt,30,f,medium,2600.0,false,789559.57,5843549.44,-14.813333333333333,
bb_2dfc1071,28800.0,pt,98,m,medium,1500.0,true,773749.63,5839436.06,-23.713333333333335,
bb_535a9d2f,28800.0,pt,60,f,very_low,499.0,false,825413.32,5813410.28,-71.91333333333333,
bb_2b87149e,28800.0,pt,52,f,medium,3000.0,false,846117.82,5841031.35,-30.943333333333335,
bb_4c7e8eb3,28800.0,pt,98,m,medium,2000.0,true,808986.79,5846766.0,-22.81333333333333,
bb_3d4ffeef,28800.0,pt,27,m,medium,1500.0,false,790852.39,5803450.58,-13.613333333333337,
bb_3bd68318,28800.0,pt,29,m,medium,3600.0,false,815136.45,5809074.73,-17.61333333333334,
bb_b59d6f64,28800.0,pt,51,m,medium,2000.0,false,779754.6,5806885.88,-17.613333333333333,
bb_60a3e418,28800.0,pt,35,f,very_high,5600.0,false,767286.5,5815916.71,-29.61333333333334,
bb_8bdeb282,28800.0,pt,45,f,very_low,900.0,false,790787.79,5812685.69,-21.443333333333335,
bb_308b8e2c,28800.0,pt,32,f,high,3000.0,false,783447.92,5849633.36,-24.213333333333335,
bb_8daa7406,28800.0,pt,97,m,medium,2000.0,false,775276.46,5815087.75,-14.813333333333334,
bb_8b5b46e3,28800.0,pt,38,f,low,2000.0,false,752259.19,5806275.45,-36.21333333333333,
bb_dbb29fa0,28800.0,pt,57,f,high,4600.0,false,779347.4,5849174.52,-16.21333333333333,
bb_14f41b94,28800.0,pt,40,m,medium,2000.0,false,886390.11,5791643.83,-28.213333333333335,
bb_2585549c,28800.0,pt,78,f,medium,1500.0,false,777206.74,5830617.85,-11.713333333333333,
bb_bc2d59d8,28800.0,pt,8,m,low,1500.0,false,788432.55,5858836.15,-36.213333333333324,
bb_2c8f8c03,28800.0,pt,57,m,medium,2000.0,false,814190.73,5830430.64,-18.656666666666666,
bb_a2c2189e,28800.0,pt,13,m,high,5600.0,false,815375.61,5807487.53,-17.61333333333334,
bb_39c627e0,28800.0,pt,40,m,high,3000.0,true,814313.57,5806566.79,-21.613333333333326,
bb_16186ef5,28800.0,pt,45,m,high,3600.0,false,817461.24,5799793.19,-17.613333333333337,
bb_23b27098,28800.0,pt,46,f,medium,2600.0,false,815732.65,5841288.82,-26.943333333333335,
bb_5168479f,28800.0,pt,30,m,low,1500.0,false,751783.15,5824195.57,-23.713333333333335,
bb_c8a374b3,28800.0,pt,97,f,very_low,500.0,false,783739.69,5840941.75,-16.21333333333333,
bb_d62d45b0,28800.0,pt,91,m,low,1500.0,false,796427.44,5850207.63,-29.613333333333337,
bb_a31d3d74,28800.0,pt,30,m,high,3600.0,false,779701.86,5813004.46,-14.813333333333334,
bb_4848a4cd,28800.0,pt,95,m,medium,2000.0,false,796910.41,5808003.41,-25.613333333333337,
bb_9e345ca1,28800.0,pt,55,f,very_low,500.0,true,779879.91,5837283.22,-23.713333333333335,
bb_d8c98974,28800.0,pt,98,f,high,3600.0,true,787151.8,5854149.15,-17.613333333333337,
bb_4b777a3e,28800.0,pt,47,f,very_low,500.0,true,781802.22,5845571.57,-16.21333333333333,
bb_0a42fe05,28800.0,pt,6,m,high,4600.0,false,822708.01,5820303.81,-18.043333333333337,
bb_dc66e527,28800.0,pt,37,f,medium,1500.0,false,786813.44,5851103.54,-36.213333333333324,
bb_92d032c3,28800.0,pt,23,m,medium,3000.0,true,776020.79,5833091.19,-16.113333333333333,
bb_76cec4dd,28800.0,pt,30,f,medium,2600.0,false,779401.75,5814651.2,-17.613333333333337,
bb_bc7e0f7c,28800.0,pt,45,m,high,3000.0,false,785471.62,5778797.56,-21.513333333333332,
bb_32c81721,28800.0,pt,39,m,very_high,5600.0,false,813484.0,5793921.89,-29.613333333333326,
bb_12be6865,28800.0,pt,29,m,very_low,1500.0,false,822045.45,5823120.79,-23.913333333333334,
bb_5e15dda9,28800.0,pt,96,f,medium,2000.0,true,788836.82,5804574.69,-13.613333333333337,
bb_006aaf2a,28800.0,pt,48,m,high,3600.0,false,780478.17,5831425.95,-16.113333333333333,
bb_99519f77,28800.0,pt,61,f,high,3600.0,false,775944.69,5832565.62,-16.113333333333333,
bb_c7d4d0bc,28800.0,pt,3,m,high,3600.0,false,775813.63,5830460.26,-13.313333333333334,
bb_ceff3288,28800.0,pt,50,m,very_low,2000.0,false,783888.88,5842089.66,-16.21333333333333,
bb_6e261402,28800.0,pt,51,f,medium,1500.0,true,773621.65,5828399.55,-16.113333333333333,
bb_20af6e59,28800.0,pt,64,f,medium,2600.0,false,774756.85,5815311.3,-14.813333333333334,
bb_354ad066,28800.0,pt,34,m,medium,3000.0,false,807877.46,5808459.4,-21.61333333333333,
bb_52c3f32c,28800.0,pt,88,f,low,900.0,true,791693.22,5860682.37,-77.61333333333334,
bb_9f73e392,28800.0,pt,58,f,very_low,499.0,false,822799.13,5824490.47,-23.91333333333333,
bb_c24ee44b,28800.0,pt,70,f,low,900.0,false,783911.66,5845995.65,-24.213333333333335,
bb_0f13ef48,28800.0,pt,57,f,very_high,5600.0,false,799328.54,5849826.65,-17.613333333333333,
bb_738fc7b5,28800.0,pt,70,f,high,3000.0,false,779234.06,5812871.07,-14.813333333333333,
bb_12380ce2,28800.0,pt,38,m,medium,3000.0,false,781215.79,5852324.27,-24.21333333333334,
bb_956747d3,28800.0,pt,52,m,very_low,500.0,false,790065.94,5814294.58,-12.213333333333335,
bb_2cb45329,28800.0,pt,10,f,very_high,5600.0,false,821916.24,5829740.55,-18.943333333333335,
bb_5ead31f4,28800.0,pt,63,f,very_high,5600.0,true,772352.6,5815459.14,-17.613333333333337,
bb_01c74a75,28800.0,pt,60,m,high,3600.0,false,789164.84,5844145.56,-14.813333333333333,
bb_a37ec000,28800.0,pt,26,m,low,1500.0,false,787594.88,5857528.3,-36.213333333333324,
bb_37429735,28800.0,pt,95,f,low,900.0,false,767600.27,5829057.69,-16.113333333333333,
bb_17030628,28800.0,pt,90,f,medium,1500.0,false,805306.99,5792694.41,-37.61333333333334,
bb_1976c703,28800.0,pt,61,f,medium,2000.0,false,774522.51,5829092.22,-16.113333333333333,
bb_77105254,28800.0,pt,38,f,medium,1500.0,false,791462.2,5813351.07,-13.613333333333335,
bb_7308dfbe,28800.0,pt,58,f,very_high,5600.0,false,784614.23,5840932.05,-16.21333333333333,
bb_39792147,28800.0,pt,60,m,medium,2600.0,false,761019.02,5821313.49,-23.713333333333335,
bb_3c5706ba,28800.0,pt,56,m,high,2600.0,false,738682.38,5814587.04,-22.813333333333336,
bb_cc27e248,28800.0,pt,50,m,high,3600.0,false,800616.87,5810311.59,-14.813333333333334,
bb_073afe95,28800.0,pt,30,f,medium,1500.0,false,779576.6,5793292.38,-100.71333333333331,
bb_6a1e6daf,28800.0,pt,38,f,high,4600.0,false,806333.84,5842115.86,-20.093333333333334,
bb_647bfaa4,28800.0,pt,37,f,medium,2000.0,false,819299.42,5880484.86,-30.813333333333333,
bb_677f638a,28800.0,pt,37,f,very_high,4600.0,false,814529.8,5813161.21,-17.443333333333335,
bb_4a00574f,28800.0,pt,91,f,low,900.0,false,818534.67,5803920.44,-22.513333333333335,
bb_3aa6b083,28800.0,pt,38,f,very_low,900.0,false,782207.84,5846163.22,-24.213333333333335,
bb_640f1a94,28800.0,pt,29,f,medium,3000.0,false,779855.96,5812407.98,-14.813333333333334,
bb_cd95c1fb,28800.0,pt,73,f,medium,1500.0,false,821721.53,5829893.38,-22.943333333333335,
bb_b8a3c46f,28800.0,pt,79,f,medium,2000.0,false,824321.65,5830781.69,-18.943333333333335,
bb_0b077463,28800.0,pt,57,f,medium,2000.0,false,749963.64,5784084.96,-41.61333333333332,
bb_0e848a09,28800.0,pt,63,f,low,1500.0,true,778617.96,5812807.33,-12.213333333333335,
bb_9fedda04,28800.0,pt,58,f,very_high,5600.0,true,801407.39,5803281.87,-29.613333333333326,
bb_7469d6a5,28800.0,pt,30,m,high,2600.0,false,770021.06,5834882.2,-24.213333333333328,
bb_6fe50ce7,28800.0,pt,63,f,medium,1500.0,true,816419.2,5827514.8,-16.943333333333335,
bb_99f895a7,28800.0,pt,71,m,medium,3000.0,false,815026.41,5808135.08,-21.61333333333333,
bb_a68e8f82,28800.0,pt,55,f,medium,3000.0,false,793144.02,5808643.17,-18.813333333333336,
bb_c230ce4c,28800.0,pt,42,f,very_low,500.0,false,800152.82,5845623.63,-17.613333333333333,
bb_27850388,28800.0,pt,10,f,low,3000.0,false,809743.91,5847373.01,-22.813333333333333,
bb_966eb856,28800.0,pt,77,f,low,1500.0,false,816843.99,5784071.16,-29.613333333333326,
bb_a7b8bbeb,28800.0,pt,64,f,very_high,5600.0,false,831287.63,5775688.75,-90.51333333333334,
bb_b22919ce,28800.0,pt,48,f,very_low,499.0,false,785664.98,5852077.29,-24.21333333333334,
bb_242ab330,28800.0,pt,2,m,medium,3000.0,false,802218.58,5814975.0,-17.613333333333337,
bb_98728f70,28800.0,pt,52,f,medium,1500.0,true,815382.81,5826836.26,-14.943333333333333,
bb_42a42707,28800.0,pt,13,m,very_low,2000.0,false,774115.17,5830572.75,-13.313333333333336,
bb_64984019,28800.0,pt,12,m,low,3000.0,false,806084.18,5842284.98,-16.093333333333334,
bb_d871b67c,28800.0,pt,26,m,medium,3000.0,false,812301.41,5846522.06,-22.813333333333336,
bb_10509d6b,28800.0,pt,41,m,very_high,5600.0,false,825697.48,5830342.96,-18.943333333333335,
bb_a1220466,28800.0,pt,62,m,medium,2600.0,false,778606.99,5830931.97,-13.313333333333333,
bb_60f121ca,28800.0,pt,61,f,medium,2000.0,false,785901.62,5812314.34,-16.213333333333335,
bb_d9ba02e7,28800.0,pt,61,f,medium,2000.0,false,779114.64,5807725.52,-12.213333333333335,
bb_7c267c6a,28800.0,pt,3,f,very_low,1500.0,false,780673.8,5844390.24,-20.213333333333335,
bb_bdc010be,28800.0,pt,61,m,very_low,499.0,false,808509.84,5845226.76,-12.093333333333334,
bb_86544104,28800.0,pt,55,m,medium,3000.0,false,835968.05,5815741.14,-71.91333333333333,
bb_7b43232d,28800.0,pt,64,f,very_low,500.0,false,795984.0,5843417.97,-16.21333333333334,
bb_0ffae445,28800.0,pt,46,f,high,3600.0,false,776568.15,5815422.81,-17.613333333333337,
bb_cce1d335,28800.0,pt,52,m,high,3600.0,false,775413.24,5817911.8,-17.61333333333334,
bb_2ded89d8,28800.0,pt,15,m,high,4600.0,false,780786.11,5812333.02,-12.213333333333335,
bb_00e12396,28800.0,pt,58,m,medium,2000.0,false,845091.56,5803587.68,-23.913333333333334,
bb_db077be4,28800.0,pt,37,m,medium,3600.0,false,769602.97,5849770.07,-48.21333333333333,
bb_65dc283c,28800.0,pt,74,f,low,900.0,true,776505.5,5815095.79,-17.613333333333337,
bb_9bba11fa,28800.0,pt,8,m,medium,3600.0,false,790001.41,5846072.58,-14.81333333333333,
bb_714c63d1,28800.0,pt,48,m,high,4600.0,false,761188.1,5800020.59,-24.21333333333334,
bb_c71b46e5,28800.0,pt,70,m,medium,2000.0,false,823027.0,5818279.9,-16.213333333333335,
bb_bacce61e,28800.0,pt,32,m,very_low,499.0,false,822111.51,5822363.0,-23.91333333333333,
bb_b82b5437,28800.0,pt,43,f,medium,2600.0,false,786869.48,5844518.08,-28.213333333333335,
bb_2e3b3aed,28800.0,pt,58,f,high,3600.0,false,814305.61,5813163.32,-17.443333333333335,
bb_2054e5df,28800.0,pt,94,m,low,1500.0,true,785524.57,5812778.53,-17.613333333333337,
bb_b34743d5,28800.0,pt,92,m,low,1500.0,true,778902.91,5811567.44,-14.813333333333334,
bb_c37c0428,28800.0,pt,4,m,high,3600.0,false,790626.46,5814286.85,-12.213333333333336,
bb_36636046,28800.0,pt,66,m,medium,1500.0,false,787488.6,5815976.19,-13.403333333333336,
bb_72f8c6a6,28800.0,pt,32,m,high,3600.0,false,792165.25,5799650.57,-73.61333333333334,
bb_18b92631,28800.0,pt,70,m,medium,1500.0,false,768480.51,5810384.07,-17.61333333333334,
bb_9c65d00f,28800.0,pt,32,m,medium,2000.0,false,787606.99,5804275.18,-19.443333333333335,
bb_1883c7ea,28800.0,pt,35,m,medium,3000.0,false,781488.9,5811662.55,-14.813333333333334,
bb_db089873,28800.0,pt,56,m,high,3000.0,false,789043.96,5843085.22,-20.21333333333334,
bb_18ff6e11,28800.0,pt,59,f,medium,2000.0,true,795838.83,5842803.68,-16.21333333333334,
bb_0a1335b7,28800.0,pt,43,m,high,3600.0,false,815601.84,5803852.88,-13.613333333333335,
bb_40ee4703,28800.0,pt,55,f,high,3600.0,false,774886.08,5813014.33,-14.813333333333334,
bb_3236238a,28800.0,pt,18,f,low,1500.0,false,790807.02,5855434.65,-28.21333333333334,
bb_78d43934,28800.0,pt,30,m,very_low,1500.0,false,788725.98,5848087.11,-24.213333333333335,
bb_d59152b9,28800.0,pt,26,f,medium,3000.0,false,769088.78,5811509.97,-17.613333333333337,
bb_6cdbeff2,28800.0,pt,53,f,medium,2600.0,false,795923.35,5844015.4,-18.48,
bb_0a11c8ee,28800.0,pt,37,f,very_low,900.0,false,822485.95,5830409.5,-18.943333333333335,
bb_2a030768,28800.0,pt,31,f,high,4600.0,false,819562.35,5829770.74,-18.94333333333333,
bb_be044456,28800.0,pt,42,m,medium,2600.0,false,770331.94,5835839.32,-24.213333333333328,
bb_07f7bae0,28800.0,pt,31,f,medium,1500.0,false,819101.72,5828832.3,-18.943333333333335,
bb_962223b2,28800.0,pt,39,m,very_high,4600.0,false,745351.02,5797997.4,-24.213333333333335,
bb_0c861f9f,28800.0,pt,29,m,very_low,900.0,false,775452.08,5813125.56,-14.813333333333334,
bb_c0bdf716,28800.0,pt,87,f,low,1500.0,false,817012.27,5808518.73,-22.513333333333335,
bb_21498ca1,28800.0,pt,56,m,high,4600.0,false,775983.09,5790025.48,-36.21333333333333,
bb_a9d87c15,28800.0,pt,55,m,medium,1500.0,false,775255.62,5815112.66,-14.813333333333334,
bb_6aedee43,28800.0,pt,56,f,low,900.0,false,761671.69,5834929.95,-23.713333333333335,
bb_4d2580cf,28800.0,pt,17,f,high,5600.0,false,787853.37,5845519.77,-28.213333333333335,
bb_08c14e46,28800.0,pt,53,m,low,900.0,false,785800.8,5856137.88,-28.92,
bb_bacc264b,28800.0,pt,38,f,medium,3600.0,false,793244.18,5839932.28,-18.813333333333336,
bb_48a04a00,28800.0,pt,41,f,very_high,5600.0,false,774375.49,5828807.87,-16.113333333333333,
bb_0d62b4a1,28800.0,pt,41,f,high,4600.0,false,755964.82,5870569.3,-24.21333333333334,
bb_10787d85,28800.0,pt,41,m,high,4600.0,false,783922.94,5842204.85,-16.21333333333333,
bb_8e740671,28800.0,pt,58,f,low,900.0,false,858403.26,5792373.2,-40.21333333333333,
bb_79421ef7,28800.0,pt,6,f,very_low,1500.0,false,801910.62,5790633.04,-45.31333333333333,
bb_50f18357,28800.0,pt,38,m,very_low,499.0,false,787016.34,5793580.4,-13.613333333333335,
bb_27087ac0,28800.0,pt,30,f,very_low,500.0,false,777906.19,5810659.64,-14.813333333333334,
bb_307c7f2c,28800.0,pt,52,f,high,3600.0,false,799216.49,5806481.22,-25.613333333333333,
bb_8f81c44e,28800.0,pt,27,m,very_low,900.0,false,800673.21,5789493.25,-45.31333333333333,
bb_cdb6ec90,28800.0,pt,25,f,very_low,500.0,false,773863.91,5811392.11,-14.813333333333334,
bb_8da9604b,28800.0,pt,13,f,very_high,5600.0,false,769797.42,5808661.74,-14.813333333333334,
bb_ce04dba6,28800.0,pt,28,m,high,4600.0,false,818320.14,5803431.25,-22.71333333333333,
bb_58cf9c0f,28800.0,pt,51,m,high,3000.0,false,779026.93,5821203.57,-17.61333333333334,
bb_d9248bed,28800.0,pt,40,m,very_low,500.0,false,766777.83,5811891.97,-14.813333333333334,
bb_b72a64f9,28800.0,pt,32,m,high,3000.0,false,804538.15,5801206.2,-35.91333333333334,
bb_571eb8d3,28800.0,pt,68,f,low,1500.0,false,841977.38,5796514.87,-29.61333333333333,
bb_2a9243a9,28800.0,pt,30,f,very_low,900.0,false,770619.82,5828452.08,-23.713333333333335,
bb_d29e5a49,28800.0,pt,26,m,medium,3000.0,false,781318.22,5808676.0,-22.813333333333336,
bb_220e56ee,28800.0,pt,23,m,medium,2600.0,false,809839.54,5852272.5,-26.813333333333336,
bb_0709c2b1,28800.0,pt,60,f,very_low,499.0,false,798780.64,5798303.53,-21.513333333333335,
bb_11fbcfb5,28800.0,pt,70,f,medium,3600.0,true,789551.81,5803870.41,-13.613333333333337,
bb_b79f1c61,28800.0,pt,3,m,medium,3000.0,false,819373.84,5823940.24,-23.91333333333333,
bb_8de3a2ad,28800.0,pt,56,m,medium,2000.0,false,771478.54,5794929.73,-17.613333333333333,
bb_6826c6ad,28800.0,pt,45,m,very_high,5600.0,false,817938.33,5828071.0,-16.943333333333335,
bb_6190b944,28800.0,pt,22,m,medium,3600.0,false,786095.11,5779498.12,-21.51333333333334,
bb_40b437e8,28800.0,pt,48,f,medium,2000.0,false,778772.14,5796002.97,-36.21333333333333,
bb_9b9cf09b,28800.0,pt,57,f,medium,1500.0,false,772236.13,5820349.16,-22.813333333333336,
bb_9ce4d3e8,28800.0,pt,35,f,high,3600.0,false,789884.72,5814345.03,-12.213333333333335,
bb_7e859476,28800.0,pt,51,f,very_low,500.0,false,781613.45,5846357.29,-24.213333333333335,
bb_83a85222,28800.0,pt,74,f,low,900.0,false,815530.71,5812711.41,-26.043333333333337,
bb_afb29c73,28800.0,pt,52,m,very_low,900.0,false,812837.6,5834606.66,-26.813333333333336,
bb_0cd1201b,28800.0,pt,62,m,very_low,500.0,false,786796.32,5854175.67,-17.613333333333337,
bb_5514f531,28800.0,pt,91,f,low,900.0,true,799938.95,5855205.64,-34.81333333333333,
bb_6acc4bed,28800.0,pt,27,f,very_low,1500.0,false,783970.42,5845771.82,-24.21333333333333,
bb_64949854,28800.0,pt,43,f,low,2000.0,false,807100.99,5845717.12,-20.093333333333334,
bb_d519af5a,28800.0,pt,34,f,high,4600.0,false,779185.11,5810530.23,-14.813333333333334,
bb_7bb3a4fd,28800.0,pt,39,m,high,4600.0,false,777088.32,5832711.82,-13.313333333333334,
bb_c25745e4,28800.0,pt,27,m,very_low,500.0,false,800762.9,5811751.27,-14.813333333333334,
bb_730e5883,28800.0,pt,31,m,medium,2600.0,true,778822.22,5810912.48,-17.613333333333337,
bb_369556f2,28800.0,pt,73,f,very_low,500.0,false,773268.54,5807345.78,-17.613333333333337,
bb_bb31ed6b,28800.0,pt,21,f,low,1500.0,false,779913.99,5826389.86,-21.61333333333333,
bb_47d30c96,28800.0,pt,73,f,low,900.0,false,760969.9,5820781.8,-23.713333333333335,
bb_d23ce90d,28800.0,pt,44,m,very_low,900.0,false,785851.09,5850948.29,-36.213333333333324,
bb_0a593e72,28800.0,pt,82,f,medium,2600.0,false,779068.77,5832409.55,-17.313333333333333,
bb_7a47ff40,28800.0,pt,29,f,very_low,1500.0,false,739677.1,5808386.61,-22.81333333333334,
bb_23eb2d53,28800.0,pt,49,m,medium,2000.0,false,779125.4,5821437.83,-19.72666666666667,
bb_026a1c21,28800.0,pt,67,m,low,1500.0,false,762181.29,5805899.21,-41.61333333333332,
bb_ae7aeacf,28800.0,pt,43,f,high,3000.0,true,785497.79,5853135.01,-24.21333333333334,
bb_ae08d6bb,28800.0,pt,34,f,high,3600.0,false,790978.08,5801844.68,-13.613333333333337,
bb_7bd63c5c,28800.0,pt,53,m,high,3600.0,false,742016.1,5814846.01,-26.813333333333336,
bb_1dbf43f9,28800.0,pt,47,m,high,3000.0,false,824856.22,5866201.65,-21.613333333333337,
bb_401b2690,28800.0,pt,64,m,high,3600.0,false,794945.97,5846871.44,-19.680000000000003,
bb_c76ece64,28800.0,pt,12,f,medium,3600.0,false,823330.35,5832769.19,-22.943333333333335,
bb_1fbaa3f9,28800.0,pt,59,f,medium,2600.0,false,773961.34,5811822.43,-14.813333333333334,
bb_da1cd57f,28800.0,pt,16,m,very_low,900.0,false,803916.95,5802020.34,-45.31333333333333,
bb_6dbb0cc3,28800.0,pt,70,f,medium,2000.0,true,800568.82,5807718.98,-14.813333333333334,
bb_3927c01e,28800.0,pt,19,f,medium,3600.0,false,778407.62,5812344.86,-10.813333333333334,
bb_abe1c2ad,28800.0,pt,17,f,very_high,5600.0,false,786394.01,5812451.93,-16.213333333333335,
bb_8d671d98,28800.0,pt,70,m,medium,1500.0,false,800057.39,5807726.61,-14.813333333333334,
bb_6e9d4a12,28800.0,pt,70,m,low,900.0,false,775875.95,5833415.21,-16.113333333333333,
bb_3f90c8ab,28800.0,pt,92,m,low,900.0,true,793133.01,5796480.74,-33.61333333333334,
bb_b461ccc9,28800.0,pt,34,m,very_low,900.0,false,772606.96,5820603.4,-22.813333333333336,
bb_29ded907,28800.0,pt,5,f,medium,3000.0,false,774813.45,5812685.71,-14.813333333333334,
bb_81444e0c,28800.0,pt,35,m,medium,2600.0,false,768498.12,5811720.81,-17.613333333333337,
bb_364e5922,28800.0,pt,44,m,high,4600.0,false,776090.55,5831017.67,-13.313333333333334,
bb_4eee9794,28800.0,pt,33,m,high,4600.0,false,776813.68,5849006.85,-36.213333333333324,
bb_4357d2ba,28800.0,pt,29,f,low,2000.0,false,824416.42,5829408.06,-18.943333333333335,
bb_75485b2c,28800.0,pt,12,m,high,4600.0,false,802440.24,5806164.79,-23.913333333333334,
bb_9560c37c,28800.0,pt,42,f,high,3600.0,false,806419.56,5813860.23,-13.613333333333335,
bb_2a867f37,28800.0,pt,55,f,medium,3000.0,false,821739.81,5804167.69,-22.513333333333335,
bb_61491f69,28800.0,pt,19,f,very_low,2000.0,false,827779.22,5818941.42,-16.213333333333335,
bb_746630ad,28800.0,pt,12,m,very_low,1500.0,false,824364.44,5829838.44,-18.943333333333335,
bb_5209a66d,28800.0,pt,35,f,medium,2600.0,false,815497.54,5810409.86,-17.443333333333335,
bb_555c78c0,28800.0,pt,73,f,medium,2600.0,false,778324.99,5809113.0,-17.613333333333333,
bb_4a1d14e4,28800.0,pt,65,f,medium,2000.0,false,815495.43,5829046.37,-14.943333333333333,
bb_2ab3ea3f,28800.0,pt,19,m,low,1500.0,false,765132.73,5812238.54,-14.813333333333334,
bb_4238dc9d,28800.0,pt,38,f,high,3600.0,false,794355.42,5812970.8,-13.613333333333335,
bb_0a0c5ead,28800.0,pt,57,m,medium,3000.0,false,814298.04,5832101.3,-18.943333333333335,
bb_6ac98dc4,28800.0,pt,9,f,high,4600.0,false,786120.21,5849999.78,-36.213333333333324,
bb_8e8a80de,28800.0,pt,20,m,very_low,900.0,false,778972.98,5806223.23,-24.213333333333335,
bb_81c7cc16,28800.0,pt,66,f,low,1500.0,false,780501.88,5811783.54,-12.213333333333335,
bb_4d8fd9a8,28800.0,pt,9,f,medium,3600.0,false,783504.53,5849928.75,-24.213333333333335,
bb_00cd4420,28800.0,pt,71,f,medium,2000.0,false,800144.4,5805944.43,-25.613333333333337,
bb_5e097130,28800.0,pt,22,f,very_low,500.0,false,765649.54,5847609.92,-32.11333333333333,
bb_d1c5b429,28800.0,pt,62,m,high,3600.0,false,818211.3,5810751.89,-22.51333333333334,
bb_408b5af0,28800.0,pt,41,f,high,3600.0,false,777624.35,5810833.75,-17.613333333333337,
bb_79bd4a24,28800.0,pt,45,f,very_low,2000.0,false,778905.39,5832391.43,-17.313333333333333,
bb_556b3b07,28800.0,pt,1,m,medium,2600.0,false,877127.83,5815811.71,-35.91333333333334,
bb_13286e36,28800.0,pt,12,m,very_low,1500.0,false,805317.51,5792475.86,-37.613333333333344,
bb_c85339a2,28800.0,pt,53,f,medium,2000.0,false,793299.4,5843086.48,-16.213333333333335,
bb_959a628e,28800.0,pt,52,m,very_low,500.0,false,802783.76,5796767.4,-21.513333333333335,
bb_823ecce8,28800.0,pt,34,m,very_high,5600.0,false,822401.32,5820235.6,-20.043333333333337,
bb_81b76c99,28800.0,pt,42,m,high,3000.0,true,787651.26,5791492.6,-98.31333333333332,
bb_d877f2fd,28800.0,pt,36,f,medium,1500.0,false,823329.53,5844643.41,-26.943333333333335,
bb_aa46d464,28800.0,pt,32,m,low,900.0,false,793160.04,5809017.89,-18.81333333333334,
bb_d20c7adb,28800.0,pt,5,f,high,3600.0,false,782189.89,5795176.81,-37.61333333333333,
bb_07b797e8,28800.0,pt,72,f,low,900.0,false,784364.94,5837002.12,-16.113333333333333,
bb_77b45a49,28800.0,pt,66,m,low,900.0,false,785325.64,5812872.27,-17.613333333333333,
bb_121660c6,28800.0,pt,31,m,medium,2000.0,false,773144.94,5811288.2,-14.813333333333334,
bb_1522f3a9,28800.0,pt,58,f,high,3600.0,false,807574.81,5843321.01,-20.093333333333334,
bb_d148c1c5,28800.0,pt,88,f,medium,2000.0,false,815151.44,5803752.35,-17.613333333333337,
bb_d9f45644,28800.0,pt,60,f,very_low,500.0,false,788448.27,5858843.01,-36.213333333333324,
bb_a88bd9ae,28800.0,pt,12,m,high,4600.0,false,791602.27,5812264.99,-26.713333333333328,
bb_3b2fee32,28800.0,pt,5,m,high,3600.0,false,820114.28,5842382.11,-21.613333333333337,
bb_cdb68fe8,28800.0,pt,47,f,high,4600.0,false,817642.11,5810307.73,-22.513333333333335,
bb_27ea09e4,28800.0,pt,34,m,medium,2000.0,false,796281.62,5778774.21,-37.613333333333344,
bb_aaf4da75,28800.0,pt,66,m,medium,3000.0,false,799231.61,5855517.26,-74.81333333333336,
bb_36c08041,28800.0,pt,34,m,low,1500.0,false,855104.32,5830608.8,-24.513333333333332,
bb_b81e4ba5,28800.0,pt,14,f,very_low,900.0,false,738522.52,5810821.01,-29.613333333333333,
bb_3e45877e,28800.0,pt,58,m,very_high,5600.0,false,774674.09,5829635.64,-16.113333333333333,
bb_4ed22524,28800.0,pt,62,m,high,4600.0,false,788192.51,5849172.35,-14.813333333333334,
bb_3bc75365,28800.0,pt,44,f,very_low,500.0,false,780874.14,5763002.52,-81.61333333333332,
bb_11ac378d,28800.0,pt,22,f,high,4600.0,false,779089.51,5812015.05,-12.213333333333335,
bb_ad5ea8a9,28800.0,pt,95,f,medium,2000.0,true,765961.71,5833607.06,-20.21333333333334,
bb_2545eaca,28800.0,pt,60,f,very_high,5600.0,true,786082.43,5849805.37,-36.21333333333333,
bb_b62c6c4c,28800.0,pt,61,m,high,3000.0,true,791325.14,5812474.06,-26.713333333333328,
bb_5451867e,28800.0,pt,33,f,high,4600.0,false,847994.85,5733952.2,-41.613333333333344,
bb_bb985e82,28800.0,pt,63,f,very_low,500.0,false,770349.3,5809048.83,-14.813333333333334,
bb_d75c82f4,28800.0,pt,54,m,very_low,500.0,true,805153.16,5789354.91,-33.61333333333334,
bb_1a14a97c,28800.0,pt,41,m,high,4600.0,false,772589.07,5815906.24,-17.613333333333337,
bb_062a6d33,28800.0,pt,33,m,very_low,500.0,false,818967.03,5830095.79,-18.943333333333335,
bb_42e6f669,28800.0,pt,45,m,medium,3600.0,false,821081.25,5833271.31,-66.94333333333334,
bb_69adca70,28800.0,pt,64,m,low,3000.0,false,807270.88,5843556.69,-16.093333333333337,
bb_3557bdb9,28800.0,pt,93,m,low,1500.0,false,793114.86,5790573.99,-25.613333333333337,
bb_6669c875,28800.0,pt,58,m,medium,3000.0,true,788332.17,5848842.02,-14.813333333333336,
bb_55c6772a,28800.0,pt,18,f,medium,3000.0,false,807332.09,5836270.46,-16.093333333333334,
bb_b5c7ee93,28800.0,pt,43,f,high,4600.0,false,807837.56,5845108.08,-16.093333333333334,
bb_ad249c7a,28800.0,pt,18,m,very_low,900.0,false,781425.26,5810149.45,-14.813333333333334,
bb_682d505a,28800.0,pt,42,m,very_low,900.0,false,788338.87,5853170.67,-22.81333333333333,
bb_a8a6f0ae,28800.0,pt,7,f,very_high,5600.0,false,777452.21,5814536.7,-14.813333333333334,
bb_0b6a6f62,28800.0,pt,64,f,low,1500.0,false,791290.21,5844821.91,-16.213333333333335,
bb_30eaeb8f,28800.0,pt,33,m,medium,1500.0,false,776294.73,5830622.53,-13.313333333333334,
bb_3a6c98fd,28800.0,pt,68,m,low,900.0,true,787940.27,5853187.84,-36.213333333333324,
bb_6e9c26b2,28800.0,pt,22,m,medium,3000.0,false,778725.73,5820834.94,-17.61333333333334,
bb_8cf08124,28800.0,pt,71,m,low,1500.0,false,780948.36,5852439.94,-24.21333333333334,
bb_2295ea24,28800.0,pt,87,f,medium,2000.0,false,787728.51,5814016.53,-17.403333333333336,
bb_816cecb4,28800.0,pt,42,m,medium,3000.0,false,777208.62,5831267.34,-11.713333333333335,
bb_ac3af032,28800.0,pt,71,m,medium,2000.0,false,787036.73,5851102.25,-36.213333333333324,
bb_b8c04bcf,28800.0,pt,94,m,medium,2000.0,false,770039.52,5813804.41,-14.813333333333334,
bb_c08730b3,28800.0,pt,4,m,medium,2600.0,false,792081.66,5860590.02,-28.21333333333334,
bb_831ce2e0,28800.0,pt,53,f,very_low,499.0,false,812606.57,5811034.88,-29.613333333333337,
bb_6b89da4c,28800.0,pt,39,f,medium,2000.0,false,802790.01,5816368.72,-13.513333333333334,
bb_c201f6eb,28800.0,pt,94,m,medium,1500.0,true,778461.34,5812367.57,-10.813333333333334,
bb_0173f232,28800.0,pt,62,m,medium,3000.0,false,773552.25,5803259.87,-24.213333333333335,
bb_5faf1d6d,28800.0,pt,43,f,medium,3000.0,false,776734.1,5813457.94,-14.813333333333334,
bb_0361edd4,28800.0,pt,32,f,medium,1500.0,false,815588.67,5865890.68,-21.613333333333337,
bb_9b2a0993,28800.0,pt,64,m,high,3600.0,true,747900.37,5813962.98,-26.813333333333343,
bb_c30fea17,28800.0,pt,27,f,high,4600.0,false,791142.3,5855378.84,-28.213333333333342,
bb_96c6fa78,28800.0,pt,10,f,high,4600.0,false,819583.3,5829794.18,-18.943333333333335,
bb_2c3e79e3,28800.0,pt,68,f,medium,2600.0,true,783523.88,5850202.8,-24.213333333333335,
bb_2e91147c,28800.0,pt,53,m,high,4600.0,false,767547.86,5804484.5,-17.613333333333337,
bb_505ad2ea,28800.0,pt,38,m,medium,3600.0,false,777708.28,5810777.73,-14.813333333333334,
bb_4cbfead5,28800.0,pt,59,m,low,900.0,false,801603.91,5853961.84,-22.813333333333333,
bb_0060ca0f,28800.0,pt,23,m,low,900.0,false,779314.55,5810232.56,-17.61333333333334,
bb_78d8b718,28800.0,pt,68,f,medium,2000.0,false,740590.36,5808285.6,-22.81333333333334,
bb_70683711,28800.0,pt,28,f,very_low,900.0,false,812926.32,5812443.97,-29.613333333333337,
bb_dbbdd5a3,28800.0,pt,22,f,medium,1500.0,false,755780.02,5808360.85,-24.21333333333334,
bb_121aa72e,28800.0,pt,37,f,low,3000.0,false,821646.32,5830564.27,-34.943333333333335,
bb_55f016cb,28800.0,pt,13,m,high,3600.0,false,792874.15,5812562.43,-9.613333333333333,
bb_6183616b,28800.0,pt,47,f,medium,3600.0,false,810386.69,5843213.56,-22.813333333333333,
bb_02d54031,28800.0,pt,90,m,medium,1500.0,true,818697.48,5823841.47,-23.91333333333333,
bb_1c182c0c,28800.0,pt,49,f,very_low,500.0,false,788251.95,5793770.42,-13.613333333333335,
bb_7885175d,28800.0,pt,55,f,high,3600.0,false,789979.24,5802231.35,-13.613333333333335,
bb_bd098a31,28800.0,pt,13,f,low,2600.0,false,775771.15,5815782.34,-17.613333333333337,
bb_11e5e398,28800.0,pt,18,f,very_low,2000.0,true,775533.41,5828684.85,-13.313333333333334,
bb_75dfdfa4,28800.0,pt,1,m,medium,2000.0,false,819229.42,5803950.34,-22.513333333333332,
bb_8ea648e3,28800.0,pt,20,f,high,3600.0,false,777554.63,5810942.58,-14.813333333333334,
bb_310cce5a,28800.0,pt,19,f,high,5600.0,false,776016.71,5803717.88,-14.813333333333334,
bb_7cb0db24,28800.0,pt,79,f,medium,2600.0,true,777209.09,5832497.43,-11.713333333333333,
bb_64218f43,28800.0,pt,12,m,very_low,2000.0,false,784273.74,5840167.89,-12.213333333333331,
bb_60e242d2,28800.0,pt,72,f,high,2600.0,false,783615.97,5849813.83,-24.21333333333333,
bb_94d69552,28800.0,pt,40,f,very_high,5600.0,false,760013.89,5862126.18,-36.21333333333333,
bb_6efc4c57,28800.0,pt,86,f,low,900.0,false,807451.82,5840393.94,-17.913333333333334,
bb_b3ad0073,28800.0,pt,55,m,medium,3000.0,false,793114.06,5790636.79,-25.613333333333337,
bb_79f42da5,28800.0,pt,31,f,high,4600.0,false,792953.5,5808773.98,-18.813333333333336,
bb_b8aaee82,28800.0,pt,8,m,medium,2600.0,false,781521.21,5811959.62,-14.813333333333334,
bb_4e0d3cf2,28800.0,pt,61,m,medium,2000.0,false,775700.76,5816311.36,-17.613333333333337,
bb_aabc05e4,28800.0,pt,56,f,medium,2000.0,false,824358.71,5829938.35,-18.94333333333333,
bb_0d86f259,28800.0,pt,14,m,medium,3600.0,false,775752.08,5830310.54,-14.813333333333334,
bb_bf70398d,28800.0,pt,92,f,medium,3000.0,true,817414.06,5801990.13,-77.61333333333333,
bb_a51240b9,28800.0,pt,27,f,medium,3000.0,false,778484.1,5812188.86,-12.213333333333335,
bb_a061effe,28800.0,pt,21,m,high,3000.0,false,844926.85,5814281.96,-20.213333333333335,
bb_01d0bb84,28800.0,pt,7,f,medium,2600.0,false,792259.02,5840416.36,-18.813333333333336,
bb_c1c2c572,28800.0,pt,79,f,medium,1500.0,false,778196.11,5810419.32,-17.613333333333337,
bb_cd813b12,28800.0,pt,41,f,high,3600.0,false,819208.6,5828548.76,-16.943333333333335,
bb_2df99ce8,28800.0,pt,61,f,very_low,900.0,false,778477.27,5820504.13,-19.726666666666667,
bb_147cea56,28800.0,pt,37,m,low,2000.0,false,822061.95,5829452.77,-18.943333333333335,
bb_15618d26,28800.0,pt,38,m,very_high,5600.0,false,817733.77,5809977.16,-22.51333333333334,
bb_aac8f4bf,28800.0,pt,10,m,medium,3600.0,false,769713.94,5795707.5,-24.21333333333334,
bb_06e8f4dd,28800.0,pt,45,f,medium,1500.0,false,758925.21,5836272.66,-20.21333333333334,
bb_41836033,28800.0,pt,37,m,medium,3000.0,false,765104.18,5799233.03,-24.21333333333333,
bb_7899df55,28800.0,pt,7,f,medium,2600.0,false,783952.62,5845618.39,-24.213333333333335,
bb_7b104113,28800.0,pt,80,f,high,4600.0,true,796094.48,5842202.7,-16.213333333333335,
bb_d8782b57,28800.0,pt,59,m,high,3600.0,false,829745.22,5833416.97,-18.943333333333335,
bb_8b88796a,28800.0,pt,44,f,high,3600.0,false,773783.32,5814466.11,-17.613333333333333,
bb_1061fb67,28800.0,pt,33,m,very_low,499.0,false,807957.37,5854980.47,-38.813333333333325,
bb_9af1fe79,28800.0,pt,70,f,medium,2000.0,false,787901.33,5814704.54,-16.213333333333335,
bb_cadd89d3,28800.0,pt,47,m,very_high,5600.0,false,844477.35,5810842.92,-20.21333333333334,
bb_d0f5c299,28800.0,pt,59,f,low,900.0,false,787263.97,5801163.13,-21.513333333333335,
bb_30f14bc0,28800.0,pt,27,m,medium,2000.0,false,792393.35,5840778.27,-18.813333333333336,
bb_a205bf32,28800.0,pt,35,f,medium,3600.0,false,764185.4,5800096.45,-24.21333333333333,
bb_096744b9,28800.0,pt,67,f,high,3000.0,false,776656.12,5811814.77,-14.813333333333334,
bb_31321034,28800.0,pt,34,f,medium,3000.0,false,824843.85,5824133.96,-22.943333333333335,
bb_271f0f36,28800.0,pt,34,m,very_high,5600.0,false,800374.02,5791430.68,-81.61333333333332,
bb_48043cb9,28800.0,pt,49,m,very_low,1500.0,false,762976.06,5813379.83,-17.61333333333334,
bb_8adbdf1b,28800.0,pt,75,m,low,1500.0,true,804632.15,5800956.63,-35.913333333333334,
bb_679c7ebb,28800.0,pt,38,f,very_low,1500.0,false,786836.3,5853882.6,-17.613333333333337,
bb_061ec7b5,28800.0,pt,35,m,high,4600.0,false,844641.01,5812925.95,-16.213333333333335,
bb_1b489d69,28800.0,pt,8,f,high,4600.0,false,788292.5,5815308.84,-17.613333333333333,
bb_434f7842,28800.0,pt,21,f,medium,4600.0,true,770256.54,5813323.88,-14.813333333333334,
bb_bedb909f,28800.0,pt,42,f,very_high,5600.0,false,788583.47,5852842.32,-17.913333333333334,
bb_c59ae097,28800.0,pt,59,m,medium,3000.0,false,778117.26,5831085.22,-14.813333333333333,
bb_77f86f6c,28800.0,pt,41,f,very_high,5600.0,false,781118.22,5810856.12,-12.213333333333335,
bb_a2ad3843,28800.0,pt,58,m,high,4600.0,false,823179.74,5817873.22,-20.043333333333337,
bb_8d31d153,28800.0,pt,37,f,high,3000.0,false,838869.64,5868440.79,-33.61333333333334,
bb_9c3e4a7b,28800.0,pt,40,m,high,4600.0,false,799265.93,5809924.75,-18.813333333333336,
bb_b0543468,28800.0,pt,57,m,medium,2000.0,false,778942.72,5812817.11,-14.813333333333334,
bb_693f26c7,28800.0,pt,47,m,high,4600.0,false,819289.94,5827955.84,-18.94333333333333,
bb_a4e36a3d,28800.0,pt,68,f,medium,2000.0,false,770463.87,5809017.45,-14.813333333333334,
bb_10706218,28800.0,pt,42,m,low,2000.0,false,801019.71,5788484.83,-37.613333333333344,
bb_c0954f93,28800.0,pt,85,f,medium,1500.0,false,823311.62,5829353.51,-18.943333333333335,
bb_c4190f6a,28800.0,pt,33,f,low,900.0,false,818392.74,5823303.22,-23.91333333333333,
bb_2c4ed290,28800.0,pt,60,f,low,1500.0,false,830810.24,5838209.02,-22.943333333333335,
bb_0db16c04,28800.0,pt,58,m,high,4600.0,true,774630.09,5812569.75,-14.813333333333334,
bb_8902b5c6,28800.0,pt,64,m,high,3600.0,false,799737.24,5810268.1,-14.813333333333334,
bb_294f68cf,28800.0,pt,47,m,medium,2600.0,false,810948.95,5845953.36,-16.093333333333334,
bb_15c48695,28800.0,pt,15,m,medium,3000.0,false,774687.69,5812869.81,-14.813333333333334,
bb_9052cd2a,28800.0,pt,89,f,medium,1500.0,false,814174.04,5830591.19,-18.656666666666666,
bb_5321f5f4,28800.0,pt,63,f,medium,2000.0,false,802004.69,5858769.19,-22.813333333333333,
bb_6b5391a7,28800.0,pt,47,f,high,4600.0,false,796911.87,5842595.31,-12.213333333333333,
bb_888efbef,28800.0,pt,13,f,high,3600.0,false,777999.63,5796511.22,-36.21333333333333,
bb_0000e3ac,28800.0,pt,47,f,high,4600.0,false,784261.25,5840162.1,-12.213333333333331,
bb_40c0f0ab,28800.0,pt,20,f,medium,2000.0,false,783935.78,5814065.72,-17.613333333333333,
bb_3b67b34d,28800.0,pt,68,m,low,1500.0,false,779903.14,5807634.27,-17.613333333333333,
bb_c2f02692,28800.0,pt,58,m,medium,2000.0,false,805219.41,5755665.02,-33.613333333333344,
bb_8eb30065,28800.0,pt,45,f,low,3000.0,false,813958.62,5832187.54,-30.943333333333335,
bb_9a2c0267,28800.0,pt,44,f,low,2000.0,false,775138.64,5813312.69,-14.813333333333334,
bb_49dd87c5,28800.0,pt,77,m,low,1500.0,true,792998.48,5813756.53,-13.613333333333335,
bb_1c5d7bc5,28800.0,pt,32,m,high,3600.0,false,809096.45,5775590.02,-25.613333333333337,
bb_7ed456a1,28800.0,pt,25,f,medium,1500.0,false,808429.72,5814958.74,-13.613333333333335,
bb_8043a7ab,28800.0,pt,77,m,low,900.0,false,778609.94,5812272.37,-12.213333333333335,
bb_192fc7ea,28800.0,pt,2,f,high,3600.0,false,774555.62,5803087.23,-17.613333333333333,
bb_cda5c86f,28800.0,pt,35,f,medium,3000.0,false,786379.24,5851434.92,-36.213333333333324,
bb_92caec56,28800.0,pt,4,f,low,2000.0,false,814931.01,5809448.64,-17.443333333333335,
bb_5732785c,28800.0,pt,62,f,very_low,500.0,false,802867.03,5805752.92,-23.913333333333334,
bb_c78b99af,28800.0,pt,56,m,medium,2000.0,false,782141.02,5811468.36,-14.813333333333334,
bb_64fcf58a,28800.0,pt,87,f,medium,2000.0,true,774102.91,5812209.16,-14.813333333333334,
bb_cd49997d,28800.0,pt,40,m,very_high,5600.0,false,818129.16,5804580.09,-22.513333333333335,
bb_8218cd37,28800.0,pt,70,m,medium,1500.0,false,726759.82,5824938.81,-26.813333333333336,
bb_838b3952,28800.0,pt,32,m,high,3600.0,false,744172.54,5906100.79,-48.213333333333324,
bb_af665a43,28800.0,pt,71,f,medium,2600.0,false,815171.59,5806246.61,-17.61333333333334,
bb_1d2c9e14,28800.0,pt,6,f,medium,2000.0,false,779785.87,5813712.89,-14.813333333333334,
bb_2bf58080,28800.0,pt,26,m,high,3600.0,false,737977.34,5814248.32,-22.813333333333336,
bb_19c11c38,28800.0,pt,60,f,medium,3000.0,false,766362.24,5808983.23,-17.61333333333334,
bb_5f20c491,28800.0,pt,1,f,high,4600.0,false,762869.13,5866427.71,-36.213333333333324,
bb_3c0611eb,28800.0,pt,18,m,high,3000.0,false,780212.39,5813407.34,-14.813333333333334,
bb_71c0b579,28800.0,pt,55,f,medium,2000.0,false,801961.82,5806368.43,-23.913333333333334,
bb_3a66ed43,28800.0,pt,7,m,medium,3000.0,false,775206.05,5813119.5,-14.813333333333334,
bb_14e19252,28800.0,pt,93,f,medium,2600.0,false,814276.54,5808074.88,-21.61333333333333,
bb_83d3076b,28800.0,pt,2,f,very_high,5600.0,false,803106.55,5803724.12,-29.613333333333333,
bb_ca663890,28800.0,pt,1,m,high,4600.0,false,806726.33,5846262.41,-20.093333333333334,
bb_c260b439,28800.0,pt,52,f,high,4600.0,false,793876.12,5839941.83,-22.813333333333336,
bb_a82fc04d,28800.0,pt,52,m,high,4600.0,false,815307.13,5803536.02,-17.61333333333334,
bb_515583e2,28800.0,pt,9,f,medium,3600.0,false,783727.34,5803269.18,-29.613333333333337,
bb_4325366f,28800.0,pt,18,m,medium,2600.0,false,806122.75,5846145.22,-20.093333333333334,
bb_1f19690f,28800.0,pt,67,m,medium,2000.0,false,775370.05,5851294.18,-36.213333333333324,
bb_4b76c9b0,28800.0,pt,0,m,low,2000.0,false,778571.06,5812891.02,-12.213333333333335,
bb_1906a00e,28800.0,pt,11,f,high,4600.0,false,783785.19,5856278.05,-72.21333333333332,
bb_61eb5027,28800.0,pt,70,f,medium,2000.0,true,808017.98,5855581.53,-38.813333333333325,
bb_5c708421,28800.0,pt,5,m,medium,3600.0,false,802588.87,5796993.58,-21.513333333333335,
bb_c7968723,28800.0,pt,57,m,medium,2000.0,false,787018.18,5814323.17,-16.213333333333335,
bb_00319d6c,28800.0,pt,1,m,low,3000.0,false,781368.7,5812084.99,-14.813333333333334,
bb_4e00d7f2,28800.0,pt,55,f,high,4600.0,false,806141.79,5838105.69,-17.913333333333334,
bb_57949012,28800.0,pt,32,f,low,2000.0,false,792907.01,5809640.47,-18.813333333333336,
bb_ce99052d,28800.0,pt,36,f,medium,3600.0,false,777146.93,5811077.18,-17.61333333333334,
bb_72317639,28800.0,pt,54,m,low,900.0,false,813376.59,5811751.9,-17.61333333333334,
bb_5641f34f,28800.0,pt,3,m,low,2000.0,false,799224.5,5808069.75,-84.01221977209832,
bb_71d4036d,28800.0,pt,42,f,very_low,900.0,false,783161.91,5795905.01,-37.61333333333333,
bb_abd67388,28800.0,pt,3,f,very_high,5600.0,false,801802.78,5816077.73,-17.613333333333337,
bb_5ee7fe11,28800.0,pt,19,f,low,2000.0,true,767170.14,5803314.27,-17.613333333333333,
bb_0fc578ab,28800.0,pt,92,m,medium,1500.0,true,783643.94,5814153.12,-75.60392617047398,
bb_65ec1efa,28800.0,pt,58,f,medium,3000.0,false,815496.59,5812271.1,-29.61333333333333,
bb_7e06e49a,28800.0,pt,74,f,medium,1500.0,false,785900.71,5852941.19,-17.613333333333337,
bb_04ef30e2,28800.0,pt,98,f,high,3600.0,true,786246.73,5850963.04,-36.213333333333324,
bb_7610f366,28800.0,pt,10,m,medium,2000.0,false,778263.86,5812267.85,-12.213333333333335,
bb_12649366,28800.0,pt,96,f,medium,4600.0,true,802155.13,5809587.55,-18.813333333333336,
bb_d410c998,28800.0,pt,57,m,high,3600.0,false,777072.67,5831692.39,-11.713333333333335,
bb_1caebb3e,28800.0,pt,95,f,medium,2000.0,true,818972.99,5811730.0,-22.513333333333335,
bb_95655f9d,28800.0,pt,57,f,very_low,500.0,true,792065.49,5813640.97,-13.613333333333333,
bb_0ca936f3,28800.0,pt,55,m,medium,3000.0,false,783732.2,5839281.83,-16.21333333333333,
bb_cf8c8ffc,28800.0,pt,62,f,low,900.0,true,773310.59,5814254.84,-17.613333333333337,
bb_0e31c321,28800.0,pt,11,m,medium,4600.0,false,762429.48,5796276.42,-24.213333333333335,
bb_d05b32b0,28800.0,pt,70,f,medium,1500.0,true,770819.95,5834074.08,-13.313333333333333,
bb_3a67a14d,28800.0,pt,37,m,medium,1500.0,false,785303.39,5854151.63,-84.21333333333332,
bb_2db03613,28800.0,pt,57,m,high,2600.0,false,820366.74,5814906.97,-23.913333333333334,
bb_5235baaa,28800.0,pt,54,m,medium,1500.0,false,877728.0,5813361.28,-20.21333333333334,
bb_bf2499e4,28800.0,pt,70,f,high,2600.0,false,775007.77,5829356.8,-13.313333333333334,
bb_583e6032,28800.0,pt,13,f,low,3000.0,false,803630.76,5812963.56,-20.513333333333332,
bb_0ffe66ad,28800.0,pt,54,m,medium,2000.0,false,788864.86,5848583.91,-14.813333333333336,
bb_b0fc7d79,28800.0,pt,86,f,medium,2600.0,false,778780.23,5814544.92,-17.61333333333334,
bb_b58233a4,28800.0,pt,61,m,high,3600.0,false,756299.92,5807258.71,-24.21333333333334,
bb_d30e77e7,28800.0,pt,73,m,low,1500.0,false,820203.11,5823839.07,-23.913333333333334,
bb_922c489a,28800.0,pt,33,f,medium,2000.0,false,818959.21,5828311.17,-16.943333333333335,
bb_5aa9bee3,28800.0,pt,76,f,low,900.0,true,807777.75,5845439.98,-16.093333333333334,
bb_6fde69ad,28800.0,pt,56,f,medium,2000.0,false,774543.08,5813026.0,-14.813333333333334,
bb_c0d75256,28800.0,pt,78,m,very_low,900.0,false,794713.46,5840522.68,-19.679999999999996,
bb_21cb288f,28800.0,pt,21,m,high,3600.0,false,781099.41,5810963.12,-12.213333333333335,
bb_6939cde4,28800.0,pt,96,m,medium,2000.0,true,781502.58,5852702.92,-24.21333333333334,
bb_600b474a,28800.0,pt,50,m,very_low,900.0,false,792256.89,5815033.89,-13.613333333333335,
bb_944d1223,28800.0,pt,9,m,very_high,5600.0,false,778681.05,5813183.67,-14.813333333333334,
bb_12c5c879,28800.0,pt,25,m,very_low,500.0,false,810882.5,5845698.89,-16.093333333333334,
bb_21b64723,28800.0,pt,30,m,high,2600.0,false,801323.8,5809823.82,-14.813333333333334,
bb_8a8769a7,28800.0,pt,5,f,high,5600.0,false,781773.61,5810217.13,-14.813333333333334,
bb_24b4bb40,28800.0,pt,63,f,low,1500.0,false,795262.34,5839813.86,-21.403333333333336,
bb_6ce2036c,28800.0,pt,1,m,very_high,5600.0,false,814143.13,5812129.9,-13.613333333333337,
bb_5bfbd0c9,28800.0,pt,69,f,medium,2600.0,false,812629.22,5837960.06,-26.943333333333335,
bb_5ca2a470,28800.0,pt,39,m,high,3600.0,false,801931.79,5791755.09,-45.31333333333333,
bb_a80a449f,28800.0,pt,25,f,medium,2600.0,false,815695.37,5804032.68,-13.613333333333335,
bb_8c0298a6,28800.0,pt,54,m,high,3600.0,false,779528.29,5812107.45,-12.213333333333335,
bb_5904dea0,28800.0,pt,31,f,very_low,500.0,false,800171.37,5855594.51,-22.813333333333336,
bb_9a3fc828,28800.0,pt,67,m,very_low,900.0,false,767357.69,5816216.58,-17.613333333333337,
bb_8cf3a71a,28800.0,pt,70,m,very_low,900.0,true,788304.07,5813232.45,-13.613333333333335,
bb_a9583090,28800.0,pt,7,f,low,2000.0,false,770757.42,5828283.41,-23.713333333333335,
bb_83c914ba,28800.0,pt,16,f,very_high,5600.0,false,814967.61,5806649.74,-17.61333333333334,
bb_271e21f6,28800.0,pt,37,f,low,1500.0,false,803000.37,5802115.53,-45.31333333333333,
bb_6453e155,28800.0,pt,4,f,very_low,1500.0,false,802071.74,5814813.84,-17.613333333333337,
bb_3fdcf1b4,28800.0,pt,75,m,low,900.0,false,783968.87,5841023.68,-16.21333333333333,
bb_7a756eef,28800.0,pt,33,f,low,2000.0,false,774828.49,5804237.65,-17.613333333333333,
bb_db6747c7,28800.0,pt,30,m,medium,1500.0,false,803336.97,5851611.34,-22.813333333333336,
bb_197bfbb6,28800.0,pt,28,m,very_low,499.0,false,801814.29,5853443.28,-22.813333333333333,
bb_7e2f0007,28800.0,pt,17,m,high,5600.0,false,771959.76,5800666.98,-17.613333333333333,
bb_ce36d2aa,28800.0,pt,92,m,medium,1500.0,true,821069.61,5804583.35,-22.513333333333335,
bb_60e47982,28800.0,pt,27,f,high,3600.0,false,843605.63,5815210.13,-20.213333333333335,
bb_bc6f1cce,28800.0,pt,32,m,medium,2000.0,false,754975.27,5870424.32,-24.21333333333334,
bb_3a54c398,28800.0,pt,84,f,medium,2000.0,false,775293.06,5831925.49,-14.813333333333334,
bb_adf52a35,28800.0,pt,9,f,high,4600.0,false,815115.22,5808804.11,-29.613333333333337,
bb_3ce08dd7,28800.0,pt,55,m,medium,1500.0,false,788796.39,5815262.73,-14.813333333333334,
bb_59ce0fe3,28800.0,pt,38,f,medium,3600.0,false,812400.14,5856320.4,-22.813333333333336,
bb_9ab84c9a,28800.0,pt,39,f,low,3000.0,false,816019.03,5804169.45,-13.613333333333335,
bb_86d75b9e,28800.0,pt,30,m,medium,3000.0,false,778557.13,5820108.26,-17.61333333333334,
bb_bd5bd2a9,28800.0,pt,70,m,very_high,4600.0,false,824897.55,5831068.01,-18.943333333333335,
bb_b82863e2,28800.0,pt,56,f,very_high,5600.0,false,777071.79,5831131.48,-11.713333333333335,
bb_a0b3cf4e,28800.0,pt,30,f,very_low,900.0,true,771407.11,5828764.51,-16.113333333333333,
bb_9b2c5cf7,28800.0,pt,52,m,medium,2000.0,false,775269.75,5832379.27,-16.113333333333333,
bb_33a76da1,28800.0,pt,26,f,medium,3600.0,false,770208.33,5813363.82,-14.813333333333334,
bb_955b350f,28800.0,pt,55,f,medium,2000.0,false,868256.54,5755188.76,-46.71333333333334,
bb_131203d6,28800.0,pt,97,m,low,1500.0,true,759963.58,5822632.89,-53.61333333333334,
bb_13b33731,28800.0,pt,9,m,very_high,5600.0,false,814774.37,5809675.6,-17.443333333333335,
bb_86a5a1c4,28800.0,pt,61,f,medium,1500.0,false,775592.13,5832425.98,-16.113333333333333,
bb_c3b0c98f,28800.0,pt,30,m,very_low,900.0,false,799273.24,5807473.38,-25.613333333333333,
bb_4b5f0f07,28800.0,pt,63,m,low,2000.0,false,764145.88,5792552.06,-29.613333333333337,
bb_a7595691,28800.0,pt,86,m,medium,2000.0,false,801489.53,5806648.12,-23.913333333333334,
bb_47cfa575,28800.0,pt,4,f,low,2000.0,false,789895.89,5803404.5,-13.613333333333337,
bb_75df8083,28800.0,pt,77,m,medium,2600.0,true,785882.64,5807256.63,-21.40333333333333,
bb_51c77f56,28800.0,pt,38,f,medium,3600.0,false,780565.35,5810721.26,-17.613333333333337,
bb_12332b97,28800.0,pt,40,m,high,4600.0,false,774995.25,5828755.72,-13.313333333333334,
bb_c382f5d2,28800.0,pt,91,f,low,900.0,false,792256.13,5813635.19,-13.613333333333337,
bb_73ec1b7f,28800.0,pt,40,f,low,3000.0,false,814876.17,5807636.51,-21.61333333333333,
bb_3bdc1098,28800.0,pt,40,m,medium,3000.0,false,822057.55,5819119.14,-16.213333333333335,
bb_99f519b8,28800.0,pt,59,f,high,2600.0,false,794027.48,5840072.95,-22.813333333333336,
bb_3527c86f,28800.0,pt,0,f,very_high,5600.0,false,824537.67,5831097.0,-18.943333333333335,
bb_462aa1f7,28800.0,pt,43,m,high,3000.0,false,740737.6,5809008.36,-22.81333333333334,
bb_9084b9d6,28800.0,pt,53,f,high,3000.0,false,784488.38,5799391.25,-21.513333333333335,
bb_c9c4d2f2,28800.0,pt,6,f,low,2000.0,false,822091.14,5830676.82,-18.943333333333335,
bb_42eda25d,28800.0,pt,72,m,high,4600.0,false,740423.61,5808257.75,-22.81333333333334,
bb_66c65348,28800.0,pt,60,f,very_high,5600.0,false,771621.52,5807101.61,-17.613333333333337,
bb_303017f4,28800.0,pt,57,m,medium,2000.0,false,787837.46,5814766.93,-16.213333333333335,
bb_75835ac2,28800.0,pt,36,f,medium,3000.0,true,805562.21,5842604.52,-12.093333333333334,
bb_36f172de,28800.0,pt,98,m,medium,2000.0,false,789433.67,5803496.12,-13.613333333333337,
bb_82bf4464,28800.0,pt,45,m,high,5600.0,false,831436.71,5899671.01,-33.61333333333334,
bb_6853c86d,28800.0,pt,23,m,high,5600.0,false,813502.39,5803815.14,-22.71333333333333,
bb_8fb85e4f,28800.0,pt,40,f,very_low,900.0,false,803298.98,5851674.53,-22.813333333333336,
bb_2c3c3e90,28800.0,pt,45,f,medium,2000.0,false,787913.31,5816235.28,-14.813333333333334,
bb_0ef75d36,28800.0,pt,10,f,high,4600.0,false,799136.5,5811147.43,-18.813333333333333,
bb_8f2196ec,28800.0,pt,23,f,medium,1500.0,false,783254.99,5840888.36,-20.21333333333334,
bb_32968a8e,28800.0,pt,2,m,high,4600.0,true,792177.83,5840958.12,-18.813333333333333,
bb_affc299f,28800.0,pt,20,m,low,1500.0,false,738784.68,5813702.77,-22.813333333333336,
bb_baf41c78,28800.0,pt,73,m,medium,2600.0,false,803226.65,5794745.78,-21.513333333333335,
bb_729dae74,28800.0,pt,11,f,medium,3600.0,false,776951.15,5814491.07,-17.613333333333337,
bb_8b608519,28800.0,pt,59,f,high,3600.0,false,779817.34,5807226.57,-17.613333333333333,
bb_6851ffa2,28800.0,pt,54,f,high,4600.0,false,800749.58,5807692.53,-14.813333333333336,
bb_5e3e04fa,28800.0,pt,92,f,very_high,4600.0,true,804855.08,5800038.07,-35.913333333333334,
bb_9e1cd51f,28800.0,pt,22,m,high,4600.0,false,822157.42,5817813.29,-20.043333333333337,
bb_33d39298,28800.0,pt,48,f,low,900.0,true,765675.29,5808966.88,-17.61333333333334,
bb_cd055f0a,28800.0,pt,63,f,medium,1500.0,false,788431.53,5815849.93,-17.61333333333333,
bb_7eec90e7,28800.0,pt,65,m,high,3600.0,false,822866.07,5821853.52,-20.043333333333337,
bb_25c63a51,28800.0,pt,4,f,high,4600.0,false,771639.68,5833945.45,-17.313333333333333,
bb_0ea0d8a3,28800.0,pt,67,f,low,1500.0,false,778490.86,5810769.64,-14.813333333333334,
bb_8ff56daf,28800.0,pt,64,f,very_high,5600.0,true,762945.13,5810811.79,-22.813333333333336,
bb_a6443f31,28800.0,pt,52,m,low,900.0,false,770246.55,5828744.61,-23.713333333333335,
bb_05fbacd3,28800.0,pt,83,f,very_low,500.0,false,774219.1,5812414.26,-14.813333333333334,
bb_54df9de8,28800.0,pt,3,m,very_low,2000.0,false,777691.42,5815063.1,-17.613333333333333,
bb_62b327d4,28800.0,pt,9,f,very_high,5600.0,false,774773.81,5803475.16,-17.613333333333333,
bb_96fa6710,28800.0,pt,13,f,medium,3000.0,false,779701.77,5830736.8,-13.313333333333333,
bb_b2a878f5,28800.0,pt,3,f,very_low,2000.0,false,767826.52,5810373.66,-17.613333333333333,
bb_957bf8fb,28800.0,pt,8,m,high,3600.0,false,772528.75,5815868.8,-17.613333333333337,
bb_9b8d9236,28800.0,pt,55,f,medium,3000.0,false,805678.5,5843494.77,-16.093333333333334,
bb_00ba3612,28800.0,pt,23,m,very_low,1500.0,false,823680.18,5832250.19,-34.943333333333335,
bb_a53aa2b3,28800.0,pt,64,f,very_low,500.0,false,826790.46,5831557.3,-22.943333333333335,
bb_3409dd07,28800.0,pt,15,m,low,2000.0,false,791960.1,5845149.51,-16.213333333333335,
bb_ce28bbc9,28800.0,pt,13,f,very_high,5600.0,false,815637.47,5829312.68,-16.943333333333335,
bb_6b3d0f2f,28800.0,pt,71,f,medium,2000.0,false,801778.29,5797809.57,-21.513333333333335,
bb_abfe89bc,28800.0,pt,63,f,very_low,500.0,false,805519.27,5794744.58,-33.61333333333334,
bb_2af33988,28800.0,pt,30,m,high,3600.0,false,774857.75,5817771.69,-17.61333333333334,
bb_74226815,28800.0,pt,66,m,low,900.0,true,762886.51,5835155.44,-17.313333333333336,
bb_983344a5,28800.0,pt,35,m,medium,2000.0,false,884415.78,5792011.49,-28.213333333333335,
bb_a6af8f74,28800.0,pt,93,f,low,900.0,true,808206.13,5842521.07,-17.913333333333334,
bb_4272213f,28800.0,pt,85,m,medium,2000.0,true,792496.86,5840793.8,-19.68,
bb_c19b74c3,28800.0,pt,47,m,medium,3600.0,false,781463.11,5812196.13,-14.813333333333334,
bb_735d1b6e,28800.0,pt,43,m,high,3600.0,false,785507.02,5811700.09,-17.613333333333337,
bb_5e5b231b,28800.0,pt,45,f,medium,3600.0,false,823559.54,5803252.33,-22.713333333333335,
bb_12c59150,28800.0,pt,59,f,low,900.0,true,856362.37,5842957.96,-106.94333333333333,
bb_41946d4a,28800.0,pt,44,f,very_low,900.0,false,814188.75,5810262.76,-17.61333333333334,
bb_a552f282,28800.0,pt,53,f,high,3600.0,false,778422.7,5808938.66,-17.613333333333337,
bb_7b50cd24,28800.0,pt,33,f,medium,3600.0,false,811966.22,5777638.57,-93.31333333333333,
bb_82b94d99,28800.0,pt,52,m,high,3000.0,false,790206.28,5846492.34,-14.813333333333333,
bb_001162c8,28800.0,pt,33,f,medium,2600.0,false,808307.93,5842514.69,-17.913333333333334,
bb_981295c7,28800.0,pt,52,f,very_low,500.0,true,784440.92,5795913.01,-37.61333333333334,
bb_ba666b70,28800.0,pt,45,f,high,4600.0,false,785066.98,5811406.32,-17.613333333333333,
bb_4cde135a,28800.0,pt,34,f,very_low,900.0,false,787548.01,5852343.39,-14.813333333333333,
bb_afaed9ac,28800.0,pt,62,f,very_low,500.0,false,785599.47,5809955.67,-21.403333333333332,
bb_77a56c0c,28800.0,pt,80,m,medium,2000.0,false,786767.46,5851639.01,-36.213333333333324,
bb_98bf4f26,28800.0,pt,95,f,high,3000.0,true,790315.29,5802796.13,-13.613333333333339,
bb_00564c86,28800.0,pt,93,m,high,3600.0,false,814783.29,5812997.37,-17.443333333333335,
bb_90281c27,28800.0,pt,7,m,high,4600.0,false,767561.85,5808617.04,-17.613333333333337,
bb_2e01f0b5,28800.0,pt,46,f,medium,1500.0,false,769677.7,5834573.21,-20.21333333333334,
bb_44772bba,28800.0,pt,97,m,medium,1500.0,false,767166.47,5822317.85,-17.613333333333337,
bb_8779279f,28800.0,pt,3,m,very_high,5600.0,false,793155.3,5809678.06,-18.813333333333336,
bb_c6262602,28800.0,pt,33,m,high,3000.0,false,799146.67,5807889.96,-25.613333333333337,
bb_66fc48d0,28800.0,pt,27,m,medium,1500.0,false,792585.47,5839836.26,-18.813333333333336,
bb_27af264a,28800.0,pt,39,f,high,3600.0,false,812628.12,5853414.53,-22.813333333333336,
bb_1cbf73c7,28800.0,pt,36,f,medium,3000.0,false,768370.73,5803044.68,-17.613333333333337,
bb_be457839,28800.0,pt,29,f,very_low,500.0,false,803010.15,5803422.73,-29.613333333333326,
bb_3bfd2fbf,28800.0,pt,65,f,very_low,500.0,false,778813.95,5835396.65,-16.113333333333333,
bb_52844806,28800.0,pt,32,m,medium,3000.0,false,758871.03,5821741.6,-53.61333333333335,
bb_5352a731,28800.0,pt,54,f,high,5600.0,false,759273.15,5822003.7,-53.61333333333334,
bb_daf701ea,28800.0,pt,13,m,high,4600.0,false,821960.74,5828455.56,-18.943333333333335,
bb_3e4a66a8,28800.0,pt,23,m,high,4600.0,false,791663.57,5840295.47,-18.813333333333336,
bb_182d3e80,28800.0,pt,82,f,medium,2600.0,true,801005.54,5808530.48,-14.813333333333336,
bb_0f8fb17d,28800.0,pt,80,m,very_low,500.0,false,739343.64,5812457.31,-22.813333333333336,
bb_7a1daff0,28800.0,pt,62,f,low,1500.0,false,766257.58,5815132.0,-29.613333333333347,
bb_19cfa306,28800.0,pt,32,m,medium,1500.0,false,810138.16,5846457.75,-16.093333333333334,
bb_11905a91,28800.0,pt,53,m,very_high,4600.0,false,785252.8,5759830.75,-98.31333333333332,
bb_63411e97,28800.0,pt,8,f,medium,3000.0,false,782126.46,5845337.72,-16.21333333333333,
bb_76c03aac,28800.0,pt,37,m,very_low,2000.0,false,768878.08,5807762.64,-17.61333333333334,
bb_1a8fd7a1,28800.0,pt,35,f,high,4600.0,false,788176.75,5844261.88,-20.213333333333335,
bb_c80e1421,28800.0,pt,27,m,very_low,500.0,false,799420.26,5809928.57,-14.813333333333336,
bb_24992d2c,28800.0,pt,52,m,high,3600.0,false,776990.59,5831340.45,-11.713333333333335,
bb_7831c681,28800.0,pt,55,f,medium,2000.0,false,769328.67,5849431.89,-48.21333333333333,
bb_4b5557f8,28800.0,pt,58,f,very_high,5600.0,false,823684.87,5830757.78,-18.943333333333335,
bb_47b80f61,28800.0,pt,15,f,medium,3600.0,false,786569.7,5812412.84,-17.403333333333336,
bb_999a9921,28800.0,pt,20,m,low,900.0,false,786104.22,5777863.09,-25.613333333333337,
bb_3d8dbf95,28800.0,pt,7,f,medium,2600.0,false,815708.25,5812587.78,-26.04333333333333,
bb_2907a8dd,28800.0,pt,53,m,very_high,5600.0,false,797377.4,5808109.26,-25.613333333333337,
bb_cff31b59,28800.0,pt,18,m,low,1500.0,false,778368.24,5796208.09,-17.613333333333337,
bb_8c010c9f,28800.0,pt,29,m,medium,1500.0,false,774942.61,5815296.65,-14.813333333333334,
bb_aece20a4,28800.0,pt,57,f,very_high,5600.0,false,825005.1,5864031.68,-21.613333333333337,
bb_93160fb2,28800.0,pt,35,f,medium,3600.0,false,816511.46,5840371.76,-26.943333333333335,
bb_26af8d7d,28800.0,pt,22,f,very_low,2000.0,false,762430.43,5835333.07,-17.313333333333336,
bb_0b3423ce,28800.0,pt,31,f,low,900.0,false,778815.79,5809595.09,-17.613333333333333,
bb_2c8076fe,28800.0,pt,49,m,medium,2000.0,false,793916.15,5799728.85,-21.513333333333335,
bb_8b611d29,28800.0,pt,10,m,very_high,5600.0,false,778507.58,5808970.36,-12.213333333333335,
bb_a0d396dd,28800.0,pt,37,f,medium,3000.0,false,746004.51,5842148.32,-23.713333333333335,
bb_d2d9c0e1,28800.0,pt,62,m,high,3600.0,false,819057.46,5804455.3,-22.513333333333335,
bb_57385930,28800.0,pt,21,m,very_low,499.0,false,778531.21,5812107.6,-12.213333333333335,
bb_869536a5,28800.0,pt,69,m,medium,2600.0,false,801762.2,5802723.38,-23.913333333333334,
bb_6b54689c,28800.0,pt,33,f,medium,3000.0,false,844550.66,5814026.93,-16.213333333333335,
bb_2cf0ea99,28800.0,pt,27,f,high,4600.0,false,819657.43,5804333.37,-17.61333333333334,
bb_0a1d0324,28800.0,pt,22,f,medium,4600.0,true,799081.61,5854904.51,-74.81333333333335,
bb_5464a064,28800.0,pt,25,f,medium,3000.0,false,823016.23,5818331.38,-16.213333333333335,
bb_8c12925e,28800.0,pt,60,m,very_low,499.0,false,789636.2,5846216.22,-14.81333333333333,
bb_c7f39132,28800.0,pt,5,m,very_low,1500.0,false,819386.32,5804063.47,-22.51333333333334,
bb_d24bbadf,28800.0,pt,41,f,high,4600.0,false,779291.18,5814131.52,-17.613333333333337,
bb_cc2e65df,28800.0,pt,34,f,high,3600.0,false,817897.26,5798312.32,-22.713333333333335,
bb_558be52f,28800.0,pt,55,f,low,900.0,false,806440.37,5840801.57,-17.913333333333334,
bb_9ceb2b8c,28800.0,pt,76,f,medium,2600.0,false,799730.48,5845986.87,-17.613333333333333,
bb_9c875f41,28800.0,pt,55,m,very_low,500.0,false,815549.19,5809423.72,-17.443333333333335,
bb_82b2c395,28800.0,pt,9,f,high,4600.0,false,826756.94,5823651.89,-23.913333333333334,
bb_9be0da9d,28800.0,pt,74,f,very_low,500.0,false,821492.47,5832835.82,-34.943333333333335,
bb_308fb9eb,28800.0,pt,73,f,very_low,900.0,false,789242.02,5846245.8,-14.813333333333333,
bb_da989e00,28800.0,pt,80,f,low,1500.0,true,802272.22,5791325.18,-45.31333333333333,
bb_3c2e9aa7,28800.0,pt,40,f,low,1500.0,false,775245.04,5830599.26,-16.113333333333337,
bb_0410570b,28800.0,pt,52,f,medium,2600.0,false,825497.86,5829918.65,-22.943333333333335,
bb_9f9afb60,28800.0,pt,57,f,high,3600.0,false,773997.3,5802747.73,-17.613333333333337,
bb_6cfe05b8,28800.0,pt,30,f,medium,2000.0,false,815061.24,5803114.24,-17.613333333333337,
bb_95185c4f,28800.0,pt,63,f,very_low,500.0,false,786331.98,5855284.56,-17.613333333333337,
bb_1885fb8f,28800.0,pt,49,m,very_low,500.0,false,802640.84,5797617.26,-33.61333333333334,
bb_3ecc5d8c,28800.0,pt,0,m,low,3000.0,false,778958.31,5812273.2,-12.213333333333335,
bb_84c332df,28800.0,pt,41,f,high,4600.0,false,805091.31,5809771.67,-25.61333333333334,
bb_2f80d85c,28800.0,pt,55,m,medium,3000.0,false,769737.54,5833083.05,-20.21333333333334,
bb_2da6c658,28800.0,pt,93,f,high,3600.0,true,772806.97,5807446.73,-14.813333333333334,
bb_8d2f35a0,28800.0,pt,55,f,high,4600.0,false,808085.76,5837672.21,-16.093333333333334,
bb_28486ca3,28800.0,pt,47,f,high,3000.0,false,791957.95,5813828.99,-13.613333333333333,
bb_071e1b79,28800.0,pt,8,f,medium,3000.0,false,777266.08,5812820.97,-14.813333333333334,
bb_a7db74c9,28800.0,pt,53,m,low,900.0,false,769890.59,5813921.12,-14.813333333333334,
bb_0c78349f,28800.0,pt,39,m,medium,3600.0,false,786221.97,5811956.96,-17.403333333333336,
bb_9ed0a068,28800.0,pt,46,f,medium,3000.0,false,792287.02,5813661.7,-13.613333333333335,
bb_7d625a9d,28800.0,pt,66,m,medium,1500.0,false,806861.96,5842402.56,-20.093333333333337,
bb_2b4d3920,28800.0,pt,22,f,medium,4600.0,true,819991.58,5841764.06,-26.943333333333335,
bb_6c5f8936,28800.0,pt,45,f,medium,3600.0,false,760126.35,5847974.01,-161.4867490388972,
bb_baba95be,28800.0,pt,42,m,high,2600.0,false,791719.39,5812947.12,-13.613333333333335,
bb_93aa81a2,28800.0,pt,71,m,medium,2000.0,true,785900.89,5814920.03,-14.813333333333334,
bb_a70e841e,28800.0,pt,58,m,medium,1500.0,false,760715.36,5811772.32,-22.81333333333334,
bb_250ea058,28800.0,pt,28,m,medium,2000.0,false,824189.22,5817219.57,-23.91333333333333,
bb_bf56b3bd,28800.0,pt,36,f,medium,3600.0,false,807832.21,5814420.28,-17.61333333333334,
bb_13f9a8bb,28800.0,pt,39,m,high,4600.0,false,779008.07,5809586.53,-17.613333333333337,
bb_2afa3170,28800.0,pt,45,m,medium,2000.0,false,781393.03,5811473.45,-14.813333333333334,
bb_4c295e0d,28800.0,pt,42,f,medium,3600.0,false,807612.51,5845362.94,-20.093333333333334,
bb_65105c57,28800.0,pt,54,f,high,3600.0,false,796914.96,5852281.07,-29.613333333333337,
bb_4f596af3,28800.0,pt,40,f,low,1500.0,false,833819.46,5831929.02,-24.513333333333332,
bb_4b6b1edd,28800.0,pt,63,m,medium,3000.0,false,803348.78,5851427.29,-22.813333333333336,
bb_85cff90d,28800.0,pt,53,f,high,4600.0,false,785804.32,5779028.22,-21.513333333333332,
bb_510f4bd1,28800.0,pt,44,m,medium,3000.0,false,791887.37,5843796.18,-16.213333333333335,
bb_75642504,28800.0,pt,78,m,medium,1500.0,false,767172.08,5812202.76,-14.813333333333334,
bb_bfb1841d,28800.0,pt,23,m,very_low,2000.0,false,756535.58,5789415.75,-29.613333333333337,
bb_db25c7a9,28800.0,pt,56,f,medium,3000.0,false,807436.4,5845235.05,-16.093333333333334,
bb_38850da3,28800.0,pt,40,m,high,3000.0,false,808686.99,5842755.23,-20.093333333333334,
bb_9a3e18c1,28800.0,pt,52,m,high,3600.0,false,799287.23,5811968.02,-18.81333333333334,
bb_6af8b809,28800.0,pt,44,m,medium,3000.0,false,807899.77,5840822.99,-17.913333333333334,
bb_4239e97c,28800.0,pt,31,f,high,3600.0,true,773713.34,5811686.14,-14.813333333333334,
bb_4d05b016,28800.0,pt,6,f,very_low,1500.0,false,817235.03,5829276.19,-14.943333333333333,
bb_4fcafdf6,28800.0,pt,24,m,medium,2600.0,false,774859.99,5817806.35,-17.61333333333334,
bb_8b76e068,28800.0,pt,43,f,high,3600.0,false,789362.64,5845739.16,-14.813333333333333,
bb_30654bc2,28800.0,pt,28,f,very_low,1500.0,false,772690.18,5858594.56,-72.21333333333334,
bb_6e2c6dc8,28800.0,pt,56,m,low,900.0,true,823137.78,5818007.19,-23.913333333333334,
bb_9b39b534,28800.0,pt,73,f,high,3600.0,false,796056.57,5842027.47,-18.48,
bb_1259312e,28800.0,pt,37,m,high,3600.0,false,775439.01,5803694.86,-17.613333333333337,
bb_6ccf507e,28800.0,pt,69,m,medium,3000.0,false,788038.79,5813149.67,-13.613333333333335,
bb_3cb6e653,28800.0,pt,67,f,medium,3000.0,false,790602.22,5802948.99,-13.613333333333339,
bb_74f5d477,28800.0,pt,61,f,medium,2000.0,false,820467.67,5805022.21,-17.613333333333337,
bb_34402049,28800.0,pt,43,f,medium,3600.0,false,795257.54,5810150.86,-57.61333333333334,
bb_249c6636,28800.0,pt,44,f,very_low,2000.0,false,753342.64,5808195.68,-24.213333333333342,
bb_4419ce82,28800.0,pt,35,m,high,3000.0,false,775683.14,5813863.53,-14.813333333333334,
bb_be4e909d,28800.0,pt,25,f,very_high,5600.0,false,775458.11,5813403.14,-14.813333333333334,
bb_08bd74ca,28800.0,pt,51,f,medium,3000.0,false,799892.77,5810332.98,-14.813333333333334,
bb_41497d90,28800.0,pt,46,m,very_low,500.0,true,789487.1,5859027.37,-36.213333333333324,
bb_31bef9f3,28800.0,pt,65,f,very_high,5600.0,true,779623.55,5849349.42,-36.213333333333324,
bb_164756ad,28800.0,pt,73,f,medium,2000.0,true,789132.66,5848711.0,-14.813333333333336,
bb_7385c81f,28800.0,pt,54,f,very_low,900.0,false,822880.58,5823822.76,-23.913333333333334,
bb_c7664d86,28800.0,pt,94,f,very_low,500.0,true,772218.45,5816331.38,-17.61333333333334,
bb_6df1cf17,28800.0,pt,33,f,medium,2000.0,false,784447.75,5841011.39,-16.213333333333335,
bb_7287406c,28800.0,pt,6,f,medium,3600.0,false,771453.72,5813840.71,-17.613333333333337,
bb_cdbbfb67,28800.0,pt,70,m,medium,2000.0,false,791655.06,5813672.76,-13.613333333333335,
bb_1077842d,28800.0,pt,2,m,medium,4600.0,false,783549.68,5849174.66,-24.213333333333335,
bb_446a6847,28800.0,pt,23,m,medium,1500.0,false,812578.44,5803697.23,-22.71333333333333,
bb_2cd946df,28800.0,pt,11,f,very_high,5600.0,false,771195.3,5808542.68,-14.813333333333334,
bb_1a004604,28800.0,pt,23,m,very_low,499.0,false,765915.8,5815529.45,-29.61333333333334,
bb_6035365e,28800.0,pt,37,m,very_low,499.0,false,815914.04,5806947.47,-17.443333333333335,
bb_87097ce6,28800.0,pt,58,m,very_low,499.0,true,805448.95,5792801.21,-37.613333333333344,
bb_57c5646c,28800.0,pt,87,f,medium,2000.0,true,821760.87,5822287.52,-23.913333333333334,
bb_b53e6d86,28800.0,pt,14,m,medium,3600.0,false,779712.96,5806749.63,-17.613333333333333,
bb_9965d2c8,28800.0,pt,31,m,medium,2600.0,false,762658.41,5835519.74,-17.313333333333336,
bb_81760a7f,28800.0,pt,49,f,medium,3000.0,false,815400.5,5803010.88,-17.61333333333334,
bb_bb68f55f,28800.0,pt,29,m,low,1500.0,false,777290.58,5811218.81,-14.813333333333334,
bb_3a1f48f7,28800.0,pt,34,f,high,3600.0,false,790424.63,5802697.56,-13.613333333333339,
bb_be0defb3,28800.0,pt,22,m,medium,3000.0,false,777045.69,5828341.52,-14.813333333333334,
bb_6744cbe7,28800.0,pt,30,f,high,4600.0,false,776006.57,5790112.43,-36.21333333333333,
bb_9267d8d5,28800.0,pt,15,m,high,4600.0,false,772676.77,5813797.89,-17.613333333333337,
bb_06a2fe2f,28800.0,pt,40,f,low,1500.0,false,783142.32,5849020.68,-24.213333333333335,
bb_8b806740,28800.0,pt,57,m,very_low,500.0,false,780199.56,5842186.72,-20.213333333333335,
bb_cfd9e64d,28800.0,pt,10,m,very_low,2000.0,false,784305.51,5851581.99,-36.21333333333333,
bb_61bd060d,28800.0,pt,8,f,high,3600.0,false,761023.11,5808359.22,-29.613333333333326,
bb_3b163ed1,28800.0,pt,11,f,high,4600.0,false,775463.79,5830176.05,-14.913333333333334,
bb_17c3a84a,28800.0,pt,0,f,low,2000.0,false,807418.83,5808575.05,-21.61333333333333,
bb_68cbc259,28800.0,pt,35,f,medium,3000.0,false,779362.27,5814139.62,-15.726666666666665,
bb_7cb1f7bf,28800.0,pt,47,m,very_low,500.0,true,815746.79,5795382.79,-29.61333333333334,
bb_6c199395,28800.0,pt,69,f,medium,1500.0,false,821941.01,5822387.41,-23.91333333333333,
bb_ca59d19c,28800.0,pt,80,m,medium,3000.0,false,788243.96,5843936.08,-20.213333333333335,
bb_9eb20405,28800.0,pt,75,f,very_low,499.0,true,821508.04,5825766.21,-34.943333333333335,
bb_4e0675da,28800.0,pt,57,m,high,4600.0,false,775973.01,5813490.59,-14.813333333333334,
bb_62ac17e6,28800.0,pt,58,m,medium,2000.0,false,818485.8,5797849.55,-22.713333333333335,
bb_64f96cbe,28800.0,pt,54,m,very_high,4600.0,false,771740.95,5800075.69,-17.613333333333333,
bb_af4261fb,28800.0,pt,8,m,medium,3600.0,false,776763.54,5813186.38,-14.813333333333334,
bb_d9d790e9,28800.0,pt,32,f,medium,3000.0,false,784178.94,5836481.29,-15.726666666666667,
bb_d34e87d3,28800.0,pt,67,m,medium,2600.0,false,787187.14,5815540.76,-13.403333333333336,
bb_41f3741a,28800.0,pt,30,m,low,1500.0,false,767509.41,5810099.06,-14.813333333333334,
bb_643cac86,28800.0,pt,40,f,very_high,5600.0,false,755867.96,5870255.45,-24.21333333333334,
bb_6a2c1d4d,28800.0,pt,52,m,low,900.0,false,815537.83,5810477.15,-17.443333333333335,
bb_b3898522,28800.0,pt,0,f,medium,3000.0,false,805873.43,5840657.53,-17.12,
bb_17b2f999,28800.0,pt,93,m,very_low,900.0,false,787761.95,5846225.47,-26.813333333333336,
bb_85e697d6,28800.0,pt,67,m,high,3000.0,false,774395.47,5803463.27,-17.613333333333333,
bb_b2b8deac,28800.0,pt,4,m,high,4600.0,false,787603.02,5804122.32,-21.51333333333334,
bb_0f080ed3,28800.0,pt,45,f,medium,3000.0,false,826749.54,5831715.61,-34.943333333333335,
bb_812d3de5,28800.0,pt,37,m,high,3600.0,false,774737.7,5804281.76,-17.613333333333333,
bb_735d8d0c,28800.0,pt,52,m,low,3600.0,false,790700.68,5802457.38,-13.613333333333339,
bb_d4b81973,28800.0,pt,46,f,medium,3600.0,false,813638.63,5823903.53,-17.613333333333337,
bb_074ca449,28800.0,pt,95,m,high,5600.0,true,786442.0,5815282.55,-14.813333333333334,
bb_2c7531a9,28800.0,pt,12,f,very_high,5600.0,false,788879.71,5812808.59,-18.81333333333334,
bb_b251b959,28800.0,pt,28,f,medium,2600.0,false,775225.06,5818065.87,-14.813333333333334,
bb_89bc99d0,28800.0,pt,24,m,very_low,500.0,false,800048.59,5807454.87,-18.813333333333336,
bb_1ae607a3,28800.0,pt,55,f,medium,2600.0,false,805405.2,5843262.39,-16.093333333333334,
bb_dc3833f0,28800.0,pt,28,m,medium,3600.0,false,751206.6,5830348.58,-23.71333333333334,
bb_313e8d38,28800.0,pt,75,m,medium,2000.0,true,788366.23,5815832.27,-17.61333333333333,
bb_1151d7c0,28800.0,pt,27,m,low,1500.0,false,822277.57,5821699.15,-23.91333333333333,
bb_7d4ee6c4,28800.0,pt,40,m,medium,3000.0,false,816476.13,5845166.23,-22.813333333333336,
bb_8a6cdab6,28800.0,pt,56,f,medium,2000.0,true,809786.03,5845958.13,-16.093333333333334,
bb_46d95073,28800.0,pt,42,f,high,4600.0,false,808394.05,5842948.56,-20.093333333333334,
bb_d7202a00,28800.0,pt,54,m,very_high,5600.0,false,768174.03,5832366.04,-20.21333333333334,
bb_54ef5f2c,28800.0,pt,82,m,high,3000.0,false,816926.87,5805436.63,-17.613333333333337,
bb_703e59ce,28800.0,pt,6,f,low,3000.0,false,767010.21,5828779.94,-16.113333333333333,
bb_a9aeaeae,28800.0,pt,17,m,high,3000.0,false,766042.3,5810757.06,-17.61333333333334,
bb_6ad935ab,28800.0,pt,49,m,medium,2600.0,false,822306.9,5797765.24,-29.61333333333333,
bb_c96a667b,28800.0,pt,34,m,very_low,2000.0,false,790101.78,5791393.07,-25.613333333333337,
bb_50b40445,28800.0,pt,68,f,medium,1500.0,false,795892.98,5843864.09,-18.48,
bb_011769b2,28800.0,pt,54,f,very_low,500.0,false,776737.06,5832921.3,-16.113333333333337,
bb_2a9ed909,28800.0,pt,40,m,very_low,2000.0,false,817752.04,5804430.7,-17.613333333333337,
bb_8c25007f,28800.0,pt,89,m,medium,2000.0,false,799099.34,5797580.29,-21.513333333333335,
bb_9f0abc7a,28800.0,pt,59,f,medium,3000.0,false,800370.99,5808238.76,-14.813333333333334,
bb_6d37cf57,28800.0,pt,72,m,medium,2000.0,false,773364.68,5839771.86,-23.713333333333335,
bb_75e69e32,28800.0,pt,32,f,very_high,5600.0,false,803673.55,5803112.66,-29.61333333333333,
bb_b0571082,28800.0,pt,84,m,low,1500.0,false,815576.69,5830543.98,-18.943333333333335,
bb_5f03e03f,28800.0,pt,7,m,medium,3600.0,false,787500.3,5815916.33,-13.403333333333336,
bb_8f592579,28800.0,pt,39,f,medium,2600.0,false,790256.31,5814352.14,-12.213333333333335,
bb_a2861ec3,28800.0,pt,63,m,low,900.0,false,779774.67,5841237.03,-20.213333333333335,
bb_6846a295,28800.0,pt,59,f,very_low,500.0,false,802641.5,5802532.3,-29.613333333333326,
bb_1d163123,28800.0,pt,0,m,very_low,2000.0,false,788307.68,5846483.82,-26.813333333333336,
bb_1d304a32,28800.0,pt,35,f,medium,3600.0,false,791007.13,5802044.84,-13.613333333333337,
bb_82725807,28800.0,pt,19,f,very_low,1500.0,false,811174.67,5845405.42,-22.813333333333336,
bb_32675d3b,28800.0,pt,38,f,low,2600.0,false,828760.9,5831860.88,-30.943333333333335,
bb_ad625378,28800.0,pt,43,f,medium,3600.0,false,820095.5,5841483.79,-26.943333333333335,
bb_60b02f9b,28800.0,pt,20,m,low,2000.0,false,807396.33,5845242.52,-16.093333333333334,
bb_781aa827,28800.0,pt,71,m,medium,2000.0,false,818548.07,5824056.11,-23.91333333333333,
bb_21858c07,28800.0,pt,50,m,medium,1500.0,false,793361.49,5790489.54,-25.613333333333333,
bb_6f2a0006,28800.0,pt,37,m,high,4600.0,false,776314.83,5830382.8,-14.813333333333334,
bb_ad95619b,28800.0,pt,68,f,low,900.0,false,772488.66,5820753.2,-22.813333333333336,
bb_d118bd41,28800.0,pt,45,m,very_low,900.0,true,791985.35,5860659.75,-28.213333333333342,
bb_32c987cf,28800.0,pt,20,f,medium,4600.0,true,744211.71,5810351.29,-22.81333333333334,
bb_66478571,28800.0,pt,58,f,high,4600.0,false,771891.83,5853507.58,-36.213333333333324,
bb_87e68989,28800.0,pt,39,f,high,4600.0,false,795649.87,5815037.22,-13.613333333333335,
bb_7f5b16a5,28800.0,pt,78,m,medium,1500.0,false,788416.63,5844585.61,-16.21333333333333,
bb_d08f53a2,28800.0,pt,27,m,low,1500.0,false,792893.88,5812646.38,-9.613333333333335,
bb_9e7531d1,28800.0,pt,46,f,very_low,499.0,false,808957.41,5795349.13,-33.61333333333334,
bb_7d5ee522,28800.0,pt,57,m,very_low,500.0,false,770559.94,5828288.68,-23.713333333333335,
bb_4974d4ea,28800.0,pt,74,f,low,1500.0,false,793163.35,5790301.99,-25.613333333333337,
bb_a391d6e9,28800.0,pt,16,f,very_low,2000.0,true,777571.56,5832328.54,-11.713333333333333,
bb_212323ca,28800.0,pt,94,m,low,1500.0,true,789683.35,5802656.71,-13.613333333333337,
bb_3e4d41ee,28800.0,pt,10,m,high,3600.0,false,799310.77,5856761.79,-22.813333333333336,
bb_494f55a1,28800.0,pt,95,m,low,1500.0,true,810439.91,5814310.36,-18.813333333333336,
bb_625d1153,28800.0,pt,64,m,medium,3000.0,false,779935.69,5841936.79,-20.21333333333333,
bb_c1b9ceeb,28800.0,pt,63,f,low,1500.0,false,779280.29,5837897.29,-17.313333333333333,
bb_6a51a041,28800.0,pt,51,f,medium,3600.0,false,788400.44,5848615.6,-17.913333333333334,
bb_65bcb1ab,28800.0,pt,20,f,medium,3600.0,false,778935.31,5821478.84,-19.726666666666667,
bb_9a80bfd2,28800.0,pt,60,f,low,1500.0,false,792382.44,5813453.28,-9.613333333333335,
bb_59c28f80,28800.0,pt,70,m,low,1500.0,true,818177.03,5804500.74,-22.513333333333335,
bb_37dd1f56,28800.0,pt,82,f,low,900.0,false,814422.27,5851513.07,-30.813333333333333,
bb_3574afad,28800.0,pt,39,f,low,900.0,false,817939.78,5801851.03,-22.713333333333335,
bb_04ae8ef8,28800.0,pt,68,m,high,3600.0,false,775860.96,5815738.97,-17.613333333333337,
bb_10528675,28800.0,pt,94,m,very_low,900.0,false,788417.43,5846850.37,-26.813333333333336,
bb_0d06e41f,28800.0,pt,20,m,high,4600.0,false,770105.64,5813566.8,-14.813333333333334,
bb_85b316c3,28800.0,pt,27,m,medium,1500.0,false,779390.43,5841092.21,-23.713333333333335,
bb_2d82b857,28800.0,pt,27,m,low,2000.0,false,793156.81,5810206.41,-18.813333333333336,
bb_1e13a16d,28800.0,pt,13,f,medium,3000.0,false,807655.67,5843217.02,-20.093333333333334,
bb_a9d7c7c2,28800.0,pt,35,f,high,4600.0,false,781598.04,5809223.81,-17.613333333333333,
bb_784e5926,28800.0,pt,49,m,medium,1500.0,false,789940.09,5811672.0,-13.613333333333337,
bb_2f57b228,28800.0,pt,41,f,high,3600.0,false,789321.69,5814005.41,-13.613333333333335,
bb_c68747c9,28800.0,pt,21,m,medium,2000.0,false,778566.72,5811276.84,-17.613333333333337,
bb_7b17b65e,28800.0,pt,12,m,high,3600.0,false,795861.55,5841765.16,-18.48,
bb_53a901f3,28800.0,pt,76,m,medium,2000.0,false,792040.29,5839895.73,-18.813333333333336,
bb_4b589669,28800.0,pt,62,f,very_low,500.0,false,787036.28,5850683.89,-36.21333333333332,
bb_3ac733a6,28800.0,pt,83,f,low,900.0,true,811174.49,5846997.84,-22.813333333333336,
bb_5bbab4b0,28800.0,pt,21,f,very_low,2000.0,false,785896.39,5811598.38,-17.403333333333336,
bb_a1bc059f,28800.0,pt,52,f,high,4600.0,false,802380.62,5805866.56,-23.913333333333334,
bb_83a0e2cc,28800.0,pt,26,f,high,4600.0,false,778883.55,5812014.12,-12.213333333333333,
bb_91d649b7,28800.0,pt,22,f,high,3600.0,false,773513.39,5814921.6,-17.613333333333337,
bb_70888636,28800.0,pt,82,m,low,1500.0,true,788015.46,5844549.68,-22.813333333333333,
bb_a2384b4c,28800.0,pt,51,m,high,3600.0,false,777391.9,5812949.48,-14.813333333333334,
bb_d8a80d80,28800.0,pt,17,f,medium,3000.0,false,788225.82,5814479.72,-16.213333333333335,
bb_8a5a6bf2,28800.0,pt,94,f,low,900.0,true,799182.75,5807921.73,-25.613333333333337,
bb_516e7f17,28800.0,pt,8,f,high,4600.0,false,769962.05,5813671.6,-17.613333333333337,
bb_869c5d46,28800.0,pt,24,m,very_low,500.0,false,802492.58,5812525.69,-18.813333333333336,
bb_c49ac863,28800.0,pt,61,m,low,1500.0,false,820488.05,5828565.52,-18.943333333333335,
bb_4f0642bc,28800.0,pt,37,f,low,900.0,false,828040.35,5793961.12,-41.613333333333344,
bb_aea56a90,28800.0,pt,15,m,very_high,5600.0,false,788345.01,5848617.23,-17.913333333333334,
bb_86ca9cbe,28800.0,pt,51,f,medium,3000.0,false,811478.38,5798092.03,-29.61333333333333,
bb_ba91e066,28800.0,pt,3,f,high,3600.0,false,762525.41,5832208.48,-23.71333333333333,
bb_1187db43,28800.0,pt,35,f,very_high,5600.0,false,776882.15,5820139.03,-17.61333333333334,
bb_06fe6c8d,28800.0,pt,64,m,very_high,5600.0,true,816972.74,5798029.53,-17.613333333333337,
bb_57e4b5eb,28800.0,pt,2,f,medium,3600.0,false,789596.99,5804216.35,-13.613333333333337,
bb_1c907666,28800.0,pt,3,m,low,2000.0,false,801952.02,5816291.27,-14.813333333333334,
bb_6cc7d28f,28800.0,pt,57,f,low,1500.0,false,877350.14,5812512.75,-20.21333333333334,
bb_70b2913f,28800.0,pt,96,f,low,900.0,true,778030.15,5830155.86,-23.713333333333335,
bb_8313df42,28800.0,pt,8,f,high,4600.0,false,776187.43,5850473.31,-16.21333333333333,
bb_74bea51e,28800.0,pt,63,m,medium,1500.0,false,776732.32,5830870.72,-11.713333333333335,
bb_accb687a,28800.0,pt,63,m,medium,2600.0,false,795604.56,5840206.73,-18.48,
bb_877a95e6,28800.0,pt,19,m,low,2000.0,true,816685.45,5841332.23,-26.943333333333335,
bb_1df540e4,28800.0,pt,91,f,medium,1500.0,true,813613.81,5803747.03,-22.713333333333328,
bb_d7540ee8,28800.0,pt,68,f,medium,2000.0,true,782207.4,5795151.79,-37.61333333333334,
bb_720ed2c4,28800.0,pt,62,m,very_low,499.0,false,780456.07,5842668.35,-20.213333333333335,
bb_cfa87dec,28800.0,pt,51,m,low,2600.0,false,805234.49,5792827.61,-37.61333333333334,
bb_2448d724,28800.0,pt,77,m,medium,2600.0,false,784703.78,5852813.1,-24.213333333333335,
bb_022b990d,28800.0,pt,50,f,high,4600.0,false,780378.54,5832248.8,-23.713333333333335,
bb_87465e55,28800.0,pt,27,f,high,3600.0,false,780036.03,5813088.54,-14.813333333333334,
bb_0d04345e,28800.0,pt,19,m,very_low,900.0,false,802030.06,5853020.81,-22.813333333333333,
bb_7fec22e2,28800.0,pt,2,m,medium,3000.0,false,826325.35,5799679.94,-65.61333333333334,
bb_9979f030,28800.0,pt,17,f,very_low,2000.0,false,815818.26,5808974.07,-17.613333333333344,
bb_1d92e0d1,28800.0,pt,73,m,medium,2000.0,false,769944.01,5823210.0,-26.813333333333333,
bb_36c3e9fa,28800.0,pt,95,m,very_low,500.0,true,785719.4,5854886.52,-28.92,
bb_91c68297,28800.0,pt,92,m,low,1500.0,false,830271.59,5835876.27,-22.943333333333335,
bb_c2afe879,28800.0,pt,63,m,low,500.0,false,815639.26,5801305.74,-17.61333333333334,
bb_0ead5963,28800.0,pt,63,m,high,4600.0,false,793262.04,5809532.03,-18.813333333333336,
bb_7a2042c5,28800.0,pt,58,f,very_low,500.0,false,791655.85,5814176.58,-13.613333333333335,
bb_14ea9b78,28800.0,pt,16,m,low,3000.0,false,824565.53,5830131.25,-18.943333333333335,
bb_a2773ebb,28800.0,pt,68,f,medium,2000.0,false,779514.9,5830548.29,-13.313333333333333,
bb_b006828d,28800.0,pt,36,m,medium,2000.0,false,777121.76,5814571.05,-17.613333333333333,
bb_21600634,28800.0,pt,87,f,medium,2000.0,false,804471.21,5793175.81,-33.61333333333334,
bb_b66a85d2,28800.0,pt,17,m,very_high,5600.0,false,822609.16,5820263.72,-18.043333333333333,
bb_d6bd90c0,28800.0,pt,16,f,medium,3600.0,false,809726.7,5835059.55,-13.613333333333335,
bb_0c6b6534,28800.0,pt,10,f,low,3000.0,false,775747.78,5814449.43,-14.813333333333334,
bb_7745c5fe,28800.0,pt,42,m,high,2600.0,false,824354.11,5866431.04,-21.613333333333337,
bb_72fd14a2,28800.0,pt,22,m,high,4600.0,false,805269.76,5790877.15,-33.61333333333334,
bb_d1b1b73f,28800.0,pt,73,f,low,900.0,true,771647.16,5813631.88,-14.813333333333334,
bb_26fd1799,28800.0,pt,57,f,medium,2000.0,false,810697.48,5811496.43,-21.613333333333326,
bb_0c0e61df,28800.0,pt,63,f,very_low,500.0,false,810151.53,5846371.93,-16.093333333333334,
bb_b7d6f02c,28800.0,pt,67,f,medium,2000.0,false,773613.24,5811744.67,-14.813333333333334,
bb_c98c7de2,28800.0,pt,62,f,low,1500.0,true,815108.58,5809615.04,-13.613333333333337,
bb_55c85411,28800.0,pt,51,m,high,4600.0,false,806620.78,5845942.9,-20.093333333333334,
bb_21f3d41a,28800.0,pt,31,m,low,1500.0,false,784277.81,5839628.53,-16.21333333333333,
bb_5bbb6627,28800.0,pt,7,f,high,4600.0,false,781779.61,5846420.96,-24.213333333333335,
bb_12f0c601,28800.0,pt,77,m,high,3000.0,true,781218.85,5809096.63,-17.613333333333337,
bb_ac8a3dfe,28800.0,pt,56,m,very_high,5600.0,false,844264.41,5836176.3,-24.513333333333332,
bb_7de8f72b,28800.0,pt,95,m,low,2000.0,true,782183.57,5845880.85,-16.21333333333333,
bb_110dd4b0,28800.0,pt,38,m,medium,3000.0,false,819166.27,5822496.67,-20.043333333333337,
bb_26ac800d,28800.0,pt,68,f,low,900.0,true,813859.63,5835130.91,-26.813333333333336,
bb_b8a5556b,28800.0,pt,40,m,medium,2000.0,false,823252.46,5828471.22,-22.943333333333335,
bb_d1d63d96,28800.0,pt,48,f,very_low,500.0,true,821045.68,5822628.28,-23.91333333333333,
bb_4d52055d,28800.0,pt,35,m,high,3600.0,false,779004.19,5813767.21,-14.813333333333334,
bb_6ada06aa,28800.0,pt,76,f,medium,1500.0,false,784508.88,5840912.07,-16.213333333333335,
bb_8f6555f2,28800.0,pt,62,m,low,900.0,false,784165.14,5837605.3,-16.21333333333333,
bb_d44be40d,28800.0,pt,63,m,very_low,499.0,false,799196.38,5845937.01,-17.613333333333333,
bb_c34a0d6b,28800.0,pt,60,f,very_high,5600.0,false,819784.42,5805426.2,-22.513333333333332,
bb_6484e123,28800.0,pt,60,f,very_low,500.0,true,768068.25,5801585.5,-29.613333333333333,
bb_278ca9e9,28800.0,pt,48,f,medium,3000.0,false,784946.44,5812802.42,-21.403333333333332,
bb_81682bc5,28800.0,pt,58,m,high,3600.0,false,784100.31,5840359.93,-16.21333333333333,
bb_92b219f2,28800.0,pt,17,m,very_low,900.0,false,806217.71,5843365.76,-16.093333333333334,
bb_c57ddc79,28800.0,pt,12,f,high,3600.0,false,812264.6,5809632.85,-21.61333333333333,
bb_77447b92,28800.0,pt,50,f,medium,2600.0,false,785905.43,5852812.78,-17.613333333333337,
bb_9f796678,28800.0,pt,74,m,medium,3000.0,false,770251.1,5808631.19,-14.813333333333334,
bb_260d832b,28800.0,pt,28,f,low,2000.0,false,772944.59,5815745.35,-17.613333333333337,
bb_a428ee09,28800.0,pt,23,m,low,1500.0,false,788062.63,5815943.4,-17.403333333333336,
bb_aa76e7d9,28800.0,pt,80,m,medium,2000.0,false,789970.59,5802371.38,-13.613333333333337,
bb_13ae4296,28800.0,pt,2,f,medium,3000.0,false,788753.11,5793879.73,-13.613333333333335,
bb_abbdd56e,28800.0,pt,29,f,high,3600.0,false,770105.01,5823143.42,-26.813333333333333,
bb_3bab2fc7,28800.0,pt,27,m,very_low,900.0,false,767514.52,5810902.81,-17.61333333333334,
bb_6f31a7fa,28800.0,pt,87,f,low,900.0,true,788832.34,5846601.43,-26.813333333333336,
bb_88eb5ec7,28800.0,pt,4,m,medium,3600.0,false,834749.88,5834673.97,-94.94333333333334,
bb_bb8dff17,28800.0,pt,29,f,medium,2000.0,false,774421.93,5812700.38,-14.813333333333334,
bb_bfd1162c,28800.0,pt,31,m,high,4600.0,false,811578.22,5846199.05,-22.813333333333336,
bb_bedc4556,28800.0,pt,29,f,high,4600.0,false,778370.45,5809550.75,-17.613333333333337,
bb_2b61889f,28800.0,pt,38,m,medium,2600.0,false,824782.13,5864164.23,-21.613333333333337,
bb_93583910,28800.0,pt,66,m,medium,2600.0,false,802991.3,5792932.88,-45.31333333333333,
bb_d9766603,28800.0,pt,12,f,medium,2600.0,false,767295.62,5825003.51,-29.61333333333334,
bb_d7387018,28800.0,pt,61,m,high,4600.0,false,789126.29,5843989.53,-14.813333333333333,
bb_7cf15564,28800.0,pt,86,f,medium,2600.0,true,799612.21,5781697.6,-37.61333333333335,
bb_01d049ba,28800.0,pt,66,m,medium,2000.0,false,769798.17,5795528.39,-24.213333333333335,
bb_7a2e2b24,28800.0,pt,72,m,medium,1500.0,false,788377.99,5815548.64,-16.213333333333335,
bb_0e96665c,28800.0,pt,6,f,high,4600.0,false,773609.17,5811763.92,-14.813333333333333,
bb_b1e78569,28800.0,pt,87,m,very_high,5600.0,true,809361.0,5835246.48,-13.613333333333335,
bb_1a070b23,28800.0,pt,42,f,medium,3000.0,false,773659.22,5814260.23,-17.613333333333333,
bb_19f615b1,28800.0,pt,83,f,low,900.0,true,787601.22,5811216.84,-25.403333333333332,
bb_764ecdde,28800.0,pt,1,m,low,2600.0,false,779070.89,5812821.46,-14.813333333333334,
bb_7e2c462b,28800.0,pt,41,m,medium,2000.0,false,809448.61,5840557.57,-22.813333333333333,
bb_d2bc8e09,28800.0,pt,50,f,medium,3000.0,false,783389.85,5840955.19,-20.213333333333335,
bb_b2ca05ad,28800.0,pt,13,m,low,2000.0,false,820852.61,5822822.25,-23.913333333333334,
bb_cfa0c892,28800.0,pt,64,f,high,4600.0,true,781437.95,5812232.47,-14.813333333333334,
bb_c7015500,28800.0,pt,92,m,low,900.0,false,814677.99,5813043.91,-17.44333333333333,
bb_399f10fc,28800.0,pt,87,f,low,900.0,false,813150.85,5791269.25,-29.61333333333334,
bb_0dbf0158,28800.0,pt,87,f,high,3600.0,false,774740.22,5798383.02,-108.91333333333334,
bb_2b668fd8,28800.0,pt,46,f,medium,2000.0,false,784133.78,5842333.33,-16.21333333333333,
bb_b1548858,28800.0,pt,21,m,high,3600.0,false,762368.77,5835969.5,-20.21333333333334,
bb_6358a6e7,28800.0,pt,52,m,low,900.0,false,825571.15,5823617.2,-23.913333333333334,
bb_453c2cd2,28800.0,pt,17,m,low,1500.0,false,776579.63,5811812.64,-14.813333333333334,
bb_80405f73,28800.0,pt,68,f,low,1500.0,false,784051.36,5840304.88,-16.21333333333333,
bb_cbdf7223,28800.0,pt,52,f,medium,3000.0,false,755103.67,5808097.82,-24.213333333333335,
bb_525bc500,28800.0,pt,69,m,very_low,500.0,true,785144.64,5855797.76,-28.92,
bb_29c61638,28800.0,pt,58,f,very_high,5600.0,false,796815.96,5841835.67,-18.48,
bb_804f8fcd,28800.0,pt,85,f,medium,3000.0,false,822465.51,5822567.61,-23.913333333333334,
bb_a21a240f,28800.0,pt,62,f,very_low,500.0,false,792951.21,5805775.27,-25.61333333333334,
bb_392e2600,28800.0,pt,5,m,very_low,1500.0,false,788700.82,5846394.51,-26.813333333333336,
bb_4781783a,28800.0,pt,98,f,medium,1500.0,true,774568.18,5814787.54,-14.813333333333334,
bb_8e56d2af,28800.0,pt,53,m,low,1500.0,false,772444.43,5815598.51,-17.613333333333337,
bb_b7e70e33,28800.0,pt,57,m,medium,2000.0,false,800430.57,5809610.81,-14.813333333333334,
bb_167e352a,28800.0,pt,22,f,high,5600.0,false,814743.14,5854692.31,-30.813333333333333,
bb_5a4c5d48,28800.0,pt,40,f,high,3600.0,false,819591.95,5822109.83,-20.043333333333337,
bb_a012f217,28800.0,pt,35,m,medium,2000.0,false,817002.23,5806412.29,-22.513333333333335,
bb_dbc2ea14,28800.0,pt,40,f,high,3600.0,false,779209.17,5814462.76,-17.613333333333337,
bb_41f59129,28800.0,pt,89,m,low,1500.0,false,786628.9,5854173.53,-17.613333333333337,
bb_6049bf5e,28800.0,pt,23,f,medium,3000.0,false,771995.25,5807134.12,-14.813333333333334,
bb_4fae89e9,28800.0,pt,31,m,medium,3000.0,false,791632.13,5813336.1,-13.613333333333335,
bb_2e3aae72,28800.0,pt,41,f,low,2000.0,false,815131.56,5808704.55,-29.613333333333333,
bb_a71f26cf,28800.0,pt,15,m,very_low,900.0,true,800840.53,5855811.98,-22.813333333333336,
bb_2a56bf09,28800.0,pt,33,m,very_low,500.0,false,768160.32,5843501.53,-32.11333333333333,
bb_10944959,28800.0,pt,87,f,medium,1500.0,true,801507.29,5855623.87,-22.813333333333336,
bb_d6abc3a7,28800.0,pt,43,f,medium,3600.0,false,815048.0,5831446.52,-18.943333333333335,
bb_2df82bf5,28800.0,pt,50,m,medium,2600.0,false,785800.8,5813925.67,-14.813333333333334,
bb_ba5b809a,28800.0,pt,45,m,very_low,900.0,false,804503.86,5810443.68,-25.613333333333337,
bb_b5bb20d4,28800.0,pt,1,f,medium,3600.0,false,771376.86,5813777.98,-17.61333333333334,
bb_87fc16b4,28800.0,pt,6,f,medium,3000.0,false,795095.95,5839850.41,-21.403333333333336,
bb_7016312c,28800.0,pt,17,m,medium,3000.0,false,821803.62,5797933.72,-29.61333333333333,
bb_5f9df493,28800.0,pt,55,m,medium,2000.0,false,820657.16,5803388.97,-22.713333333333335,
bb_50abebd9,28800.0,pt,57,m,high,3600.0,false,800845.89,5810264.71,-14.813333333333334,
bb_a20b2579,28800.0,pt,36,f,low,2000.0,false,788757.78,5803765.46,-13.613333333333337,
bb_0682d5f0,28800.0,pt,52,f,very_low,500.0,true,812362.51,5812171.37,-29.613333333333333,
bb_66575902,28800.0,pt,75,f,low,900.0,false,781576.51,5845345.05,-16.213333333333335,
bb_c6b98275,28800.0,pt,32,f,medium,3000.0,false,770815.24,5833873.29,-13.313333333333334,
bb_3c08b765,28800.0,pt,57,m,very_high,5600.0,false,786718.08,5778941.92,-21.513333333333335,
bb_684ac76d,28800.0,pt,2,m,medium,2600.0,false,817854.36,5798549.17,-22.71333333333333,
bb_cade528c,28800.0,pt,28,m,medium,2000.0,false,788858.11,5846771.37,-26.813333333333336,
bb_8e63a9a5,28800.0,pt,36,f,medium,2000.0,false,778208.21,5812799.94,-12.213333333333333,
bb_99573196,28800.0,pt,68,f,medium,2000.0,false,775478.94,5814933.62,-14.813333333333334,
bb_9b7b2e25,28800.0,pt,88,f,medium,1500.0,false,795920.07,5856969.94,-28.21333333333334,
bb_277e18b3,28800.0,pt,88,f,medium,1500.0,true,778479.21,5832383.36,-17.313333333333333,
bb_84a0a591,28800.0,pt,60,m,low,2000.0,false,814736.72,5806193.35,-17.61333333333334,
bb_8b0ded17,28800.0,pt,66,m,low,1500.0,true,759136.79,5821471.55,-53.613333333333344,
bb_29d87a04,28800.0,pt,48,f,medium,2600.0,false,821637.74,5840604.19,-62.94333333333334,
bb_7b0df620,28800.0,pt,70,f,very_low,500.0,false,775809.53,5814041.53,-14.813333333333334,
bb_6e5ab823,28800.0,pt,21,f,very_low,900.0,true,779218.7,5810635.75,-17.61333333333334,
bb_d082173c,28800.0,pt,40,f,high,3000.0,false,770371.53,5832598.81,-17.313333333333333,
bb_acfe14d0,28800.0,pt,60,f,medium,2000.0,false,813940.23,5830688.74,-18.656666666666666,
bb_ad5b817d,28800.0,pt,50,m,high,3000.0,true,810923.18,5834018.88,-17.613333333333333,
bb_57f55dc3,28800.0,pt,93,f,medium,2000.0,false,784069.62,5840587.18,-16.21333333333333,
bb_62642b91,28800.0,pt,12,f,high,3600.0,false,813987.27,5810004.66,-29.613333333333337,
bb_b119e533,28800.0,pt,42,f,high,4600.0,false,818832.92,5823760.01,-20.043333333333337,
bb_d99a23dd,28800.0,pt,16,f,very_low,900.0,false,807189.43,5843003.17,-17.913333333333334,
bb_b09f8644,28800.0,pt,86,m,high,3000.0,false,820240.28,5806047.06,-22.71333333333333,
bb_08951141,28800.0,pt,5,f,medium,3600.0,false,792048.84,5854489.67,-28.213333333333342,
bb_79d1039d,28800.0,pt,23,m,medium,3600.0,false,783228.46,5805565.49,-21.403333333333336,
bb_d3505541,28800.0,pt,50,m,high,3600.0,false,734599.75,5819412.92,-110.81333333333336,
bb_abb9a802,28800.0,pt,30,m,low,1500.0,false,814952.15,5807852.74,-21.61333333333333,
bb_abada5eb,28800.0,pt,69,f,high,4600.0,false,820076.74,5823222.37,-23.91333333333333,
bb_5a422bd6,28800.0,pt,38,f,very_low,499.0,false,785527.88,5855024.96,-28.92,
bb_bffca4b8,28800.0,pt,57,f,low,900.0,true,774136.58,5831662.04,-13.313333333333334,
bb_060eca68,28800.0,pt,27,f,very_low,2000.0,false,793384.96,5854213.49,-28.21333333333334,
bb_dc8c64e7,28800.0,pt,52,f,high,3600.0,false,815504.32,5829226.54,-16.943333333333335,
bb_6302d091,28800.0,pt,38,m,high,2600.0,false,799140.98,5809829.99,-18.813333333333336,
bb_d21dbef8,28800.0,pt,10,f,high,4600.0,false,788182.47,5847927.57,-24.213333333333335,
bb_c26b4477,28800.0,pt,13,f,low,2600.0,false,776126.79,5833815.58,-20.213333333333335,
bb_42df0910,28800.0,pt,51,f,medium,2600.0,false,769512.52,5808825.75,-17.613333333333337,
bb_404a8877,28800.0,pt,62,m,low,1500.0,false,774476.42,5829588.19,-16.113333333333333,
bb_2f5fc3c3,28800.0,pt,71,m,very_low,900.0,false,775841.07,5813296.5,-14.813333333333334,
bb_d29df6b1,28800.0,pt,33,m,medium,3000.0,false,777357.98,5812929.05,-14.813333333333334,
bb_bc505f35,28800.0,pt,98,m,medium,3000.0,true,762997.93,5835510.1,-20.21333333333334,
bb_b75f9e98,28800.0,pt,51,f,low,900.0,true,783182.29,5850258.71,-24.213333333333335,
bb_45a46cab,28800.0,pt,43,m,very_high,5600.0,false,808054.94,5846159.83,-16.093333333333334,
bb_bf5f23bb,28800.0,pt,12,f,high,3600.0,false,767992.42,5817066.68,-17.613333333333337,
bb_6739c73e,28800.0,pt,24,m,very_low,2000.0,false,767673.14,5808755.53,-17.61333333333334,
bb_d8f219e3,28800.0,pt,83,f,low,1500.0,true,776026.89,5806418.32,-14.813333333333334,
bb_78d3c1f7,28800.0,pt,87,f,low,1500.0,false,774256.97,5828423.58,-16.113333333333333,
bb_7bb90174,28800.0,pt,85,m,low,1500.0,false,761220.43,5821109.01,-23.713333333333335,
bb_3d54e0b8,28800.0,pt,69,m,medium,2000.0,false,787231.28,5800874.24,-13.613333333333337,
bb_066bdbe0,28800.0,pt,23,f,medium,2000.0,false,795766.44,5842320.21,-18.48,
bb_0740cac7,28800.0,pt,16,m,medium,3600.0,false,818349.04,5796575.33,-22.71333333333333,
bb_626b0d80,28800.0,pt,25,m,low,3000.0,false,777475.24,5814511.88,-14.813333333333334,
bb_6b3daa6d,28800.0,pt,21,m,medium,3000.0,false,807820.09,5845979.65,-16.093333333333334,
bb_4d474bc3,28800.0,pt,59,f,very_low,499.0,false,789393.38,5845955.98,-14.81333333333333,
bb_398b5d15,28800.0,pt,4,m,medium,2600.0,false,781521.81,5810961.16,-17.613333333333337,
bb_20b06a95,28800.0,pt,8,m,high,4600.0,false,808858.48,5846742.84,-22.813333333333333,
bb_3f0027cd,28800.0,pt,56,m,high,4600.0,false,779412.8,5813737.12,-14.813333333333333,
bb_dab222bb,28800.0,pt,33,m,medium,3000.0,false,784301.97,5800988.34,-21.513333333333332,
bb_ae998fdc,28800.0,pt,41,m,high,3600.0,false,814055.65,5830316.44,-16.943333333333335,
bb_7a0f0f6d,28800.0,pt,56,m,medium,2000.0,false,779777.9,5812209.59,-14.813333333333334,
bb_a7ca8a83,28800.0,pt,7,f,medium,2000.0,false,799948.3,5809192.39,-18.813333333333336,
bb_3196289c,28800.0,pt,38,f,medium,3600.0,false,778145.82,5809516.24,-17.613333333333337,
bb_25b93edb,28800.0,pt,41,m,very_low,900.0,false,778613.54,5812743.69,-12.213333333333335,
bb_56fc9c89,28800.0,pt,62,m,high,3600.0,true,765865.87,5808924.0,-17.61333333333334,
bb_9e08469b,28800.0,pt,4,f,very_low,1500.0,false,787734.86,5815751.91,-17.403333333333336,
bb_6df5cf24,28800.0,pt,66,m,medium,1500.0,false,769845.86,5841252.82,-32.11333333333333,
bb_4395b4f0,28800.0,pt,21,m,low,3000.0,false,791664.97,5844778.68,-16.213333333333335,
bb_119cc8e9,28800.0,pt,40,m,high,3600.0,false,790948.35,5814081.32,-12.213333333333335,
bb_23c59af3,28800.0,pt,60,m,medium,1500.0,false,811477.75,5838683.88,-26.943333333333335,
bb_8dd19fef,28800.0,pt,19,m,very_low,2000.0,false,775480.72,5829037.32,-13.313333333333334,
bb_5e416db3,28800.0,pt,71,f,high,3000.0,true,770477.28,5814222.67,-17.613333333333337,
bb_c24aba62,28800.0,pt,12,f,very_high,5600.0,false,819476.36,5822358.21,-20.043333333333337,
bb_300244e3,28800.0,pt,34,f,medium,3600.0,false,777554.46,5811002.47,-14.813333333333334,
bb_4aec88ac,28800.0,pt,19,m,very_low,2000.0,false,772374.58,5821616.3,-22.813333333333336,
bb_cf62e40b,28800.0,pt,68,f,low,900.0,false,821315.74,5803657.12,-22.713333333333335,
bb_2bf5e9c4,28800.0,pt,35,m,high,4600.0,false,857634.53,5747012.9,-29.613333333333333,
bb_8e3c437a,28800.0,pt,60,f,very_low,500.0,false,810352.77,5835573.91,-13.613333333333335,
bb_b99ba733,28800.0,pt,40,f,medium,3000.0,false,793276.28,5812431.84,-18.81333333333334,
bb_b5c6cd68,28800.0,pt,52,f,medium,2600.0,false,770374.64,5808831.47,-14.813333333333334,
bb_7954379d,28800.0,pt,73,f,medium,2000.0,false,804235.13,5793796.43,-33.61333333333334,
bb_4f06008b,28800.0,pt,8,m,very_high,5600.0,false,807366.38,5836104.09,-16.093333333333334,
bb_c0afb6e8,28800.0,pt,16,f,very_high,5600.0,false,828503.83,5829516.48,-30.043333333333337,
bb_c60ea995,28800.0,pt,9,m,very_low,900.0,true,777269.02,5831462.61,-11.713333333333335,
bb_0258e534,28800.0,pt,57,m,low,2000.0,false,756122.29,5816676.92,-41.61333333333334,
bb_2990811e,28800.0,pt,67,m,high,4600.0,false,740118.78,5808675.36,-22.81333333333334,
bb_b425c03d,28800.0,pt,7,f,medium,3000.0,false,821906.18,5822500.77,-23.91333333333333,
bb_8a3e434c,28800.0,pt,0,m,low,2000.0,false,777590.08,5813016.38,-14.813333333333334,
bb_086b6979,28800.0,pt,61,f,medium,2000.0,false,780076.51,5844417.73,-20.213333333333335,
bb_beab1595,28800.0,pt,38,f,very_low,1500.0,true,821334.08,5824076.91,-23.91333333333333,
bb_07aa3463,28800.0,pt,25,m,medium,2600.0,true,817575.84,5810393.29,-22.513333333333335,
bb_a3159d70,28800.0,pt,58,f,very_high,5600.0,true,815096.78,5810563.9,-17.443333333333335,
bb_073b28d3,28800.0,pt,62,f,very_low,500.0,true,766900.89,5801480.43,-29.613333333333333,
bb_bb289ea1,28800.0,pt,70,f,very_low,500.0,true,778160.55,5809922.15,-17.613333333333337,
bb_0202f810,28800.0,pt,7,f,medium,3000.0,false,787064.82,5814413.44,-14.813333333333336,
bb_8344cc2d,28800.0,pt,61,f,medium,2000.0,false,866126.41,5751073.37,-46.71333333333334,
bb_d5a3bd8e,28800.0,pt,65,m,high,3000.0,false,816069.55,5798401.8,-17.613333333333333,
bb_5fbc8f0d,28800.0,pt,74,f,very_high,5600.0,false,774472.16,5830745.37,-13.313333333333333,
bb_cda7e550,28800.0,pt,60,f,medium,2000.0,false,806160.5,5843271.75,-16.093333333333334,
bb_4c146d54,28800.0,pt,54,m,high,4600.0,false,792443.19,5839854.1,-18.813333333333336,
bb_89840b43,28800.0,pt,36,m,very_low,1500.0,false,774741.75,5798147.17,-108.91333333333334,
bb_37a9aa50,28800.0,pt,49,m,medium,2600.0,false,777366.37,5811770.21,-14.813333333333334,
bb_6d6f7189,28800.0,pt,69,m,very_low,900.0,false,791550.87,5812846.88,-13.613333333333335,
bb_d9c72d22,28800.0,pt,12,m,very_low,900.0,true,810228.58,5836130.42,-13.613333333333335,
bb_82ec6e02,28800.0,pt,9,m,high,4600.0,false,787194.58,5812594.97,-16.213333333333335,
bb_9399e8d6,28800.0,pt,92,f,very_low,500.0,false,819263.74,5829143.5,-18.943333333333335,
bb_cf464db2,28800.0,pt,5,m,very_high,5600.0,false,817596.34,5802519.02,-22.713333333333335,
bb_8006e774,28800.0,pt,72,m,medium,2000.0,false,787252.36,5815990.31,-13.403333333333336,
bb_c0b44b81,28800.0,pt,58,m,high,3600.0,false,798545.95,5785670.63,-37.613333333333344,
bb_7435548b,28800.0,pt,60,f,very_low,499.0,false,786999.23,5801004.35,-21.513333333333332,
bb_487ec559,28800.0,pt,64,m,low,1500.0,false,777693.82,5814558.78,-14.813333333333334,
bb_b3110fb8,28800.0,pt,62,m,high,4600.0,false,827149.43,5805159.18,-22.513333333333335,
bb_7bf7562a,28800.0,pt,50,f,high,3600.0,false,801984.55,5816023.13,-17.61333333333334,
bb_0bbedfbc,28800.0,pt,28,f,very_low,500.0,false,781495.38,5852379.29,-24.21333333333334,
bb_aa39033b,28800.0,pt,91,m,low,1500.0,false,779243.6,5835534.4,-16.113333333333333,
bb_c163914d,28800.0,pt,75,m,high,3600.0,false,822021.35,5821853.48,-23.91333333333333,
bb_0d12d438,28800.0,pt,61,f,very_low,499.0,false,801105.78,5852444.64,-22.813333333333333,
bb_1c3df7d4,28800.0,pt,50,f,very_low,500.0,false,778935.2,5836378.34,-17.313333333333336,
bb_be27e33d,28800.0,pt,36,m,medium,3000.0,false,820400.39,5833218.84,-30.943333333333335,
bb_09ec4b4c,28800.0,pt,17,f,medium,3600.0,false,771166.08,5794543.08,-24.213333333333335,
bb_05929d98,28800.0,pt,35,f,medium,2600.0,false,828556.79,5828223.06,-30.043333333333337,
bb_646f415d,28800.0,pt,56,m,medium,2600.0,false,789306.25,5844505.88,-14.813333333333333,
bb_9dd1e170,28800.0,pt,66,m,very_low,2000.0,false,795036.55,5841487.35,-19.68,
bb_49a842b7,28800.0,pt,69,f,medium,2000.0,false,802230.59,5791465.62,-45.31333333333333,
bb_a53f0c3d,28800.0,pt,12,m,very_low,1500.0,false,782976.89,5850490.98,-24.213333333333335,
bb_108eef43,28800.0,pt,62,f,high,3000.0,true,813588.08,5809316.16,-21.61333333333333,
bb_498c7dc0,28800.0,pt,30,m,medium,1500.0,false,800442.81,5810558.54,-14.813333333333334,
bb_86991aab,28800.0,pt,26,m,medium,3000.0,true,781129.82,5771949.15,-25.613333333333337,
bb_0b7cc36f,28800.0,pt,32,f,medium,1500.0,false,818944.54,5864121.73,-21.613333333333333,
bb_5ac1ad76,28800.0,pt,20,m,high,3600.0,false,814803.57,5812249.25,-17.443333333333335,
bb_5b874f6f,28800.0,pt,36,m,high,3600.0,false,789005.42,5813698.35,-13.613333333333335,
bb_4cb55de7,28800.0,pt,72,m,medium,2000.0,true,820291.71,5830791.88,-22.943333333333335,
bb_85012d58,28800.0,pt,32,m,medium,2000.0,false,744979.66,5811586.99,-26.81333333333334,
bb_2a4d872b,28800.0,pt,50,m,medium,2000.0,true,783955.75,5843927.41,-16.21333333333333,
bb_632579fc,28800.0,pt,97,m,medium,1500.0,true,801943.79,5806248.5,-23.91333333333333,
bb_1c776e3f,28800.0,pt,57,m,medium,2600.0,false,825093.82,5830207.7,-18.943333333333335,
bb_b30071df,28800.0,pt,70,f,medium,2600.0,true,794018.12,5840399.24,-22.813333333333336,
bb_0c69ebf4,28800.0,pt,2,m,high,3600.0,false,812699.19,5808977.57,-21.61333333333333,
bb_23b852af,28800.0,pt,55,m,medium,2000.0,false,774583.09,5812234.27,-14.813333333333334,
bb_39338662,28800.0,pt,58,m,medium,1500.0,false,792162.53,5815653.57,-13.613333333333335,
bb_821362f8,28800.0,pt,44,f,very_high,5600.0,false,774781.53,5815210.17,-14.813333333333334,
bb_b1489bac,28800.0,pt,57,m,very_low,500.0,true,802478.12,5802207.98,-29.61333333333333,
bb_9cb8a809,28800.0,pt,95,f,very_low,500.0,false,789643.52,5843548.34,-14.813333333333333,
bb_42a2994b,28800.0,pt,54,m,very_low,500.0,false,800024.2,5845510.76,-17.613333333333333,
bb_151e32d4,28800.0,pt,56,m,medium,2000.0,false,794434.92,5804641.17,-25.613333333333337,
bb_b11bd8d2,28800.0,pt,30,m,medium,3000.0,false,773844.2,5798212.79,-108.91333333333336,
bb_ac7cc314,28800.0,pt,60,m,medium,3000.0,false,787546.43,5844248.31,-28.213333333333335,
bb_d5e47baa,28800.0,pt,2,m,medium,3600.0,false,775363.01,5813270.94,-14.813333333333334,
bb_d25ff15d,28800.0,pt,33,f,very_low,500.0,false,819957.48,5829317.06,-14.943333333333333,
bb_aa888bf4,28800.0,pt,68,f,very_low,900.0,false,783505.15,5840908.81,-20.213333333333335,
bb_8f55ddfb,28800.0,pt,50,m,medium,3000.0,false,775399.76,5813798.77,-14.813333333333334,
bb_bf1baaef,28800.0,pt,13,m,low,3000.0,false,816707.99,5805686.31,-22.513333333333335,
bb_15167ddf,28800.0,pt,46,f,medium,3000.0,false,790174.49,5803597.52,-13.613333333333337,
bb_a5f35191,28800.0,pt,57,f,medium,2000.0,false,783313.15,5850373.84,-24.213333333333335,
bb_0d079569,28800.0,pt,88,f,high,3600.0,false,806851.96,5845828.3,-20.093333333333334,
bb_c4750fb8,28800.0,pt,40,m,low,1500.0,false,766177.82,5869235.17,-36.213333333333324,
bb_3e0b552d,28800.0,pt,56,m,low,900.0,false,801326.78,5802616.72,-29.61333333333333,
bb_497ec644,28800.0,pt,61,m,low,900.0,false,801133.63,5850428.75,-78.81333333333336,
bb_cfc935ab,28800.0,pt,61,m,high,4600.0,false,739607.61,5808890.53,-22.813333333333336,
bb_213cc2d1,28800.0,pt,22,m,medium,1500.0,false,814325.83,5800109.93,-41.61333333333333,
bb_5ae9d2da,28800.0,pt,85,f,medium,1500.0,false,782432.04,5845912.09,-16.21333333333333,
bb_72363995,28800.0,pt,58,f,high,2600.0,false,734148.95,5821226.98,-94.81333333333335,
bb_289af03c,28800.0,pt,68,m,very_low,1500.0,false,789122.26,5849001.19,-14.813333333333333,
bb_1d38782a,28800.0,pt,88,f,medium,1500.0,false,806877.96,5845920.58,-20.09333333333333,
bb_4d0e8251,28800.0,pt,25,f,very_high,5600.0,false,818471.75,5796356.76,-22.713333333333328,
bb_441f4134,28800.0,pt,56,m,very_high,5600.0,false,768360.96,5786097.74,-26.81333333333334,
bb_1bc3a82d,28800.0,pt,51,f,very_high,5600.0,false,754412.53,5803144.91,-24.21333333333334,
bb_d6921223,28800.0,pt,86,m,high,3000.0,false,819591.03,5829898.95,-18.943333333333335,
bb_8b766f63,28800.0,pt,39,m,high,3600.0,false,769672.62,5814052.28,-17.613333333333337,
bb_7799532f,28800.0,pt,13,m,high,5600.0,false,778744.96,5813043.57,-14.813333333333333,
bb_171378f2,28800.0,pt,55,f,medium,2600.0,false,824894.18,5829415.71,-18.943333333333335,
bb_477fabee,28800.0,pt,60,f,high,3600.0,false,755247.84,5857323.9,-36.213333333333324,
bb_a061d8ef,28800.0,pt,68,f,medium,2000.0,true,806422.8,5837663.15,-16.093333333333334,
bb_53e9f85d,28800.0,pt,65,m,very_low,500.0,false,799647.54,5845876.59,-17.613333333333337,
bb_00eedf0c,28800.0,pt,40,m,high,3600.0,false,815796.63,5764021.93,-34.71333333333334,
bb_7cef9e8e,28800.0,pt,23,f,medium,2600.0,false,772523.58,5815867.62,-17.613333333333337,
bb_7501e4e4,28800.0,pt,84,f,medium,3000.0,false,787715.83,5814843.23,-16.213333333333335,
bb_8ece4b29,28800.0,pt,69,m,medium,3000.0,false,779767.3,5806701.59,-17.613333333333333,
bb_a3366f4e,28800.0,pt,57,f,very_low,2000.0,false,814854.84,5807650.0,-21.61333333333333,
bb_9c184b06,28800.0,pt,57,m,very_high,5600.0,false,762755.69,5835056.15,-17.313333333333333,
bb_8931eafb,28800.0,pt,40,f,very_high,5600.0,false,785032.59,5889946.5,-53.61333333333334,
bb_51d71ba6,28800.0,pt,63,f,medium,2000.0,false,778013.81,5809994.31,-17.613333333333337,
bb_cc7d07e0,28800.0,pt,47,f,high,4600.0,false,816677.02,5801819.95,-22.71333333333333,
bb_58f8fdbc,28800.0,pt,51,f,very_low,500.0,true,784647.74,5852158.19,-24.21333333333334,
bb_08b49a6d,28800.0,pt,70,m,medium,1500.0,false,773715.28,5798817.06,-24.213333333333335,
bb_9f5b665e,28800.0,pt,34,f,medium,3000.0,false,783693.7,5841342.3,-16.21333333333333,
bb_d1ee0553,28800.0,pt,74,f,medium,2600.0,true,818935.57,5823525.6,-20.043333333333337,
bb_7134d202,28800.0,pt,17,m,high,4600.0,false,788883.32,5845485.76,-26.813333333333336,
bb_aa8c8b79,28800.0,pt,62,f,low,1500.0,false,818319.43,5828777.21,-16.943333333333335,
bb_5d4708eb,28800.0,pt,49,m,high,4600.0,false,776557.14,5813838.29,-14.813333333333334,
bb_665e610f,28800.0,pt,48,m,very_low,1500.0,false,785864.49,5854610.73,-28.92,
bb_a8b8f99e,28800.0,pt,73,m,medium,2000.0,false,805628.23,5788854.58,-33.61333333333334,
bb_cf6afa04,28800.0,pt,72,f,medium,2000.0,false,776482.46,5813945.25,-14.813333333333334,
bb_bb56b48a,28800.0,pt,36,m,low,1500.0,false,778552.28,5812650.57,-12.213333333333335,
bb_064a9372,28800.0,pt,0,f,high,4600.0,false,799664.13,5807359.23,-25.613333333333337,
bb_64a57665,28800.0,pt,17,f,medium,3000.0,false,773102.2,5839706.59,-23.713333333333335,
bb_3f9295e4,28800.0,pt,32,f,medium,2000.0,false,793263.89,5809490.87,-18.813333333333336,
bb_5bc7b41a,28800.0,pt,42,f,medium,1500.0,false,799477.51,5809923.21,-14.813333333333334,
bb_95335fc0,28800.0,pt,46,m,low,2000.0,false,787340.13,5815002.88,-17.403333333333336,
bb_2cab9c23,28800.0,pt,68,m,low,900.0,true,768987.46,5811619.65,-17.613333333333337,
bb_b6564c7a,28800.0,pt,58,m,medium,2000.0,false,789160.58,5804149.55,-13.613333333333337,
bb_7f4b6089,28800.0,pt,48,m,very_high,5600.0,false,829454.03,5832740.33,-22.943333333333335,
bb_476c1105,28800.0,pt,68,f,low,1500.0,false,806908.4,5842032.5,-22.813333333333333,
bb_999e3d52,28800.0,pt,12,m,medium,4600.0,false,806273.59,5843189.45,-16.093333333333334,
bb_d5522db7,28800.0,pt,13,m,medium,3600.0,false,793271.04,5810900.48,-18.813333333333336,
bb_48bc2116,28800.0,pt,48,f,medium,2600.0,false,775652.58,5829830.0,-13.313333333333334,
bb_53cbf7f4,28800.0,pt,60,m,medium,1500.0,false,779673.84,5830816.69,-13.313333333333333,
bb_5f0ea496,28800.0,pt,10,f,high,4600.0,false,778449.71,5812313.48,-10.813333333333334,
bb_62a53c46,28800.0,pt,71,m,medium,1500.0,false,823167.0,5823627.72,-23.913333333333334,
bb_17797553,28800.0,pt,49,m,very_low,2000.0,false,774523.3,5812261.03,-14.813333333333334,
bb_d7ec5bf4,28800.0,pt,24,m,high,5600.0,false,785574.63,5809924.35,-21.403333333333332,
bb_b59b1411,28800.0,pt,85,f,low,1500.0,true,776908.31,5792980.82,-36.21333333333333,
bb_00cf6742,28800.0,pt,86,f,very_high,5600.0,true,780967.55,5803892.37,-24.213333333333335,
bb_76d27f70,28800.0,pt,5,m,very_low,1500.0,false,806396.03,5845919.95,-20.093333333333334,
bb_b514ca8d,28800.0,pt,30,m,medium,2000.0,false,780102.72,5772342.55,-73.61333333333334,
bb_6a641414,28800.0,pt,5,f,medium,3000.0,false,776714.96,5840005.33,-23.713333333333335,
bb_085fb450,28800.0,pt,9,f,medium,3000.0,false,815128.56,5806464.85,-17.61333333333334,
bb_5df737b2,28800.0,pt,40,m,medium,1500.0,false,815627.54,5800200.9,-17.61333333333334,
bb_342611ca,28800.0,pt,54,m,medium,2000.0,false,758312.47,5807509.76,-29.613333333333333,
bb_6bc89456,28800.0,pt,72,m,low,900.0,false,792020.07,5812793.51,-13.613333333333335,
bb_96e125af,28800.0,pt,64,f,very_high,5600.0,false,788282.95,5848074.38,-24.213333333333335,
bb_d6eb0a6a,28800.0,pt,26,m,medium,2000.0,false,776463.17,5832154.5,-13.313333333333334,
bb_9d2fc1ff,28800.0,pt,9,m,very_low,2000.0,false,800931.67,5790672.12,-45.31333333333335,
bb_c7822621,28800.0,pt,70,m,medium,2000.0,false,769252.84,5825548.88,-23.713333333333335,
bb_6f82415d,28800.0,pt,55,f,very_low,500.0,false,767730.77,5829354.67,-16.113333333333333,
bb_32261ad6,28800.0,pt,31,f,high,4600.0,false,790399.26,5813354.72,-13.613333333333337,
bb_91a3f29a,28800.0,pt,57,m,low,900.0,true,814097.44,5803622.29,-22.71333333333333,
bb_594fa2de,28800.0,pt,74,f,medium,2600.0,false,826778.31,5823115.25,-26.943333333333335,
bb_bc097573,28800.0,pt,46,f,high,3000.0,false,802431.79,5803593.47,-29.61333333333333,
bb_c47d9a3d,28800.0,pt,8,f,high,4600.0,false,783478.54,5850010.48,-24.213333333333335,
bb_26394117,28800.0,pt,17,f,high,3600.0,false,814581.77,5806720.83,-17.61333333333334,
bb_9a13ece2,28800.0,pt,53,f,high,5600.0,false,783904.55,5842078.07,-16.21333333333333,
bb_121acc98,28800.0,pt,43,m,very_low,900.0,false,823608.49,5825329.22,-26.943333333333335,
bb_1b9588c1,28800.0,pt,36,f,very_low,2000.0,false,776231.31,5813597.49,-14.813333333333334,
bb_baf66016,28800.0,pt,70,f,medium,2600.0,true,815889.92,5826988.35,-16.943333333333335,
bb_48736a4a,28800.0,pt,1,f,low,2000.0,true,777713.53,5846498.79,-20.21333333333333,
bb_192115b9,28800.0,pt,11,m,low,2000.0,false,776000.6,5829674.08,-14.913333333333334,
bb_56677d3c,28800.0,pt,69,m,medium,3000.0,false,787512.3,5814275.35,-16.213333333333335,
bb_c5a084de,28800.0,pt,67,m,medium,2000.0,false,802823.43,5792882.66,-45.31333333333333,
bb_ba33e7db,28800.0,pt,58,f,low,900.0,false,774907.02,5804578.67,-17.613333333333337,
bb_10050c5a,28800.0,pt,31,m,high,3600.0,false,778607.34,5810791.91,-17.613333333333337,
bb_8996bbab,28800.0,pt,88,m,medium,2000.0,false,783659.15,5852246.8,-24.213333333333335,
bb_209a632a,28800.0,pt,61,f,low,900.0,false,740371.34,5809031.33,-22.81333333333334,
bb_30334caf,28800.0,pt,47,m,medium,3000.0,false,771361.63,5806177.13,-17.613333333333337,
bb_1c7cccfc,28800.0,pt,72,f,medium,2600.0,false,793209.29,5809851.64,-18.813333333333336,
bb_9c2b1916,28800.0,pt,95,m,low,1500.0,true,769417.76,5808917.87,-17.61333333333334,
bb_06812b31,28800.0,pt,30,f,high,3600.0,false,780944.97,5809731.13,-17.613333333333337,
bb_1f354b40,28800.0,pt,61,f,low,1500.0,false,812508.09,5812712.1,-29.613333333333333,
bb_106f8c4c,28800.0,pt,43,f,low,3600.0,false,774541.64,5832221.43,-13.313333333333334,
bb_3ca9a541,28800.0,pt,39,f,medium,2000.0,false,753652.0,5772672.52,-29.613333333333337,
bb_b937364e,28800.0,pt,40,f,very_high,5600.0,false,773687.28,5814500.56,-17.613333333333337,
bb_8cb1550c,28800.0,pt,17,m,low,2000.0,false,772277.46,5815527.81,-17.613333333333337,
bb_12762791,28800.0,pt,36,m,medium,3600.0,false,793287.62,5812226.9,-18.813333333333333,
bb_68066ec8,28800.0,pt,32,m,medium,3600.0,false,788023.71,5804093.38,-17.613333333333333,
bb_0b5cb51d,28800.0,pt,16,m,very_low,1500.0,false,776361.06,5814963.71,-14.813333333333334,
bb_1a02c8d7,28800.0,pt,10,f,very_low,900.0,false,823394.45,5819422.53,-16.043333333333337,
bb_3f5ec295,28800.0,pt,11,m,high,5600.0,false,785781.31,5852376.6,-24.21333333333334,
bb_d4dc454a,28800.0,pt,33,m,medium,1500.0,false,800284.13,5807815.95,-14.813333333333334,
bb_c8e18cfa,28800.0,pt,97,f,medium,2000.0,true,787353.54,5853770.58,-17.613333333333337,
bb_45373dde,28800.0,pt,23,m,very_low,900.0,false,800822.43,5789700.09,-45.31333333333333,
bb_51fd961d,28800.0,pt,63,f,very_low,500.0,false,772205.83,5807459.6,-17.613333333333337,
bb_5c30cf24,28800.0,pt,67,m,very_low,500.0,true,808853.11,5846834.95,-22.813333333333333,
bb_b2ff1653,28800.0,pt,65,m,medium,2600.0,false,784275.14,5839703.22,-16.213333333333335,
bb_82d179e7,28800.0,pt,9,m,low,2000.0,false,777429.98,5831140.24,-11.713333333333335,
bb_478495f3,28800.0,pt,51,m,high,3600.0,false,774450.77,5830921.07,-13.313333333333333,
bb_98bfba6e,28800.0,pt,90,f,very_high,5600.0,true,801201.76,5808100.54,-14.813333333333334,
bb_bfec43c4,28800.0,pt,75,f,medium,2000.0,false,778997.0,5821476.75,-19.726666666666667,
bb_8832a9f0,28800.0,pt,71,m,low,1500.0,false,776826.57,5850452.13,-24.21333333333334,
bb_774bcf33,28800.0,pt,50,f,medium,2600.0,false,791918.12,5844115.31,-12.213333333333331,
bb_7456c82e,28800.0,pt,58,m,very_low,900.0,true,807524.16,5843635.18,-20.093333333333334,
bb_a3478da1,28800.0,pt,17,f,medium,3000.0,false,790065.58,5812470.13,-18.813333333333336,
bb_1983ce06,28800.0,pt,67,m,medium,2600.0,false,779761.81,5812141.6,-12.213333333333335,
bb_bdbddfbf,28800.0,pt,37,m,medium,2600.0,false,808135.51,5808345.92,-21.61333333333333,
bb_ce2108d3,28800.0,pt,66,f,low,900.0,false,791706.0,5845578.11,-20.213333333333335,
bb_d9f59ac8,28800.0,pt,56,m,very_high,5600.0,false,783594.04,5840887.84,-20.213333333333335,
bb_45025204,28800.0,pt,13,f,very_high,5600.0,false,760363.85,5812010.41,-22.813333333333336,
bb_cf7c8f75,28800.0,pt,64,m,low,900.0,false,828527.9,5831782.07,-22.943333333333335,
bb_0682ac82,28800.0,pt,55,f,medium,2000.0,false,777333.24,5830404.02,-13.313333333333333,
bb_3b444f66,28800.0,pt,73,f,low,900.0,true,779280.51,5810632.84,-17.613333333333337,
bb_2df35ff1,28800.0,pt,18,m,very_low,2000.0,false,799519.78,5849235.68,-22.81333333333333,
bb_3989b5ae,28800.0,pt,43,m,high,4600.0,false,821778.92,5864988.26,-21.613333333333337,
bb_2c40fdfe,28800.0,pt,91,f,medium,2000.0,true,780629.49,5811106.37,-12.213333333333335,
bb_55168dd1,28800.0,pt,42,m,medium,1500.0,false,808714.27,5842689.69,-20.093333333333334,
bb_a8b50479,28800.0,pt,60,m,medium,3000.0,false,776450.53,5833573.82,-20.213333333333335,
bb_50c445b3,28800.0,pt,24,m,high,4600.0,false,814456.91,5812439.17,-13.613333333333335,
bb_986c7248,28800.0,pt,33,m,medium,2000.0,false,825148.47,5830213.54,-18.943333333333335,
bb_20058791,28800.0,pt,43,m,medium,3000.0,false,820032.43,5812548.43,-22.51333333333334,
bb_49dbc2eb,28800.0,pt,18,m,very_low,499.0,false,785575.31,5809722.68,-21.403333333333332,
bb_3243b676,28800.0,pt,75,m,medium,2000.0,false,815818.27,5809042.13,-17.61333333333334,
bb_6d5a0294,28800.0,pt,84,f,very_low,499.0,false,819386.88,5832703.59,-18.943333333333335,
bb_7aba5406,28800.0,pt,93,f,medium,2000.0,true,776915.2,5840096.12,-23.713333333333335,
bb_903b8dc1,28800.0,pt,30,f,medium,2000.0,false,789315.86,5813993.18,-13.613333333333335,
bb_3c8b352c,28800.0,pt,27,m,low,900.0,false,804039.55,5806772.0,-35.913333333333334,
bb_13d97c2c,28800.0,pt,40,m,very_high,4600.0,false,792959.9,5809799.14,-18.813333333333336,
bb_8fae6d95,28800.0,pt,11,m,low,3000.0,false,786789.71,5851959.17,-17.913333333333334,
bb_12e92fbb,28800.0,pt,69,f,medium,2000.0,false,784979.61,5811246.3,-21.443333333333342,
bb_2acd9443,28800.0,pt,48,m,high,3600.0,false,814255.62,5824867.75,-17.613333333333333,
bb_7cc4e3c0,28800.0,pt,8,f,very_low,2000.0,false,777078.74,5800963.08,-17.613333333333337,
bb_583094c0,28800.0,pt,36,m,medium,3000.0,false,767640.13,5814851.75,-29.61333333333334,
bb_b55a7fc3,28800.0,pt,39,m,high,4600.0,false,778711.71,5806606.33,-24.213333333333335,
bb_8c39928c,28800.0,pt,18,m,high,3600.0,false,776007.63,5813050.75,-14.813333333333334,
bb_d3967ae6,28800.0,pt,84,f,medium,1500.0,true,777733.2,5814894.91,-12.213333333333335,
bb_6443f17a,28800.0,pt,12,f,low,2000.0,false,771512.65,5785740.35,-84.21333333333337,
bb_c5a89ed6,28800.0,pt,81,f,high,3600.0,true,807362.37,5847689.04,-16.093333333333334,
bb_8d9596eb,28800.0,pt,36,m,high,2600.0,false,778545.28,5809121.68,-12.213333333333335,
bb_bdd25afa,28800.0,pt,70,m,high,3000.0,false,777248.26,5812883.48,-14.813333333333334,
bb_cf48fc08,28800.0,pt,81,f,high,4600.0,true,792276.01,5813177.1,-9.613333333333333,
bb_b0c4b81a,28800.0,pt,57,m,very_low,500.0,false,791466.41,5813032.29,-13.613333333333337,
bb_0c9ca388,28800.0,pt,30,m,high,3600.0,false,805848.21,5844008.23,-16.093333333333334,
bb_2f1fe496,28800.0,pt,49,f,low,2000.0,false,767188.42,5822496.29,-17.613333333333337,
bb_35345c60,28800.0,pt,29,m,medium,3000.0,false,779482.71,5812563.44,-14.813333333333334,
bb_4e4174ee,28800.0,pt,68,f,low,900.0,true,789619.31,5844409.38,-14.813333333333333,
bb_7a0c03cf,28800.0,pt,58,m,medium,2600.0,false,792778.32,5808996.7,-18.813333333333336,
bb_7395fdad,28800.0,pt,57,m,medium,3000.0,false,816776.19,5800370.01,-17.61333333333334,
bb_cffb8e83,28800.0,pt,44,m,medium,3000.0,false,773589.03,5815199.83,-17.613333333333337,
bb_48dc7c91,28800.0,pt,12,m,very_high,5600.0,false,818137.47,5828045.36,-16.943333333333335,
bb_a00fbc4b,28800.0,pt,76,f,very_low,500.0,false,825868.32,5818643.35,-16.213333333333335,
bb_011fd3f0,28800.0,pt,10,m,low,2000.0,false,816482.14,5808637.91,-22.513333333333332,
bb_2b0a6dbf,28800.0,pt,15,f,high,3600.0,false,799009.98,5797739.24,-21.51333333333334,
bb_55a1ba1b,28800.0,pt,12,m,medium,2600.0,false,770262.69,5835523.71,-24.213333333333328,
bb_89e89841,28800.0,pt,64,f,medium,2600.0,false,805584.53,5842913.97,-12.093333333333334,
bb_bc635e91,28800.0,pt,53,m,medium,1500.0,false,815467.85,5808786.09,-17.61333333333334,
bb_612c44fb,28800.0,pt,3,m,high,4600.0,false,783542.26,5845979.72,-24.213333333333335,
bb_aaf342be,28800.0,pt,73,f,low,900.0,true,791059.92,5802668.1,-13.613333333333339,
bb_db3da138,28800.0,pt,8,f,medium,3000.0,false,807948.6,5808872.38,-21.61333333333333,
bb_a21bd235,28800.0,pt,59,f,low,1500.0,false,823514.46,5818542.42,-16.213333333333335,
bb_41e0bc24,28800.0,pt,73,f,high,4600.0,false,801933.52,5790786.96,-45.31333333333333,
bb_781144ba,28800.0,pt,45,m,very_low,500.0,true,805909.73,5841311.48,-17.913333333333334,
bb_1cb23054,28800.0,pt,56,f,very_high,5600.0,false,780917.9,5812709.03,-10.813333333333336,
bb_5bfeda0c,28800.0,pt,54,m,high,4600.0,false,784901.18,5840399.18,-16.213333333333335,
bb_6732fac6,28800.0,pt,5,m,low,3000.0,false,799238.66,5808055.01,-84.08000555407392,
bb_36ae8959,28800.0,pt,52,f,medium,2000.0,false,781301.13,5804443.79,-17.613333333333333,
bb_0cb0e348,28800.0,pt,47,m,medium,1500.0,false,826835.56,5818339.08,-16.213333333333335,
bb_87bf3640,28800.0,pt,50,f,low,2000.0,false,763859.09,5838882.09,-32.11333333333333,
bb_82aaf739,28800.0,pt,68,f,medium,3000.0,false,779173.14,5813031.7,-14.813333333333333,
bb_60d82479,28800.0,pt,27,m,very_low,1500.0,false,770312.1,5833019.09,-17.313333333333333,
bb_c5b2cb88,28800.0,pt,53,m,very_low,900.0,false,801757.97,5802783.98,-23.913333333333334,
bb_11c5617c,28800.0,pt,13,m,low,1500.0,false,766060.12,5807183.36,-17.61333333333334,
bb_41ed4837,28800.0,pt,57,m,medium,2000.0,false,770280.04,5795358.81,-24.213333333333335,
bb_9e5e0774,28800.0,pt,38,m,medium,3600.0,false,778628.97,5820998.75,-17.61333333333334,
bb_7d27a944,28800.0,pt,58,m,high,5600.0,false,815859.22,5831059.13,-18.943333333333335,
bb_a123ab48,28800.0,pt,23,f,high,5600.0,false,813770.64,5809755.79,-29.613333333333333,
bb_c6c4af4f,28800.0,pt,56,f,very_low,499.0,false,807423.41,5842864.59,-17.913333333333334,
bb_582dd36e,28800.0,pt,89,m,medium,2600.0,false,777443.16,5814565.72,-14.813333333333334,
bb_be45462c,28800.0,pt,41,m,high,3000.0,false,824286.65,5829354.62,-18.943333333333335,
bb_b63563ea,28800.0,pt,61,f,low,900.0,false,799751.03,5791510.56,-81.61333333333332,
bb_3761a487,28800.0,pt,79,m,low,900.0,true,814432.94,5803990.43,-17.613333333333337,
bb_1cd3013d,28800.0,pt,9,m,very_low,1500.0,false,780880.71,5836186.46,-23.713333333333335,
bb_b6b17d53,28800.0,pt,20,f,low,2000.0,true,806888.02,5843093.82,-20.093333333333334,
bb_9f935def,28800.0,pt,44,f,low,3000.0,false,777524.06,5815082.36,-17.613333333333333,
bb_3afb05e2,28800.0,pt,61,m,low,900.0,true,810486.09,5851822.13,-26.813333333333333,
bb_4759cbed,28800.0,pt,88,m,medium,2000.0,false,766443.97,5829075.97,-16.113333333333337,
bb_7da1793a,28800.0,pt,16,m,high,4600.0,false,784131.86,5836748.64,-16.21333333333333,
bb_3d279af6,28800.0,pt,58,f,very_low,500.0,false,825764.17,5823536.43,-23.913333333333334,
bb_035182ec,28800.0,pt,89,m,very_high,5600.0,false,782157.13,5845677.63,-16.21333333333333,
bb_351e1d9d,28800.0,pt,62,m,very_high,5600.0,false,765464.86,5798737.96,-24.21333333333333,
bb_4bebe4a9,28800.0,pt,59,m,high,2600.0,false,798825.72,5806922.3,-25.613333333333337,
bb_95ad578d,28800.0,pt,15,m,high,4600.0,false,822302.41,5841171.77,-62.94333333333334,
bb_103396fe,28800.0,pt,16,m,high,4600.0,false,790912.86,5797246.63,-13.613333333333337,
bb_a11ee810,28800.0,pt,74,m,medium,2000.0,false,789762.91,5803977.49,-13.613333333333339,
bb_39599ec7,28800.0,pt,68,f,high,3600.0,true,778847.3,5832581.53,-17.313333333333333,
bb_676dd4de,28800.0,pt,54,m,very_high,5600.0,false,825317.89,5864348.52,-21.61333333333334,
bb_a615280f,28800.0,pt,65,f,very_low,900.0,false,814926.47,5831094.63,-18.943333333333335,
bb_3015008f,28800.0,pt,57,m,medium,3000.0,false,757519.28,5812550.26,-17.61333333333334,
bb_be09ecd8,28800.0,pt,53,f,very_low,1500.0,false,774295.28,5795547.23,-36.21333333333333,
bb_ba244bd3,28800.0,pt,16,f,low,2000.0,false,789550.9,5842918.19,-19.680000000000007,
bb_76218ff6,28800.0,pt,63,f,very_low,900.0,false,802747.18,5852256.0,-22.81333333333334,
bb_ae4798fe,28800.0,pt,66,f,medium,1500.0,false,768468.88,5786177.79,-26.813333333333343,
bb_d9db9b2e,28800.0,pt,49,m,very_low,2000.0,false,824349.54,5836687.28,-30.943333333333328,
bb_91221f91,28800.0,pt,52,m,medium,2000.0,false,777874.35,5832124.96,-11.713333333333333,
bb_4210adb2,28800.0,pt,52,m,medium,2000.0,false,769506.69,5833624.97,-20.213333333333342,
bb_2f391a5b,28800.0,pt,65,f,very_low,500.0,false,813689.5,5802047.78,-17.613333333333333,
bb_d7d64437,28800.0,pt,19,f,high,4600.0,false,785170.49,5811266.12,-21.403333333333336,
bb_3ea363f6,28800.0,pt,18,f,medium,4600.0,true,810381.07,5814243.24,-18.813333333333336,
bb_0380a392,28800.0,pt,71,m,high,3600.0,true,813949.06,5825178.28,-17.613333333333333,
bb_b733421d,28800.0,pt,29,m,very_low,499.0,true,812365.56,5813478.18,-29.613333333333337,
bb_58afb40b,28800.0,pt,29,m,medium,3000.0,false,708927.57,5874150.41,-71.71333333333335,
bb_9c4e77f0,28800.0,pt,52,m,high,3600.0,false,777151.0,5760726.55,-81.61333333333333,
bb_bec3aa73,28800.0,pt,73,f,low,1500.0,false,774769.92,5830837.22,-13.313333333333333,
bb_919e1f6d,28800.0,pt,40,m,very_high,5600.0,false,775386.02,5829044.84,-13.313333333333334,
bb_57575c6e,28800.0,pt,26,f,high,3000.0,false,787387.94,5811886.54,-16.213333333333335,
bb_d83f0594,28800.0,pt,90,f,medium,2000.0,false,779920.4,5841296.99,-20.213333333333335,
bb_90672ed2,28800.0,pt,57,f,medium,2600.0,false,826376.05,5814012.79,-16.213333333333335,
bb_3afd1b6c,28800.0,pt,28,m,medium,2000.0,false,811307.0,5842889.53,-26.813333333333333,
bb_cd059c2b,28800.0,pt,45,m,very_low,500.0,true,767475.84,5810255.59,-17.613333333333337,
bb_69f5ee9e,28800.0,pt,37,m,medium,3000.0,false,775366.17,5830341.11,-16.113333333333333,
bb_a08141c2,28800.0,pt,58,m,medium,3000.0,false,824085.65,5832974.17,-22.943333333333335,
bb_cc25e3c4,28800.0,pt,30,m,high,3000.0,false,845124.38,5812044.76,-20.21333333333334,
bb_b604c6a9,28800.0,pt,17,f,very_high,5600.0,false,804601.42,5800790.73,-35.913333333333334,
bb_25e7fa10,28800.0,pt,65,m,very_low,499.0,true,815336.91,5831202.55,-18.943333333333335,
bb_810a6a19,28800.0,pt,45,f,very_low,900.0,false,806317.4,5840910.79,-17.913333333333334,
bb_201ebd04,28800.0,pt,9,f,high,4600.0,true,823962.75,5823810.52,-26.943333333333335,
bb_d2524a6c,28800.0,pt,42,f,very_high,5600.0,true,812649.51,5851401.31,-20.093333333333334,
bb_93323bbe,28800.0,pt,41,f,very_low,900.0,true,807812.88,5843787.57,-20.093333333333337,
bb_d8211b8a,28800.0,pt,69,f,high,2600.0,false,778469.78,5809698.07,-17.613333333333337,
bb_ccab734f,28800.0,pt,12,m,high,5600.0,false,801205.46,5803067.89,-29.61333333333333,
bb_9a5ba12c,28800.0,pt,40,f,medium,3600.0,false,773571.7,5811712.29,-14.813333333333334,
bb_148b7c41,28800.0,pt,59,m,very_low,500.0,true,814755.74,5848774.27,-42.81333333333334,
bb_bcce5ef4,28800.0,pt,58,m,high,3600.0,false,784454.08,5841280.62,-16.21333333333333,
bb_a4c35e56,28800.0,pt,37,m,medium,3000.0,false,823835.11,5870318.29,-42.81333333333334,
bb_482fbd5b,28800.0,pt,57,m,high,4600.0,false,824138.65,5831765.57,-22.943333333333328,
bb_61933263,28800.0,pt,72,f,medium,1500.0,false,786256.58,5815629.51,-17.403333333333332,
bb_73d8cdfa,28800.0,pt,20,m,medium,2000.0,false,741060.48,5829848.72,-86.91333333333333,
bb_062ec2cd,28800.0,pt,51,f,very_high,5600.0,true,788490.17,5815399.08,-16.213333333333335,
bb_047cc91b,28800.0,pt,42,m,medium,3600.0,false,779216.42,5814422.99,-17.613333333333337,
bb_1b6dd14e,28800.0,pt,5,f,high,4600.0,false,823549.42,5825411.96,-23.913333333333334,
bb_1c082387,28800.0,pt,92,f,very_low,500.0,false,810387.51,5799510.96,-17.613333333333337,
bb_9cd7021a,28800.0,pt,13,m,medium,3000.0,false,812352.04,5812432.06,-29.613333333333337,
bb_c092df6c,28800.0,pt,65,m,medium,3000.0,false,798998.23,5811242.25,-18.813333333333336,
bb_517869cf,28800.0,pt,57,f,very_high,5600.0,true,779484.57,5814049.07,-15.726666666666665,
bb_c50297e1,28800.0,pt,38,m,high,4600.0,false,810713.86,5843934.49,-22.813333333333333,
bb_b2cca83d,28800.0,pt,57,f,high,3600.0,false,816331.2,5715603.65,-41.613333333333344,
bb_4444ffc6,28800.0,pt,10,f,medium,2600.0,false,790201.49,5813436.38,-13.613333333333337,
bb_7e1b5f1b,28800.0,pt,34,f,medium,3000.0,false,770581.1,5813303.01,-14.813333333333334,
bb_a74e05e4,28800.0,pt,40,m,very_low,500.0,false,824378.14,5824168.17,-22.943333333333335,
bb_25db0831,28800.0,pt,47,m,low,2000.0,false,785186.97,5851987.12,-24.21333333333334,
bb_5f57189e,28800.0,pt,22,f,very_low,900.0,false,820397.42,5803769.51,-22.513333333333335,
bb_a64722c9,28800.0,pt,54,f,medium,2600.0,false,800551.22,5807113.27,-14.813333333333334,
bb_715b1a3f,28800.0,pt,50,m,medium,3600.0,false,780105.21,5841820.78,-20.21333333333334,
bb_a2ea4cda,28800.0,pt,99,m,medium,2600.0,true,802346.26,5846323.18,-30.813333333333333,
bb_5bcc676d,28800.0,pt,53,m,medium,3000.0,false,780269.86,5869062.43,-29.61333333333333,
bb_96240ea3,28800.0,pt,34,m,high,3000.0,false,734695.09,5821945.36,-26.813333333333336,
bb_0032653a,28800.0,pt,50,f,high,3000.0,false,771256.58,5815706.43,-17.613333333333337,
bb_2a9ad835,28800.0,pt,52,m,medium,3000.0,true,821228.1,5838740.58,-30.943333333333335,
bb_cd1f7302,28800.0,pt,22,m,very_high,5600.0,false,799617.73,5810318.5,-14.813333333333334,
bb_7cb43134,28800.0,pt,9,m,medium,3600.0,false,767357.95,5804531.33,-17.613333333333337,
bb_cbd38e3d,28800.0,pt,55,f,low,900.0,true,777703.5,5849036.38,-16.21333333333333,
bb_cb603de9,28800.0,pt,43,f,low,3000.0,false,776145.78,5831932.34,-13.313333333333333,
bb_0521682f,28800.0,pt,96,f,very_high,5600.0,true,766411.11,5823251.12,-17.613333333333333,
bb_17eba4a6,28800.0,pt,86,m,medium,1500.0,false,814380.71,5809820.57,-17.443333333333335,
bb_a7290594,28800.0,pt,32,f,medium,2600.0,false,766375.97,5828662.61,-23.713333333333335,
bb_831387c9,28800.0,pt,42,f,medium,3000.0,false,806795.3,5846393.92,-20.093333333333334,
bb_20d1b48b,28800.0,pt,4,f,medium,2600.0,false,822769.93,5814784.74,-23.913333333333334,
bb_0c63877d,28800.0,pt,36,f,high,4600.0,false,815346.36,5831237.46,-18.943333333333335,
bb_494e7696,28800.0,pt,20,f,high,4600.0,false,792138.92,5812866.79,-9.613333333333333,
bb_16742c6f,28800.0,pt,8,f,low,1500.0,false,814094.01,5830296.6,-16.943333333333335,
bb_23bc9215,28800.0,pt,92,f,medium,1500.0,false,788690.35,5848257.26,-17.913333333333334,
bb_8153eba8,28800.0,pt,7,f,very_low,900.0,false,771949.61,5806797.97,-17.613333333333337,
bb_9beccaa6,28800.0,pt,62,m,very_low,500.0,true,764507.41,5807299.91,-26.813333333333336,
bb_3ed46754,28800.0,pt,69,f,very_low,500.0,true,795641.74,5857247.01,-60.21333333333333,
bb_4d3eac0f,28800.0,pt,38,m,high,3600.0,false,824182.55,5869765.29,-21.613333333333337,
bb_24938e10,28800.0,pt,55,f,medium,1500.0,false,802253.11,5790783.66,-45.31333333333333,
bb_c282d7f6,28800.0,pt,50,f,high,3000.0,false,791491.93,5812959.9,-13.613333333333333,
bb_8320901c,28800.0,pt,36,m,low,1500.0,false,812670.49,5809630.94,-21.613333333333333,
bb_db27fdc5,28800.0,pt,0,m,high,3600.0,false,767646.82,5808732.75,-17.613333333333337,
bb_5ec3ec69,28800.0,pt,65,m,high,3000.0,true,781416.77,5809633.69,-17.613333333333337,
bb_6c1722c1,28800.0,pt,58,m,very_low,499.0,true,771281.79,5806337.94,-14.813333333333334,
bb_78789abb,28800.0,pt,87,f,high,3600.0,false,832179.35,5829027.66,-96.51333333333334,
bb_24e28d12,28800.0,pt,58,m,medium,2600.0,false,784332.57,5837532.35,-16.213333333333335,
bb_15fb0793,28800.0,pt,31,m,medium,2000.0,false,819486.34,5824589.06,-23.91333333333333,
bb_425781d0,28800.0,pt,13,f,low,2600.0,false,771717.84,5795976.77,-17.613333333333333,
bb_1f91a4da,28800.0,pt,68,m,medium,2600.0,false,770025.02,5832569.4,-20.21333333333334,
bb_89d38073,28800.0,pt,32,m,very_low,500.0,false,765171.04,5809437.53,-17.613333333333337,
bb_ae6661fc,28800.0,pt,22,f,medium,3600.0,false,821990.72,5829022.96,-18.943333333333335,
bb_a55def61,28800.0,pt,49,f,very_low,500.0,true,803386.73,5797452.54,-21.51333333333334,
bb_1515d4ec,28800.0,pt,36,f,high,4600.0,false,793947.94,5799938.77,-21.513333333333335,
bb_281242bc,28800.0,pt,35,m,medium,2000.0,false,780597.46,5811071.99,-12.213333333333335,
bb_0edcffcd,28800.0,pt,8,f,medium,3600.0,false,741451.1,5807941.17,-26.81333333333333,
bb_247dbb29,28800.0,pt,43,f,high,4600.0,false,774404.85,5828511.36,-16.113333333333333,
bb_4665b9e5,28800.0,pt,59,m,very_low,900.0,false,785972.15,5804671.73,-25.613333333333337,
bb_9285f34e,28800.0,pt,18,m,high,3600.0,false,817549.94,5802101.35,-22.71333333333334,
bb_c485a57c,28800.0,pt,54,m,medium,1500.0,false,780119.12,5823014.73,-17.313333333333336,
bb_964ab1b3,28800.0,pt,40,m,high,3000.0,true,799303.88,5854845.37,-74.81333333333336,
bb_4d1ae34a,28800.0,pt,59,m,medium,2600.0,false,774749.72,5814680.79,-14.813333333333334,
bb_bd4cccce,28800.0,pt,22,f,very_low,500.0,false,765744.43,5815806.14,-29.61333333333334,
bb_7d85e06e,28800.0,pt,51,m,high,3600.0,false,781576.84,5811218.16,-14.813333333333334,
bb_ac3798ed,28800.0,pt,63,f,medium,2600.0,false,823119.11,5830643.48,-18.943333333333335,
bb_aac20783,28800.0,pt,58,m,high,3600.0,false,824261.95,5864096.92,-21.613333333333337,
bb_5de225bb,28800.0,pt,97,m,medium,2600.0,true,799506.24,5807946.83,-25.613333333333337,
bb_b49c9c6a,28800.0,pt,17,f,high,3600.0,false,777282.44,5814283.17,-14.813333333333334,
bb_63bc3790,28800.0,pt,45,m,very_high,5600.0,false,792071.78,5799784.73,-73.61333333333334,
bb_6346595f,28800.0,pt,35,m,very_low,2000.0,false,827979.91,5831637.14,-18.943333333333335,
bb_d7940eb7,28800.0,pt,47,f,high,3600.0,false,784198.51,5839487.05,-16.21333333333333,
bb_a2235672,28800.0,pt,37,f,high,4600.0,false,818907.19,5828156.65,-16.943333333333335,
bb_4529d6e3,28800.0,pt,32,m,very_low,499.0,false,797138.47,5795306.12,-33.61333333333334,
bb_a7b625ac,28800.0,pt,89,f,low,900.0,false,786429.6,5853424.98,-14.813333333333334,
bb_4c542c94,28800.0,pt,12,f,medium,3000.0,true,782821.48,5850559.45,-24.213333333333335,
bb_7105a666,28800.0,pt,71,f,medium,2600.0,true,806566.17,5846140.46,-20.093333333333334,
bb_ab487ce8,28800.0,pt,40,m,low,2000.0,false,770587.64,5809190.5,-14.813333333333334,
bb_9ccea803,28800.0,pt,89,f,high,3000.0,false,814739.97,5809837.3,-17.443333333333335,
bb_a47dd49a,28800.0,pt,35,f,low,2000.0,false,771748.93,5794330.35,-24.213333333333335,
bb_c2b7c8e6,28800.0,pt,45,m,high,3600.0,false,826772.96,5823168.51,-26.943333333333335,
bb_81a57df2,28800.0,pt,76,m,low,900.0,false,766513.67,5815540.73,-29.613333333333344,
bb_53fd74f9,28800.0,pt,69,f,medium,2000.0,false,792056.88,5813339.13,-13.613333333333335,
bb_02cb97be,28800.0,pt,28,m,very_high,4600.0,false,802455.9,5805972.93,-23.913333333333334,
bb_a0fe94d2,28800.0,pt,48,f,medium,3600.0,false,813451.38,5803823.09,-22.71333333333333,
bb_55fb52de,28800.0,pt,39,f,very_high,4600.0,true,810258.07,5845420.39,-16.093333333333334,
bb_63f15c29,28800.0,pt,59,m,very_high,5600.0,false,773627.28,5830714.83,-23.713333333333335,
bb_a8fe5f7a,28800.0,pt,37,f,low,3000.0,false,710944.13,5872047.4,-47.71333333333334,
bb_6ac768ec,28800.0,pt,76,f,low,1500.0,false,807115.0,5755850.89,-46.71333333333334,
bb_99427005,28800.0,pt,95,f,low,3600.0,true,755748.95,5806742.96,-29.61333333333333,
bb_60e9c06f,28800.0,pt,38,f,medium,2600.0,false,766414.15,5828917.32,-23.713333333333335,
bb_098baa54,28800.0,pt,40,m,very_high,4600.0,false,827128.18,5805479.73,-22.513333333333335,
bb_c2b1d13b,28800.0,pt,42,f,medium,3000.0,false,793748.92,5799813.07,-21.513333333333335,
bb_2d6d8d68,28800.0,pt,60,f,medium,3000.0,false,767030.93,5849327.52,-48.21333333333333,
bb_40b64f6a,28800.0,pt,57,f,high,4600.0,true,812950.23,5789799.35,-29.613333333333333,
bb_69e0bd7f,28800.0,pt,35,m,high,2600.0,false,790862.47,5803383.48,-13.613333333333337,
bb_8f0d7f36,28800.0,pt,86,f,medium,1500.0,false,822260.54,5821861.73,-23.91333333333333,
bb_612e5287,28800.0,pt,60,m,medium,2000.0,false,783814.46,5839750.12,-16.21333333333334,
bb_07821d19,28800.0,pt,2,m,high,4600.0,false,771838.13,5828763.15,-16.113333333333333,
bb_96ec9677,28800.0,pt,53,f,medium,2000.0,false,773642.17,5811628.05,-14.813333333333333,
bb_7b53efe7,28800.0,pt,24,m,medium,1500.0,false,796880.58,5850407.9,-29.61333333333334,
bb_217f3b25,28800.0,pt,67,m,medium,2600.0,false,830153.61,5834721.35,-22.943333333333335,
bb_29902577,28800.0,pt,93,f,high,3600.0,true,812677.72,5810920.17,-29.613333333333337,
bb_9d88e763,28800.0,pt,51,f,medium,2000.0,false,786542.88,5814145.74,-17.403333333333336,
bb_7dd9eee8,28800.0,pt,56,f,very_low,500.0,false,811262.96,5846537.9,-20.093333333333334,
bb_c6e74354,28800.0,pt,28,m,low,2000.0,false,783719.43,5841783.11,-16.21333333333333,
bb_87161ab7,28800.0,pt,1,f,medium,2600.0,false,815750.19,5807861.48,-17.61333333333334,
bb_582a9675,28800.0,pt,33,f,low,2000.0,false,774389.96,5812488.47,-14.813333333333334,
bb_2f667261,28800.0,pt,37,m,low,1500.0,false,819449.59,5843796.92,-21.613333333333337,
bb_039f37d9,28800.0,pt,95,m,very_high,5600.0,false,778526.05,5809604.19,-17.613333333333337,
bb_6e45fde8,28800.0,pt,55,f,high,4600.0,false,783798.7,5839685.09,-16.21333333333333,
bb_7a62611f,28800.0,pt,9,m,high,3600.0,false,799769.26,5810205.66,-14.813333333333334,
bb_854d2223,28800.0,pt,7,f,high,3600.0,false,767194.16,5849357.2,-48.21333333333333,
bb_3ecaf7bc,28800.0,pt,40,f,very_high,5600.0,false,794130.99,5839628.65,-21.403333333333336,
bb_9a9bcc68,28800.0,pt,58,m,low,900.0,false,803764.18,5794298.21,-33.61333333333334,
bb_9df3eedd,28800.0,pt,48,m,high,3600.0,false,802151.81,5859796.11,-74.81333333333336,
bb_696285e6,28800.0,pt,8,m,very_low,1500.0,false,801006.09,5808632.11,-18.813333333333336,
bb_0b36e977,28800.0,pt,63,f,medium,2600.0,false,811086.86,5833379.78,-19.443333333333335,
bb_ca63ebdb,28800.0,pt,43,m,medium,2600.0,false,819909.04,5806312.63,-22.71333333333333,
bb_263f6b81,28800.0,pt,44,m,very_low,499.0,false,802141.49,5797177.98,-21.513333333333335,
bb_bacf636c,28800.0,pt,45,f,very_low,500.0,false,790353.42,5813649.27,-12.213333333333335,
bb_33e44846,28800.0,pt,88,f,low,900.0,false,814838.87,5807629.41,-21.61333333333333,
bb_02a232e7,28800.0,pt,7,m,medium,2000.0,false,785902.73,5855895.48,-17.613333333333337,
bb_aa3dcd6f,28800.0,pt,64,m,high,3000.0,true,818897.9,5828662.27,-18.943333333333335,
bb_1f0f6b05,28800.0,pt,51,m,low,900.0,false,818205.71,5828044.62,-16.943333333333335,
bb_730e2e76,28800.0,pt,37,m,low,1500.0,false,826747.48,5823626.46,-23.913333333333334,
bb_c1c334de,28800.0,pt,39,m,high,5600.0,false,806758.37,5797783.43,-34.71333333333334,
bb_5367fc74,28800.0,pt,37,m,medium,3000.0,false,786100.3,5811818.66,-17.403333333333336,
bb_b8a80ae2,28800.0,pt,25,f,high,4600.0,false,800571.75,5809829.69,-14.813333333333334,
bb_63f72c74,28800.0,pt,54,m,medium,2000.0,false,775883.76,5811558.89,-14.813333333333334,
bb_9bf1615b,28800.0,pt,92,m,very_high,5600.0,false,812085.79,5809805.06,-21.61333333333333,
bb_908898bc,28800.0,pt,82,f,low,1500.0,false,789508.36,5844106.27,-14.813333333333334,
bb_b1b6c026,28800.0,pt,16,m,low,2000.0,true,777194.53,5830156.32,-14.813333333333336,
bb_1f400256,28800.0,pt,53,f,medium,3600.0,false,774971.11,5812583.5,-14.813333333333334,
bb_70deaa3f,28800.0,pt,38,m,low,900.0,true,776984.85,5832583.83,-11.713333333333333,
bb_4b681c02,28800.0,pt,42,m,low,2000.0,false,819711.01,5832676.7,-18.943333333333335,
bb_d5e0434f,28800.0,pt,75,m,low,1500.0,false,775135.88,5818853.47,-17.61333333333334,
bb_62a8305d,28800.0,pt,66,f,high,4600.0,false,824448.34,5829156.96,-22.943333333333328,
bb_2f9eb7f3,28800.0,pt,98,f,medium,1500.0,false,788701.7,5847042.34,-26.813333333333336,
bb_508c3968,28800.0,pt,45,m,high,3600.0,false,818786.31,5830174.13,-18.943333333333335,
bb_2948ef6a,28800.0,pt,39,f,very_low,2000.0,false,785230.06,5779313.12,-13.613333333333335,
bb_95afae41,28800.0,pt,42,f,very_high,5600.0,false,772628.09,5821669.14,-17.61333333333334,
bb_a2b36d1d,28800.0,pt,55,f,high,3600.0,false,811082.6,5831912.72,-14.943333333333333,
bb_57491ddf,28800.0,pt,56,f,very_low,500.0,false,788066.99,5793537.79,-13.613333333333335,
bb_27a40a9c,28800.0,pt,19,m,low,3600.0,false,820661.83,5815468.7,-23.913333333333334,
bb_d2201054,28800.0,pt,32,m,medium,1500.0,false,776083.77,5814381.87,-14.813333333333334,
bb_c228aadf,28800.0,pt,81,f,medium,2000.0,false,786104.83,5850510.42,-36.21333333333332,
bb_a6a2dda7,28800.0,pt,48,m,very_low,500.0,true,765525.67,5811749.81,-14.813333333333334,
bb_98bf6fcd,28800.0,pt,62,f,medium,1500.0,true,823324.88,5819787.83,-16.043333333333337,
bb_2190f3b3,28800.0,pt,77,m,medium,3000.0,false,786458.69,5852759.33,-17.613333333333337,
bb_ae87fe5b,28800.0,pt,8,m,low,2000.0,false,775253.74,5830566.56,-16.113333333333333,
bb_0c3c153d,28800.0,pt,38,f,very_high,5600.0,false,800195.62,5809006.98,-18.813333333333336,
bb_9bf899fa,28800.0,pt,32,f,high,4600.0,false,759205.05,5807660.81,-29.613333333333326,
bb_601569d5,28800.0,pt,35,f,medium,3600.0,false,780312.74,5848063.55,-24.21333333333334,
bb_44ef174b,28800.0,pt,52,f,very_high,5600.0,false,756729.88,5789574.35,-29.613333333333337,
bb_d5c7ff82,28800.0,pt,35,f,high,3600.0,false,772319.45,5813671.01,-17.613333333333337,
bb_675c7443,28800.0,pt,12,f,very_low,900.0,false,803625.38,5797907.1,-21.51333333333334,
bb_9401f220,28800.0,pt,3,m,medium,3000.0,false,781425.01,5812081.6,-14.813333333333334,
bb_cd05233e,28800.0,pt,60,f,medium,1500.0,false,821856.91,5831607.27,-34.943333333333335,
bb_bdbc8102,28800.0,pt,53,f,low,1500.0,false,769720.29,5833756.81,-20.21333333333334,
bb_718ebd33,28800.0,pt,59,f,medium,2000.0,true,810377.87,5843154.27,-22.813333333333333,
bb_38badde1,28800.0,pt,42,f,very_high,5600.0,false,781602.17,5844133.96,-20.213333333333335,
bb_c45ade17,28800.0,pt,25,m,very_low,900.0,false,792098.96,5840611.35,-18.813333333333336,
bb_43521d50,28800.0,pt,40,m,low,1500.0,false,814595.89,5803015.94,-17.613333333333337,
bb_10afdec4,28800.0,pt,58,f,medium,3000.0,true,770916.06,5795009.02,-24.21333333333333,
bb_178f255a,28800.0,pt,43,m,high,5600.0,false,808214.83,5841958.74,-17.913333333333334,
bb_a561fc19,28800.0,pt,5,m,very_low,2000.0,false,799662.81,5848672.88,-78.81333333333336,
bb_20b27351,28800.0,pt,12,f,very_low,1500.0,false,815916.82,5829197.14,-16.943333333333335,
bb_a1e289b3,28800.0,pt,26,m,low,900.0,false,791928.5,5840244.78,-18.813333333333336,
bb_b973b3f0,28800.0,pt,56,f,very_high,5600.0,false,788129.25,5807188.88,-29.403333333333332,
bb_349203a1,28800.0,pt,49,m,very_low,900.0,true,812697.56,5851338.0,-20.093333333333334,
bb_b3026eef,28800.0,pt,72,m,high,3600.0,true,812834.13,5812621.56,-29.613333333333337,
bb_cde857c7,28800.0,pt,50,m,very_low,500.0,true,783943.95,5846799.58,-24.213333333333335,
bb_73b09ea5,28800.0,pt,42,m,medium,2000.0,false,824038.99,5829083.29,-22.943333333333335,
bb_26d48976,28800.0,pt,65,f,very_low,500.0,false,813428.27,5804224.77,-22.71333333333333,
bb_028a8b56,28800.0,pt,38,f,low,2600.0,false,784886.05,5853861.25,-24.21333333333334,
bb_be713683,28800.0,pt,73,m,medium,2000.0,true,801542.84,5855190.72,-22.813333333333336,
bb_795dd974,28800.0,pt,25,f,high,4600.0,false,778118.74,5812647.19,-12.213333333333335,
bb_6c7a457f,28800.0,pt,87,m,medium,1500.0,false,766810.61,5813044.08,-17.613333333333337,
bb_304d316e,28800.0,pt,64,m,high,4600.0,false,788409.83,5845358.08,-28.21333333333333,
bb_5c589308,28800.0,pt,69,m,high,3600.0,false,783961.73,5845889.74,-24.213333333333335,
bb_3838d2a4,28800.0,pt,61,f,low,1500.0,false,764204.83,5799548.67,-24.21333333333334,
bb_5acbc2b6,28800.0,pt,65,f,very_low,500.0,false,813448.94,5809551.47,-21.61333333333333,
bb_18c70c71,28800.0,pt,45,f,medium,2000.0,false,795235.11,5841006.32,-18.480000000000004,
bb_70750bd9,28800.0,pt,5,m,low,2000.0,false,766801.93,5859508.6,-108.21333333333332,
bb_22319716,28800.0,pt,97,f,very_high,5600.0,true,802784.26,5802824.43,-29.613333333333326,
bb_86db0ca9,28800.0,pt,7,m,high,4600.0,false,800284.29,5809255.08,-14.813333333333334,
bb_903de2fd,28800.0,pt,84,m,medium,2600.0,true,775687.84,5813026.56,-14.813333333333334,
bb_041561d1,28800.0,pt,74,f,medium,1500.0,false,824939.62,5829116.4,-22.943333333333335,
bb_a5f039f7,28800.0,pt,13,m,very_low,2000.0,false,782282.04,5849653.39,-24.213333333333335,
bb_63407663,28800.0,pt,39,f,high,3000.0,true,799530.0,5849055.39,-22.813333333333336,
bb_ce987ff0,28800.0,pt,21,m,high,5600.0,false,792029.43,5812984.52,-9.613333333333333,
bb_abee6558,28800.0,pt,69,m,low,900.0,true,777505.23,5800440.55,-17.613333333333337,
bb_be9aba27,28800.0,pt,87,f,medium,2000.0,true,786487.12,5851343.8,-36.21333333333332,
bb_c23603ba,28800.0,pt,46,m,high,4600.0,false,793625.11,5810663.44,-18.813333333333336,
bb_2acfa59d,28800.0,pt,62,f,medium,1500.0,false,812964.87,5838134.4,-26.943333333333335,
bb_51ee93f8,28800.0,pt,17,m,medium,4600.0,false,766323.78,5833725.04,-20.21333333333334,
bb_7e196de9,28800.0,pt,24,f,very_low,1500.0,false,774737.18,5812290.16,-14.813333333333334,
bb_5c9beac3,28800.0,pt,58,f,very_low,500.0,true,813746.31,5812230.66,-13.613333333333337,
bb_b2b448b0,28800.0,pt,52,f,low,900.0,true,765539.81,5833339.33,-20.21333333333334,
bb_948bb9f3,28800.0,pt,65,f,medium,2000.0,false,822690.32,5827614.27,-22.943333333333335,
bb_26289adf,28800.0,pt,36,m,medium,2600.0,false,774789.43,5815577.6,-17.613333333333337,
bb_95d7a013,28800.0,pt,50,m,low,2000.0,false,818769.93,5811488.98,-22.513333333333335,
bb_72e576b1,28800.0,pt,64,f,very_low,500.0,false,762020.24,5834827.77,-20.21333333333334,
bb_3fd00210,28800.0,pt,51,f,medium,1500.0,false,741161.55,5812347.88,-17.613333333333337,
bb_7ab8819a,28800.0,pt,24,m,high,4600.0,false,799864.62,5871904.05,-41.61333333333333,
bb_0b38022f,28800.0,pt,55,m,high,3600.0,false,771790.68,5857727.7,-24.21333333333334,
bb_22852780,28800.0,pt,4,m,medium,3600.0,false,808174.3,5814797.3,-17.613333333333337,
bb_d4473e7b,28800.0,pt,44,f,low,3000.0,false,776254.05,5832008.02,-13.313333333333334,
bb_b11f0be2,28800.0,pt,64,m,high,3000.0,true,770181.85,5826545.73,-23.713333333333335,
bb_84d4377a,28800.0,pt,27,f,high,4600.0,false,776126.6,5812108.37,-14.813333333333334,
bb_7a5674b3,28800.0,pt,34,m,very_high,5600.0,false,816404.31,5829882.86,-18.943333333333335,
bb_849d980e,28800.0,pt,52,f,low,2000.0,false,816849.96,5796764.19,-29.613333333333337,
bb_528f352d,28800.0,pt,64,m,medium,3000.0,false,794808.99,5810056.6,-57.61333333333334,
bb_66a6cec1,28800.0,pt,32,m,low,900.0,false,783644.49,5842015.31,-16.21333333333333,
bb_89520f71,28800.0,pt,67,m,high,3600.0,false,775495.56,5830621.76,-14.813333333333334,
bb_a5c92b77,28800.0,pt,97,m,low,1500.0,true,822969.67,5814655.8,-23.913333333333334,
bb_8f8c7b23,28800.0,pt,73,m,medium,2000.0,true,796289.91,5797474.67,-81.61333333333332,
bb_3342030b,28800.0,pt,44,f,very_low,900.0,false,797767.74,5853864.6,-74.81333333333333,
bb_d62a3059,28800.0,pt,62,m,very_low,499.0,true,820548.92,5823016.29,-23.91333333333333,
bb_84b3431b,28800.0,pt,56,m,medium,2000.0,false,774217.28,5818275.13,-22.813333333333336,
bb_762fa91d,28800.0,pt,43,m,low,1500.0,false,780703.77,5812588.4,-12.213333333333335,
bb_847cebe5,28800.0,pt,42,m,very_low,500.0,false,873370.59,5758496.07,-46.71333333333334,
bb_a757e675,28800.0,pt,60,f,low,900.0,false,789126.93,5844809.19,-16.21333333333333,
bb_451f495d,28800.0,pt,40,m,medium,2600.0,false,772785.02,5858443.86,-72.21333333333332,
bb_0062d33f,28800.0,pt,60,m,low,3000.0,false,814670.3,5810389.87,-17.443333333333335,
bb_da5052b7,28800.0,pt,1,m,medium,3000.0,false,816936.73,5845119.11,-22.813333333333336,
bb_451b4bf5,28800.0,pt,52,f,high,2600.0,false,778022.25,5809998.44,-17.613333333333337,
bb_65975e7e,28800.0,pt,52,m,low,900.0,false,820536.39,5823992.29,-23.913333333333338,
bb_321c5a39,28800.0,pt,52,m,medium,2000.0,false,769246.15,5849566.24,-48.21333333333333,
bb_27819281,28800.0,pt,20,m,medium,2600.0,false,775171.34,5814733.44,-14.813333333333334,
bb_d74f347a,28800.0,pt,47,f,very_low,1500.0,true,775297.59,5829428.64,-13.313333333333336,
bb_710620e8,28800.0,pt,62,m,high,3600.0,false,767614.52,5804044.36,-17.613333333333337,
bb_16bb1e91,28800.0,pt,57,f,high,4600.0,false,780815.9,5831148.48,-16.113333333333333,
bb_be425d4e,28800.0,pt,55,f,very_high,4600.0,false,779403.39,5806926.38,-17.613333333333333,
bb_9d8c95ed,28800.0,pt,26,m,very_high,4600.0,false,774225.64,5812405.95,-14.813333333333334,
bb_63171a2c,28800.0,pt,52,f,high,4600.0,true,799022.26,5788217.61,-45.31333333333333,
bb_8467550a,28800.0,pt,60,m,medium,3000.0,false,819035.74,5823469.63,-20.043333333333337,
bb_d67015f0,28800.0,pt,57,f,medium,3000.0,false,811752.61,5841775.46,-26.813333333333333,
bb_adbcede7,28800.0,pt,27,m,medium,2000.0,false,793989.95,5839770.64,-22.813333333333336,
bb_1ee77426,28800.0,pt,50,m,high,4600.0,false,784296.26,5837247.35,-16.113333333333333,
bb_15b676d9,28800.0,pt,40,m,high,4600.0,false,808210.58,5843512.17,-20.093333333333334,
bb_9b3b84ef,28800.0,pt,73,f,medium,3000.0,true,788052.26,5844354.01,-20.213333333333335,
bb_bc188483,28800.0,pt,9,f,very_high,5600.0,false,773131.63,5798078.82,-24.213333333333335,
bb_bde844e2,28800.0,pt,17,m,medium,3600.0,false,782041.12,5852410.73,-24.21333333333334,
bb_3146e5d6,28800.0,pt,33,f,low,2600.0,true,775889.13,5829057.04,-16.113333333333333,
bb_1ff732c2,28800.0,pt,5,f,very_high,5600.0,false,756833.63,5813045.66,-17.613333333333337,
bb_0b4b0136,28800.0,pt,2,m,very_high,5600.0,false,815367.79,5831184.08,-18.943333333333335,
bb_8d14982f,28800.0,pt,38,f,very_high,5600.0,false,780641.65,5864679.95,-28.92,
bb_35f68812,28800.0,pt,57,m,medium,3000.0,false,786006.35,5813018.65,-16.213333333333335,
bb_b4440622,28800.0,pt,60,m,medium,2000.0,false,815201.75,5831231.68,-18.943333333333335,
bb_b28bac93,28800.0,pt,55,m,very_high,5600.0,false,784590.88,5837415.32,-16.21333333333333,
bb_17127374,28800.0,pt,96,m,very_low,900.0,true,788094.08,5814884.26,-16.213333333333335,
bb_56610581,28800.0,pt,13,f,medium,3000.0,false,818463.42,5828610.66,-18.943333333333335,
bb_9c45a1b6,28800.0,pt,87,m,medium,2000.0,true,806756.65,5858665.91,-38.813333333333325,
bb_7cb0a31a,28800.0,pt,15,m,very_low,1500.0,false,786140.06,5804571.23,-13.613333333333337,
bb_8eb9794e,28800.0,pt,70,f,medium,2000.0,false,777196.35,5812790.8,-14.813333333333334,
bb_bc03ad98,28800.0,pt,49,f,medium,3000.0,false,791447.97,5839792.49,-14.813333333333333,
bb_0b8b783d,28800.0,pt,69,m,medium,2000.0,false,785448.08,5807325.54,-21.403333333333332,
bb_a65bbce3,28800.0,pt,82,f,low,900.0,false,775750.58,5815670.34,-17.613333333333337,
bb_95546a0d,28800.0,pt,52,m,very_high,5600.0,false,776627.83,5804870.9,-14.813333333333333,
bb_0489f4b1,28800.0,pt,57,f,very_low,500.0,true,793100.08,5814248.72,-13.613333333333337,
bb_772e7a26,28800.0,pt,26,m,very_low,900.0,false,781978.31,5852227.22,-24.21333333333334,
bb_8454a75b,28800.0,pt,58,m,high,3600.0,false,806711.26,5846325.66,-20.093333333333334,
bb_2550141d,28800.0,pt,41,f,medium,3000.0,false,784698.05,5811128.31,-21.443333333333335,
bb_91453775,28800.0,pt,58,m,medium,3000.0,true,793360.58,5840027.11,-18.813333333333336,
bb_9af565ce,28800.0,pt,28,f,medium,1500.0,false,814542.93,5812379.47,-13.613333333333337,
bb_8bdf90f0,28800.0,pt,42,m,very_low,500.0,true,813275.8,5812523.69,-17.443333333333335,
bb_cb7ca5bf,28800.0,pt,32,m,high,4600.0,false,786765.85,5851205.94,-36.213333333333324,
bb_744c5e65,28800.0,pt,50,m,low,900.0,false,804084.48,5811810.35,-13.613333333333335,
bb_a8e7540c,28800.0,pt,46,m,medium,3000.0,false,773058.9,5811997.33,-14.813333333333334,
bb_5461a23e,28800.0,pt,30,f,very_low,900.0,true,824112.96,5823320.95,-26.943333333333335,
bb_b1da0300,28800.0,pt,29,m,high,3000.0,false,823482.95,5825531.11,-23.913333333333334,
bb_0a916745,28800.0,pt,5,f,high,3600.0,false,815560.41,5809683.12,-17.443333333333335,
bb_0eb9593d,28800.0,pt,89,f,high,3000.0,false,793117.46,5840045.64,-18.813333333333336,
bb_1144cbf7,28800.0,pt,38,m,medium,2000.0,false,788144.67,5804290.22,-13.613333333333337,
bb_c3d9039a,28800.0,pt,84,f,low,1500.0,false,778896.23,5811971.99,-12.213333333333335,
bb_586cd1a5,28800.0,pt,13,f,low,2600.0,false,769209.17,5819678.4,-17.61333333333334,
bb_3dd5c729,28800.0,pt,63,m,very_low,900.0,true,788215.58,5857690.27,-36.21333333333332,
bb_7df71572,28800.0,pt,52,m,medium,2000.0,false,787775.25,5814789.62,-16.213333333333335,
bb_a2841e33,28800.0,pt,45,m,high,4600.0,false,855614.77,5800842.6,-28.21333333333334,
bb_ce802681,28800.0,pt,52,f,medium,2600.0,false,787133.1,5814971.62,-17.403333333333336,
bb_75e30068,28800.0,pt,71,f,medium,2000.0,false,791804.32,5813074.34,-13.613333333333335,
bb_b0a43d0b,28800.0,pt,36,m,high,2600.0,false,788439.08,5846300.38,-26.813333333333336,
bb_2c602c9e,28800.0,pt,26,m,low,900.0,false,803815.6,5797461.76,-21.513333333333335,
bb_7e45a15e,28800.0,pt,45,f,very_high,5600.0,false,812216.65,5810758.34,-29.613333333333337,
bb_1ee528ed,28800.0,pt,37,f,very_low,1500.0,false,792914.09,5808433.08,-18.813333333333336,
bb_9427008d,28800.0,pt,30,m,medium,3000.0,false,778871.91,5813204.32,-14.813333333333334,
bb_2e2d434c,28800.0,pt,5,m,high,4600.0,false,814264.39,5808931.93,-21.61333333333333,
bb_cc677dd0,28800.0,pt,66,f,low,1500.0,true,769709.72,5795627.82,-24.21333333333334,
bb_306cbd18,28800.0,pt,32,f,very_low,900.0,false,776741.33,5849098.26,-36.21333333333333,
bb_30fe648d,28800.0,pt,47,f,medium,1500.0,true,783372.3,5848990.19,-24.213333333333335,
bb_901a1cea,28800.0,pt,96,m,high,4600.0,true,779911.39,5812522.03,-14.813333333333334,
bb_159a3ea7,28800.0,pt,48,m,low,900.0,false,801586.43,5803665.39,-29.61333333333333,
bb_6398fbd5,28800.0,pt,50,m,low,2000.0,false,773452.18,5820838.44,-17.61333333333334,
bb_1a5a413d,28800.0,pt,64,m,high,3000.0,false,822008.75,5814750.21,-23.913333333333334,
bb_4f2940d3,28800.0,pt,29,f,medium,2600.0,false,767770.63,5810188.77,-14.813333333333334,
bb_d11ddf37,28800.0,pt,35,f,medium,3600.0,false,802323.95,5816498.8,-14.813333333333334,
bb_17dd1a1a,28800.0,pt,72,f,high,3600.0,false,767372.32,5811583.65,-14.813333333333336,
bb_b0f7b6b1,28800.0,pt,74,f,very_low,500.0,false,773685.79,5811905.35,-14.813333333333334,
bb_ab2b0c85,28800.0,pt,77,f,low,900.0,false,779150.96,5811871.18,-12.213333333333335,
bb_32119d12,28800.0,pt,57,m,low,900.0,false,776555.84,5840006.19,-23.713333333333335,
bb_c3cfd0c9,28800.0,pt,65,f,very_high,5600.0,false,804526.52,5800966.48,-35.91333333333334,
bb_36c483ee,28800.0,pt,73,m,medium,2600.0,false,796123.89,5857306.02,-28.21333333333334,
bb_125132c8,28800.0,pt,50,f,medium,2000.0,false,773918.56,5812057.7,-14.813333333333334,
bb_8f4cb58e,28800.0,pt,60,f,very_low,499.0,false,812774.9,5812560.19,-29.61333333333334,
bb_b18d4a41,28800.0,pt,62,m,very_high,5600.0,false,760972.44,5821251.39,-23.713333333333335,
bb_52fe7ed7,28800.0,pt,57,m,medium,2600.0,false,824503.86,5866478.93,-21.613333333333337,
bb_4b266e49,28800.0,pt,42,m,high,4600.0,false,816867.59,5829483.83,-14.943333333333333,
bb_cc26fe10,28800.0,pt,8,f,very_low,1500.0,false,783518.76,5840355.78,-16.213333333333335,
bb_c62bb347,28800.0,pt,50,m,very_low,500.0,true,812777.29,5810899.02,-29.613333333333337,
bb_5bcdb5b8,28800.0,pt,55,m,medium,2000.0,false,785584.94,5813950.02,-14.813333333333334,
bb_97a1daf2,28800.0,pt,4,m,low,2000.0,false,774840.64,5815228.87,-14.813333333333334,
bb_a4f88d92,28800.0,pt,2,f,medium,3000.0,true,776094.86,5831383.71,-13.313333333333334,
bb_40f4e663,28800.0,pt,56,m,very_low,900.0,true,786877.72,5853732.76,-14.813333333333333,
bb_8d2a9d09,28800.0,pt,53,f,low,900.0,false,795426.04,5851784.28,-29.61333333333334,
bb_08aa252a,28800.0,pt,77,m,low,1500.0,true,783516.2,5842040.13,-16.21333333333333,
bb_4d9cda20,28800.0,pt,51,f,very_low,900.0,false,793197.08,5839872.95,-18.813333333333336,
bb_d9fa6b71,28800.0,pt,97,m,low,1500.0,true,805147.5,5789396.37,-33.61333333333334,
bb_33733bc0,28800.0,pt,38,m,high,4600.0,false,816838.36,5857724.27,-20.093333333333334,
bb_a2dc73f5,28800.0,pt,97,m,very_low,500.0,true,791553.09,5813619.35,-13.613333333333335,
bb_4d98a557,28800.0,pt,8,f,high,4600.0,false,813171.21,5810874.22,-29.613333333333337,
bb_650291e4,28800.0,pt,52,m,low,2000.0,false,791839.45,5843970.48,-16.213333333333335,
bb_47690d06,28800.0,pt,66,m,low,900.0,true,817606.76,5804485.93,-17.613333333333337,
bb_cc015cbe,28800.0,pt,57,m,high,3600.0,false,775475.35,5830485.56,-16.113333333333333,
bb_55e62cd9,28800.0,pt,66,m,very_high,5600.0,false,806470.56,5841619.7,-22.71333333333333,
bb_39a8bd30,28800.0,pt,48,f,high,4600.0,false,800903.87,5807996.79,-14.813333333333334,
bb_d9358a96,28800.0,pt,56,m,very_low,900.0,true,781746.38,5810739.83,-17.613333333333337,
bb_bc9bd2a2,28800.0,pt,94,f,high,4600.0,false,777228.03,5831268.75,-11.713333333333335,
bb_77cecd9e,28800.0,pt,12,m,very_low,1500.0,false,804614.41,5800966.13,-35.913333333333334,
bb_93553d2e,28800.0,pt,8,f,medium,3600.0,false,816505.97,5808505.44,-22.513333333333335,
bb_d9902fde,28800.0,pt,48,m,very_low,900.0,false,789947.07,5791005.87,-25.613333333333333,
bb_807976be,28800.0,pt,67,m,medium,2000.0,false,776196.22,5806046.74,-14.813333333333334,
bb_7b87ddac,28800.0,pt,47,m,high,3600.0,false,768970.09,5811537.92,-17.613333333333337,
bb_9aa16a44,28800.0,pt,43,f,medium,2600.0,false,799650.56,5848577.9,-78.81333333333336,
bb_02422a26,28800.0,pt,62,m,very_low,500.0,false,792398.48,5841631.86,-18.813333333333336,
bb_22b79bbc,28800.0,pt,50,m,low,2000.0,false,792054.68,5843927.9,-12.213333333333333,
bb_7ddadaf6,28800.0,pt,17,m,medium,3000.0,false,791699.04,5840323.04,-18.81333333333334,
bb_56685fb4,28800.0,pt,8,m,medium,2000.0,false,761348.54,5835361.17,-20.21333333333334,
bb_c74831eb,28800.0,pt,87,m,high,3600.0,false,814825.52,5865567.04,-21.613333333333333,
bb_650b0ae3,28800.0,pt,80,f,low,900.0,false,772462.9,5852430.04,-16.21333333333333,
bb_6fc2b4d5,28800.0,pt,45,m,low,1500.0,false,744140.92,5864663.19,-24.21333333333334,
bb_d66d9cce,28800.0,pt,12,m,high,4600.0,false,783839.77,5841909.34,-16.21333333333333,
bb_4cf6423e,28800.0,pt,14,f,low,2000.0,false,775098.05,5815674.61,-17.613333333333337,
bb_aa66ec54,28800.0,pt,65,f,very_high,5600.0,true,811368.83,5810731.25,-21.61333333333333,
bb_30e4be73,28800.0,pt,61,f,low,1500.0,true,779441.73,5793158.82,-100.71333333333332,
bb_9fb4f5af,28800.0,pt,18,f,high,4600.0,false,776850.05,5792759.09,-36.21333333333333,
bb_10aeb871,28800.0,pt,12,m,very_low,2000.0,false,816937.47,5796638.77,-29.613333333333337,
bb_325dcd2b,28800.0,pt,81,f,low,900.0,false,775336.94,5813463.64,-14.813333333333333,
bb_5095135c,28800.0,pt,72,f,medium,2000.0,false,773941.16,5812106.93,-14.813333333333334,
bb_b4ec8012,28800.0,pt,46,f,medium,2600.0,false,775359.98,5829290.44,-13.313333333333336,
bb_d98c05b1,28800.0,pt,43,f,very_low,499.0,false,797893.99,5853804.51,-74.81333333333336,
bb_19cc08af,28800.0,pt,34,m,low,900.0,false,786112.35,5810243.6,-21.403333333333332,
bb_78fdf26f,28800.0,pt,78,f,medium,2000.0,false,799368.19,5806851.01,-25.613333333333333,
bb_a2f59bf4,28800.0,pt,5,m,high,4600.0,false,782335.28,5847235.8,-16.21333333333333,
bb_8aa1dc0b,28800.0,pt,35,m,medium,3600.0,false,740363.98,5808242.83,-22.81333333333334,
bb_7f935ac8,28800.0,pt,72,m,high,3600.0,true,815123.76,5804460.64,-17.613333333333337,
bb_be74745b,28800.0,pt,32,m,very_low,1500.0,false,790698.55,5814461.54,-13.613333333333335,
bb_8ba62060,28800.0,pt,40,m,low,2600.0,false,791854.56,5840517.32,-18.813333333333336,
bb_acf6a3eb,28800.0,pt,64,m,low,900.0,false,807929.86,5808718.58,-21.61333333333333,
bb_720868f1,28800.0,pt,90,m,medium,2000.0,true,817796.36,5789263.75,-17.613333333333337,
bb_d69b8bc7,28800.0,pt,98,f,low,1500.0,false,799824.78,5853442.87,-26.813333333333333,
bb_2b18f3ca,28800.0,pt,11,f,low,1500.0,false,784016.34,5838671.61,-16.21333333333333,
bb_a0534a20,28800.0,pt,78,f,medium,2000.0,true,789348.35,5814406.21,-12.213333333333335,
bb_57caf97d,28800.0,pt,37,m,medium,2600.0,false,814507.04,5804025.76,-17.613333333333337,
bb_af86eb25,28800.0,pt,32,f,very_low,900.0,true,825993.54,5813127.33,-71.91333333333333,
bb_c76d3a9f,28800.0,pt,44,m,low,900.0,false,775630.95,5816154.09,-14.813333333333334,
bb_52ff14b6,28800.0,pt,8,f,very_low,900.0,false,778527.15,5835530.39,-17.313333333333333,
bb_b9124a32,28800.0,pt,70,m,medium,3000.0,false,811884.96,5841201.06,-26.813333333333333,
bb_cb66dc42,28800.0,pt,50,f,low,1500.0,false,779955.04,5807592.53,-17.613333333333333,
bb_2db7e227,28800.0,pt,8,f,low,2000.0,false,785815.36,5811947.51,-16.213333333333335,
bb_3373e930,28800.0,pt,40,f,low,2600.0,false,786352.54,5853544.7,-14.813333333333333,
bb_9ebe9378,28800.0,pt,33,f,high,3600.0,false,793123.56,5839838.3,-18.813333333333336,
bb_7317c1a6,28800.0,pt,3,m,high,4600.0,false,790721.16,5803174.05,-13.613333333333337,
bb_32f65a1c,28800.0,pt,37,f,very_low,900.0,false,784388.35,5801125.69,-21.513333333333335,
bb_ce7be635,28800.0,pt,31,f,high,4600.0,false,769848.61,5833260.22,-20.213333333333342,
bb_c98789aa,28800.0,pt,43,f,high,4600.0,false,731553.5,5861605.16,-23.713333333333335,
bb_16c1f44b,28800.0,pt,59,m,high,3600.0,false,786279.84,5811924.19,-17.403333333333332,
bb_29343255,28800.0,pt,60,f,high,4600.0,false,780945.29,5810003.73,-14.813333333333334,
bb_bb25d858,28800.0,pt,10,m,high,4600.0,false,764151.62,5799395.1,-24.21333333333333,
bb_5d7a4539,28800.0,pt,61,f,very_low,900.0,false,756988.45,5812300.38,-17.613333333333337,
bb_dc32f97d,28800.0,pt,31,f,medium,3600.0,false,762144.64,5796496.38,-24.21333333333334,
bb_d68dae7f,28800.0,pt,84,f,high,3600.0,false,784334.65,5838564.03,-16.21333333333333,
bb_6883d05e,28800.0,pt,70,f,medium,3000.0,false,815480.94,5803341.27,-17.61333333333334,
bb_cf2eb6e0,28800.0,pt,47,f,low,3000.0,false,885171.87,5792118.59,-28.213333333333335,
bb_a9c2a2fa,28800.0,pt,57,m,very_low,900.0,true,765271.79,5808913.31,-22.813333333333333,
bb_09f09496,28800.0,pt,47,f,medium,2000.0,true,773885.96,5833405.67,-20.213333333333335,
bb_b942af39,28800.0,pt,98,f,low,900.0,true,809343.31,5835507.87,-13.613333333333335,
bb_0ed3a24d,28800.0,pt,51,f,very_low,500.0,false,778531.77,5809227.19,-17.613333333333337,
bb_0d7c677d,28800.0,pt,79,f,very_low,500.0,false,776417.18,5831972.75,-13.313333333333334,
bb_853ecbd3,28800.0,pt,48,f,high,3000.0,false,770062.13,5835724.86,-24.213333333333328,
bb_3b6666de,28800.0,pt,71,f,low,1500.0,false,778324.56,5809657.14,-17.613333333333337,
bb_943226f3,28800.0,pt,6,m,medium,2000.0,false,792462.74,5840300.41,-18.813333333333336,
bb_aa013965,28800.0,pt,62,f,very_low,900.0,false,802314.44,5816609.5,-14.513333333333335,
bb_74cc3d14,28800.0,pt,46,m,low,1500.0,false,850553.79,5802062.96,-114.51333333333334,
bb_5ee38a72,28800.0,pt,51,f,medium,2600.0,false,740252.35,5808707.86,-22.81333333333334,
bb_8d68f26a,28800.0,pt,76,f,very_high,5600.0,false,786844.25,5814883.89,-17.403333333333336,
bb_69656ad9,28800.0,pt,43,f,medium,3600.0,false,789915.93,5811664.89,-13.613333333333337,
bb_17a2024f,28800.0,pt,65,m,very_low,499.0,false,825119.22,5830970.72,-18.943333333333335,
bb_bbf76653,28800.0,pt,70,m,high,3600.0,false,771974.69,5800644.55,-17.613333333333333,
bb_4af1be4c,28800.0,pt,32,m,medium,2600.0,false,806626.88,5837722.47,-16.093333333333334,
bb_9195ea6d,28800.0,pt,63,f,medium,2600.0,false,802031.2,5810638.41,-14.813333333333334,
bb_7e24e09d,28800.0,pt,25,m,high,3600.0,false,761264.36,5834959.04,-23.713333333333335,
bb_9dd1276c,28800.0,pt,54,m,high,4600.0,false,770376.83,5814242.85,-17.613333333333337,
bb_563ffd6a,28800.0,pt,22,m,very_low,499.0,false,790595.43,5814112.28,-12.213333333333335,
bb_5adfd66d,28800.0,pt,5,f,very_high,5600.0,false,782193.29,5846989.14,-16.21333333333333,
bb_0399932b,28800.0,pt,54,f,high,3600.0,false,809759.17,5845899.68,-16.093333333333334,
bb_296c06f5,28800.0,pt,42,f,high,3600.0,false,739477.2,5809447.19,-22.81333333333334,
bb_1f1a3ee8,28800.0,pt,37,f,medium,3600.0,false,776673.13,5849029.15,-36.21333333333332,
bb_4ef4d79b,28800.0,pt,60,m,high,3600.0,false,783856.47,5840230.83,-16.21333333333333,
bb_3249946a,28800.0,pt,73,f,medium,2000.0,true,766514.15,5810820.4,-14.813333333333334,
bb_c511e0b5,28800.0,pt,33,m,medium,1500.0,false,799614.9,5807287.64,-25.613333333333333,
bb_2f9876d8,28800.0,pt,50,f,high,3600.0,false,820502.37,5805079.28,-17.61333333333334,
bb_0c4fde39,28800.0,pt,52,f,very_low,500.0,true,766982.51,5829142.84,-16.113333333333333,
bb_7a52fb8a,28800.0,pt,74,m,medium,3000.0,false,789317.52,5843382.76,-14.813333333333333,
bb_6eaf9ea5,28800.0,pt,51,m,medium,1500.0,false,819699.02,5833767.35,-30.943333333333335,
bb_95bd93fd,28800.0,pt,58,f,high,3000.0,false,818082.75,5828008.91,-16.943333333333335,
bb_b25c3465,28800.0,pt,44,f,low,1500.0,false,801697.29,5802997.98,-23.913333333333334,
bb_d4ceb9ee,28800.0,pt,34,f,high,3600.0,false,776279.95,5813581.9,-14.813333333333334,
bb_41a1aa8b,28800.0,pt,38,m,medium,2000.0,false,776399.67,5812816.71,-14.813333333333334,
bb_5df7c499,28800.0,pt,21,f,low,2000.0,false,771449.67,5813887.22,-17.613333333333337,
bb_b951f37b,28800.0,pt,63,m,medium,2000.0,false,770630.89,5834309.78,-20.21333333333334,
bb_38a4b5ed,28800.0,pt,51,m,medium,1500.0,false,782336.44,5844937.49,-16.21333333333333,
bb_7ca9321e,28800.0,pt,47,m,low,900.0,true,795714.19,5842774.25,-16.213333333333335,
bb_c60bd808,28800.0,pt,69,m,very_low,900.0,false,808297.89,5842724.44,-20.093333333333334,
bb_5a7a0d66,28800.0,pt,64,m,medium,3000.0,false,783961.26,5845729.28,-24.213333333333335,
bb_a4de21f7,28800.0,pt,28,f,high,4600.0,false,778291.45,5810139.05,-17.613333333333337,
bb_370d126f,28800.0,pt,64,m,medium,3000.0,false,820762.53,5834265.13,-30.943333333333335,
bb_b49cf073,28800.0,pt,22,f,high,3600.0,false,778501.55,5830925.0,-13.313333333333333,
bb_71afe8ef,28800.0,pt,25,m,medium,2000.0,false,779193.7,5812677.91,-12.213333333333335,
bb_8adfd6c9,28800.0,pt,50,f,high,4600.0,false,771704.88,5794800.19,-17.613333333333333,
bb_6cc4e5f8,28800.0,pt,20,m,high,3600.0,false,821316.41,5838636.71,-30.943333333333335,
bb_50522a2f,28800.0,pt,40,f,high,3600.0,false,780306.81,5831433.16,-16.113333333333333,
bb_2653a2a9,28800.0,pt,36,f,medium,1500.0,false,866254.21,5749401.19,-46.71333333333334,
bb_bf1251ef,28800.0,pt,32,m,medium,3000.0,false,823553.26,5831334.77,-34.943333333333335,
bb_1e0f47bc,28800.0,pt,38,m,very_low,1500.0,false,770079.93,5834797.66,-24.213333333333328,
bb_56644699,28800.0,pt,51,m,high,3000.0,false,802181.45,5814266.22,-14.813333333333334,
bb_ce58ef78,28800.0,pt,58,f,low,900.0,true,821210.53,5803394.89,-22.71333333333333,
bb_d0fce939,28800.0,pt,61,f,very_low,900.0,false,776360.27,5830615.48,-13.313333333333334,
bb_d7816ca1,28800.0,pt,42,f,high,3600.0,false,816636.28,5796319.74,-29.61333333333334,
bb_2f3373ae,28800.0,pt,37,f,high,4600.0,false,776241.49,5806798.01,-14.813333333333336,
bb_4c28b916,28800.0,pt,20,f,medium,2000.0,false,819605.8,5828840.1,-18.943333333333335,
bb_9f015040,28800.0,pt,55,f,medium,1500.0,false,775350.9,5829881.25,-16.113333333333333,
bb_1df05d85,28800.0,pt,68,f,high,3600.0,false,818452.37,5829544.87,-14.943333333333333,
bb_3f6b6653,28800.0,pt,56,f,very_low,500.0,false,811462.99,5851858.77,-26.813333333333336,
bb_0083fddf,28800.0,pt,53,m,low,900.0,false,800016.59,5806430.77,-25.613333333333333,
bb_dad8a256,28800.0,pt,51,m,low,900.0,false,789806.59,5844044.7,-10.813333333333333,
bb_323f823b,28800.0,pt,46,f,high,3000.0,true,788949.47,5813600.46,-13.613333333333335,
bb_0066d03d,28800.0,pt,31,m,high,3600.0,false,810117.96,5835758.97,-13.613333333333335,
bb_4b762b67,28800.0,pt,64,f,medium,3000.0,false,787633.32,5815855.91,-17.403333333333336,
bb_adb7d6ef,28800.0,pt,54,f,high,3600.0,false,813380.73,5809722.85,-21.61333333333333,
bb_81c0d31d,28800.0,pt,69,f,high,3000.0,false,811530.8,5846263.75,-22.813333333333336,
bb_08bd7d70,28800.0,pt,59,m,very_high,5600.0,false,739933.78,5809019.72,-22.81333333333334,
bb_dc2978c3,28800.0,pt,46,m,very_high,5600.0,false,831279.16,5707483.33,-53.613333333333344,
bb_80b2f929,28800.0,pt,65,m,very_low,900.0,true,822989.74,5830530.38,-18.943333333333335,
bb_aec3cabe,28800.0,pt,7,m,very_low,1500.0,false,787279.57,5800953.92,-13.613333333333337,
bb_6352e0d1,28800.0,pt,50,f,medium,2000.0,false,824129.59,5817205.64,-23.91333333333333,
bb_96543311,28800.0,pt,22,f,very_low,500.0,false,808395.24,5843124.8,-20.093333333333334,
bb_c9c4dbf5,28800.0,pt,36,f,very_low,900.0,true,766189.66,5810997.86,-17.613333333333344,
bb_d14594d5,28800.0,pt,38,f,high,4600.0,false,776340.61,5830905.04,-13.313333333333334,
bb_d37cf821,28800.0,pt,60,f,high,3600.0,false,812967.65,5838083.85,-26.943333333333335,
bb_837efa35,28800.0,pt,32,f,low,900.0,false,786720.72,5853836.48,-17.613333333333337,
bb_04b072ea,28800.0,pt,51,m,medium,2000.0,false,800167.04,5808444.02,-18.813333333333336,
bb_ce3e4214,28800.0,pt,13,m,medium,3600.0,false,788952.03,5844990.89,-22.813333333333333,
bb_476bdbbb,28800.0,pt,75,f,medium,1500.0,false,778326.04,5809575.75,-17.613333333333337,
bb_23bf1c46,28800.0,pt,46,f,very_high,5600.0,false,781129.34,5810901.12,-12.213333333333335,
bb_095166ea,28800.0,pt,50,f,high,4600.0,false,786060.87,5814191.04,-14.813333333333334,
bb_d0c5b374,28800.0,pt,19,f,high,5600.0,false,802516.8,5814496.64,-17.613333333333337,
bb_88f3827a,28800.0,pt,71,m,low,1500.0,false,814245.77,5834516.39,-30.943333333333335,
bb_2f242db9,28800.0,pt,38,m,low,2000.0,false,813338.99,5811448.42,-29.613333333333337,
bb_7aae8416,28800.0,pt,56,m,low,900.0,false,780229.78,5813157.31,-12.213333333333335,
bb_94b9f0d5,28800.0,pt,64,f,high,4600.0,true,765928.07,5833528.08,-20.21333333333334,
bb_5373be38,28800.0,pt,95,f,medium,1500.0,false,787095.75,5801802.06,-21.513333333333332,
bb_051021d1,28800.0,pt,58,m,very_low,500.0,true,770581.35,5828923.12,-16.113333333333337,
bb_911c5070,28800.0,pt,91,f,very_low,500.0,true,768523.41,5811440.45,-17.613333333333337,
bb_d4c16a02,28800.0,pt,16,m,medium,3600.0,false,792931.11,5813733.49,-13.613333333333335,
bb_6d85b441,28800.0,pt,8,f,medium,2000.0,false,800420.51,5809586.96,-14.813333333333334,
bb_33a54443,28800.0,pt,14,f,very_high,5600.0,true,774562.05,5814863.05,-14.813333333333333,
bb_4b67c9c6,28800.0,pt,31,f,very_low,1500.0,false,782199.42,5845655.92,-16.21333333333333,
bb_93ece8f5,28800.0,pt,20,m,high,3600.0,false,788132.4,5814928.2,-16.213333333333335,
bb_43490196,28800.0,pt,53,f,very_high,5600.0,false,804448.18,5809978.6,-25.613333333333337,
bb_5327bd8d,28800.0,pt,67,f,very_low,900.0,false,775705.42,5830273.61,-14.813333333333334,
bb_925a348c,28800.0,pt,52,m,medium,2600.0,false,787424.84,5812825.54,-16.213333333333335,
bb_947a1d9e,28800.0,pt,39,f,low,3000.0,false,800132.74,5809262.95,-18.813333333333336,
bb_5d5dd5f3,28800.0,pt,46,m,very_low,2000.0,false,828883.31,5828530.95,-30.043333333333337,
bb_0f5f4490,28800.0,pt,46,f,high,3600.0,false,817217.09,5808689.53,-22.513333333333335,
bb_4767604c,28800.0,pt,39,f,low,1500.0,false,807822.2,5814613.65,-16.21333333333333,
bb_94e6f9a2,28800.0,pt,53,m,high,4600.0,false,756830.86,5812527.08,-17.613333333333333,
bb_90dfeb24,28800.0,pt,71,f,medium,2000.0,false,779511.14,5841156.58,-20.213333333333335,
bb_b7766812,28800.0,pt,9,f,high,4600.0,false,774789.37,5815165.78,-14.813333333333334,
bb_cfc9b908,28800.0,pt,41,m,high,4600.0,false,770785.39,5816840.36,-17.613333333333337,
bb_af8f5c44,28800.0,pt,16,m,medium,3600.0,true,809372.21,5843971.07,-26.813333333333333,
bb_0f014ee8,28800.0,pt,8,m,high,5600.0,false,789277.47,5843464.28,-14.813333333333333,
bb_4ca91453,28800.0,pt,37,m,very_high,5600.0,false,773935.52,5803564.84,-17.613333333333333,
bb_ac8997eb,28800.0,pt,13,f,medium,3600.0,false,778320.03,5812872.38,-12.213333333333335,
bb_87c2fcee,28800.0,pt,66,m,low,1500.0,true,793482.23,5809966.19,-18.813333333333336,
bb_a9e75638,28800.0,pt,7,f,very_high,5600.0,false,800074.92,5806334.14,-25.613333333333337,
bb_2a12bcb8,28800.0,pt,35,m,medium,2000.0,false,787284.61,5807068.54,-29.403333333333332,
bb_962cb640,28800.0,pt,32,m,low,2000.0,false,840794.41,5757323.21,-22.71333333333334,
bb_55766c23,28800.0,pt,40,f,medium,3600.0,false,789054.8,5843575.19,-16.213333333333335,
bb_4e45d22b,28800.0,pt,95,f,medium,3000.0,true,813711.22,5809387.06,-21.61333333333333,
bb_444dbc07,28800.0,pt,51,f,medium,3000.0,false,775824.25,5819427.04,-22.813333333333336,
bb_000775af,28800.0,pt,50,m,medium,2000.0,false,824650.27,5828900.32,-22.943333333333335,
bb_ca1fa32a,28800.0,pt,39,f,low,900.0,false,769275.15,5819660.36,-17.613333333333337,
bb_c1c1ec90,28800.0,pt,22,m,low,900.0,false,789547.36,5845388.45,-16.213333333333335,
bb_3f4d53f9,28800.0,pt,32,m,medium,3000.0,false,788813.79,5844013.47,-16.213333333333335,
bb_0f8d6c57,28800.0,pt,48,m,medium,1500.0,false,778999.1,5812327.57,-12.213333333333335,
bb_b86beca7,28800.0,pt,20,f,high,5600.0,false,788255.21,5844534.61,-16.21333333333333,
bb_c31e4c42,28800.0,pt,41,f,very_high,5600.0,false,796613.4,5851054.72,-29.61333333333334,
bb_0f4c1216,28800.0,pt,91,f,medium,1500.0,true,782253.02,5844697.45,-16.21333333333333,
bb_ccd53923,28800.0,pt,90,f,low,900.0,false,795726.26,5843901.76,-18.48,
bb_08cfe6b8,28800.0,pt,74,m,high,3600.0,false,808119.38,5842132.56,-17.913333333333334,
bb_58e4a2aa,28800.0,pt,98,f,high,4600.0,true,769857.89,5795656.34,-24.213333333333335,
bb_128c9e93,28800.0,pt,80,m,medium,2000.0,true,772698.87,5813973.52,-17.613333333333337,
bb_bea803d5,28800.0,pt,34,m,very_low,500.0,false,813889.32,5808737.26,-21.613333333333333,
bb_3d082c47,28800.0,pt,8,m,low,2000.0,false,778696.71,5812414.03,-12.213333333333335,
bb_032c6fa5,28800.0,pt,53,m,high,2600.0,false,786445.29,5801499.36,-21.513333333333332,
bb_277337dd,28800.0,pt,63,m,very_low,1500.0,true,810343.98,5836389.92,-13.613333333333335,
bb_52c82eed,28800.0,pt,93,f,very_low,500.0,false,776459.6,5828575.38,-16.113333333333333,
bb_27f959b8,28800.0,pt,69,f,medium,3000.0,false,780127.94,5822981.12,-17.313333333333336,
bb_1e85666e,28800.0,pt,32,f,medium,2600.0,false,780093.02,5807413.89,-17.613333333333333,
bb_25e84e99,28800.0,pt,63,f,very_low,500.0,false,818752.69,5828168.15,-16.943333333333335,
bb_42e867f2,28800.0,pt,1,m,high,4600.0,false,779857.25,5831609.69,-16.113333333333333,
bb_70756649,28800.0,pt,43,m,very_high,5600.0,false,810476.67,5846359.31,-16.093333333333334,
bb_b3abd2f3,28800.0,pt,50,m,high,4600.0,true,787980.82,5846781.91,-26.813333333333336,
bb_04ce00e1,28800.0,pt,50,f,very_high,5600.0,false,808530.83,5845469.61,-16.09333333333333,
bb_8ec01959,28800.0,pt,19,m,medium,2600.0,false,787703.3,5807088.76,-29.403333333333332,
bb_6b2b4c73,28800.0,pt,42,f,very_low,500.0,false,767637.48,5810801.48,-14.813333333333334,
bb_48093f08,28800.0,pt,58,m,high,3000.0,false,819100.47,5804302.14,-22.513333333333335,
bb_99d8ccf5,28800.0,pt,59,f,high,3000.0,true,793390.01,5808531.21,-18.813333333333336,
bb_489b23fe,28800.0,pt,63,m,very_high,5600.0,false,756146.02,5817677.47,-17.613333333333337,
bb_b1049dab,28800.0,pt,8,f,low,2000.0,false,822547.92,5828756.25,-18.943333333333335,
bb_1fe252fe,28800.0,pt,25,m,medium,3600.0,false,819521.1,5824422.67,-23.913333333333327,
bb_a2a29456,28800.0,pt,56,m,low,900.0,false,825978.97,5823798.33,-23.913333333333334,
bb_8cbbcbc2,28800.0,pt,37,f,high,4600.0,false,808096.87,5808374.48,-21.61333333333333,
bb_d5986b97,28800.0,pt,77,f,low,3600.0,false,794649.39,5847170.41,-29.61333333333334,
bb_d8a2e583,28800.0,pt,60,f,high,4600.0,false,776674.8,5831557.59,-13.313333333333334,
bb_addb4b10,28800.0,pt,36,f,high,4600.0,false,775811.14,5814025.31,-14.813333333333334,
bb_7dc32353,28800.0,pt,28,m,high,3600.0,false,740018.27,5809150.17,-22.81333333333334,
bb_99226e51,28800.0,pt,17,f,very_high,5600.0,false,811541.95,5841289.67,-26.813333333333333,
bb_c5c3a24e,28800.0,pt,38,f,low,2000.0,true,756297.21,5808354.78,-24.21333333333334,
bb_cb04f134,28800.0,pt,72,f,medium,2000.0,false,771147.7,5806469.56,-14.813333333333334,
bb_45b59e48,28800.0,pt,52,f,low,3000.0,false,801316.02,5801396.83,-33.61333333333334,
bb_1918b256,28800.0,pt,2,f,very_low,1500.0,false,809037.17,5846142.0,-16.093333333333334,
bb_586b8c7e,28800.0,pt,29,m,medium,1500.0,false,817033.24,5796605.59,-41.61333333333333,
bb_56fa0179,28800.0,pt,65,m,very_low,900.0,true,811145.05,5846202.68,-16.093333333333334,
bb_8380be43,28800.0,pt,52,m,high,3600.0,false,785584.14,5779350.89,-21.513333333333332,
bb_4e3ad64f,28800.0,pt,82,f,medium,1500.0,true,806556.71,5843143.08,-16.093333333333337,
bb_79e1aa04,28800.0,pt,52,f,high,4600.0,false,818096.64,5824156.07,-26.943333333333335,
bb_6faba4a1,28800.0,pt,10,m,medium,3000.0,false,813216.11,5812765.33,-18.813333333333333,
bb_dc0a4640,28800.0,pt,46,f,very_high,5600.0,false,773751.69,5811536.88,-14.813333333333334,
bb_6f642ac5,28800.0,pt,48,f,high,3600.0,false,776153.11,5814293.43,-14.813333333333334,
bb_b70ea95b,28800.0,pt,10,f,high,4600.0,false,768187.37,5809073.13,-17.613333333333337,
bb_4f2eaacf,28800.0,pt,22,f,very_low,499.0,false,771021.23,5794800.5,-24.213333333333335,
bb_379fc86e,28800.0,pt,40,m,very_high,5600.0,false,810536.62,5847330.79,-22.813333333333336,
bb_a0a73017,28800.0,pt,36,f,high,4600.0,false,827790.18,5832274.02,-30.943333333333335,
bb_8de8cf3b,28800.0,pt,55,f,high,2600.0,false,799572.95,5809749.79,-14.813333333333334,
bb_b474a225,28800.0,pt,88,f,low,900.0,true,790983.22,5855379.56,-28.21333333333334,
bb_b30a2635,28800.0,pt,47,f,medium,2600.0,false,785597.76,5851161.71,-36.213333333333324,
bb_22910548,28800.0,pt,98,f,low,900.0,true,787004.46,5854298.56,-17.613333333333337,
bb_cb73a748,28800.0,pt,33,f,medium,3600.0,false,811372.06,5810994.1,-21.61333333333333,
bb_806d21b9,28800.0,pt,87,f,high,3600.0,true,808920.23,5846634.59,-22.813333333333333,
bb_33c7d1f3,28800.0,pt,73,f,medium,2000.0,false,802405.9,5802296.13,-29.613333333333326,
bb_612ac13f,28800.0,pt,39,m,very_low,1500.0,false,775475.24,5813192.51,-14.813333333333334,
bb_48dc97a3,28800.0,pt,24,m,medium,2000.0,false,820009.47,5834181.75,-30.943333333333335,
bb_5197ad12,28800.0,pt,38,m,medium,2600.0,false,776759.67,5805966.9,-12.213333333333335,
bb_3c0fc236,28800.0,pt,17,f,very_high,5600.0,false,787704.86,5803785.51,-21.513333333333335,
bb_965fd187,28800.0,pt,18,m,medium,3000.0,false,802161.28,5806316.01,-23.913333333333334,
bb_829b4e9d,28800.0,pt,98,m,low,900.0,true,787120.09,5800821.91,-21.513333333333335,
bb_ab143764,28800.0,pt,85,f,medium,2000.0,false,784023.81,5839027.24,-16.21333333333333,
bb_68164fc6,28800.0,pt,2,m,very_high,5600.0,false,812082.18,5810570.53,-21.61333333333333,
bb_7b6196a7,28800.0,pt,64,m,very_low,499.0,true,767346.78,5811282.07,-14.813333333333334,
bb_bce5e911,28800.0,pt,63,f,very_high,5600.0,true,812878.47,5810398.83,-29.613333333333337,
bb_96232e02,28800.0,pt,73,f,low,900.0,false,784159.32,5836725.82,-16.21333333333333,
bb_7c7f6977,28800.0,pt,54,f,high,2600.0,false,867604.18,5811719.34,-23.913333333333338,
bb_4ac20235,28800.0,pt,65,f,medium,2600.0,false,814046.78,5810470.49,-29.613333333333333,
bb_957cbba5,28800.0,pt,35,m,medium,2000.0,false,866581.62,5754800.9,-118.71333333333332,
bb_cf64cd39,28800.0,pt,58,f,low,1500.0,false,775917.47,5812705.81,-14.813333333333336,
bb_daf21dae,28800.0,pt,71,f,medium,1500.0,true,822855.84,5819730.45,-16.043333333333337,
bb_52369a18,28800.0,pt,48,m,high,4600.0,false,788246.62,5845221.78,-22.813333333333333,
bb_10f8810a,28800.0,pt,53,m,medium,3000.0,false,777450.54,5812992.37,-14.813333333333336,
bb_34e54c75,28800.0,pt,36,f,low,2000.0,false,789131.72,5858876.07,-36.21333333333333,
bb_6c462517,28800.0,pt,3,f,very_high,5600.0,false,791812.98,5813588.96,-13.613333333333335,
bb_5519b1ea,28800.0,pt,87,f,medium,2600.0,false,773502.71,5797123.65,-29.613333333333337,
bb_641c3c98,28800.0,pt,45,m,medium,2000.0,false,779811.02,5812171.25,-12.213333333333335,
bb_20a5a3eb,28800.0,pt,37,f,high,3600.0,false,772201.71,5853026.0,-24.21333333333334,
bb_8bc0707a,28800.0,pt,57,m,medium,2600.0,false,832623.89,5840413.14,-34.943333333333335,
bb_3f17b175,28800.0,pt,90,m,high,3600.0,false,804983.23,5792074.48,-33.61333333333334,
bb_a933b828,28800.0,pt,90,m,low,1500.0,false,815290.03,5800571.3,-17.61333333333334,
bb_37d1210d,28800.0,pt,22,f,very_low,2000.0,false,782593.77,5846256.93,-16.21333333333333,
bb_72ca67ba,28800.0,pt,74,f,medium,2000.0,false,789143.48,5803541.44,-13.613333333333339,
bb_3379f5f2,28800.0,pt,31,m,medium,2000.0,false,822749.93,5836276.44,-30.943333333333335,
bb_4329e73b,28800.0,pt,72,m,low,900.0,true,800726.69,5807605.23,-14.813333333333334,
bb_948918f5,28800.0,pt,47,m,high,4600.0,false,776066.22,5814033.6,-14.813333333333334,
bb_489a0212,28800.0,pt,92,m,medium,2600.0,true,769774.17,5808713.86,-17.613333333333337,
bb_d5cf112b,28800.0,pt,65,m,high,3600.0,false,823516.82,5833265.34,-22.943333333333335,
bb_a20883cf,28800.0,pt,5,m,medium,3000.0,false,769828.83,5813406.56,-17.613333333333337,
bb_497ffc52,28800.0,pt,61,f,low,900.0,false,784257.34,5839719.77,-16.21333333333333,
bb_449ffd28,28800.0,pt,30,m,low,2600.0,true,776460.28,5833779.43,-20.21333333333334,
bb_28f77de7,28800.0,pt,22,f,high,5600.0,false,811423.18,5814469.46,-18.813333333333336,
bb_b664ae79,28800.0,pt,70,m,high,3000.0,true,786404.61,5801525.13,-21.513333333333335,
bb_a2d5a71a,28800.0,pt,83,m,very_low,500.0,false,777828.68,5831182.19,-13.313333333333334,
bb_8665eb51,28800.0,pt,37,f,low,900.0,false,818111.17,5828345.0,-16.943333333333335,
bb_4086178f,28800.0,pt,27,f,medium,1500.0,false,798671.35,5868281.98,-41.61333333333334,
bb_2d810272,28800.0,pt,51,m,very_low,900.0,false,815494.22,5810398.16,-17.443333333333335,
bb_9814ca2b,28800.0,pt,56,m,high,3000.0,true,765890.8,5815604.56,-29.61333333333334,
bb_2f4d8657,28800.0,pt,2,f,high,3600.0,false,814495.66,5812026.89,-17.443333333333335,
bb_a963a1f9,28800.0,pt,12,m,medium,3000.0,false,809105.49,5860891.53,-38.81333333333333,
bb_819d44e1,28800.0,pt,70,f,medium,2000.0,false,785731.9,5811420.14,-17.613333333333337,
bb_158c395b,28800.0,pt,33,f,medium,3000.0,false,810002.15,5851978.31,-26.813333333333333,
bb_8d737076,28800.0,pt,18,f,medium,3600.0,false,788268.42,5815170.63,-17.066666666666666,
bb_7a2d4056,28800.0,pt,55,f,high,4600.0,false,825720.78,5823831.99,-23.913333333333334,
bb_cfbe40a0,28800.0,pt,7,f,medium,3600.0,false,782561.25,5850799.52,-24.213333333333335,
bb_0f789b48,28800.0,pt,95,f,low,900.0,false,809542.0,5844515.16,-26.813333333333333,
bb_54bd9a25,28800.0,pt,33,f,very_low,1500.0,false,782557.73,5845832.09,-20.213333333333335,
bb_0aa0a83f,28800.0,pt,43,m,low,1500.0,false,843653.31,5801234.56,-64.21333333333335,
bb_c1f44f87,28800.0,pt,48,f,high,3600.0,false,793741.51,5839774.14,-22.813333333333336,
bb_953a194a,28800.0,pt,43,f,low,900.0,false,779354.51,5814153.42,-15.726666666666665,
bb_b727b089,28800.0,pt,57,f,high,3600.0,false,777847.37,5811555.06,-14.813333333333333,
bb_35ed4066,28800.0,pt,9,f,high,4600.0,false,801376.19,5814154.58,-14.813333333333334,
bb_5d5789fe,28800.0,pt,85,m,medium,3000.0,false,805747.92,5840239.85,-17.913333333333334,
bb_2a4f1b03,28800.0,pt,55,f,high,4600.0,false,791998.45,5814665.69,-13.613333333333335,
bb_5877a773,28800.0,pt,45,f,very_high,5600.0,false,739612.64,5812668.55,-22.813333333333336,
bb_47458c22,28800.0,pt,31,m,medium,2000.0,false,807675.61,5862437.09,-38.813333333333325,
bb_b9b2ceb2,28800.0,pt,35,m,low,1500.0,false,780973.46,5809399.51,-17.613333333333337,
bb_05ecaaf2,28800.0,pt,36,f,high,3000.0,false,780044.33,5768169.44,-25.613333333333337,
bb_2262a8a3,28800.0,pt,48,f,very_low,900.0,false,786875.9,5851677.33,-17.913333333333334,
bb_0337e812,28800.0,pt,3,f,high,5600.0,false,774630.29,5804611.88,-17.613333333333333,
bb_7ebdc73c,28800.0,pt,72,m,low,1500.0,false,809846.38,5834875.2,-13.613333333333333,
bb_a1bda70f,28800.0,pt,33,f,medium,3600.0,false,771041.79,5814468.62,-17.613333333333337,
bb_ba7555b4,28800.0,pt,58,m,high,3000.0,false,773034.32,5811313.3,-14.813333333333334,
bb_37f56130,28800.0,pt,69,f,low,1500.0,false,811459.81,5846799.89,-22.813333333333336,
bb_02cb558c,28800.0,pt,40,m,very_low,500.0,false,766585.73,5828911.74,-16.113333333333337,
bb_913f49eb,28800.0,pt,6,f,medium,2000.0,false,774759.5,5812842.62,-14.813333333333334,
bb_d476e522,28800.0,pt,21,f,high,3600.0,false,773963.05,5803486.09,-17.613333333333333,
bb_04145f0e,28800.0,pt,56,f,medium,3000.0,false,774665.37,5831105.37,-13.313333333333334,
bb_a7e1585c,28800.0,pt,6,f,very_high,5600.0,false,765649.91,5812120.79,-17.613333333333344,
bb_67954bdf,28800.0,pt,85,f,low,900.0,true,813454.87,5809973.98,-29.613333333333333,
bb_1c633f8f,28800.0,pt,51,f,very_high,5600.0,false,806269.56,5776188.2,-25.613333333333333,
bb_3adf8560,28800.0,pt,20,m,low,2600.0,false,771080.32,5833974.38,-17.313333333333333,
bb_7af67b05,28800.0,pt,43,m,very_high,5600.0,false,818035.19,5804205.97,-22.51333333333334,
bb_1abe7502,28800.0,pt,27,f,medium,3000.0,false,775415.91,5815929.84,-14.813333333333334,
bb_daa84de0,28800.0,pt,54,f,medium,1500.0,false,859635.14,5813556.18,-23.913333333333338,
bb_b319ec43,28800.0,pt,48,m,medium,2600.0,false,788392.4,5845394.17,-28.213333333333335,
bb_12dee1ba,28800.0,pt,19,m,very_high,5600.0,false,775704.92,5813127.05,-14.813333333333334,
bb_2a933a3f,28800.0,pt,61,m,very_low,500.0,true,816744.35,5800569.98,-17.613333333333337,
bb_6e9a0ce0,28800.0,pt,35,m,medium,2600.0,false,762975.73,5835470.28,-17.313333333333336,
bb_92955c67,28800.0,pt,5,f,medium,3000.0,false,810244.77,5811025.29,-21.61333333333333,
bb_3f63f59a,28800.0,pt,16,m,high,3600.0,false,782120.89,5847379.72,-16.21333333333333,
bb_cd8d11f8,28800.0,pt,38,f,medium,3000.0,false,776650.85,5833222.91,-20.21333333333333,
bb_1e9b71af,28800.0,pt,65,m,medium,2600.0,false,773357.65,5814138.49,-17.613333333333337,
bb_47f124b7,28800.0,pt,10,f,medium,3000.0,false,778671.03,5832564.31,-17.313333333333333,
bb_2dfab436,28800.0,pt,11,f,very_low,1500.0,false,825406.97,5830347.4,-18.943333333333335,
bb_530c4448,28800.0,pt,31,m,very_high,5600.0,false,868741.82,5751250.08,-46.71333333333334,
bb_3c664ebf,28800.0,pt,31,m,medium,2600.0,false,779225.66,5810726.04,-17.613333333333337,
bb_59c5f0e5,28800.0,pt,32,m,medium,2600.0,false,751279.61,5813444.52,-29.613333333333333,
bb_8b1414ec,28800.0,pt,61,f,very_low,900.0,false,822002.61,5829304.3,-18.943333333333335,
bb_2d4eaaa9,28800.0,pt,70,m,medium,2000.0,false,806552.59,5846579.31,-22.813333333333333,
bb_7e49fadf,28800.0,pt,26,f,high,3600.0,false,808638.75,5845523.74,-16.09333333333333,
bb_4a313b81,28800.0,pt,59,m,very_high,5600.0,false,790346.06,5846385.07,-14.813333333333333,
bb_c86dc3ee,28800.0,pt,18,m,medium,3600.0,false,778566.64,5812898.14,-12.213333333333335,
bb_25f230c2,28800.0,pt,5,m,high,3600.0,false,823994.75,5823244.68,-28.21333333333334,
bb_429453a0,28800.0,pt,0,m,low,3000.0,false,795743.23,5844022.42,-18.48,
bb_64ec296a,28800.0,pt,72,f,low,900.0,false,799846.6,5806912.76,-25.613333333333333,
bb_50db22d2,28800.0,pt,68,m,medium,1500.0,false,815301.72,5801144.58,-17.61333333333334,
bb_b1bf8830,28800.0,pt,63,m,very_low,499.0,true,807552.85,5842342.0,-20.09333333333333,
bb_2549933a,28800.0,pt,61,f,very_low,500.0,false,789400.52,5858684.44,-36.213333333333324,
bb_0619ec7a,28800.0,pt,12,f,very_high,5600.0,false,814862.7,5806836.24,-17.61333333333334,
bb_8fd33e14,28800.0,pt,20,m,low,900.0,false,816713.2,5830219.95,-14.943333333333333,
bb_1886d2fc,28800.0,pt,70,f,low,1500.0,false,824260.85,5825283.82,-22.943333333333335,
bb_2cdb2217,28800.0,pt,66,f,low,900.0,false,819190.0,5803852.24,-22.513333333333335,
bb_7843cbe7,28800.0,pt,5,m,very_high,5600.0,false,782934.43,5845490.07,-24.213333333333335,
bb_4669bfbe,28800.0,pt,32,m,medium,1500.0,false,773771.96,5815056.21,-17.613333333333337,
bb_bfce84f8,28800.0,pt,72,f,very_high,5600.0,true,790369.89,5803013.49,-13.613333333333337,
bb_729cbb53,28800.0,pt,73,f,very_low,500.0,false,808651.9,5837286.24,-16.093333333333334,
bb_7843e745,28800.0,pt,18,f,medium,4600.0,false,888055.67,5748780.39,-34.71333333333334,
bb_ccd956bd,28800.0,pt,24,f,high,4600.0,false,806032.76,5814561.36,-17.613333333333337,
bb_c7bfa783,28800.0,pt,24,f,high,4600.0,false,774436.05,5812457.05,-14.813333333333334,
bb_9869037a,28800.0,pt,48,m,very_low,900.0,true,817824.82,5837674.84,-26.943333333333335,
bb_6b9dba69,28800.0,pt,74,f,medium,2000.0,false,788118.85,5793461.08,-21.51333333333333,
bb_a1680d51,28800.0,pt,36,f,medium,3600.0,false,793426.04,5810570.18,-18.813333333333336,
bb_034cd4da,28800.0,pt,24,f,medium,2000.0,false,775344.22,5813756.66,-14.813333333333334,
bb_5a8f3f64,28800.0,pt,59,m,medium,2000.0,false,773194.1,5836125.36,-94.46872790641382,
bb_a4fc82b8,28800.0,pt,10,m,very_low,900.0,false,793150.56,5809298.05,-18.813333333333333,
bb_2315b542,28800.0,pt,6,f,low,1500.0,false,822042.69,5829464.33,-18.94333333333333,
bb_164399e6,28800.0,pt,41,f,very_high,5600.0,false,785329.29,5851192.22,-36.213333333333324,
bb_8232e4b5,28800.0,pt,11,m,high,5600.0,false,772857.64,5815750.5,-17.613333333333337,
bb_c73e5032,28800.0,pt,17,m,low,1500.0,false,814555.07,5806418.98,-17.61333333333334,
bb_b1fc648c,28800.0,pt,52,f,very_low,500.0,true,766682.53,5810536.22,-17.61333333333334,
bb_384cc521,28800.0,pt,26,m,medium,3600.0,false,779351.59,5813763.02,-14.813333333333334,
bb_39236e34,28800.0,pt,42,m,very_low,1500.0,false,792490.48,5840373.49,-18.813333333333336,
bb_3e57aa25,28800.0,pt,47,f,high,3600.0,false,789618.92,5843865.28,-14.813333333333333,
bb_1bce7c7f,28800.0,pt,74,f,medium,2000.0,false,791512.89,5843463.36,-20.213333333333335,
bb_338d1a16,28800.0,pt,70,f,medium,2600.0,false,791519.43,5812948.62,-13.613333333333335,
bb_9bc29a11,28800.0,pt,74,m,medium,2000.0,false,769140.74,5819754.13,-17.613333333333333,
bb_1339bf3a,28800.0,pt,64,m,high,3600.0,false,825495.81,5823585.59,-23.913333333333334,
bb_2c36c16e,28800.0,pt,5,m,low,2000.0,false,781192.03,5804437.68,-17.613333333333333,
bb_3878f7e8,28800.0,pt,65,m,very_low,900.0,true,772537.51,5807286.92,-14.813333333333334,
bb_c3baba29,28800.0,pt,9,f,medium,3000.0,false,782047.5,5846678.56,-24.213333333333335,
bb_db588079,28800.0,pt,11,m,very_low,900.0,true,773817.3,5814863.68,-14.813333333333334,
bb_d6db86cb,28800.0,pt,40,m,very_low,900.0,false,800748.76,5855648.21,-22.813333333333336,
bb_0bb5093f,28800.0,pt,65,f,very_low,500.0,false,780917.98,5809913.91,-17.613333333333337,
bb_2559e9c2,28800.0,pt,40,m,medium,2000.0,false,779393.75,5812274.83,-14.813333333333334,
bb_143ffbb7,28800.0,pt,78,m,medium,2600.0,true,802034.44,5814838.97,-17.613333333333337,
bb_3cdd4238,28800.0,pt,58,f,low,1500.0,false,816063.53,5807403.83,-17.61333333333334,
bb_6dfa16dc,28800.0,pt,4,m,very_high,5600.0,false,822014.75,5831981.13,-34.943333333333335,
bb_0817f4ea,28800.0,pt,36,f,very_high,5600.0,false,814322.97,5803817.48,-17.613333333333337,
bb_88d67181,28800.0,pt,10,f,medium,3600.0,false,820998.64,5823296.23,-23.913333333333334,
bb_61b0da42,28800.0,pt,65,f,very_low,500.0,false,780565.57,5835370.25,-16.11333333333333,
bb_6d296103,28800.0,pt,12,f,very_low,900.0,false,782949.94,5845659.45,-24.213333333333335,
bb_af5bcfd4,28800.0,pt,59,f,very_high,5600.0,false,784133.09,5839739.41,-16.21333333333333,
bb_aae9685e,28800.0,pt,98,m,medium,2000.0,false,778360.25,5812944.51,-12.213333333333333,
bb_2ecc346b,28800.0,pt,57,m,medium,2600.0,false,816964.83,5797269.52,-29.613333333333333,
bb_04c8dbca,28800.0,pt,28,f,high,3600.0,false,778107.43,5809463.89,-17.613333333333337,
bb_0ab3e14d,28800.0,pt,56,f,low,1500.0,false,777909.31,5846326.73,-20.213333333333335,
bb_4f056b0e,28800.0,pt,20,f,low,2000.0,false,815808.65,5795945.26,-29.613333333333337,
bb_2d85543d,28800.0,pt,15,f,very_high,5600.0,false,823880.47,5828336.51,-22.943333333333335,
bb_ad648de9,28800.0,pt,17,m,medium,2600.0,false,775365.62,5813954.26,-14.813333333333334,
bb_33173f2a,28800.0,pt,84,m,very_high,5600.0,true,820559.15,5842377.79,-26.943333333333335,
bb_4f163a3a,28800.0,pt,52,m,high,3000.0,false,779060.49,5819711.49,-19.726666666666667,
bb_2c4359a6,28800.0,pt,5,m,very_high,5600.0,false,820529.76,5822640.72,-23.91333333333333,
bb_9ac85fd9,28800.0,pt,54,m,medium,3000.0,false,813118.28,5834954.96,-26.813333333333336,
bb_6cc81857,28800.0,pt,25,m,medium,2600.0,false,778898.22,5820479.69,-17.613333333333337,
bb_6ce28201,28800.0,pt,52,m,medium,2000.0,true,815306.95,5808890.42,-17.61333333333334,
bb_40ec2831,28800.0,pt,32,m,very_low,500.0,false,812449.32,5851547.71,-20.093333333333334,
bb_54808a8e,28800.0,pt,8,m,very_low,2000.0,false,786571.63,5851971.95,-24.21333333333334,
bb_18544386,28800.0,pt,62,m,high,3600.0,false,777296.06,5833515.37,-17.313333333333336,
bb_070f962e,28800.0,pt,62,f,medium,2000.0,false,788045.22,5815014.54,-16.213333333333335,
bb_b2e1e4a7,28800.0,pt,68,f,low,1500.0,false,818079.93,5857205.75,-86.81333333333333,
bb_cad87687,28800.0,pt,53,m,low,2000.0,false,820911.91,5823030.57,-23.913333333333334,
bb_060b604c,28800.0,pt,75,m,low,900.0,true,762324.61,5805132.87,-41.61333333333334,
bb_5cfe3d89,28800.0,pt,44,f,high,3600.0,false,778337.16,5809596.46,-17.613333333333337,
bb_a3c69bc0,28800.0,pt,19,m,very_low,2000.0,false,827814.31,5831362.81,-13.443333333333333,
bb_4631c66d,28800.0,pt,3,f,medium,3000.0,false,823073.92,5829119.26,-22.943333333333328,
bb_19ee6214,28800.0,pt,15,m,medium,2600.0,false,813929.31,5808634.32,-21.61333333333333,
bb_a3d4a8d8,28800.0,pt,47,f,very_low,500.0,false,821660.83,5822647.95,-23.91333333333333,
bb_498e70b3,28800.0,pt,63,f,high,3600.0,false,800791.23,5809168.83,-14.813333333333334,
bb_6b064a1c,28800.0,pt,29,m,high,3600.0,false,875489.67,5814086.28,-35.913333333333334,
bb_aa14dc16,28800.0,pt,50,m,high,3000.0,false,774881.47,5830327.68,-16.113333333333333,
bb_955c117a,28800.0,pt,72,f,medium,3000.0,false,776574.24,5811968.35,-12.213333333333335,
bb_47f12dd7,28800.0,pt,65,m,very_low,500.0,false,806077.69,5837428.88,-17.913333333333334,
bb_2d748fe5,28800.0,pt,58,f,medium,2000.0,false,775342.11,5803656.42,-17.613333333333333,
bb_6fd7c4c9,28800.0,pt,16,f,very_low,2000.0,false,789680.6,5844421.57,-14.813333333333334,
bb_91efa175,28800.0,pt,48,f,medium,3600.0,false,790277.36,5846518.29,-14.813333333333333,
bb_1c081170,28800.0,pt,87,f,medium,2600.0,true,771426.18,5795288.01,-24.21333333333333,
bb_8b86a99b,28800.0,pt,59,f,very_low,500.0,true,767588.63,5829562.54,-16.113333333333333,
bb_b53fb4e7,28800.0,pt,69,m,medium,2000.0,true,823311.07,5817794.22,-20.043333333333337,
bb_97c59e79,28800.0,pt,38,m,medium,2600.0,false,818049.89,5828788.66,-16.94333333333333,
bb_d44b5b34,28800.0,pt,25,m,medium,2000.0,false,780921.8,5811431.18,-12.213333333333335,
bb_054c0ab7,28800.0,pt,22,m,low,2000.0,false,779626.68,5807753.33,-17.613333333333337,
bb_1af3a2ed,28800.0,pt,65,f,high,3600.0,false,821051.56,5834417.18,-30.943333333333335,
bb_7e527304,28800.0,pt,52,f,medium,2600.0,false,786749.85,5844676.03,-28.213333333333335,
bb_3766edc6,28800.0,pt,90,f,low,499.0,true,792626.18,5844573.84,-16.213333333333335,
bb_c8617c47,28800.0,pt,44,m,high,3600.0,false,866568.42,5751120.81,-46.71333333333334,
bb_744bde36,28800.0,pt,91,f,low,900.0,true,795964.32,5851010.38,-19.68,
bb_992893a4,28800.0,pt,52,f,very_high,5600.0,false,776120.05,5833773.75,-20.21333333333333,
bb_a3fce96e,28800.0,pt,36,f,medium,3000.0,false,870713.3,5753212.44,-34.71333333333334,
bb_a0ded37d,28800.0,pt,48,f,medium,3000.0,false,750108.56,5867768.03,-36.21333333333333,
bb_53f71500,28800.0,pt,37,m,high,4600.0,false,809792.68,5845838.86,-16.093333333333334,
bb_5b609a5c,28800.0,pt,48,f,high,3600.0,false,774889.02,5829050.95,-13.313333333333334,
bb_c690c611,28800.0,pt,66,f,medium,1500.0,false,780250.96,5847685.04,-16.21333333333333,
bb_16881900,28800.0,pt,98,m,very_low,900.0,true,793314.9,5810369.39,-18.813333333333336,
bb_465832a8,28800.0,pt,10,m,medium,2600.0,false,785848.51,5852401.6,-24.21333333333334,
bb_15800938,28800.0,pt,48,m,very_high,5600.0,false,818603.56,5827698.51,-16.943333333333335,
bb_4bfb183a,28800.0,pt,93,f,medium,2000.0,false,820547.03,5803826.43,-22.513333333333335,
bb_cc655c54,28800.0,pt,39,m,low,2000.0,false,832425.29,5815644.66,-71.91333333333331,
bb_3e21b8e6,28800.0,pt,68,f,medium,2000.0,false,779106.31,5812788.96,-14.813333333333333,
bb_1cbd3fba,28800.0,pt,50,f,medium,2000.0,false,769287.8,5769352.21,-81.61333333333333,
bb_129e4fb9,28800.0,pt,11,m,low,2000.0,false,779438.42,5813460.34,-14.813333333333334,
bb_6657600b,28800.0,pt,19,m,medium,2600.0,false,827494.36,5769278.03,-29.613333333333326,
bb_01bd1cac,28800.0,pt,17,f,high,4600.0,false,791643.04,5813122.4,-13.613333333333335,
bb_678f5e2c,28800.0,pt,19,m,high,3600.0,false,801657.0,5810510.2,-14.813333333333334,
bb_ae85d58b,28800.0,pt,64,m,high,4600.0,false,814014.64,5830440.11,-18.656666666666666,
bb_3d16cb51,28800.0,pt,31,m,low,900.0,false,769733.16,5813904.48,-17.613333333333337,
bb_7db30157,28800.0,pt,68,m,medium,2600.0,false,810826.62,5846136.77,-16.093333333333334,
bb_a729004b,28800.0,pt,22,m,medium,3000.0,false,802304.32,5810063.0,-18.813333333333336,
bb_3f2c1f67,28800.0,pt,33,m,very_low,900.0,false,782380.35,5845506.25,-16.21333333333333,
bb_986c4e3c,28800.0,pt,54,m,low,2600.0,false,825585.51,5823335.38,-26.943333333333335,
bb_125dca34,28800.0,pt,62,m,high,3600.0,false,781146.97,5811338.51,-12.213333333333333,
bb_c1462a56,28800.0,pt,56,m,very_low,900.0,false,773610.11,5811896.26,-14.813333333333334,
bb_1da1e908,28800.0,pt,57,m,medium,2000.0,true,814590.39,5830916.37,-18.656666666666666,
bb_201683f8,28800.0,pt,70,f,medium,2600.0,true,756693.72,5836676.43,-32.11333333333333,
bb_0a95c3cd,28800.0,pt,77,m,medium,3000.0,true,813314.23,5838758.09,-26.943333333333335,
bb_10999936,28800.0,pt,38,m,medium,2600.0,false,781155.35,5810985.35,-14.813333333333334,
bb_b0765b5c,28800.0,pt,42,m,low,2000.0,false,819469.15,5832996.77,-18.943333333333335,
bb_d4dcdded,28800.0,pt,19,f,very_low,2000.0,false,795216.66,5841257.68,-19.68,
bb_5f28004e,28800.0,pt,54,m,high,3600.0,false,774267.21,5817558.0,-17.61333333333334,
bb_d09ef3eb,28800.0,pt,62,m,medium,3000.0,false,793100.34,5814283.03,-13.613333333333337,
bb_46773186,28800.0,pt,44,f,medium,1500.0,false,843989.99,5835677.54,-24.513333333333332,
bb_6bb56c73,28800.0,pt,97,m,low,900.0,true,767691.29,5804268.78,-17.613333333333337,
bb_d10038e0,28800.0,pt,0,m,very_high,5600.0,false,816571.93,5841381.6,-26.943333333333335,
bb_5d64ba27,28800.0,pt,76,f,low,1500.0,true,816199.5,5829790.67,-18.943333333333335,
bb_d306a463,28800.0,pt,39,m,very_low,499.0,false,782181.89,5844786.61,-16.213333333333335,
bb_79437460,28800.0,pt,94,f,medium,2000.0,false,818437.81,5811161.81,-22.513333333333335,
bb_2dadf96f,28800.0,pt,7,m,medium,2600.0,false,786106.71,5853494.04,-17.613333333333337,
bb_c79089bb,28800.0,pt,37,m,very_low,499.0,false,767262.43,5825887.91,-29.613333333333337,
bb_13313f8e,28800.0,pt,78,m,medium,2000.0,false,779497.67,5807618.25,-17.613333333333337,
bb_b97ef01b,28800.0,pt,17,f,medium,2600.0,false,774413.32,5831116.53,-13.313333333333334,
bb_89a669a2,28800.0,pt,13,f,medium,3000.0,false,809445.2,5846089.24,-16.093333333333334,
bb_af713151,28800.0,pt,36,m,high,3600.0,false,844391.36,5813711.74,-16.213333333333335,
bb_1c28ab7e,28800.0,pt,0,m,medium,3600.0,false,776799.49,5833223.55,-20.21333333333333,
bb_7c7b41f4,28800.0,pt,49,m,very_low,1500.0,false,780215.24,5812637.28,-12.213333333333335,
bb_86eacbc5,28800.0,pt,5,m,medium,3600.0,false,809898.99,5849004.77,-26.813333333333333,
bb_07a3f685,28800.0,pt,57,m,medium,3000.0,false,793230.45,5810509.86,-18.813333333333336,
bb_6d5a27ae,28800.0,pt,35,f,very_high,5600.0,false,782254.31,5795138.54,-37.61333333333333,
bb_85da307b,28800.0,pt,56,f,high,5600.0,false,814056.94,5825102.24,-17.613333333333333,
bb_7c44d33c,28800.0,pt,91,f,very_high,5600.0,false,778252.13,5812903.31,-12.213333333333335,
bb_08071708,28800.0,pt,49,m,high,3600.0,false,809288.2,5808239.03,-21.613333333333333,
bb_8bf51007,28800.0,pt,53,f,very_high,5600.0,false,773652.53,5811791.0,-14.813333333333334,
bb_3c0a8c28,28800.0,pt,57,m,very_high,5600.0,false,753686.51,5805144.63,-24.21333333333334,
bb_5d7f079b,28800.0,pt,68,f,high,2600.0,false,805759.4,5791547.62,-41.61333333333332,
bb_be2129d3,28800.0,pt,57,m,very_high,5600.0,false,820087.13,5834141.48,-30.943333333333335,
bb_5b83384f,28800.0,pt,71,f,low,900.0,true,806379.68,5813681.29,-17.613333333333337,
bb_9a10078d,28800.0,pt,17,f,high,3600.0,false,808137.87,5814568.94,-16.21333333333333,
bb_db1dc41e,28800.0,pt,76,f,low,1500.0,false,780208.43,5813095.18,-12.213333333333335,
bb_ae21c920,28800.0,pt,7,f,high,4600.0,false,807353.98,5844375.72,-16.093333333333334,
bb_09a1e6d4,28800.0,pt,71,m,medium,2000.0,false,731869.84,5812937.83,-38.813333333333325,
bb_59a6ac21,28800.0,pt,48,f,high,4600.0,false,806734.87,5846294.02,-20.093333333333334,
bb_6ee833d3,28800.0,pt,67,f,medium,1500.0,false,792045.89,5815028.15,-13.613333333333337,
bb_909cca6e,28800.0,pt,52,f,low,1500.0,false,824192.51,5825433.05,-22.943333333333335,
bb_0220a496,28800.0,pt,42,m,high,4600.0,false,877896.29,5813469.98,-20.213333333333342,
bb_d2077ae2,28800.0,pt,35,m,high,4600.0,false,762817.37,5836681.51,-17.313333333333333,
bb_d747e423,28800.0,pt,10,m,medium,3600.0,false,813842.35,5830761.82,-16.943333333333335,
bb_1d8a1713,28800.0,pt,68,m,medium,1500.0,false,815808.6,5808996.19,-17.61333333333334,
bb_ac00ef09,28800.0,pt,43,m,low,900.0,false,789632.63,5844495.18,-14.813333333333334,
bb_00d3f7b2,28800.0,pt,80,m,medium,2600.0,false,788252.54,5814952.0,-16.213333333333335,
bb_3a6c68b7,28800.0,pt,54,m,high,3000.0,false,825776.02,5831166.64,-22.943333333333335,
bb_98b39cfc,28800.0,pt,26,f,very_low,900.0,false,788000.06,5793540.16,-13.613333333333335,
bb_93378b1a,28800.0,pt,87,f,medium,2000.0,false,800016.16,5807880.31,-14.813333333333334,
bb_108f12e9,28800.0,pt,52,m,low,1500.0,false,797043.27,5850464.85,-29.613333333333337,
bb_5d793cf6,28800.0,pt,62,f,very_low,900.0,false,821768.95,5804025.35,-22.51333333333334,
bb_300b4ceb,28800.0,pt,19,f,medium,3000.0,false,800173.83,5806714.75,-25.61333333333334,
bb_a64cef68,28800.0,pt,10,m,medium,2000.0,false,810065.9,5851739.88,-26.813333333333333,
bb_2f1b57df,28800.0,pt,56,f,high,3000.0,true,787913.55,5848246.23,-24.213333333333335,
bb_7f356889,28800.0,pt,52,f,low,900.0,true,799357.73,5807931.27,-25.613333333333337,
bb_c4aefdc6,28800.0,pt,48,m,high,4600.0,false,760352.93,5818606.79,-102.51333333333332,
bb_73b650e7,28800.0,pt,43,m,medium,3000.0,false,819707.78,5828663.17,-18.943333333333335,
bb_c1de6663,28800.0,pt,8,f,medium,3600.0,false,820009.79,5833994.53,-30.943333333333335,
bb_4883c5a3,28800.0,pt,43,m,medium,3600.0,false,777534.7,5812619.31,-14.813333333333336,
bb_44fd02a4,28800.0,pt,73,m,medium,3000.0,true,816381.09,5828482.65,-14.943333333333335,
bb_9f2cee2d,28800.0,pt,63,m,medium,3000.0,false,758051.77,5841612.24,-47.71333333333334,
bb_bd486339,28800.0,pt,58,f,low,900.0,false,776688.28,5830450.23,-13.313333333333333,
bb_7bb8b1cb,28800.0,pt,38,f,low,1500.0,false,795752.37,5844995.23,-19.68,
bb_34963e08,28800.0,pt,80,m,medium,2000.0,false,787672.69,5859321.22,-36.213333333333324,
bb_bcf672ee,28800.0,pt,71,f,very_low,900.0,false,787502.98,5814777.94,-16.213333333333335,
bb_c714b5ae,28800.0,pt,58,f,high,3600.0,true,777874.39,5810835.02,-14.813333333333334,
bb_95ec1c11,28800.0,pt,13,m,very_low,500.0,false,789380.1,5803604.84,-13.613333333333337,
bb_c0cf5cc0,28800.0,pt,41,f,high,4600.0,false,788708.14,5849155.86,-14.813333333333333,
bb_704bd0c1,28800.0,pt,55,m,high,3000.0,false,787138.3,5801236.8,-21.513333333333335,
bb_69dcc87a,28800.0,pt,89,f,low,1500.0,true,818671.82,5803521.29,-22.51333333333334,
bb_1599a6f7,28800.0,pt,36,f,medium,1500.0,false,788948.36,5844015.98,-14.813333333333333,
bb_030ee344,28800.0,pt,54,f,high,4600.0,false,769355.22,5849414.75,-48.21333333333333,
bb_be3b2927,28800.0,pt,70,m,medium,2000.0,false,808175.72,5837428.62,-16.093333333333334,
bb_354bafe1,28800.0,pt,22,f,low,2000.0,true,788084.94,5857614.43,-36.213333333333324,
bb_9540133a,28800.0,pt,52,m,high,3600.0,false,814029.6,5803794.04,-22.71333333333333,
bb_4fb3a314,28800.0,pt,58,m,high,4600.0,false,787020.89,5800966.3,-21.513333333333335,
bb_ab6ae0df,28800.0,pt,4,f,high,4600.0,false,786986.66,5800736.2,-21.513333333333332,
bb_8f8076d5,28800.0,pt,37,m,high,4600.0,false,857335.07,5792523.95,-41.61333333333335,
bb_53b059da,28800.0,pt,64,f,low,1500.0,false,812901.12,5851582.86,-20.093333333333334,
bb_bc81abe5,28800.0,pt,46,f,very_low,900.0,false,784172.46,5840625.55,-16.21333333333333,
bb_2dd33e6e,28800.0,pt,44,m,high,3600.0,false,863819.63,5754384.35,-46.71333333333334,
bb_98653c95,28800.0,pt,52,f,high,4600.0,false,779797.36,5842886.75,-24.21333333333334,
bb_0ad93d38,28800.0,pt,46,f,high,4600.0,false,767925.12,5843661.13,-32.11333333333333,
bb_979c7633,28800.0,pt,65,f,medium,2000.0,false,814415.1,5809019.65,-21.61333333333333,
bb_c711fdc7,28800.0,pt,40,f,very_high,5600.0,false,779159.0,5812514.13,-12.213333333333335,
bb_71c0c962,28800.0,pt,50,f,medium,2000.0,true,819170.82,5824132.71,-23.91333333333333,
bb_7741339d,28800.0,pt,30,f,medium,2000.0,false,776137.65,5789856.11,-36.21333333333333,
bb_bda6c734,28800.0,pt,40,f,medium,3000.0,false,762262.12,5836440.03,-20.21333333333334,
bb_40c3273b,28800.0,pt,42,f,medium,3000.0,false,809687.93,5844496.56,-26.813333333333333,
bb_2a40f179,28800.0,pt,85,f,medium,1500.0,true,777965.74,5812785.09,-14.813333333333334,
bb_1436f134,28800.0,pt,35,m,high,3000.0,false,810787.66,5845607.43,-16.093333333333334,
bb_c87e0853,28800.0,pt,18,f,high,5600.0,false,782078.23,5845801.28,-16.21333333333333,
bb_229167ee,28800.0,pt,18,m,low,2000.0,true,805698.46,5840100.71,-20.093333333333334,
bb_b2ff2cde,28800.0,pt,29,m,medium,3000.0,false,747171.48,5824352.26,-29.613333333333326,
bb_a7f5d9c0,28800.0,pt,0,m,very_low,1500.0,false,770992.23,5794800.83,-24.213333333333335,
bb_9c707c48,28800.0,pt,0,f,high,4600.0,false,787764.12,5844553.07,-22.81333333333333,
bb_6f7bdf4d,28800.0,pt,73,f,high,2600.0,false,794415.13,5839905.39,-22.813333333333336,
bb_6a4499ed,28800.0,pt,40,f,very_low,499.0,false,815495.7,5808939.71,-17.61333333333334,
bb_76b9b359,28800.0,pt,57,f,high,3600.0,false,758430.43,5807313.53,-29.613333333333337,
bb_a597bbd6,28800.0,pt,65,f,high,3000.0,true,786358.73,5852734.08,-17.613333333333337,
bb_9b7bf816,28800.0,pt,42,f,high,4600.0,false,783742.01,5848335.83,-36.213333333333324,
bb_b8d32a83,28800.0,pt,89,m,medium,1500.0,false,770418.01,5835220.24,-24.21333333333333,
bb_72d9e2f2,28800.0,pt,17,m,high,5600.0,false,783066.56,5796118.08,-37.61333333333332,
bb_06e4a4f4,28800.0,pt,40,m,very_high,5600.0,false,779534.59,5812113.53,-12.213333333333335,
bb_bc80b632,28800.0,pt,40,f,very_high,5600.0,false,785975.11,5813629.74,-14.813333333333333,
bb_865f7e02,28800.0,pt,23,f,medium,1500.0,false,794330.65,5840053.08,-22.813333333333336,
bb_1cab869b,28800.0,pt,27,f,medium,2600.0,false,807912.21,5808335.3,-21.613333333333326,
bb_35add4f1,28800.0,pt,35,m,medium,3600.0,false,820587.94,5815693.12,-23.913333333333334,
bb_79937410,28800.0,pt,44,m,medium,2000.0,false,796277.94,5844103.43,-18.48,
bb_d6bdea12,28800.0,pt,52,f,high,3600.0,false,769376.76,5819738.5,-17.613333333333337,
bb_8d17117d,28800.0,pt,14,m,high,3600.0,false,814326.76,5806603.74,-17.613333333333337,
bb_56d10a53,28800.0,pt,52,m,high,3600.0,true,778858.3,5825549.59,-21.613333333333326,
bb_a5e346a8,28800.0,pt,74,f,medium,3000.0,false,825514.12,5755443.1,-34.71333333333334,
bb_d2cfc998,28800.0,pt,55,f,high,3000.0,false,785778.24,5813473.42,-14.813333333333334,
bb_93e7c334,28800.0,pt,72,f,low,1500.0,false,783566.21,5841169.08,-20.213333333333335,
bb_2aa3a554,28800.0,pt,22,m,medium,2000.0,false,820820.73,5864145.37,-21.613333333333337,
bb_a00c5317,28800.0,pt,68,m,low,900.0,false,755166.13,5828197.32,-23.713333333333335,
bb_7b0a8542,28800.0,pt,54,m,medium,2000.0,false,781323.58,5811756.15,-14.813333333333333,
bb_4962df9b,28800.0,pt,73,m,medium,3000.0,false,773842.2,5831142.53,-16.113333333333333,
bb_19c1204f,28800.0,pt,72,m,low,1500.0,false,785498.26,5851220.99,-36.213333333333324,
bb_84faa1a3,28800.0,pt,97,m,medium,1500.0,true,804710.73,5800955.62,-35.913333333333334,
bb_58997ff1,28800.0,pt,55,f,high,3000.0,false,771066.1,5832958.0,-13.313333333333333,
bb_384b6fc4,28800.0,pt,72,f,very_low,900.0,false,768305.18,5783119.43,-29.61333333333334,
bb_4fe8fac3,28800.0,pt,33,f,high,4600.0,false,824440.48,5869051.61,-21.613333333333333,
bb_54525131,28800.0,pt,64,m,high,3600.0,false,761260.92,5825186.87,-23.713333333333335,
bb_72e12ec2,28800.0,pt,36,m,low,2000.0,false,773603.47,5815535.78,-17.613333333333337,
bb_728070c7,28800.0,pt,25,m,medium,2000.0,false,810401.33,5851802.4,-26.81333333333333,
bb_82857b3a,28800.0,pt,44,m,low,2000.0,true,778598.06,5821234.41,-17.613333333333344,
bb_957c3e60,28800.0,pt,47,f,very_low,900.0,true,776927.78,5814233.72,-14.813333333333334,
bb_d7e47a29,28800.0,pt,38,m,very_low,499.0,false,765606.61,5808411.75,-17.613333333333337,
bb_6e65bed5,28800.0,pt,7,f,high,3600.0,false,780732.99,5811301.0,-12.213333333333336,
bb_08a42cd3,28800.0,pt,31,f,medium,3000.0,false,801508.86,5802584.05,-29.61333333333333,
bb_949a0323,28800.0,pt,37,m,medium,2000.0,false,814401.4,5830313.84,-18.656666666666666,
bb_835a856c,28800.0,pt,65,f,very_low,500.0,false,778064.07,5810052.91,-17.61333333333334,
bb_75227960,28800.0,pt,69,m,high,3600.0,true,820195.23,5815103.29,-23.913333333333334,
bb_14279928,28800.0,pt,15,m,low,2000.0,false,801108.5,5812885.71,-14.813333333333334,
bb_d0bee76a,28800.0,pt,55,m,very_low,500.0,true,788853.88,5843176.41,-20.213333333333335,
bb_8e3bf240,28800.0,pt,84,f,low,1500.0,true,805499.25,5841012.43,-17.913333333333334,
bb_3e450d9d,28800.0,pt,2,f,medium,2600.0,false,815261.18,5807365.86,-17.61333333333334,
bb_31b5082a,28800.0,pt,58,f,medium,3000.0,false,766098.98,5844705.15,-32.11333333333333,
bb_7f5982f7,28800.0,pt,50,f,medium,2600.0,false,799385.7,5805874.29,-25.613333333333337,
bb_288f9dec,28800.0,pt,94,m,medium,2600.0,true,788202.25,5813081.24,-13.613333333333335,
bb_d2703342,28800.0,pt,50,m,high,3600.0,false,773033.61,5811925.0,-14.813333333333334,
bb_96e15099,28800.0,pt,42,f,very_low,1500.0,false,823737.84,5864007.53,-21.613333333333337,
bb_3294b95e,28800.0,pt,25,m,medium,2600.0,false,806295.74,5845179.53,-20.093333333333334,
bb_bba8f3c7,28800.0,pt,54,m,high,3000.0,false,775453.7,5833688.29,-20.213333333333335,
bb_89849eb7,28800.0,pt,37,f,low,1500.0,false,813449.45,5804367.46,-22.71333333333333,
bb_00dd26ad,28800.0,pt,55,m,very_low,500.0,false,820337.96,5834416.84,-18.943333333333335,
bb_603903df,28800.0,pt,93,m,high,3600.0,false,822043.57,5822842.15,-23.913333333333334,
bb_0b0e8a19,28800.0,pt,73,f,low,1500.0,false,811931.72,5794141.81,-29.613333333333333,
bb_85b9653d,28800.0,pt,57,f,high,3000.0,false,823397.83,5803510.48,-22.713333333333335,
bb_b71b08e7,28800.0,pt,27,f,low,2000.0,true,805899.31,5840391.38,-17.913333333333334,
bb_260831b1,28800.0,pt,5,m,very_low,1500.0,false,814584.54,5830913.04,-18.65666666666667,
bb_c7c8cf47,28800.0,pt,1,m,low,2000.0,false,818163.38,5823535.15,-23.913333333333334,
bb_0bed9de8,28800.0,pt,51,f,very_low,2600.0,false,783658.79,5840368.89,-16.21333333333333,
bb_8621a601,28800.0,pt,2,f,medium,3000.0,false,764205.01,5799362.71,-24.21333333333333,
bb_1b1fd0ec,28800.0,pt,37,f,very_low,1500.0,false,826084.91,5823918.42,-23.913333333333334,
bb_1d6f7a30,28800.0,pt,52,m,low,1500.0,false,804526.44,5810658.38,-20.043333333333337,
bb_9705876e,28800.0,pt,25,f,low,900.0,false,778626.13,5813108.39,-14.813333333333334,
bb_d47bcbad,28800.0,pt,41,m,high,3000.0,false,810036.11,5810901.24,-21.61333333333333,
bb_25cd1e4b,28800.0,pt,37,m,very_low,900.0,false,787604.32,5791723.95,-98.31333333333335,
bb_07320d0d,28800.0,pt,79,f,very_low,500.0,false,772701.43,5816040.21,-17.613333333333337,
bb_d6e2bc9c,28800.0,pt,28,f,medium,2000.0,false,873450.62,5834971.27,-71.91333333333333,
bb_cb477c91,28800.0,pt,37,f,low,2000.0,false,770231.23,5808820.61,-14.813333333333334,
bb_bbf2e07c,28800.0,pt,65,f,very_high,5600.0,true,824421.41,5824263.63,-22.943333333333335,
bb_d0ebdcee,28800.0,pt,3,m,very_low,1500.0,false,781970.61,5795915.83,-37.61333333333332,
bb_3d05ea6d,28800.0,pt,15,m,low,2000.0,false,784411.24,5840170.72,-12.213333333333331,
bb_32fe8966,28800.0,pt,37,m,high,3600.0,false,778697.22,5810078.45,-17.613333333333337,
bb_bf27d699,28800.0,pt,48,f,high,3000.0,false,824887.11,5829566.58,-18.943333333333335,
bb_6adda224,28800.0,pt,67,f,medium,2000.0,false,788202.03,5848054.73,-24.213333333333335,
bb_c475c775,28800.0,pt,42,f,medium,1500.0,false,774977.49,5830915.22,-16.113333333333337,
bb_8ebf2995,28800.0,pt,63,m,low,900.0,true,799000.5,5803325.54,-25.613333333333337,
bb_70c59412,28800.0,pt,73,f,low,1500.0,false,813980.94,5812348.92,-13.613333333333337,
bb_b7aa4ea8,28800.0,pt,58,m,medium,1500.0,false,769345.63,5808915.89,-17.613333333333337,
bb_2bed54c9,28800.0,pt,63,m,high,3600.0,false,766100.31,5811881.69,-14.813333333333334,
bb_30bd04c8,28800.0,pt,57,f,very_low,500.0,true,762987.21,5810635.23,-17.613333333333337,
bb_0b968952,28800.0,pt,2,m,very_low,1500.0,false,788745.99,5804529.9,-13.613333333333337,
bb_55f8903a,28800.0,pt,56,m,low,1500.0,false,796605.52,5851177.19,-29.613333333333333,
bb_ca6f9304,28800.0,pt,8,f,high,3600.0,false,790291.18,5802820.29,-13.613333333333337,
bb_0660f3cf,28800.0,pt,8,f,medium,3600.0,false,799485.41,5807777.21,-25.613333333333337,
bb_123d0f73,28800.0,pt,61,m,high,3000.0,false,773038.57,5811909.84,-14.813333333333334,
bb_0b690dd8,28800.0,pt,64,m,medium,3000.0,false,823276.6,5863992.07,-21.613333333333333,
bb_61345e34,28800.0,pt,27,f,high,3600.0,false,806440.72,5837475.47,-17.913333333333334,
bb_305aa2f5,28800.0,pt,3,m,high,4600.0,false,758366.44,5807913.6,-29.61333333333334,
bb_20ad07df,28800.0,pt,13,f,very_low,900.0,false,782160.9,5847032.8,-16.21333333333333,
bb_4f4c07d9,28800.0,pt,53,f,medium,2000.0,false,773684.68,5803536.03,-24.213333333333335,
bb_d1623dd1,28800.0,pt,30,f,very_low,900.0,true,804655.63,5793179.03,-33.61333333333334,
bb_a2e6c25e,28800.0,pt,43,f,very_low,499.0,false,781626.09,5847458.74,-16.21333333333333,
bb_554ae84c,28800.0,pt,65,m,high,3000.0,true,801771.14,5853263.74,-22.813333333333333,
bb_400285ba,28800.0,pt,42,f,medium,2600.0,true,774825.39,5812230.87,-14.813333333333334,
bb_cf2cd58a,28800.0,pt,30,m,medium,2000.0,false,780156.74,5807527.88,-17.613333333333333,
bb_465c62f4,28800.0,pt,40,m,medium,3000.0,false,783897.18,5840535.81,-16.21333333333333,
bb_22bcf1b9,28800.0,pt,84,m,medium,2000.0,true,814336.34,5811778.82,-17.443333333333335,
bb_02434f4d,28800.0,pt,19,f,medium,4600.0,true,777515.94,5831452.83,-11.713333333333335,
bb_a1e8e4fa,28800.0,pt,30,m,high,5600.0,false,822969.86,5817437.77,-23.913333333333334,
bb_65ecb60b,28800.0,pt,95,m,low,1500.0,false,784812.76,5840528.36,-14.813333333333334,
bb_634624d5,28800.0,pt,6,f,high,4600.0,false,796145.5,5851271.92,-19.68,
bb_07a92780,28800.0,pt,4,m,very_low,900.0,false,785304.89,5854941.6,-84.21333333333334,
bb_cd81294d,28800.0,pt,8,f,medium,3000.0,false,789125.6,5846855.24,-16.213333333333335,
bb_714e07b1,28800.0,pt,8,f,medium,3000.0,false,780726.57,5811311.95,-12.213333333333335,
bb_a35036e9,28800.0,pt,86,m,medium,2000.0,false,769621.77,5813838.89,-17.613333333333337,
bb_088000fa,28800.0,pt,7,m,very_low,1500.0,false,770431.71,5795597.48,-24.213333333333335,
bb_54e815ef,28800.0,pt,56,f,medium,2600.0,false,791933.36,5815486.34,-13.613333333333335,
bb_34aa5436,28800.0,pt,9,m,medium,2600.0,false,779305.82,5821582.2,-19.726666666666663,
bb_a92cd859,28800.0,pt,0,m,very_high,5600.0,false,795296.12,5839945.88,-22.813333333333333,
bb_78b7623a,28800.0,pt,55,m,high,4600.0,false,779686.35,5832718.8,-23.713333333333335,
bb_27c33a13,28800.0,pt,21,m,low,3000.0,false,855452.62,5734243.54,-58.71333333333335,
bb_96e90ab0,28800.0,pt,94,f,very_high,5600.0,true,815208.36,5807738.49,-21.61333333333333,
bb_a547b198,28800.0,pt,48,m,high,3000.0,false,811091.52,5814429.44,-18.81333333333334,
bb_14a62da5,28800.0,pt,39,m,very_high,5600.0,false,778785.7,5820066.2,-19.726666666666667,
bb_19570a0a,28800.0,pt,10,f,medium,4600.0,false,814910.7,5809685.35,-13.613333333333335,
bb_936b3718,28800.0,pt,35,f,medium,3000.0,false,830885.09,5832314.88,-22.943333333333328,
bb_56510c91,28800.0,pt,26,m,high,3600.0,false,845795.33,5814264.22,-20.213333333333335,
bb_a1bf9596,28800.0,pt,11,m,medium,2600.0,false,823527.74,5816943.98,-23.913333333333334,
bb_56459798,28800.0,pt,44,m,medium,2600.0,false,827559.52,5734444.86,-41.613333333333344,
bb_b38042dd,28800.0,pt,73,f,medium,1500.0,true,802638.08,5808701.78,-18.813333333333336,
bb_2647dab7,28800.0,pt,30,m,medium,3000.0,false,774613.06,5829489.33,-13.313333333333334,
bb_42a1f911,28800.0,pt,67,f,low,1500.0,false,792996.77,5796539.01,-33.61333333333334,
bb_bad327a3,28800.0,pt,59,f,very_high,5600.0,true,766804.5,5812396.63,-14.813333333333334,
bb_a986e259,28800.0,pt,57,f,very_low,500.0,true,765883.18,5813911.29,-17.61333333333334,
bb_237dc53d,28800.0,pt,55,m,very_low,900.0,true,815239.0,5810176.06,-13.613333333333335,
bb_082d2e9b,28800.0,pt,10,m,high,4600.0,false,779259.18,5814423.39,-17.613333333333337,
bb_7a2a28f3,28800.0,pt,85,f,medium,2600.0,false,792914.7,5808578.43,-18.813333333333336,
bb_519665d6,28800.0,pt,44,f,high,4600.0,false,825634.36,5830267.03,-18.943333333333335,
bb_16ef78f5,28800.0,pt,36,f,high,5600.0,false,810585.19,5814094.96,-18.813333333333336,
bb_02dd221d,28800.0,pt,52,f,very_high,5600.0,false,770501.79,5832733.53,-17.313333333333333,
bb_caf59f1d,28800.0,pt,50,m,medium,3000.0,false,812387.81,5838316.68,-13.613333333333335,
bb_23716ed8,28800.0,pt,46,f,high,4600.0,false,792617.72,5840730.15,-22.88333333333333,
bb_daad6225,28800.0,pt,2,m,medium,3000.0,false,824899.67,5831065.7,-18.943333333333335,
bb_47666176,28800.0,pt,19,f,low,2000.0,true,776858.34,5805776.41,-12.213333333333335,
bb_a0cff0bc,28800.0,pt,75,m,low,1500.0,true,820379.83,5828426.54,-18.943333333333335,
bb_5c19ac10,28800.0,pt,99,m,low,900.0,true,786052.24,5815384.13,-21.403333333333336,
bb_45dec76b,28800.0,pt,53,f,very_low,500.0,true,785913.21,5852700.37,-24.21333333333334,
bb_d7688eb6,28800.0,pt,86,f,low,900.0,false,786150.11,5814823.6,-17.403333333333336,
bb_7743ae46,28800.0,pt,65,m,very_low,500.0,false,788663.19,5848254.86,-17.913333333333334,
bb_dc7f5a35,28800.0,pt,78,m,low,1500.0,false,819383.34,5822212.39,-18.043333333333337,
bb_763c44d3,28800.0,pt,14,f,medium,3600.0,false,806899.39,5858659.7,-38.813333333333325,
bb_3972672c,28800.0,pt,42,m,high,4600.0,false,788950.76,5845079.36,-22.813333333333333,
bb_9e41633a,28800.0,pt,62,m,medium,2600.0,false,814269.65,5807732.39,-17.61333333333334,
bb_a9e31dcb,28800.0,pt,30,m,medium,1500.0,false,806853.15,5845438.67,-20.093333333333334,
bb_12ad310f,28800.0,pt,53,m,high,4600.0,false,828936.68,5810732.93,-35.913333333333334,
bb_a2641f97,28800.0,pt,94,f,medium,1500.0,true,815043.88,5812118.56,-17.61333333333334,
bb_7155cd0c,28800.0,pt,30,f,very_low,1500.0,false,761805.49,5799679.56,-24.21333333333334,
bb_4d703412,28800.0,pt,33,m,high,3600.0,false,844135.43,5811652.1,-20.21333333333334,
bb_c518697c,28800.0,pt,21,m,very_low,500.0,false,822785.03,5820271.94,-18.043333333333337,
bb_bebf6cbc,28800.0,pt,59,m,very_low,500.0,true,774010.96,5814965.26,-14.813333333333334,
bb_3a67ca75,28800.0,pt,5,m,very_high,5600.0,false,821053.18,5841010.59,-26.943333333333335,
bb_7f637142,28800.0,pt,62,f,medium,1500.0,false,788929.21,5846365.41,-16.213333333333335,
bb_14640340,28800.0,pt,32,f,very_low,1500.0,false,770795.35,5790675.01,-26.813333333333336,
bb_4f33bd50,28800.0,pt,59,f,high,4600.0,false,809088.61,5846087.43,-20.093333333333334,
bb_4cd4b781,28800.0,pt,13,m,very_high,5600.0,false,776428.74,5815970.07,-17.61333333333334,
bb_50e2f15e,28800.0,pt,11,f,low,1500.0,false,805630.53,5844767.2,-20.093333333333334,
bb_032ac41b,28800.0,pt,71,m,medium,2000.0,false,778465.65,5812740.82,-12.213333333333335,
bb_66b1b9ef,28800.0,pt,61,m,low,900.0,false,794663.02,5841713.95,-19.68,
bb_3ca4cb04,28800.0,pt,42,m,medium,3600.0,false,795821.73,5812472.27,-21.513333333333335,
bb_03750dac,28800.0,pt,38,f,high,4600.0,false,810208.42,5835089.43,-13.613333333333337,
bb_63bccf6b,28800.0,pt,33,m,medium,3000.0,false,808025.49,5843507.33,-20.093333333333334,
bb_d132c352,28800.0,pt,1,m,medium,3600.0,false,807809.95,5815166.26,-16.043333333333337,
bb_8dde6b76,28800.0,pt,22,m,very_low,2000.0,false,791966.99,5815234.77,-13.613333333333335,
bb_bf1978ef,28800.0,pt,53,m,high,3600.0,false,772358.02,5815864.75,-17.613333333333337,
bb_1fdbf0b6,28800.0,pt,42,f,high,3000.0,false,783322.46,5841465.17,-20.213333333333335,
bb_0e3e599d,28800.0,pt,67,f,medium,2000.0,false,828973.05,5810574.26,-35.913333333333334,
bb_bf86234f,28800.0,pt,45,m,low,2000.0,false,785273.83,5853113.14,-24.213333333333335,
bb_7010ebd2,28800.0,pt,61,m,medium,2000.0,false,817784.68,5796467.25,-22.713333333333335,
bb_20289fb2,28800.0,pt,75,f,medium,2000.0,false,779690.66,5812133.45,-12.213333333333335,
bb_15fa4b89,28800.0,pt,32,f,high,3600.0,false,774535.97,5814805.26,-14.813333333333334,
bb_5dbcdbe1,28800.0,pt,58,f,high,3000.0,false,844257.13,5813330.45,-20.21333333333333,
bb_99dbed03,28800.0,pt,10,f,medium,3600.0,false,791945.99,5799807.45,-73.61333333333334,
bb_1157831a,28800.0,pt,15,m,medium,2600.0,false,785697.28,5851343.55,-36.213333333333324,
bb_2e831637,28800.0,pt,44,f,very_high,5600.0,false,775437.39,5813512.63,-14.813333333333334,
bb_12a035a9,28800.0,pt,94,f,very_low,500.0,false,776067.43,5832116.79,-14.813333333333334,
bb_2315a03d,28800.0,pt,38,m,high,4600.0,false,802054.23,5801916.05,-29.61333333333333,
bb_2b1005f5,28800.0,pt,58,m,high,2600.0,false,779824.34,5812132.62,-12.213333333333335,
bb_5f3a2d26,28800.0,pt,42,m,very_high,5600.0,false,808125.39,5844119.18,-20.093333333333334,
bb_2fd5b207,28800.0,pt,18,f,high,4600.0,false,784551.42,5811197.33,-17.613333333333337,
bb_c284512e,28800.0,pt,26,f,medium,3000.0,false,783743.56,5814150.09,-17.613333333333333,
bb_33f108d3,28800.0,pt,22,m,medium,2600.0,false,814741.57,5811934.66,-17.443333333333335,
bb_710abd87,28800.0,pt,56,f,high,3600.0,false,786787.3,5844772.7,-28.213333333333335,
bb_88a36a48,28800.0,pt,37,m,medium,2600.0,false,834661.57,5830536.35,-96.51333333333334,
bb_8adb54f5,28800.0,pt,58,m,very_low,499.0,false,815310.25,5810940.56,-29.61333333333333,
bb_dc174a66,28800.0,pt,57,f,very_low,900.0,true,771531.03,5821256.54,-22.813333333333336,
bb_9beefe3f,28800.0,pt,49,m,very_high,5600.0,false,816949.32,5800268.74,-17.61333333333334,
bb_27865c76,28800.0,pt,82,f,low,900.0,false,787707.25,5857471.25,-36.213333333333324,
bb_bcb388c8,28800.0,pt,38,f,medium,3600.0,false,813267.08,5793261.41,-17.613333333333337,
bb_9dc7c3eb,28800.0,pt,73,m,medium,3000.0,false,786452.02,5815224.76,-17.403333333333336,
bb_a9f36ad2,28800.0,pt,62,m,very_low,500.0,true,811693.78,5810441.24,-21.61333333333333,
bb_0556b665,28800.0,pt,56,m,medium,2000.0,false,774645.54,5812512.59,-14.813333333333334,
bb_ab0e32d5,28800.0,pt,80,f,low,900.0,false,788968.2,5848279.15,-17.913333333333334,
bb_4332c7b9,28800.0,pt,9,m,medium,3600.0,false,776295.16,5830074.12,-14.813333333333333,
bb_5d254d5a,28800.0,pt,53,f,medium,2600.0,true,807961.51,5841985.35,-20.093333333333334,
bb_09c4163a,28800.0,pt,66,f,medium,2000.0,false,791840.88,5846035.58,-20.213333333333335,
bb_787680ac,28800.0,pt,52,m,very_high,5600.0,false,798361.7,5785146.31,-37.613333333333344,
bb_5255eb17,28800.0,pt,55,m,very_low,500.0,true,775226.84,5829304.78,-13.313333333333334,
bb_30125825,28800.0,pt,42,f,medium,3600.0,false,775613.08,5812966.99,-14.813333333333334,
bb_a31b4843,28800.0,pt,55,m,medium,3000.0,false,824316.41,5868848.06,-21.61333333333334,
bb_8f60fcee,28800.0,pt,51,m,very_low,900.0,false,824637.01,5823733.86,-26.943333333333335,
bb_61dd1f34,28800.0,pt,61,f,medium,2000.0,false,816020.37,5798191.58,-17.61333333333334,
bb_1e467867,28800.0,pt,5,f,medium,3000.0,false,815352.91,5808736.58,-17.61333333333334,
bb_6f6eeb41,28800.0,pt,62,m,very_high,5600.0,false,820434.26,5812723.11,-22.513333333333335,
bb_a0b50edc,28800.0,pt,7,m,high,3600.0,false,816953.2,5797677.15,-17.613333333333337,
bb_4a85ce3d,28800.0,pt,18,f,very_low,900.0,false,815423.27,5831362.23,-18.943333333333335,
bb_c97c1fdc,28800.0,pt,33,m,medium,2000.0,false,824972.51,5731378.19,-29.61333333333333,
bb_83815aed,28800.0,pt,32,m,very_low,900.0,false,774102.72,5814508.95,-14.813333333333334,
bb_aefd076c,28800.0,pt,57,m,medium,2000.0,false,793755.98,5799543.75,-21.513333333333332,
bb_63e64e17,28800.0,pt,58,f,low,900.0,true,813659.06,5811352.43,-29.613333333333337,
bb_4e3a7186,28800.0,pt,16,f,very_low,1500.0,false,791451.98,5843494.76,-20.213333333333335,
bb_09260fe8,28800.0,pt,88,f,medium,2000.0,false,780566.41,5811786.56,-12.213333333333336,
bb_a1e3faef,28800.0,pt,39,f,very_high,5600.0,false,789287.41,5859235.56,-36.21333333333333,
bb_3356a79d,28800.0,pt,65,f,low,1500.0,false,819921.8,5827928.99,-18.943333333333335,
bb_7cf8d099,28800.0,pt,41,m,low,2000.0,false,786311.96,5855245.58,-17.613333333333337,
bb_1a7d37b2,28800.0,pt,27,m,very_low,900.0,false,765174.95,5809539.51,-17.613333333333337,
bb_91c0f0c5,28800.0,pt,9,m,high,5600.0,false,812589.49,5810949.12,-29.61333333333334,
bb_68e1eac1,28800.0,pt,53,f,high,3600.0,false,764297.97,5799030.94,-24.21333333333333,
bb_3b3f6821,28800.0,pt,23,f,very_low,900.0,false,790418.74,5814011.51,-12.213333333333335,
bb_6dffca77,28800.0,pt,50,m,high,3600.0,false,751514.37,5813423.96,-29.613333333333337,
bb_7f6baf47,28800.0,pt,55,f,medium,2600.0,true,805390.97,5839782.71,-17.913333333333334,
bb_6a5424ef,28800.0,pt,44,m,medium,3600.0,false,845491.72,5810709.21,-20.21333333333334,
bb_95e63c7e,28800.0,pt,73,f,medium,2000.0,false,816490.27,5809020.85,-22.513333333333335,
bb_6cb72ce3,28800.0,pt,0,f,very_high,5600.0,false,789713.52,5803884.96,-13.613333333333337,
bb_77b8203e,28800.0,pt,22,f,medium,2000.0,false,784565.46,5835729.25,-15.726666666666667,
bb_32e64f38,28800.0,pt,24,m,low,3000.0,false,799195.85,5807789.99,-25.613333333333337,
bb_57f2c0a1,28800.0,pt,3,m,low,2000.0,false,766481.3,5812570.27,-14.813333333333334,
bb_bde57578,28800.0,pt,98,f,medium,1500.0,false,821200.81,5831870.86,-34.943333333333335,
bb_d37c9957,28800.0,pt,40,f,medium,3600.0,false,793480.55,5839720.2,-18.81333333333334,
bb_09256554,28800.0,pt,30,f,low,1500.0,false,811706.43,5814491.91,-18.813333333333336,
bb_49f798e2,28800.0,pt,56,f,medium,2000.0,true,816188.41,5800349.32,-17.61333333333334,
bb_852fd2fd,28800.0,pt,78,m,medium,3000.0,false,785647.73,5854013.66,-24.21333333333334,
bb_8ba99f9e,28800.0,pt,24,f,high,3600.0,false,778441.86,5812648.58,-12.213333333333335,
bb_aff50a24,28800.0,pt,68,m,low,1500.0,true,792109.09,5815013.02,-13.613333333333335,
bb_60f3d907,28800.0,pt,9,f,medium,3600.0,false,788157.77,5793495.83,-21.513333333333332,
bb_791825a0,28800.0,pt,34,m,high,2600.0,false,764393.56,5798478.89,-26.813333333333336,
bb_85ce9075,28800.0,pt,64,f,medium,1500.0,false,779496.54,5814709.17,-17.613333333333337,
bb_66f44881,28800.0,pt,92,f,medium,1500.0,false,784216.04,5837442.75,-16.21333333333333,
bb_d9744a89,28800.0,pt,41,f,low,900.0,false,776731.12,5813462.82,-14.813333333333334,
bb_89ba517b,28800.0,pt,18,m,high,3600.0,false,775774.56,5811512.81,-14.813333333333336,
bb_33449018,28800.0,pt,36,m,high,5600.0,false,793219.25,5809414.88,-18.813333333333336,
bb_75bd5ec1,28800.0,pt,9,f,medium,2600.0,false,795071.9,5810139.62,-57.61333333333335,
bb_1a2af25d,28800.0,pt,22,f,medium,2600.0,false,784441.75,5841016.13,-16.21333333333333,
bb_134dda67,28800.0,pt,39,f,high,3600.0,false,807512.17,5844464.83,-20.093333333333334,
bb_93327600,28800.0,pt,65,m,low,900.0,false,767591.3,5829423.6,-16.113333333333333,
bb_2d59e3d4,28800.0,pt,70,m,low,1500.0,true,773610.99,5815170.28,-17.613333333333337,
bb_86582c5a,28800.0,pt,41,m,very_low,1500.0,false,789964.94,5843933.8,-12.213333333333331,
bb_95539aa0,28800.0,pt,59,m,high,2600.0,false,787891.28,5845507.5,-28.213333333333335,
bb_7b5bedba,28800.0,pt,85,m,medium,2000.0,true,772576.0,5807210.92,-14.813333333333334,
bb_883e33b1,28800.0,pt,58,m,very_low,499.0,false,820178.3,5841842.34,-26.943333333333335,
bb_6733e78d,28800.0,pt,46,m,high,3600.0,false,785966.72,5810270.6,-21.403333333333332,
bb_7e61e98f,28800.0,pt,20,m,low,3000.0,false,781938.22,5810650.51,-17.613333333333337,
bb_566418a4,28800.0,pt,35,m,low,2000.0,false,819744.15,5813443.08,-29.61333333333333,
bb_da70828b,28800.0,pt,45,f,medium,2600.0,false,758256.92,5846652.05,-165.75092576776677,
bb_90ae8852,28800.0,pt,51,f,very_high,5600.0,false,744419.41,5794212.56,-24.213333333333335,
bb_905b0ab2,28800.0,pt,42,m,low,3000.0,false,784355.95,5837614.46,-16.213333333333335,
bb_9bb0cf6e,28800.0,pt,10,m,low,2000.0,false,813924.02,5823400.26,-22.713333333333335,
bb_57e3d0ef,28800.0,pt,32,f,medium,1500.0,false,793485.16,5812446.58,-18.813333333333336,
bb_bf5fc62b,28800.0,pt,78,m,high,3600.0,false,819456.99,5803432.25,-22.71333333333333,
bb_68e78009,28800.0,pt,67,m,medium,2000.0,true,776231.61,5850150.11,-24.21333333333334,
bb_a46f3e01,28800.0,pt,23,f,low,2000.0,true,787072.19,5797886.13,-21.513333333333335,
bb_3473e0ca,28800.0,pt,73,m,low,900.0,false,772818.11,5807565.92,-14.813333333333334,
bb_39be7486,28800.0,pt,61,f,very_low,500.0,true,806245.43,5843468.74,-16.093333333333337,
bb_09d7dc4d,28800.0,pt,2,f,high,4600.0,false,772611.34,5815412.37,-17.613333333333337,
bb_cc3088c8,28800.0,pt,47,m,high,3600.0,false,795233.6,5809893.93,-57.61333333333335,
bb_aaaf97ce,28800.0,pt,28,f,high,3600.0,false,812745.95,5803783.64,-22.713333333333328,
bb_42dcf19a,28800.0,pt,3,f,very_low,1500.0,false,776404.51,5831883.13,-13.313333333333334,
bb_b60bfa57,28800.0,pt,32,m,medium,3000.0,false,801915.79,5816190.26,-16.213333333333335,
bb_af386708,28800.0,pt,50,m,medium,2600.0,false,823132.43,5828329.67,-22.943333333333335,
bb_2e6d2c2f,28800.0,pt,13,f,medium,2600.0,false,788557.35,5804986.17,-13.613333333333337,
bb_28c058d5,28800.0,pt,4,m,medium,3000.0,false,826986.7,5832182.82,-34.943333333333335,
bb_4b2e471f,28800.0,pt,51,m,low,900.0,false,786195.04,5855167.57,-17.613333333333337,
bb_c50b01c7,28800.0,pt,4,f,high,4600.0,false,768116.62,5808757.13,-17.613333333333337,
bb_5e312999,28800.0,pt,11,m,very_low,2000.0,false,787125.94,5854245.19,-17.613333333333337,
bb_4f5827c4,28800.0,pt,48,m,medium,1500.0,false,822203.18,5814775.4,-23.913333333333334,
bb_9af5e734,28800.0,pt,43,f,medium,2000.0,false,807753.7,5843304.33,-20.093333333333334,
bb_03053cff,28800.0,pt,43,m,low,2000.0,false,783805.8,5841285.24,-16.21333333333333,
bb_984d6891,28800.0,pt,71,f,very_high,5600.0,true,765828.03,5812030.37,-17.61333333333334,
bb_2e079f95,28800.0,pt,57,m,medium,2600.0,false,821809.16,5828912.39,-18.943333333333335,
bb_7c46269a,28800.0,pt,65,m,low,900.0,false,786419.41,5851470.34,-36.213333333333324,
bb_85d39625,28800.0,pt,8,f,medium,3000.0,false,802068.01,5814581.47,-17.613333333333337,
bb_8f318b03,28800.0,pt,33,m,medium,2600.0,false,839120.84,5842984.2,-78.94333333333334,
bb_8161b6ef,28800.0,pt,29,f,very_low,2000.0,false,790317.67,5811273.45,-13.613333333333337,
bb_3b087304,28800.0,pt,17,m,low,3000.0,false,778651.73,5809267.62,-12.213333333333335,
bb_b0e39682,28800.0,pt,20,f,very_low,2000.0,false,815268.34,5806560.9,-17.44333333333333,
bb_6ec2435a,28800.0,pt,33,m,medium,3000.0,false,779721.87,5812247.77,-14.813333333333334,
bb_4a79853b,28800.0,pt,58,f,medium,2600.0,false,772164.61,5853871.9,-48.21333333333333,
bb_2d217f3b,28800.0,pt,41,m,medium,2000.0,false,806152.31,5846229.17,-20.093333333333334,
bb_35f587c8,28800.0,pt,35,m,medium,1500.0,false,776396.3,5830028.67,-23.713333333333335,
bb_3714dbe6,28800.0,pt,61,m,very_low,500.0,false,778363.07,5809605.77,-17.613333333333337,
bb_b09a81db,28800.0,pt,36,f,low,2600.0,false,815257.24,5864967.82,-21.613333333333337,
bb_648c576f,28800.0,pt,43,f,high,4600.0,false,827383.04,5782560.1,-41.61333333333333,
bb_5e7adf65,28800.0,pt,65,m,medium,3000.0,false,811919.89,5851692.67,-22.813333333333336,
bb_47118238,28800.0,pt,40,f,high,4600.0,false,792167.98,5840281.44,-18.813333333333336,
bb_6c590308,28800.0,pt,47,m,very_high,5600.0,false,779638.92,5807708.72,-17.613333333333337,
bb_7fd47544,28800.0,pt,89,f,low,900.0,false,787423.24,5804387.61,-25.613333333333337,
bb_545041ca,28800.0,pt,39,m,medium,2600.0,false,784598.73,5840557.67,-12.213333333333331,
bb_5c5d6384,28800.0,pt,62,m,high,3600.0,false,779509.76,5813885.75,-17.613333333333337,
bb_d7d05c26,28800.0,pt,48,f,medium,2600.0,false,823197.29,5817849.47,-20.043333333333337,
bb_722183dd,28800.0,pt,43,f,medium,3600.0,false,815851.24,5802643.47,-17.613333333333337,
bb_709db470,28800.0,pt,44,m,high,4600.0,false,773721.66,5811503.18,-14.813333333333334,
bb_c3d89003,28800.0,pt,70,f,very_low,900.0,false,771713.21,5813688.5,-17.613333333333337,
bb_beefb136,28800.0,pt,62,m,low,900.0,false,820212.62,5824834.15,-23.91333333333333,
bb_c11cefb5,28800.0,pt,42,m,high,3000.0,false,790568.17,5802559.14,-13.613333333333337,
bb_8f789248,28800.0,pt,38,m,high,4600.0,false,830701.72,5713101.69,-34.71333333333333,
bb_69c776b2,28800.0,pt,42,m,medium,3000.0,false,818439.7,5823258.32,-23.91333333333333,
bb_3055c2bd,28800.0,pt,20,f,high,3600.0,false,771594.71,5853244.46,-36.213333333333324,
bb_199f2b0a,28800.0,pt,50,m,medium,2000.0,false,809339.49,5846740.26,-16.093333333333334,
bb_0b9a91c6,28800.0,pt,67,f,low,900.0,false,765701.57,5816475.42,-17.613333333333337,
bb_cccbf113,28800.0,pt,28,m,low,900.0,false,824377.88,5829584.48,-18.943333333333335,
bb_687d1f04,28800.0,pt,48,m,medium,3600.0,true,770304.78,5835592.21,-24.213333333333335,
bb_9e9aa56a,28800.0,pt,37,m,medium,3000.0,false,817282.78,5826539.48,-16.943333333333335,
bb_9e6c1c51,28800.0,pt,41,m,high,4600.0,false,796860.91,5851516.94,-19.68,
bb_6f8b3109,28800.0,pt,13,f,very_low,2000.0,false,770922.14,5808757.46,-14.813333333333334,
bb_c0833d2e,28800.0,pt,58,f,medium,1500.0,false,815419.14,5830657.65,-18.943333333333335,
bb_3107726c,28800.0,pt,33,m,very_low,499.0,false,815841.25,5806804.16,-13.613333333333335,
bb_a90254c5,28800.0,pt,57,f,high,3000.0,false,783647.43,5839725.39,-16.21333333333333,
bb_6988609a,28800.0,pt,72,m,very_low,500.0,true,770541.23,5828488.9,-23.713333333333335,
bb_2670c554,28800.0,pt,29,m,medium,3000.0,false,774050.94,5888101.35,-29.613333333333333,
bb_1f4ce719,28800.0,pt,22,m,medium,3600.0,false,781735.17,5846918.49,-24.213333333333335,
bb_0b8b6846,28800.0,pt,13,m,high,4600.0,false,776000.24,5829875.21,-13.313333333333334,
bb_2ecc7103,28800.0,pt,70,f,medium,2600.0,false,773435.11,5815062.91,-17.61333333333334,
bb_cdade9f1,28800.0,pt,60,m,very_low,499.0,true,776392.48,5792807.24,-36.213333333333324,
bb_a71e65ae,28800.0,pt,86,f,high,3000.0,true,789981.75,5802226.36,-13.613333333333339,
bb_2728503c,28800.0,pt,72,f,medium,2000.0,false,768205.28,5809207.46,-17.613333333333337,
bb_c15aed03,28800.0,pt,14,m,very_low,2000.0,false,770337.99,5808179.03,-17.613333333333337,
bb_389f4bee,28800.0,pt,19,m,medium,3000.0,false,798975.82,5806266.14,-25.613333333333337,
bb_d6b51b1e,28800.0,pt,59,f,very_low,500.0,false,781745.71,5844745.14,-16.21333333333333,
bb_5cf1fa4f,28800.0,pt,18,f,high,4600.0,false,818751.6,5823584.73,-23.91333333333333,
bb_4e9530fe,28800.0,pt,40,f,high,4600.0,false,776069.26,5813505.15,-14.813333333333334,
bb_19ffe45a,28800.0,pt,33,m,medium,2600.0,false,771661.17,5853763.0,-48.21333333333333,
bb_83705d7e,28800.0,pt,37,f,high,4600.0,false,775817.71,5815623.36,-17.613333333333337,
bb_82abe910,28800.0,pt,48,m,high,4600.0,false,780080.29,5842725.66,-20.213333333333335,
bb_bfdf8e05,28800.0,pt,32,m,medium,1500.0,false,829891.72,5828916.48,-106.94333333333333,
bb_05620efa,28800.0,pt,34,m,very_low,900.0,false,785351.2,5854864.59,-84.21333333333332,
bb_a5d041e0,28800.0,pt,70,f,medium,2000.0,false,773445.78,5831174.86,-24.21333333333333,
bb_7eb88d6c,28800.0,pt,24,f,high,3600.0,false,788754.96,5804766.6,-13.613333333333337,
bb_449475f2,28800.0,pt,54,m,very_high,5600.0,false,779370.39,5813825.54,-14.813333333333333,
bb_996527cf,28800.0,pt,57,m,medium,2000.0,false,775233.7,5828749.61,-13.313333333333334,
bb_52a31e37,28800.0,pt,10,f,low,1500.0,false,778456.5,5812733.94,-12.213333333333333,
bb_6db8ee2a,28800.0,pt,56,m,very_low,499.0,false,760613.31,5811822.36,-22.81333333333334,
bb_4caca634,28800.0,pt,24,f,very_low,1500.0,false,801220.93,5810751.26,-18.813333333333336,
bb_2304e972,28800.0,pt,24,f,very_low,2000.0,false,769407.93,5811623.0,-17.613333333333337,
bb_19385e96,28800.0,pt,71,f,medium,2000.0,false,819205.43,5828463.69,-16.943333333333335,
bb_7b9d34a1,28800.0,pt,73,f,medium,2000.0,true,810971.04,5814436.47,-18.813333333333336,
bb_0f442975,28800.0,pt,46,f,medium,2600.0,false,793309.74,5839542.36,-18.813333333333336,
bb_2ba79705,28800.0,pt,38,m,very_low,499.0,true,791591.08,5814603.36,-13.613333333333335,
bb_b66b59cf,28800.0,pt,81,f,medium,2000.0,false,778975.32,5813046.31,-14.813333333333334,
bb_b915448a,28800.0,pt,48,m,low,900.0,false,791958.78,5845688.43,-20.213333333333335,
bb_acb7b09e,28800.0,pt,30,f,very_low,900.0,false,815467.79,5810190.96,-17.443333333333335,
bb_a6427195,28800.0,pt,87,f,low,1500.0,true,818123.83,5829628.09,-14.943333333333333,
bb_376bc469,28800.0,pt,35,f,medium,2600.0,false,793305.68,5840102.17,-18.813333333333336,
bb_11f28e95,28800.0,pt,55,f,medium,2000.0,true,774971.03,5803796.22,-12.213333333333335,
bb_84ae64c7,28800.0,pt,48,m,high,3600.0,false,766271.23,5808826.87,-17.61333333333334,
bb_48d28e58,28800.0,pt,47,m,high,3600.0,false,782730.73,5850751.51,-24.213333333333335,
bb_ab199833,28800.0,pt,95,f,medium,2600.0,false,775564.82,5814479.91,-14.813333333333334,
bb_bed7869c,28800.0,pt,73,m,low,1500.0,false,778295.71,5809343.39,-17.613333333333333,
bb_0a3844eb,28800.0,pt,5,m,very_low,1500.0,false,774438.71,5818273.27,-17.61333333333334,
bb_c6cbdc6c,28800.0,pt,41,f,low,3000.0,false,778729.96,5832638.19,-17.313333333333333,
bb_7247dd5f,28800.0,pt,0,f,high,4600.0,false,758396.53,5807892.78,-29.61333333333334,
bb_ac193e7f,28800.0,pt,57,m,very_high,5600.0,false,756414.57,5788376.23,-17.613333333333333,
bb_9b728067,28800.0,pt,11,f,very_low,1500.0,false,785594.12,5809830.09,-21.403333333333332,
bb_b1d281ee,28800.0,pt,27,f,very_low,900.0,false,782034.49,5795818.32,-37.61333333333333,
bb_72dd8c28,28800.0,pt,34,m,medium,2600.0,false,806074.77,5844726.06,-16.093333333333337,
bb_10463ad1,28800.0,pt,71,f,low,1500.0,false,769783.66,5841212.61,-32.11333333333333,
bb_dc4d257f,28800.0,pt,4,m,very_high,5600.0,false,799477.24,5788744.45,-45.31333333333333,
bb_858159ca,28800.0,pt,18,f,medium,4600.0,true,777335.85,5812125.16,-14.813333333333334,
bb_2fcdafbb,28800.0,pt,51,m,very_high,5600.0,false,777010.9,5831862.22,-13.313333333333334,
bb_557f6f42,28800.0,pt,49,m,medium,2000.0,false,789870.85,5846608.51,-14.81333333333333,
bb_4727f86a,28800.0,pt,3,f,high,4600.0,false,819964.75,5823977.01,-23.913333333333334,
bb_b6c74926,28800.0,pt,89,f,low,900.0,false,793467.75,5805058.54,-25.613333333333337,
bb_c0023b28,28800.0,pt,26,m,medium,3600.0,false,780712.1,5811284.02,-12.213333333333335,
bb_3131607f,28800.0,pt,75,f,medium,1500.0,false,800472.65,5851416.13,-78.81333333333336,
bb_2e70f106,28800.0,pt,94,f,very_low,500.0,false,783528.94,5839760.13,-16.213333333333335,
bb_1ea70c72,28800.0,pt,77,f,very_low,900.0,true,791084.91,5802527.56,-13.613333333333339,
bb_a14ebd31,28800.0,pt,45,m,low,1500.0,false,790669.71,5855892.34,-28.21333333333334,
bb_d89d53b3,28800.0,pt,84,f,medium,3000.0,false,767704.68,5810825.42,-14.813333333333334,
bb_bb14bd63,28800.0,pt,84,m,low,1500.0,true,793710.43,5799642.39,-21.513333333333335,
bb_a6d0e2b6,28800.0,pt,24,m,high,5600.0,false,822031.74,5821759.12,-23.91333333333333,
bb_784c3fd7,28800.0,pt,37,f,medium,3600.0,false,771498.14,5806042.98,-17.613333333333337,
bb_54e76a8f,28800.0,pt,35,f,low,2600.0,false,765298.89,5811959.98,-14.813333333333334,
bb_ba3ec5a3,28800.0,pt,13,f,low,1500.0,false,779216.94,5808467.76,-12.213333333333335,
bb_7551a490,28800.0,pt,37,f,high,4600.0,false,866057.46,5747570.8,-46.71333333333334,
bb_75d10400,28800.0,pt,28,f,low,1500.0,false,815664.86,5812269.65,-26.043333333333337,
bb_50302154,28800.0,pt,66,m,high,3600.0,false,789206.48,5813915.64,-12.213333333333335,
bb_55ba3873,28800.0,pt,1,m,high,4600.0,false,776782.23,5840160.52,-23.713333333333335,
bb_d60502b5,28800.0,pt,11,m,high,4600.0,false,785769.98,5851350.86,-36.213333333333324,
bb_2a5b479c,28800.0,pt,52,f,medium,3600.0,false,805834.55,5844314.16,-16.093333333333334,
bb_4922688e,28800.0,pt,43,f,very_low,500.0,false,786378.72,5839498.62,-16.21333333333333,
bb_bb4103f8,28800.0,pt,58,f,high,4600.0,false,816590.6,5799752.33,-17.61333333333334,
bb_5d07ead0,28800.0,pt,82,m,high,3600.0,false,777873.77,5814865.85,-12.213333333333335,
bb_185edb48,28800.0,pt,41,f,medium,3000.0,false,779923.4,5813623.27,-14.813333333333336,
bb_09d17181,28800.0,pt,29,f,high,3600.0,false,823469.1,5803235.55,-22.713333333333335,
bb_2a1ac779,28800.0,pt,26,m,medium,3000.0,false,814928.14,5804624.69,-17.61333333333334,
bb_44154533,28800.0,pt,68,f,medium,2600.0,true,826778.86,5822752.6,-30.043333333333337,
bb_6bc751be,28800.0,pt,71,f,medium,2600.0,true,787171.44,5851898.47,-17.913333333333334,
bb_bf2abc25,28800.0,pt,62,f,high,3600.0,false,816159.41,5801735.87,-22.71333333333333,
bb_1a79b0c8,28800.0,pt,70,m,medium,2000.0,false,781410.29,5845491.55,-16.21333333333333,
bb_c6689654,28800.0,pt,60,m,medium,1500.0,false,826723.17,5832291.17,-34.943333333333335,
bb_5872502d,28800.0,pt,71,m,very_high,5600.0,true,784255.75,5840223.25,-12.213333333333331,
bb_12db822c,28800.0,pt,73,f,medium,1500.0,false,782352.56,5845597.58,-16.21333333333333,
bb_23057f50,28800.0,pt,31,m,medium,3000.0,false,814993.01,5804287.87,-17.61333333333334,
bb_661bc77e,28800.0,pt,44,m,medium,2600.0,false,773717.38,5811816.84,-14.813333333333334,
bb_8f79c6ed,28800.0,pt,29,m,high,3600.0,false,797246.97,5913499.43,-53.61333333333334,
bb_9073b005,28800.0,pt,58,m,very_low,500.0,false,805144.06,5840120.36,-17.12,
bb_6fa4033f,28800.0,pt,51,f,very_low,500.0,true,803679.62,5803108.14,-29.613333333333333,
bb_8321de70,28800.0,pt,10,f,very_low,2000.0,false,818187.94,5796183.47,-22.71333333333333,
bb_b5706f20,28800.0,pt,17,m,medium,3600.0,false,806584.9,5842304.21,-20.093333333333334,
bb_7f6573c1,28800.0,pt,63,m,medium,1500.0,false,814084.7,5824391.58,-17.613333333333333,
bb_8806719b,28800.0,pt,33,f,very_low,900.0,false,769920.32,5826634.92,-23.713333333333335,
bb_c5359646,28800.0,pt,61,f,low,1500.0,false,812663.84,5846288.67,-22.81333333333334,
bb_30f54862,28800.0,pt,58,f,very_low,500.0,false,811807.03,5794124.69,-29.613333333333333,
bb_13b42f0a,28800.0,pt,2,f,medium,2600.0,false,771741.36,5795063.77,-17.613333333333333,
bb_2f7ce0de,28800.0,pt,87,f,medium,2000.0,false,774741.32,5829051.41,-13.313333333333334,
bb_012c4487,28800.0,pt,50,m,high,3600.0,false,776302.41,5830001.73,-23.713333333333335,
bb_aa13a99b,28800.0,pt,74,f,very_high,5600.0,true,813988.12,5844923.21,-22.813333333333336,
bb_0e39765b,28800.0,pt,32,m,medium,2000.0,false,819752.38,5811988.03,-22.513333333333335,
bb_64c1e8b5,28800.0,pt,97,m,low,900.0,true,777476.06,5804973.62,-17.613333333333333,
bb_d37f7c29,28800.0,pt,13,f,very_low,900.0,false,799664.58,5809877.52,-14.813333333333334,
bb_8228733d,28800.0,pt,22,m,high,3600.0,false,778193.86,5812225.11,-12.213333333333335,
bb_c14f24a5,28800.0,pt,73,f,low,900.0,false,821744.97,5817785.03,-23.913333333333327,
bb_93c98ab2,28800.0,pt,19,m,low,1500.0,false,816758.16,5839717.0,-26.943333333333342,
bb_6fcf289a,28800.0,pt,38,m,high,3600.0,false,820034.37,5833984.96,-30.943333333333335,
bb_bd57adf5,28800.0,pt,71,f,medium,2000.0,false,781164.59,5811338.94,-12.213333333333336,
bb_ad6fe8e4,28800.0,pt,56,f,very_high,5600.0,false,815519.61,5804135.8,-13.613333333333335,
bb_c4a5433b,28800.0,pt,25,f,high,4600.0,false,785327.34,5783487.49,-21.513333333333332,
bb_009e7054,28800.0,pt,66,m,low,1500.0,true,784713.52,5853620.67,-24.21333333333334,
bb_61e21197,28800.0,pt,72,f,low,1500.0,false,821304.95,5831834.76,-34.943333333333335,
bb_bdd02d14,28800.0,pt,25,m,very_low,500.0,false,783231.99,5850214.09,-24.213333333333335,
bb_a859386b,28800.0,pt,34,f,medium,3000.0,false,741407.77,5812548.72,-17.613333333333337,
bb_b04b224b,28800.0,pt,43,f,medium,3000.0,false,750803.45,5842385.52,-23.713333333333335,
bb_08356db4,28800.0,pt,74,m,medium,2600.0,false,820658.49,5803867.28,-22.513333333333335,
bb_2cbe65b6,28800.0,pt,62,m,medium,1500.0,false,802611.21,5806197.54,-23.913333333333334,
bb_4ad1a3b0,28800.0,pt,28,m,low,900.0,false,797329.62,5842335.93,-16.213333333333335,
bb_be6a3eb4,28800.0,pt,23,f,very_low,900.0,false,775646.96,5813254.8,-14.813333333333334,
bb_8db98fdc,28800.0,pt,33,m,high,3600.0,false,876664.44,5812959.26,-35.91333333333334,
bb_81c7863d,28800.0,pt,38,m,medium,3000.0,false,783287.15,5848667.87,-24.213333333333342,
bb_92172ca5,28800.0,pt,70,f,medium,1500.0,false,767665.29,5808492.65,-17.613333333333337,
bb_8f3ce989,28800.0,pt,6,m,low,3000.0,false,780330.3,5831170.19,-11.713333333333333,
bb_0f5eaa37,28800.0,pt,30,f,high,3600.0,false,802510.39,5814512.75,-17.613333333333337,
bb_6c70b5f8,28800.0,pt,68,m,low,1500.0,false,801687.77,5802351.82,-29.613333333333326,
bb_73f3c439,28800.0,pt,26,m,low,1500.0,false,765992.77,5811571.13,-14.813333333333333,
bb_85507845,28800.0,pt,31,f,low,2000.0,true,815647.7,5804023.51,-13.613333333333335,
bb_d38ccc7b,28800.0,pt,69,m,very_low,1500.0,false,781440.08,5809348.97,-17.61333333333334,
bb_73568d5a,28800.0,pt,25,m,medium,2000.0,false,814094.15,5812087.47,-13.613333333333337,
bb_63a34c9d,28800.0,pt,75,f,very_low,900.0,false,768589.41,5810222.24,-17.61333333333334,
bb_0a24536f,28800.0,pt,52,m,low,2000.0,false,775312.45,5813843.35,-14.813333333333334,
bb_14ee87b8,28800.0,pt,5,f,medium,3000.0,false,775713.65,5828319.73,-16.11333333333333,
bb_5a028e2a,28800.0,pt,31,f,medium,2600.0,false,805200.37,5791345.78,-33.613333333333344,
bb_c6e539de,28800.0,pt,37,m,medium,3000.0,false,819419.18,5832942.13,-18.943333333333335,
bb_6accad7c,28800.0,pt,94,m,medium,1500.0,true,780012.29,5844264.82,-20.21333333333333,
bb_568911df,28800.0,pt,68,f,low,1500.0,true,789963.3,5802307.6,-13.613333333333337,
bb_61b9df3f,28800.0,pt,13,m,very_low,900.0,false,824222.92,5824800.6,-22.943333333333335,
bb_91360158,28800.0,pt,25,m,medium,2600.0,false,819657.61,5833794.7,-30.943333333333335,
bb_6c7edd13,28800.0,pt,53,m,medium,1500.0,false,735842.92,5826068.01,-94.81333333333335,
bb_625d2449,28800.0,pt,9,m,high,4600.0,false,813808.68,5809738.04,-29.613333333333337,
bb_9f781823,28800.0,pt,51,m,low,2000.0,false,735154.07,5831010.78,-38.91333333333334,
bb_a0e9aa39,28800.0,pt,70,m,medium,2000.0,false,811268.5,5834474.65,-26.813333333333336,
bb_be06c3b9,28800.0,pt,38,m,medium,1500.0,false,784252.24,5837060.46,-16.113333333333333,
bb_1b4fd6d8,28800.0,pt,43,m,very_low,499.0,false,799245.53,5797496.39,-21.513333333333335,
bb_cd2c4c5b,28800.0,pt,70,m,low,900.0,true,805547.65,5791720.58,-37.61333333333335,
bb_58eb9e34,28800.0,pt,35,f,medium,3000.0,false,825886.15,5818456.76,-16.213333333333335,
bb_53790cab,28800.0,pt,43,f,medium,3000.0,false,799852.36,5807897.79,-18.813333333333336,
bb_94c0a649,28800.0,pt,80,m,high,3600.0,false,783494.98,5850817.76,-24.213333333333335,
bb_116ce986,28800.0,pt,58,m,low,900.0,false,768103.24,5828836.8,-23.713333333333335,
bb_6e38dfb4,28800.0,pt,19,m,very_high,5600.0,false,756287.16,5809795.45,-17.61333333333334,
bb_961b4fc4,28800.0,pt,41,f,low,1500.0,false,819634.04,5828836.51,-14.943333333333333,
bb_b7197147,28800.0,pt,81,f,medium,3000.0,false,788153.35,5804193.75,-13.613333333333337,
bb_60aaf74d,28800.0,pt,37,f,medium,2000.0,false,753165.44,5832442.07,-23.713333333333335,
bb_a830d69b,28800.0,pt,35,f,medium,1500.0,false,825635.77,5823528.86,-23.913333333333334,
bb_577e3d30,28800.0,pt,55,m,high,3000.0,false,787738.81,5815439.86,-17.403333333333336,
bb_0567f69e,28800.0,pt,49,m,high,4600.0,false,820330.19,5805999.11,-22.71333333333333,
bb_cf07d9c4,28800.0,pt,78,m,medium,2600.0,false,800062.25,5808964.31,-18.813333333333336,
bb_d25ed9ab,28800.0,pt,73,f,low,900.0,true,795688.13,5843951.86,-19.68,
bb_5018b075,28800.0,pt,54,f,very_high,5600.0,false,797953.09,5851950.4,-29.613333333333337,
bb_5cb0dc5b,28800.0,pt,43,f,low,3000.0,false,807772.67,5844742.0,-16.093333333333334,
bb_7d42b187,28800.0,pt,67,m,medium,1500.0,false,781922.29,5809857.05,-17.613333333333337,
bb_29c032fe,28800.0,pt,17,f,low,2600.0,false,772818.13,5807504.67,-14.813333333333334,
bb_d7373bed,28800.0,pt,49,f,very_low,900.0,true,820618.85,5828806.26,-18.943333333333335,
bb_d8fca954,28800.0,pt,67,m,medium,2600.0,true,811138.97,5834304.96,-19.443333333333335,
bb_7fddf1b8,28800.0,pt,38,m,medium,3000.0,false,814650.86,5813305.21,-18.813333333333336,
bb_1bebcf32,28800.0,pt,48,m,high,4600.0,true,785924.78,5813114.11,-16.213333333333335,
bb_134d3840,28800.0,pt,30,m,very_low,500.0,false,778453.9,5812690.73,-12.213333333333335,
bb_45f514fd,28800.0,pt,51,m,medium,1500.0,false,771269.27,5841185.66,-23.71333333333333,
bb_b963775e,28800.0,pt,99,m,medium,2600.0,true,824300.04,5830765.08,-18.943333333333335,
bb_2abce0ba,28800.0,pt,55,m,very_low,500.0,true,814412.13,5806988.85,-17.61333333333334,
bb_782853c9,28800.0,pt,30,m,low,1500.0,false,840379.98,5870252.72,-33.61333333333334,
bb_1055ad03,28800.0,pt,37,f,high,3000.0,true,823667.03,5821132.49,-23.913333333333334,
bb_11e94656,28800.0,pt,64,m,high,3600.0,false,775881.95,5830277.04,-13.313333333333334,
bb_dc12a506,28800.0,pt,54,m,high,4600.0,false,781410.05,5810906.98,-17.613333333333337,
bb_05267e2e,28800.0,pt,4,m,low,2000.0,false,764372.67,5798835.4,-26.813333333333336,
bb_57ab28df,28800.0,pt,62,m,medium,1500.0,false,783553.86,5848866.18,-24.21333333333334,
bb_33b6667b,28800.0,pt,93,f,low,900.0,true,823991.62,5829158.67,-22.943333333333335,
bb_b32b7acd,28800.0,pt,35,f,medium,3000.0,false,817216.19,5857614.16,-20.093333333333334,
bb_892a2ada,28800.0,pt,27,m,very_low,500.0,false,762164.41,5832362.33,-23.713333333333335,
bb_a545d578,28800.0,pt,97,m,medium,2000.0,true,783595.66,5839578.07,-16.213333333333335,
bb_7d044641,28800.0,pt,35,m,medium,2600.0,false,780834.32,5831013.41,-16.113333333333333,
bb_6b4a7e15,28800.0,pt,26,f,very_low,2000.0,false,789059.5,5858933.8,-36.213333333333324,
bb_5fe976b4,28800.0,pt,56,m,high,3600.0,false,760155.92,5822883.73,-53.613333333333344,
bb_baeb3950,28800.0,pt,88,f,medium,2600.0,false,799992.56,5809173.72,-18.813333333333336,
bb_072ba7a6,28800.0,pt,7,f,high,5600.0,false,813790.96,5824521.76,-17.613333333333333,
bb_927561fe,28800.0,pt,40,f,very_low,1500.0,false,823169.69,5818470.3,-16.213333333333335,
bb_051f17f2,28800.0,pt,34,f,medium,3600.0,false,779291.31,5813865.37,-14.813333333333334,
bb_a1027094,28800.0,pt,20,f,medium,2600.0,false,800375.56,5808222.3,-14.813333333333334,
bb_9c9506c2,28800.0,pt,28,f,high,3600.0,false,775588.7,5815584.21,-17.613333333333333,
bb_124271bd,28800.0,pt,31,m,high,3600.0,false,812521.66,5838291.52,-13.613333333333335,
bb_448bb086,28800.0,pt,97,m,medium,1500.0,true,770605.39,5828595.29,-23.713333333333335,
bb_78e52017,28800.0,pt,67,f,low,900.0,false,800088.48,5810566.99,-14.813333333333334,
bb_bca61102,28800.0,pt,2,m,medium,3600.0,false,813412.12,5844759.64,-22.813333333333336,
bb_c5b5aa37,28800.0,pt,59,m,very_low,499.0,false,802083.31,5857910.71,-22.813333333333333,
bb_80a7a147,28800.0,pt,46,m,high,4600.0,false,771739.22,5857956.83,-24.213333333333342,
bb_0f5aaa06,28800.0,pt,7,m,low,2000.0,false,822583.93,5819778.02,-16.043333333333337,
bb_b2d4bca9,28800.0,pt,57,f,high,4600.0,false,825088.19,5864307.66,-21.61333333333334,
bb_3f049033,28800.0,pt,74,f,very_low,500.0,false,795648.74,5844176.32,-19.68,
bb_1af5f378,28800.0,pt,32,f,medium,2600.0,false,775551.36,5833859.75,-20.213333333333335,
bb_656b4c31,28800.0,pt,58,f,high,4600.0,false,766244.51,5823909.81,-23.713333333333335,
bb_0f621811,28800.0,pt,59,m,very_low,499.0,true,819512.43,5828575.86,-16.943333333333335,
bb_cbadcc9a,28800.0,pt,42,m,high,3600.0,false,824370.6,5822568.46,-23.913333333333334,
bb_019c9ad5,28800.0,pt,31,m,medium,2000.0,false,764049.12,5838827.42,-32.11333333333333,
bb_72c2f129,28800.0,pt,74,f,low,1500.0,false,791049.82,5802569.84,-13.613333333333337,
bb_b1ea0f6e,28800.0,pt,42,m,low,900.0,true,827722.74,5832530.96,-34.943333333333335,
bb_943d1e7c,28800.0,pt,9,m,low,2600.0,false,783175.63,5813201.1,-22.813333333333336,
bb_91635a81,28800.0,pt,23,m,very_low,900.0,false,764626.93,5841804.83,-32.11333333333333,
bb_3a28c153,28800.0,pt,2,f,high,3600.0,false,765800.73,5798451.96,-24.213333333333335,
bb_2f611484,28800.0,pt,44,f,high,3600.0,false,778545.0,5810545.34,-14.813333333333334,
bb_2549d266,28800.0,pt,65,m,very_low,900.0,true,776373.29,5813267.7,-14.813333333333334,
bb_74d56b51,28800.0,pt,53,f,medium,3000.0,false,776514.96,5830450.66,-14.813333333333334,
bb_cc083b2c,28800.0,pt,40,m,very_low,1500.0,false,774616.34,5803048.36,-17.613333333333333,
bb_da59285f,28800.0,pt,58,f,very_low,500.0,true,803009.88,5793296.33,-45.31333333333333,
bb_7b91901d,28800.0,pt,37,f,very_high,5600.0,false,762060.75,5819730.93,-35.71333333333334,
bb_2cfe237d,28800.0,pt,69,m,medium,2000.0,false,788421.23,5848155.53,-24.213333333333335,
bb_61a811db,28800.0,pt,49,m,low,900.0,false,786354.41,5852769.76,-17.613333333333337,
bb_cc6ffa80,28800.0,pt,27,f,medium,3000.0,false,819985.44,5836058.72,-30.943333333333335,
bb_870ed9af,28800.0,pt,42,f,medium,3600.0,false,805322.2,5839763.92,-17.913333333333334,
bb_2a424175,28800.0,pt,9,f,high,4600.0,false,802859.55,5814984.01,-17.613333333333337,
bb_5b80ee05,28800.0,pt,37,f,low,2000.0,false,778107.96,5832811.52,-17.313333333333333,
bb_a3d10843,28800.0,pt,77,f,high,3600.0,true,803794.05,5798206.88,-33.61333333333334,
bb_55d82c7b,28800.0,pt,91,f,low,900.0,false,766262.93,5808406.21,-17.61333333333334,
bb_24949a1e,28800.0,pt,58,f,very_low,499.0,false,801841.69,5801932.71,-29.613333333333326,
bb_24cc7995,28800.0,pt,97,m,high,3000.0,false,777950.69,5810107.94,-17.613333333333333,
bb_42d073bb,28800.0,pt,15,m,low,3000.0,false,776601.41,5811911.35,-14.813333333333334,
bb_47f73dc5,28800.0,pt,7,m,medium,2600.0,false,771243.93,5815755.98,-17.613333333333337,
bb_4c7d05b2,28800.0,pt,95,f,low,900.0,true,823285.88,5821057.95,-20.043333333333337,
bb_7afee9eb,28800.0,pt,97,m,medium,2000.0,true,781432.7,5811228.21,-14.813333333333334,
bb_a861748e,28800.0,pt,10,f,medium,3600.0,false,788919.61,5846322.89,-16.213333333333335,
bb_961a8bc1,28800.0,pt,47,f,very_low,900.0,true,774422.07,5812701.15,-14.813333333333334,
bb_4b727b50,28800.0,pt,52,m,medium,2000.0,false,786547.6,5813956.45,-17.403333333333336,
bb_21b838b4,28800.0,pt,24,f,medium,2000.0,false,791996.52,5839558.13,-14.813333333333333,
bb_71cbb0cf,28800.0,pt,30,m,medium,3000.0,false,777437.94,5814937.55,-17.613333333333333,
bb_cd220780,28800.0,pt,54,f,medium,2000.0,false,798964.07,5807812.04,-25.613333333333333,
bb_bc959b98,28800.0,pt,67,m,medium,2000.0,false,815073.39,5806238.01,-17.613333333333344,
bb_d9b5eca5,28800.0,pt,45,f,medium,3600.0,false,790171.97,5844093.33,-14.813333333333333,
bb_0ba8d36e,28800.0,pt,98,f,medium,2000.0,true,806128.79,5844879.88,-16.093333333333334,
bb_05697ff5,28800.0,pt,47,m,low,900.0,false,770010.65,5814000.83,-14.813333333333334,
bb_9cec0b48,28800.0,pt,75,f,very_high,5600.0,false,798102.82,5785598.57,-37.613333333333344,
bb_21abec22,28800.0,pt,54,f,high,4600.0,false,773428.26,5815111.98,-17.61333333333334,
bb_80bc6bd6,28800.0,pt,31,f,medium,3000.0,false,771516.8,5814082.47,-17.613333333333337,
bb_076abb87,28800.0,pt,1,f,high,4600.0,false,786910.94,5811017.37,-21.403333333333332,
bb_4d4a1af1,28800.0,pt,32,f,medium,3600.0,false,767540.85,5808654.72,-17.613333333333337,
bb_138726e5,28800.0,pt,57,f,medium,2600.0,false,777674.01,5830840.76,-13.313333333333334,
bb_90913c1d,28800.0,pt,47,f,medium,2600.0,false,788373.76,5846306.78,-26.813333333333336,
bb_26ca9c7e,28800.0,pt,47,f,high,4600.0,false,814502.93,5863833.49,-33.61333333333334,
bb_50cb6fa2,28800.0,pt,98,f,medium,1500.0,true,821939.18,5831140.98,-34.943333333333335,
bb_39629b8f,28800.0,pt,56,m,high,3000.0,false,788505.88,5816058.14,-17.613333333333333,
bb_d9319278,28800.0,pt,55,m,medium,3000.0,false,798885.55,5788547.23,-45.31333333333333,
bb_60cd0214,28800.0,pt,31,f,medium,2600.0,false,827384.58,5819144.5,-16.213333333333335,
bb_5efaaa25,28800.0,pt,25,f,medium,3000.0,false,815680.16,5827532.52,-14.943333333333333,
bb_775a45cd,28800.0,pt,60,m,low,900.0,false,802560.34,5797159.17,-21.513333333333332,
bb_d8461be3,28800.0,pt,64,m,high,3600.0,false,818698.03,5803494.21,-22.51333333333334,
bb_41cc0225,28800.0,pt,67,m,high,3600.0,false,753219.55,5805290.84,-24.21333333333334,
bb_87c157c3,28800.0,pt,17,m,very_low,900.0,false,815920.8,5828788.27,-16.943333333333335,
bb_71d141e0,28800.0,pt,0,f,low,2000.0,false,768105.48,5809933.85,-17.61333333333334,
bb_38bb3144,28800.0,pt,53,m,high,5600.0,false,822489.28,5808301.38,-46.71333333333334,
bb_42026010,28800.0,pt,69,m,very_low,900.0,false,823599.5,5822848.13,-23.913333333333334,
bb_6e9e35c7,28800.0,pt,64,m,very_low,900.0,true,762849.57,5805917.27,-41.61333333333333,
bb_2efbbce4,28800.0,pt,59,m,high,2600.0,false,820651.17,5803378.39,-22.713333333333335,
bb_bd2c9d86,28800.0,pt,44,m,low,900.0,false,851364.21,5810647.42,-64.21333333333334,
bb_7da5b128,28800.0,pt,8,m,high,4600.0,false,792378.02,5813060.04,-9.613333333333333,
bb_4d5f249c,28800.0,pt,37,f,high,3600.0,false,802263.08,5814857.93,-17.613333333333333,
bb_0b9b6d64,28800.0,pt,38,f,very_low,499.0,false,804123.24,5797265.56,-33.61333333333334,
bb_97a1af8e,28800.0,pt,70,f,low,1500.0,true,783826.33,5842335.15,-16.21333333333333,
bb_43562caa,28800.0,pt,20,m,very_low,2000.0,false,815982.68,5841088.49,-26.943333333333335,
bb_822e1658,28800.0,pt,17,m,very_high,5600.0,false,783504.53,5848955.09,-24.21333333333334,
bb_01c7353a,28800.0,pt,41,m,low,3000.0,false,762508.98,5835515.8,-17.313333333333336,
bb_653af78b,28800.0,pt,47,m,high,3600.0,false,800045.5,5808195.78,-14.813333333333334,
bb_d12121f8,28800.0,pt,2,f,medium,2600.0,false,786801.75,5812898.01,-16.213333333333335,
bb_6410f476,28800.0,pt,59,f,medium,2600.0,false,793659.38,5853767.33,-28.213333333333342,
bb_d5b15d55,28800.0,pt,3,m,very_low,1500.0,false,787839.95,5793279.58,-13.613333333333335,
bb_4637365d,28800.0,pt,26,m,high,3600.0,false,783901.34,5845653.72,-24.213333333333335,
bb_b70c885b,28800.0,pt,59,m,low,1500.0,true,786170.56,5853580.31,-17.613333333333337,
bb_ae429ea2,28800.0,pt,22,m,very_low,2000.0,false,817749.16,5800070.31,-22.71333333333334,
bb_4f3596c8,28800.0,pt,62,f,high,3000.0,true,824019.99,5823724.84,-26.943333333333335,
bb_1d608f51,28800.0,pt,30,m,medium,3000.0,false,789295.18,5814020.28,-13.613333333333335,
bb_d6ba300b,28800.0,pt,48,f,medium,3600.0,false,781578.39,5811649.01,-14.813333333333334,
bb_0d894e30,28800.0,pt,62,f,low,900.0,false,814180.01,5832327.01,-18.943333333333335,
bb_33e0cba9,28800.0,pt,48,f,high,4600.0,false,813079.3,5811236.37,-29.613333333333337,
bb_478a2131,28800.0,pt,41,m,very_low,900.0,false,799349.7,5849522.15,-17.613333333333333,
bb_06e9b7e0,28800.0,pt,9,f,very_high,5600.0,false,813505.98,5793947.98,-29.613333333333333,
bb_3d460673,28800.0,pt,51,f,very_low,500.0,false,821356.64,5822519.92,-23.91333333333333,
bb_ce66c72f,28800.0,pt,22,m,very_low,2000.0,true,742940.58,5820272.24,-29.613333333333333,
bb_d1fe5d41,28800.0,pt,51,m,medium,2600.0,false,801378.81,5810462.0,-14.813333333333334,
bb_af162921,28800.0,pt,41,m,high,3600.0,false,782706.43,5867771.09,-29.613333333333326,
bb_93b8d026,28800.0,pt,6,f,high,4600.0,false,816728.26,5806366.48,-21.443333333333335,
bb_41c2b5d0,28800.0,pt,57,m,very_high,5600.0,false,810142.27,5845991.2,-16.093333333333334,
bb_d01ae82d,28800.0,pt,60,m,very_low,500.0,true,799948.4,5795180.81,-33.61333333333334,
bb_357b9430,28800.0,pt,17,f,medium,3600.0,false,769469.96,5834007.72,-20.213333333333342,
bb_1e60ea1b,28800.0,pt,95,m,high,3600.0,true,821048.89,5824101.75,-23.913333333333334,
bb_505e6c5d,28800.0,pt,58,f,high,4600.0,false,805984.21,5845322.56,-20.093333333333334,
bb_3d7056f7,28800.0,pt,36,m,high,4600.0,false,822978.58,5830462.2,-14.943333333333333,
bb_a8a8ee18,28800.0,pt,5,m,medium,2600.0,false,810624.44,5814174.24,-18.813333333333336,
bb_72114d23,28800.0,pt,64,f,medium,1500.0,false,775914.23,5813570.73,-14.813333333333334,
bb_40bdafef,28800.0,pt,32,m,medium,1500.0,false,794083.62,5802257.76,-73.61333333333334,
bb_03c771f8,28800.0,pt,39,f,medium,2000.0,false,817151.98,5825745.43,-16.943333333333335,
bb_ac57b27c,28800.0,pt,45,f,high,3600.0,false,788800.74,5843927.39,-16.21333333333333,
bb_c46929d3,28800.0,pt,61,f,very_high,5600.0,false,762355.36,5805516.91,-17.61333333333334,
bb_d407f9be,28800.0,pt,2,m,medium,3000.0,false,801702.48,5853605.57,-22.813333333333336,
bb_5acc231b,28800.0,pt,68,f,very_low,900.0,false,800152.86,5807424.77,-14.813333333333334,
bb_0d82a722,28800.0,pt,20,m,high,3600.0,false,827171.6,5818212.47,-16.213333333333335,
bb_1298d72c,28800.0,pt,4,m,medium,3600.0,false,814065.66,5825346.63,-17.613333333333333,
bb_ab1d08da,28800.0,pt,73,f,medium,2000.0,false,785391.05,5809710.64,-21.403333333333332,
bb_6c52819d,28800.0,pt,72,m,low,900.0,false,809532.61,5844501.43,-26.813333333333333,
bb_20779450,28800.0,pt,57,m,low,1500.0,false,815956.6,5828714.13,-16.943333333333335,
bb_6221d072,28800.0,pt,51,f,very_low,499.0,true,795917.65,5854181.33,-29.613333333333333,
bb_963028e2,28800.0,pt,61,f,high,3000.0,true,777084.77,5849169.58,-24.21333333333334,
bb_1045cc47,28800.0,pt,66,f,high,2600.0,false,789808.77,5803181.07,-13.613333333333337,
bb_88168a85,28800.0,pt,39,f,medium,3000.0,false,787921.63,5803842.43,-13.613333333333335,
bb_af338302,28800.0,pt,95,m,medium,1500.0,true,830329.47,5798296.21,-90.51333333333334,
bb_1b481f58,28800.0,pt,70,m,medium,3000.0,false,818524.39,5828602.2,-18.943333333333335,
bb_a6ccc15d,28800.0,pt,27,m,low,2000.0,false,775950.13,5816582.29,-17.613333333333337,
bb_d9388545,28800.0,pt,34,m,high,3600.0,false,779811.1,5813713.54,-14.813333333333334,
bb_5ed8408c,28800.0,pt,38,m,medium,1500.0,false,754982.0,5827096.88,-23.713333333333335,
bb_8c7bd3e5,28800.0,pt,69,f,medium,3000.0,false,787806.4,5846163.89,-26.813333333333336,
bb_a728c75e,28800.0,pt,63,f,medium,2000.0,false,781248.66,5810956.01,-14.813333333333334,
bb_d8927987,28800.0,pt,48,m,low,2000.0,false,812718.96,5812467.67,-29.613333333333337,
bb_07d3d36e,28800.0,pt,61,m,low,1500.0,true,771234.7,5794577.05,-24.213333333333335,
bb_87ff6056,28800.0,pt,6,f,very_high,5600.0,false,814738.46,5854590.86,-30.813333333333336,
bb_70cb85ec,28800.0,pt,73,m,medium,2000.0,true,762278.78,5820357.35,-23.713333333333335,
bb_a582dbcc,28800.0,pt,21,m,very_high,4600.0,false,771769.32,5815592.97,-17.613333333333337,
bb_47dac7d7,28800.0,pt,63,f,very_low,500.0,true,814958.39,5811034.42,-29.613333333333326,
bb_074ad657,28800.0,pt,28,f,very_low,1500.0,false,826777.35,5822911.97,-30.043333333333337,
bb_66944194,28800.0,pt,53,m,high,3600.0,false,820549.07,5803700.3,-22.713333333333335,
bb_92039e59,28800.0,pt,62,f,very_high,5600.0,false,810166.0,5845462.07,-16.093333333333334,
bb_6cc515c9,28800.0,pt,47,f,medium,2000.0,false,805710.61,5845901.78,-22.813333333333333,
bb_8f50e3f0,28800.0,pt,79,m,low,1500.0,false,824361.99,5823782.12,-22.943333333333335,
bb_b33d404f,28800.0,pt,12,f,medium,3000.0,false,787678.86,5816046.46,-17.403333333333336,
bb_64d42ce2,28800.0,pt,46,m,low,2000.0,false,766229.17,5811593.0,-14.813333333333334,
bb_07b725f0,28800.0,pt,5,m,low,2000.0,false,815417.64,5804116.07,-13.613333333333335,
bb_4a48bbaa,28800.0,pt,38,m,high,3600.0,false,749752.18,5856650.05,-48.21333333333333,
bb_1d0b32f6,28800.0,pt,79,f,medium,1500.0,false,776367.13,5813272.52,-14.813333333333336,
bb_d983dd10,28800.0,pt,77,f,medium,1500.0,true,785971.63,5851928.71,-36.21333333333333,
bb_d9a71c14,28800.0,pt,3,m,high,3600.0,false,774776.41,5812355.79,-14.813333333333334,
bb_80562b4a,28800.0,pt,15,f,very_high,5600.0,false,796282.74,5844350.97,-19.68,
bb_aa67fd43,28800.0,pt,49,m,very_low,1500.0,false,777503.45,5810929.41,-17.613333333333337,
bb_4a5918b2,28800.0,pt,12,f,high,4600.0,false,823574.16,5817833.24,-23.913333333333334,
bb_27cd9102,28800.0,pt,45,m,very_low,499.0,false,767688.75,5829371.76,-16.113333333333333,
bb_422f57f2,28800.0,pt,34,f,medium,1500.0,false,786751.65,5851050.43,-36.213333333333324,
bb_d8017ac0,28800.0,pt,32,f,medium,2000.0,false,780700.04,5812069.88,-12.213333333333335,
bb_419b8fa3,28800.0,pt,4,f,medium,3000.0,false,809526.52,5808230.98,-21.613333333333333,
bb_9d59d58b,28800.0,pt,96,f,medium,1500.0,false,816767.13,5804889.52,-17.613333333333337,
bb_37235ded,28800.0,pt,65,f,very_low,900.0,false,789651.4,5843543.43,-14.813333333333334,
bb_30da5535,28800.0,pt,95,f,very_low,900.0,false,779946.35,5812386.04,-14.813333333333334,
bb_b2a9bb91,28800.0,pt,2,f,medium,3600.0,false,787076.99,5807172.14,-29.403333333333332,
bb_a5545d7d,28800.0,pt,56,f,high,3600.0,true,816242.53,5828575.93,-16.943333333333335,
bb_adeba147,28800.0,pt,97,f,high,3000.0,true,802592.22,5858737.5,-22.813333333333333,
bb_4f9e15b3,28800.0,pt,71,m,medium,2000.0,true,769105.24,5825552.15,-24.213333333333328,
bb_8081d57f,28800.0,pt,37,f,very_low,900.0,false,772353.49,5815791.79,-17.613333333333333,
bb_1b2f02c9,28800.0,pt,15,m,high,3000.0,false,763939.95,5837867.94,-32.11333333333333,
bb_c3db6fd4,28800.0,pt,76,f,medium,3000.0,false,790370.92,5813261.63,-13.613333333333335,
bb_da0f65f9,28800.0,pt,92,f,low,900.0,false,821266.59,5822507.42,-23.91333333333333,
bb_09252612,28800.0,pt,74,f,medium,3000.0,false,778801.82,5813593.25,-14.813333333333333,
bb_9b67df4a,28800.0,pt,43,m,medium,3000.0,false,778237.69,5858183.57,-28.21333333333334,
bb_7b133551,28800.0,pt,54,m,very_high,5600.0,false,804041.94,5806759.73,-35.913333333333334,
bb_3f3e3b16,28800.0,pt,97,f,medium,2000.0,false,783947.72,5800226.13,-21.513333333333332,
bb_7d30c718,28800.0,pt,46,m,very_low,900.0,false,768049.5,5810721.6,-17.61333333333334,
bb_480b8b9f,28800.0,pt,72,m,low,1500.0,false,821259.13,5841259.4,-26.943333333333335,
bb_4d84b941,28800.0,pt,16,m,medium,3600.0,false,779766.36,5807324.94,-17.613333333333333,
bb_0c3d9ee9,28800.0,pt,61,f,medium,1500.0,false,783689.98,5842046.66,-16.21333333333333,
bb_7c218bad,28800.0,pt,13,m,high,3600.0,false,810448.44,5848667.01,-26.813333333333333,
bb_4e371757,28800.0,pt,39,f,high,4600.0,false,794372.05,5812920.6,-13.613333333333333,
bb_8892d97f,28800.0,pt,31,m,high,4600.0,false,822489.42,5830641.65,-18.943333333333335,
bb_c27a83dd,28800.0,pt,18,m,high,3600.0,false,788224.13,5849193.57,-14.813333333333336,
bb_c04dc6e6,28800.0,pt,10,f,very_high,5600.0,false,790713.61,5855587.15,-28.21333333333334,
bb_230276ab,28800.0,pt,85,m,medium,2000.0,false,780201.71,5813083.24,-12.213333333333335,
bb_95c97c9f,28800.0,pt,10,m,very_low,2000.0,false,799556.84,5848835.91,-22.813333333333333,
bb_90dd62f2,28800.0,pt,34,f,medium,2000.0,false,779822.44,5812100.35,-12.213333333333335,
bb_5ad5a70c,28800.0,pt,45,m,medium,2000.0,false,786430.87,5813801.43,-14.813333333333334,
bb_54b47077,28800.0,pt,59,m,medium,3000.0,true,775546.87,5814249.58,-14.813333333333334,
bb_2b7f294b,28800.0,pt,21,m,very_low,2000.0,false,805724.76,5814331.98,-17.613333333333337,
bb_c960a14b,28800.0,pt,65,m,low,900.0,false,775733.42,5831517.97,-13.313333333333334,
bb_0e04ff90,28800.0,pt,22,f,low,2000.0,false,784727.71,5811228.14,-17.613333333333337,
bb_37b29485,28800.0,pt,22,f,very_low,900.0,false,779634.73,5812290.26,-14.813333333333334,
bb_97e3aac8,28800.0,pt,52,m,very_low,900.0,false,787754.01,5850475.66,-88.21333333333337,
bb_c068c956,28800.0,pt,40,m,medium,1500.0,false,784531.84,5839608.25,-16.21333333333333,
bb_d7776a88,28800.0,pt,7,f,very_high,5600.0,false,812476.34,5853365.18,-26.813333333333333,
bb_8edb41fc,28800.0,pt,56,f,high,3600.0,false,774882.43,5803017.97,-17.613333333333333,
bb_363df06f,28800.0,pt,45,m,very_low,500.0,true,795955.62,5842176.99,-16.21333333333334,
bb_15492906,28800.0,pt,50,f,medium,2000.0,false,789303.72,5813993.61,-13.613333333333335,
bb_2181c7fb,28800.0,pt,67,m,medium,2000.0,true,778493.54,5809591.76,-17.613333333333337,
bb_2c3c99eb,28800.0,pt,40,f,medium,3000.0,false,790742.84,5803432.78,-13.613333333333337,
bb_3f3b501a,28800.0,pt,17,m,low,1500.0,false,769762.36,5834306.32,-20.213333333333335,
bb_642eab51,28800.0,pt,93,f,medium,1500.0,false,810427.73,5843905.77,-22.813333333333333,
bb_892b5477,28800.0,pt,86,f,low,900.0,false,798979.96,5845713.23,-17.613333333333333,
bb_703a9ddf,28800.0,pt,16,f,high,4600.0,false,821323.35,5827435.01,-30.04333333333333,
bb_3509694e,28800.0,pt,16,f,medium,3600.0,false,776191.26,5814363.32,-14.813333333333334,
bb_8a5ace9f,28800.0,pt,18,f,low,1500.0,false,778118.08,5809523.44,-17.613333333333337,
bb_7f9e5bb2,28800.0,pt,87,f,medium,2600.0,true,775152.69,5818032.03,-14.813333333333334,
bb_86b5093f,28800.0,pt,44,f,medium,1500.0,false,778023.25,5831882.91,-11.713333333333333,
bb_4cbc7433,28800.0,pt,41,f,medium,2600.0,false,767256.27,5809365.07,-14.813333333333334,
bb_11e1d6c2,28800.0,pt,7,f,high,3600.0,false,781510.87,5795551.98,-37.61333333333333,
bb_9c156ca7,28800.0,pt,98,f,low,900.0,true,770156.38,5809213.42,-17.613333333333337,
bb_d066608a,28800.0,pt,0,f,high,5600.0,false,820996.5,5834310.4,-30.943333333333335,
bb_66f34048,28800.0,pt,39,m,medium,3600.0,false,778304.66,5812591.82,-12.213333333333335,
bb_8526d36e,28800.0,pt,29,m,very_low,900.0,false,814375.56,5812108.4,-13.613333333333337,
bb_52de2aaf,28800.0,pt,52,m,low,1500.0,false,816291.18,5828472.74,-14.943333333333335,
bb_d43e4ab6,28800.0,pt,70,f,medium,2000.0,false,808666.14,5838166.25,-19.443333333333335,
bb_70a00063,28800.0,pt,58,f,high,3600.0,false,767625.32,5810986.58,-17.61333333333334,
bb_5cdf2102,28800.0,pt,56,m,low,2000.0,false,788252.74,5848535.28,-17.913333333333334,
bb_41900a97,28800.0,pt,49,f,high,3600.0,false,765362.42,5812000.87,-14.813333333333334,
bb_58831110,28800.0,pt,47,m,high,3600.0,false,784254.31,5836836.89,-15.726666666666667,
bb_0154b005,28800.0,pt,48,m,low,1500.0,true,799313.53,5854845.47,-74.81333333333333,
bb_33e63023,28800.0,pt,47,m,very_high,5600.0,false,802021.41,5810641.4,-14.813333333333334,
bb_a91eef32,28800.0,pt,57,f,low,900.0,true,788304.95,5816051.33,-17.403333333333336,
bb_2bca7c55,28800.0,pt,0,f,high,4600.0,false,771588.56,5806162.93,-17.613333333333337,
bb_5c430718,28800.0,pt,11,f,low,3000.0,false,778586.12,5812891.32,-12.213333333333335,
bb_666d2569,28800.0,pt,61,m,medium,1500.0,false,778878.48,5810662.89,-17.61333333333334,
bb_79423f3f,28800.0,pt,48,f,very_high,5600.0,false,826171.07,5831790.15,-34.943333333333335,
bb_13490f37,28800.0,pt,74,m,low,900.0,false,767226.43,5811623.21,-14.813333333333336,
bb_c3d077d0,28800.0,pt,57,m,low,900.0,true,816299.9,5830354.07,-18.943333333333335,
bb_0d4b2627,28800.0,pt,2,f,very_low,1500.0,false,795838.81,5841765.33,-18.48,
bb_689d0adb,28800.0,pt,13,f,medium,3600.0,false,772815.69,5831185.86,-24.213333333333328,
bb_33680c11,28800.0,pt,62,f,high,3600.0,false,771602.63,5853381.04,-36.213333333333324,
bb_c9a9ba74,28800.0,pt,96,f,medium,2600.0,false,784159.8,5838437.74,-16.21333333333333,
bb_a32894c9,28800.0,pt,45,f,very_high,5600.0,false,795600.98,5845059.98,-19.680000000000003,
bb_9c6335ac,28800.0,pt,60,f,medium,2000.0,false,828020.55,5742847.52,-41.61333333333333,
bb_82a429c0,28800.0,pt,51,m,medium,2000.0,false,822676.35,5828407.98,-22.943333333333335,
bb_4366b95f,28800.0,pt,55,f,high,3600.0,false,775016.13,5828658.74,-13.313333333333334,
bb_a2d08145,28800.0,pt,73,m,low,900.0,true,785676.08,5813506.87,-14.813333333333334,
bb_35b5f25d,28800.0,pt,57,f,medium,3000.0,false,777227.91,5804043.9,-17.613333333333337,
bb_c0407486,28800.0,pt,57,m,high,3600.0,false,811503.06,5845970.97,-22.813333333333336,
bb_926cbcc6,28800.0,pt,47,m,high,4600.0,false,784297.78,5780728.03,-21.513333333333332,
bb_3e555c30,28800.0,pt,54,m,very_high,5600.0,false,769794.16,5813783.63,-17.613333333333337,
bb_8a014e87,28800.0,pt,70,m,medium,3000.0,false,788341.24,5812927.93,-16.213333333333335,
bb_38787131,28800.0,pt,53,f,very_low,500.0,true,765831.9,5807319.96,-17.61333333333334,
bb_2dc83e79,28800.0,pt,72,m,medium,3000.0,false,815242.18,5806555.04,-17.443333333333335,
bb_a5b78163,28800.0,pt,71,f,medium,2600.0,true,811541.68,5841592.33,-26.813333333333333,
bb_55da5bc0,28800.0,pt,30,m,very_low,2000.0,false,819169.59,5822382.67,-18.043333333333337,
bb_ba6381e5,28800.0,pt,51,m,low,900.0,false,794829.13,5853578.76,-28.21333333333334,
bb_4e57b7fc,28800.0,pt,63,m,very_low,499.0,true,765520.26,5808561.72,-22.813333333333336,
bb_1351aff6,28800.0,pt,51,m,high,3600.0,false,795504.25,5810196.12,-57.61333333333334,
bb_94992077,28800.0,pt,5,f,very_high,5600.0,false,815405.61,5797212.66,-17.613333333333344,
bb_77edfec3,28800.0,pt,27,m,low,1500.0,false,808118.43,5854916.78,-38.813333333333325,
bb_22e8a2b0,28800.0,pt,60,f,medium,2000.0,false,817882.93,5828547.26,-16.943333333333335,
bb_556ec60d,28800.0,pt,23,f,medium,2600.0,false,789643.11,5803890.97,-13.613333333333337,
bb_56afaeb6,28800.0,pt,35,m,very_low,1500.0,true,766109.86,5844419.75,-32.11333333333333,
bb_039dd6f3,28800.0,pt,35,m,very_low,900.0,false,768329.22,5810825.07,-17.61333333333334,
bb_9992e798,28800.0,pt,19,m,very_low,900.0,false,801166.21,5812972.11,-14.813333333333334,
bb_7928cf59,28800.0,pt,60,m,very_low,900.0,true,812144.26,5809857.59,-21.613333333333333,
bb_5941c46f,28800.0,pt,6,f,very_high,5600.0,false,814973.26,5812301.16,-17.443333333333335,
bb_086ab916,28800.0,pt,35,f,very_high,5600.0,false,785787.92,5814272.99,-14.813333333333334,
bb_5ad89ffd,28800.0,pt,37,m,high,4600.0,false,824928.64,5831680.46,-22.943333333333335,
bb_7e203f27,28800.0,pt,12,f,low,2000.0,false,771699.53,5828858.78,-16.113333333333333,
bb_1a7219d9,28800.0,pt,55,f,high,4600.0,false,773707.61,5848139.67,-48.21333333333333,
bb_534fc85d,28800.0,pt,83,f,very_low,499.0,false,772169.21,5816298.41,-17.613333333333337,
bb_cecb4008,28800.0,pt,31,m,medium,3000.0,false,785863.07,5854614.01,-28.92,
bb_bc3d9f09,28800.0,pt,41,f,very_low,500.0,false,822045.77,5822838.65,-23.91333333333333,
bb_b1b2f0ca,28800.0,pt,4,f,low,2000.0,false,776522.75,5813220.38,-14.813333333333334,
bb_1db92ef8,28800.0,pt,50,f,very_low,900.0,false,799050.65,5811978.5,-18.813333333333333,
bb_70060ca0,28800.0,pt,44,m,low,900.0,false,815103.72,5830980.31,-18.943333333333335,
bb_ad60ad1d,28800.0,pt,31,f,medium,2000.0,false,740350.64,5809164.9,-22.81333333333334,
bb_87a83a2e,28800.0,pt,25,m,medium,1500.0,false,791383.12,5813545.11,-12.213333333333333,
bb_91f0345c,28800.0,pt,71,m,medium,2000.0,false,760260.26,5847977.11,-161.0217549098906,
bb_d825c7f8,28800.0,pt,57,f,high,3600.0,false,816088.15,5802884.94,-17.613333333333337,
bb_88fb32bf,28800.0,pt,22,m,medium,2000.0,false,755801.09,5809837.65,-29.613333333333337,
bb_04daff1f,28800.0,pt,71,m,very_high,5600.0,false,819865.57,5812566.53,-22.513333333333335,
bb_00468d84,28800.0,pt,57,m,high,3600.0,false,817951.81,5803151.66,-22.713333333333335,
bb_43a68466,28800.0,pt,59,m,high,2600.0,false,774817.57,5815323.47,-14.813333333333334,
bb_10306d6c,28800.0,pt,43,f,medium,3000.0,false,785536.77,5812038.7,-16.213333333333335,
bb_99095359,28800.0,pt,32,m,medium,2000.0,false,775891.7,5833032.65,-16.113333333333333,
bb_49bb15b6,28800.0,pt,56,m,very_low,500.0,true,802507.82,5812588.46,-18.813333333333336,
bb_28f0fe66,28800.0,pt,47,m,high,3000.0,false,843806.16,5812792.49,-20.21333333333334,
bb_ceacc84f,28800.0,pt,73,m,high,3600.0,false,812654.17,5837991.98,-26.943333333333335,
bb_77c5a8b2,28800.0,pt,56,m,medium,2600.0,true,786183.87,5869102.08,-29.613333333333333,
bb_c930088a,28800.0,pt,46,f,high,3000.0,false,798996.57,5811553.13,-18.813333333333336,
bb_dc09c5c3,28800.0,pt,52,m,medium,3600.0,false,783995.45,5866768.42,-29.61333333333333,
bb_69044b9e,28800.0,pt,60,f,medium,3000.0,false,792098.13,5839872.75,-18.813333333333336,
bb_93714408,28800.0,pt,38,f,medium,3600.0,false,817466.08,5802795.89,-22.713333333333335,
bb_67f3a66f,28800.0,pt,42,m,medium,3600.0,false,778793.65,5810364.12,-17.613333333333337,
bb_0fc1f95f,28800.0,pt,66,f,medium,2000.0,false,788381.91,5858984.8,-36.213333333333324,
bb_d688ad78,28800.0,pt,74,m,very_high,5600.0,false,771602.25,5807106.14,-17.613333333333337,
bb_9f9d1218,28800.0,pt,74,f,low,900.0,false,791374.66,5814610.73,-13.613333333333335,
bb_1fe2a332,28800.0,pt,28,m,medium,2600.0,false,779091.84,5821796.75,-19.726666666666663,
bb_135ee89b,28800.0,pt,25,f,high,4600.0,false,815324.33,5801217.63,-17.61333333333334,
bb_0c522270,28800.0,pt,8,f,medium,3600.0,false,807497.84,5805217.3,-29.61333333333333,
bb_b9426a47,28800.0,pt,43,m,high,4600.0,false,807743.29,5840833.83,-17.913333333333334,
bb_8dfc6dbf,28800.0,pt,30,f,very_low,2000.0,false,802589.83,5859054.16,-22.813333333333333,
bb_6fd60d7d,28800.0,pt,34,f,medium,1500.0,false,799320.6,5810765.03,-14.813333333333336,
bb_458c25c8,28800.0,pt,27,m,very_high,4600.0,true,790516.31,5802012.9,-13.613333333333337,
bb_ce658c13,28800.0,pt,26,f,medium,3000.0,false,845137.59,5812165.97,-20.213333333333342,
bb_6c72f3d8,28800.0,pt,1,f,very_low,1500.0,false,825475.19,5823501.3,-23.913333333333334,
bb_77c60606,28800.0,pt,79,f,medium,2000.0,true,816403.73,5802802.14,-22.713333333333335,
bb_a3a9e25e,28800.0,pt,47,f,medium,2600.0,false,834727.02,5829057.68,-96.51333333333334,
bb_1b4e6d2d,28800.0,pt,8,f,high,4600.0,false,777259.11,5805532.62,-12.213333333333333,
bb_4d6f1910,28800.0,pt,51,f,very_high,5600.0,false,780481.62,5812675.12,-12.213333333333335,
bb_c5d44bbe,28800.0,pt,90,m,medium,2600.0,false,821892.65,5830584.14,-34.943333333333335,
bb_c8752c5b,28800.0,pt,3,f,low,1500.0,false,816002.03,5801131.51,-17.61333333333334,
bb_1bfa9ca4,28800.0,pt,56,m,very_high,5600.0,false,775218.49,5814260.79,-17.613333333333337,
bb_b70dbc06,28800.0,pt,58,m,very_low,500.0,true,805664.54,5842999.5,-16.093333333333334,
bb_d3679c77,28800.0,pt,32,f,high,3600.0,false,786086.13,5839532.29,-16.21333333333333,
bb_a1d22ee2,28800.0,pt,55,m,low,1500.0,true,818505.6,5828164.27,-18.943333333333335,
bb_780de26f,28800.0,pt,59,m,low,1500.0,false,797289.78,5842340.04,-16.21333333333334,
bb_007e776d,28800.0,pt,37,m,high,3600.0,false,753871.5,5869368.35,-24.21333333333334,
bb_03eaaaa1,28800.0,pt,67,f,very_low,900.0,false,771172.62,5814036.19,-17.613333333333333,
bb_8748b70b,28800.0,pt,56,m,medium,3000.0,false,743305.24,5814623.37,-26.813333333333333,
bb_8fdb33ff,28800.0,pt,34,f,low,2000.0,false,779721.13,5811470.53,-14.813333333333334,
bb_283d28f9,28800.0,pt,53,m,medium,1500.0,false,766932.7,5826513.76,-23.713333333333335,
bb_2d2d92de,28800.0,pt,14,f,medium,3600.0,false,823126.81,5848956.91,-26.943333333333342,
bb_10a55abd,28800.0,pt,48,m,low,3000.0,false,822731.21,5820372.67,-20.043333333333337,
bb_4a45642b,28800.0,pt,48,m,high,4600.0,false,784796.72,5799531.0,-21.513333333333335,
bb_a611fcb3,28800.0,pt,57,m,very_low,500.0,false,800412.14,5851450.69,-78.81333333333336,
bb_7bd995ff,28800.0,pt,40,f,low,2600.0,false,778035.31,5812727.67,-12.213333333333333,
bb_59cf223b,28800.0,pt,59,f,medium,2000.0,false,775191.06,5818470.41,-17.61333333333334,
bb_789a6000,28800.0,pt,50,f,high,4600.0,false,799005.69,5845864.22,-17.613333333333333,
bb_33a0deae,28800.0,pt,22,m,very_low,499.0,false,769836.35,5841243.74,-32.11333333333333,
bb_8114649b,28800.0,pt,73,f,very_low,500.0,false,822242.35,5828035.02,-22.943333333333335,
bb_a2757f7d,28800.0,pt,40,m,very_high,5600.0,false,817108.47,5895778.55,-65.61333333333334,
bb_5384bd5d,28800.0,pt,58,f,medium,3000.0,false,774958.14,5815846.18,-17.613333333333337,
bb_084ae1b4,28800.0,pt,9,m,very_low,900.0,false,775915.91,5832679.41,-16.113333333333333,
bb_5e98c82c,28800.0,pt,35,f,high,4600.0,false,777215.15,5812991.9,-14.813333333333334,
bb_be6e3bc8,28800.0,pt,61,f,very_low,499.0,false,790386.52,5811149.11,-18.813333333333336,
bb_3453ee05,28800.0,pt,85,m,medium,2000.0,false,780509.53,5787437.02,-25.613333333333337,
bb_3ef1c3a4,28800.0,pt,71,m,medium,3000.0,false,783802.54,5846173.86,-24.213333333333335,
bb_7d03e292,28800.0,pt,52,f,very_high,5600.0,false,774930.75,5828071.96,-16.113333333333333,
bb_75c181b5,28800.0,pt,11,f,high,4600.0,false,807634.63,5842262.13,-20.09333333333333,
bb_66d436da,28800.0,pt,62,m,medium,2000.0,false,801578.22,5853515.0,-22.813333333333333,
bb_9cb20a32,28800.0,pt,27,m,very_high,5600.0,false,773222.1,5820598.77,-17.61333333333334,
bb_95072ee5,28800.0,pt,98,f,medium,2600.0,true,799910.9,5806380.05,-25.613333333333337,
bb_4fd61920,28800.0,pt,52,m,very_high,5600.0,false,783787.69,5803247.86,-29.61333333333334,
bb_33eafb78,28800.0,pt,85,f,low,900.0,false,815099.56,5830803.13,-18.943333333333335,
bb_8981eca7,28800.0,pt,27,f,very_low,500.0,false,765868.6,5808057.03,-17.61333333333334,
bb_0a3ca5c9,28800.0,pt,55,f,very_low,500.0,true,770357.65,5828734.39,-23.713333333333335,
bb_0797699c,28800.0,pt,55,m,high,3000.0,false,741254.32,5810464.64,-22.81333333333334,
bb_bc46c750,28800.0,pt,81,m,medium,3000.0,false,823815.73,5824297.29,-23.913333333333334,
bb_0ad86771,28800.0,pt,36,m,medium,3600.0,false,777229.78,5812769.13,-14.813333333333334,
bb_27d8c5c4,28800.0,pt,23,m,medium,3600.0,false,875079.57,5816292.3,-35.91333333333334,
bb_3443f2ea,28800.0,pt,5,f,medium,2600.0,false,765601.3,5809150.05,-17.61333333333334,
bb_a85928bc,28800.0,pt,60,f,high,3000.0,false,812541.78,5856249.1,-22.813333333333336,
bb_d7df45c5,28800.0,pt,51,f,high,3600.0,false,775443.92,5849677.16,-48.21333333333333,
bb_dbe6ca01,28800.0,pt,25,m,medium,2600.0,false,786663.41,5767909.92,-37.613333333333344,
bb_818a6c93,28800.0,pt,56,f,very_low,500.0,false,780777.36,5810278.0,-17.613333333333337,
bb_80c97fb2,28800.0,pt,56,f,very_low,900.0,false,877329.9,5813073.83,-20.21333333333334,
bb_c9f4693a,28800.0,pt,62,f,medium,3000.0,false,784350.17,5852272.59,-24.21333333333334,
bb_da3bc76a,28800.0,pt,70,f,medium,1500.0,false,799892.02,5807890.28,-18.813333333333336,
bb_371e46f2,28800.0,pt,70,f,medium,2600.0,false,784790.23,5852959.38,-24.213333333333335,
bb_3608faa8,28800.0,pt,60,m,high,3600.0,false,777671.95,5831234.67,-11.713333333333335,
bb_787d9c72,28800.0,pt,79,f,low,900.0,false,822803.61,5820275.33,-18.043333333333337,
bb_470209fe,28800.0,pt,61,f,very_high,5600.0,false,790354.74,5813792.92,-12.213333333333335,
bb_8fca6aa5,28800.0,pt,51,f,low,2000.0,false,769601.29,5808990.06,-17.613333333333337,
bb_11032eff,28800.0,pt,23,f,medium,2000.0,false,774926.65,5829700.54,-13.313333333333334,
bb_450328e3,28800.0,pt,40,f,medium,3600.0,false,757019.11,5787508.75,-24.21333333333334,
bb_026da54b,28800.0,pt,66,f,high,3000.0,false,773084.65,5799054.1,-17.613333333333337,
bb_06bd7896,28800.0,pt,38,f,high,4600.0,false,824346.74,5831079.07,-18.943333333333335,
bb_132a256c,28800.0,pt,0,m,very_high,5600.0,false,785455.18,5854635.55,-28.92,
bb_2ebbf672,28800.0,pt,44,m,medium,3600.0,false,780584.5,5811141.03,-12.213333333333335,
bb_3f00bbbf,28800.0,pt,33,m,high,3600.0,false,808314.22,5842812.42,-20.093333333333334,
bb_10129015,28800.0,pt,48,f,medium,2000.0,false,780888.22,5799329.16,-24.213333333333335,
bb_605f95a4,28800.0,pt,30,m,low,900.0,false,822767.32,5800260.3,-29.613333333333333,
bb_3bec0957,28800.0,pt,81,f,high,4600.0,false,788875.84,5735213.03,-85.61333333333334,
bb_b617f85f,28800.0,pt,27,f,medium,2000.0,false,775670.07,5814499.41,-14.813333333333334,
bb_c5d032d3,28800.0,pt,38,f,low,900.0,false,814918.95,5803051.54,-17.613333333333337,
bb_18b5d2bd,28800.0,pt,37,f,very_high,5600.0,false,813508.27,5793944.42,-29.61333333333333,
bb_7cc00c55,28800.0,pt,44,f,medium,3600.0,false,818481.21,5829328.57,-14.943333333333333,
bb_d2fbefd3,28800.0,pt,13,f,very_low,1500.0,false,780924.0,5809267.46,-17.613333333333337,
bb_d0f9d92d,28800.0,pt,66,m,medium,2600.0,false,774776.57,5799626.06,-108.91333333333334,
bb_ab5cf2dc,28800.0,pt,33,f,medium,3000.0,false,777260.31,5814335.28,-14.813333333333334,
bb_79edb84e,28800.0,pt,17,f,high,3600.0,false,791811.92,5844183.83,-12.213333333333331,
bb_54e272f0,28800.0,pt,72,f,very_low,900.0,false,779737.2,5812061.84,-12.213333333333335,
bb_2dffe8e1,28800.0,pt,59,m,high,3600.0,false,763470.76,5792239.85,-17.613333333333333,
bb_bd974680,28800.0,pt,48,m,very_low,1500.0,false,776578.85,5840088.96,-23.713333333333335,
bb_bcae3649,28800.0,pt,78,f,low,1500.0,false,825702.0,5818217.34,-23.913333333333334,
bb_ba84fe2e,28800.0,pt,42,f,medium,3000.0,false,770245.25,5835007.44,-24.21333333333333,
bb_7166bcab,28800.0,pt,27,m,high,3600.0,false,780117.93,5823009.78,-17.313333333333336,
bb_ce6209b2,28800.0,pt,14,m,high,4600.0,false,785954.97,5856171.03,-28.92,
bb_2afcded0,28800.0,pt,73,m,medium,2000.0,false,826747.67,5831278.44,-22.943333333333335,
bb_d3e8f51d,28800.0,pt,44,m,medium,3600.0,false,771324.28,5814472.64,-17.613333333333337,
bb_ab3b5fc1,28800.0,pt,30,m,very_low,1500.0,false,779419.01,5814031.38,-15.726666666666665,
bb_7c04c3f6,28800.0,pt,46,f,very_low,500.0,false,756624.27,5856443.38,-36.21333333333333,
bb_6c8029d4,28800.0,pt,61,f,medium,2000.0,true,773851.58,5812437.57,-14.813333333333334,
bb_2568af6c,28800.0,pt,53,f,low,2000.0,false,791640.23,5840160.63,-18.81333333333334,
bb_58d0d80c,28800.0,pt,66,m,low,900.0,false,815841.11,5806519.52,-17.443333333333335,
bb_d31171d6,28800.0,pt,90,f,low,900.0,true,811826.93,5845946.35,-22.813333333333336,
bb_a8029716,28800.0,pt,87,f,medium,2000.0,false,779344.48,5814657.27,-17.613333333333337,
bb_94deba21,28800.0,pt,74,m,medium,2600.0,false,775442.15,5814213.85,-14.813333333333334,
bb_79e9329d,28800.0,pt,87,m,low,1500.0,false,806719.43,5836606.78,-19.443333333333335,
bb_d16fc378,28800.0,pt,91,f,low,1500.0,false,812774.6,5812655.98,-29.613333333333337,
bb_9535a439,28800.0,pt,99,m,high,4600.0,true,768343.76,5809092.58,-17.613333333333337,
bb_535188aa,28800.0,pt,51,f,medium,3000.0,false,813959.33,5810606.75,-29.613333333333337,
bb_d404a374,28800.0,pt,15,f,low,2000.0,false,811969.92,5841603.01,-26.943333333333335,
bb_c4c36bb2,28800.0,pt,15,f,very_low,1500.0,false,828499.75,5828093.75,-30.043333333333337,
bb_73c08370,28800.0,pt,34,m,medium,3000.0,false,785792.94,5851727.23,-36.21333333333333,
bb_92337955,28800.0,pt,73,f,low,900.0,false,808354.79,5837256.85,-16.093333333333334,
bb_4b40b455,28800.0,pt,56,m,very_low,900.0,true,786810.7,5850559.39,-36.213333333333324,
bb_3f20dbfd,28800.0,pt,5,m,very_high,5600.0,false,792357.07,5812618.27,-9.613333333333335,
bb_ac6c5738,28800.0,pt,60,m,very_high,5600.0,false,741640.59,5811510.44,-17.613333333333337,
bb_8200fb5f,28800.0,pt,96,m,low,900.0,true,788675.8,5844643.76,-16.213333333333335,
bb_6c5206a3,28800.0,pt,38,f,medium,3000.0,false,774303.66,5818195.7,-22.81333333333334,
bb_847ecbde,28800.0,pt,26,m,high,4600.0,false,790271.07,5803090.69,-13.613333333333337,
bb_4b7d5310,28800.0,pt,57,m,high,4600.0,false,801605.25,5810601.4,-14.813333333333334,
bb_a929d102,28800.0,pt,32,m,very_high,5600.0,false,774129.66,5798330.3,-108.91333333333334,
bb_180da5a8,28800.0,pt,9,f,very_high,5600.0,false,766357.01,5827240.53,-23.713333333333335,
bb_c48aa20a,28800.0,pt,22,m,low,1500.0,false,777177.04,5849255.58,-24.21333333333334,
bb_327624e1,28800.0,pt,86,m,medium,2000.0,false,792667.43,5840383.66,-18.813333333333336,
bb_39ebcab9,28800.0,pt,44,f,very_low,900.0,false,812277.96,5776796.91,-93.31333333333332,
bb_90125ab0,28800.0,pt,63,f,low,1500.0,true,780996.81,5809495.02,-17.613333333333333,
bb_428f3a84,28800.0,pt,2,m,high,4600.0,false,785963.11,5850061.15,-36.213333333333324,
bb_8a2119b7,28800.0,pt,67,m,high,3600.0,true,778787.77,5813112.39,-14.813333333333334,
bb_5b8c1549,28800.0,pt,41,m,medium,2000.0,false,790855.5,5812229.66,-21.443333333333335,
bb_28ebf688,28800.0,pt,10,f,very_high,5600.0,false,790658.27,5802916.45,-13.613333333333337,
bb_12328605,28800.0,pt,61,m,very_low,500.0,false,786935.52,5812153.32,-16.213333333333335,
bb_51ceb17b,28800.0,pt,44,f,high,3600.0,false,794142.99,5839970.8,-22.813333333333336,
bb_ab05f55d,28800.0,pt,51,m,medium,2000.0,false,815577.83,5798175.35,-17.613333333333337,
bb_cce36cd8,28800.0,pt,74,m,low,1500.0,false,774237.27,5800062.82,-22.813333333333336,
bb_51569644,28800.0,pt,70,m,low,900.0,false,802158.73,5795258.81,-33.61333333333334,
bb_79ef1324,28800.0,pt,44,m,very_low,900.0,false,812916.82,5809061.46,-21.61333333333333,
bb_712ac885,28800.0,pt,43,m,very_low,500.0,false,679017.63,5896012.97,-95.71333333333332,
bb_483005d3,28800.0,pt,48,f,high,3600.0,true,757655.35,5801366.41,-24.21333333333334,
bb_67969e3f,28800.0,pt,95,m,low,900.0,true,812831.02,5834892.7,-26.813333333333336,
bb_ad43cf88,28800.0,pt,54,m,medium,1500.0,false,810013.87,5834766.79,-13.613333333333333,
bb_66cce77a,28800.0,pt,50,m,very_high,5600.0,false,824622.08,5832336.14,-34.943333333333335,
bb_a37ed95d,28800.0,pt,43,f,medium,4600.0,false,777432.63,5830943.99,-11.713333333333335,
bb_7be3843f,28800.0,pt,18,m,high,3600.0,false,804200.8,5806655.85,-35.913333333333334,
bb_32245c32,28800.0,pt,31,f,medium,3600.0,false,801640.29,5850704.86,-78.81333333333336,
bb_b3506cf3,28800.0,pt,25,f,low,2000.0,false,775757.73,5815860.18,-17.613333333333337,
bb_8ac729f3,28800.0,pt,21,m,medium,3600.0,false,754669.39,5802008.45,-24.21333333333334,
bb_5cbc1ac2,28800.0,pt,52,f,very_low,900.0,false,791785.21,5814919.78,-13.613333333333335,
bb_27080c18,28800.0,pt,67,m,medium,2000.0,false,772195.49,5831282.48,-24.213333333333328,
bb_3023fbab,28800.0,pt,50,f,very_low,500.0,true,789474.5,5789397.67,-25.613333333333337,
bb_9873fcb3,28800.0,pt,31,f,low,900.0,false,783658.79,5840274.39,-16.213333333333335,
bb_9f3a493f,28800.0,pt,10,f,medium,3000.0,false,774875.84,5804681.8,-17.613333333333333,
bb_cb7094a2,28800.0,pt,29,m,low,2600.0,false,770374.57,5834108.82,-20.213333333333342,
bb_9b3e1454,28800.0,pt,13,f,high,3600.0,false,778901.39,5811637.61,-14.813333333333334,
bb_78f480f5,28800.0,pt,25,f,low,1500.0,false,745562.21,5799131.01,-36.21333333333333,
bb_242ffdb8,28800.0,pt,5,m,medium,3600.0,false,770428.21,5834374.09,-13.313333333333334,
bb_93e6fe82,28800.0,pt,57,m,low,2000.0,false,792488.19,5793538.92,-85.61333333333334,
bb_cba6f5b4,28800.0,pt,39,m,very_low,499.0,false,820498.79,5841593.34,-26.943333333333342,
bb_8404099e,28800.0,pt,54,m,low,1500.0,false,806133.52,5846046.93,-20.093333333333334,
bb_64de5fa4,28800.0,pt,96,f,low,3600.0,true,778700.95,5857905.77,-28.21333333333334,
bb_a8078f48,28800.0,pt,71,m,low,900.0,true,770573.62,5808840.86,-14.813333333333334,
bb_9ce9b137,28800.0,pt,42,f,high,4600.0,false,779846.98,5830673.48,-13.313333333333333,
bb_857a0ce3,28800.0,pt,34,m,high,2600.0,false,778399.3,5810525.97,-14.813333333333334,
bb_adcb62a3,28800.0,pt,33,f,high,3600.0,false,777766.03,5805900.77,-17.613333333333333,
bb_d977a8ff,28800.0,pt,25,f,low,1500.0,true,818581.6,5811231.99,-22.513333333333332,
bb_5729b7ae,28800.0,pt,8,f,high,4600.0,false,810795.42,5843361.52,-22.813333333333333,
bb_85de2cd0,28800.0,pt,52,f,very_high,5600.0,false,800490.82,5807008.14,-18.813333333333336,
bb_98d3ded2,28800.0,pt,43,f,high,3600.0,false,787652.95,5803678.57,-21.513333333333335,
bb_aa707ee4,28800.0,pt,45,m,high,2600.0,false,789633.88,5803875.56,-13.613333333333337,
bb_33d16157,28800.0,pt,9,m,very_high,5600.0,false,819609.81,5828440.33,-18.943333333333335,
bb_90032746,28800.0,pt,53,m,high,3600.0,false,831761.12,5775883.15,-90.51333333333334,
bb_bf0b4d2f,28800.0,pt,19,f,high,4600.0,false,787552.47,5811923.6,-21.403333333333336,
bb_6a00b018,28800.0,pt,80,f,medium,2000.0,false,790206.97,5802624.65,-13.613333333333339,
bb_5fbe9ad4,28800.0,pt,56,f,very_low,500.0,true,788209.66,5793445.46,-13.613333333333335,
bb_565b2aef,28800.0,pt,67,f,low,1500.0,true,802432.05,5855284.76,-22.813333333333333,
bb_667c44c2,28800.0,pt,38,f,medium,3600.0,false,773302.04,5839672.4,-23.713333333333335,
bb_83206db3,28800.0,pt,37,m,low,3000.0,false,754250.65,5805267.07,-24.21333333333334,
bb_66f6e640,28800.0,pt,63,f,high,2600.0,false,779299.21,5809851.1,-17.613333333333337,
bb_887df377,28800.0,pt,13,m,medium,3600.0,false,808597.69,5843334.16,-22.813333333333333,
bb_4b53bcc9,28800.0,pt,13,m,low,2000.0,false,785821.59,5852734.19,-24.21333333333334,
bb_3dfb4471,28800.0,pt,78,f,medium,2600.0,true,773752.76,5811451.38,-14.813333333333334,
bb_62e015f2,28800.0,pt,24,f,very_low,500.0,false,812187.61,5810828.11,-29.613333333333337,
bb_30a30d3b,28800.0,pt,49,m,high,3000.0,false,832194.46,5779220.63,-90.51333333333334,
bb_8178d1c2,28800.0,pt,61,m,very_low,499.0,true,818716.47,5830322.89,-18.943333333333335,
bb_a8951cfc,28800.0,pt,32,m,medium,3000.0,false,787174.86,5811647.46,-16.213333333333335,
bb_45219a47,28800.0,pt,17,m,medium,3000.0,false,777274.03,5830174.85,-14.813333333333334,
bb_d6567627,28800.0,pt,47,m,high,4600.0,false,810488.83,5835727.85,-26.943333333333335,
bb_1c8082ca,28800.0,pt,54,f,medium,2000.0,false,777948.88,5809893.41,-17.613333333333337,
bb_461cdf02,28800.0,pt,60,m,very_low,900.0,true,786211.37,5853844.37,-17.613333333333337,
bb_7a3cad0c,28800.0,pt,39,m,high,3600.0,false,792821.59,5808551.48,-18.813333333333336,
bb_5adead2d,28800.0,pt,67,f,low,900.0,true,799096.64,5849501.29,-17.613333333333333,
bb_72f476be,28800.0,pt,43,m,high,4600.0,false,774672.81,5846456.61,-48.21333333333333,
bb_cf37239f,28800.0,pt,35,f,very_low,1500.0,false,775602.15,5855588.22,-72.21333333333332,
bb_8d8c383f,28800.0,pt,54,m,low,900.0,true,807424.69,5805088.25,-29.61333333333333,
bb_3d44b59e,28800.0,pt,41,f,medium,1500.0,false,815122.7,5808188.59,-21.61333333333333,
bb_afa56cba,28800.0,pt,23,f,very_low,500.0,false,777678.28,5810883.9,-14.813333333333334,
bb_338189a0,28800.0,pt,82,m,medium,1500.0,false,824360.12,5823726.82,-22.943333333333335,
bb_b3e6080a,28800.0,pt,3,m,high,4600.0,false,775717.97,5833402.33,-16.113333333333333,
bb_52d0a319,28800.0,pt,57,m,very_high,5600.0,false,741695.08,5813207.73,-17.613333333333337,
bb_6472aeae,28800.0,pt,55,m,very_low,500.0,false,805777.07,5842612.82,-16.093333333333334,
bb_710d5608,28800.0,pt,2,m,high,4600.0,false,777436.18,5814329.71,-14.813333333333334,
bb_31fb3257,28800.0,pt,36,f,very_low,2000.0,false,815107.25,5802961.85,-17.613333333333337,
bb_49c4392a,28800.0,pt,91,m,medium,2600.0,false,815819.78,5795918.35,-29.613333333333337,
bb_617759cb,28800.0,pt,53,f,very_low,500.0,true,815030.1,5806972.1,-17.61333333333334,
bb_8144e03c,28800.0,pt,16,m,high,5600.0,false,762192.91,5811250.17,-22.813333333333336,
bb_2d8d455a,28800.0,pt,36,f,high,3600.0,false,779434.47,5813422.67,-14.813333333333333,
bb_7bb7a434,28800.0,pt,52,m,medium,3600.0,false,795844.0,5867074.16,-41.61333333333334,
bb_51eba445,28800.0,pt,39,f,very_high,5600.0,false,820475.63,5806302.67,-22.713333333333335,
bb_1016b0db,28800.0,pt,0,f,medium,3000.0,false,765765.09,5833495.49,-20.213333333333342,
bb_7db1e273,28800.0,pt,22,m,high,3600.0,false,773936.42,5831415.6,-16.113333333333333,
bb_7c9b6b12,28800.0,pt,31,m,very_low,900.0,false,788893.27,5849137.82,-14.813333333333333,
bb_92ff935a,28800.0,pt,84,f,very_low,1500.0,true,823279.76,5818936.32,-11.913333333333334,
bb_26eebeb6,28800.0,pt,66,m,medium,2000.0,false,766970.83,5810817.28,-17.61333333333334,
bb_c06c328d,28800.0,pt,12,f,very_high,5600.0,false,787240.93,5853939.42,-17.613333333333337,
bb_6b633229,28800.0,pt,43,m,medium,3600.0,false,815508.06,5800900.63,-17.613333333333337,
bb_2dff8dac,28800.0,pt,90,m,high,3000.0,true,795991.66,5843960.69,-18.480000000000004,
bb_5d67ac43,28800.0,pt,73,f,low,900.0,false,776124.06,5805380.32,-14.813333333333333,
bb_b0d5884e,28800.0,pt,42,m,high,4600.0,false,784209.14,5841237.6,-16.21333333333333,
bb_283522a5,28800.0,pt,2,m,very_low,1500.0,false,788549.78,5815126.73,-17.613333333333333,
bb_a540d0a0,28800.0,pt,40,f,very_high,5600.0,false,845504.16,5805823.21,-23.913333333333334,
bb_90bcd734,28800.0,pt,53,m,medium,1500.0,false,820112.82,5841676.48,-26.943333333333342,
bb_d2d7b248,28800.0,pt,37,f,very_low,1500.0,false,796620.57,5807649.54,-25.613333333333333,
bb_ba59c151,28800.0,pt,33,m,very_low,500.0,false,780155.76,5832863.16,-23.713333333333335,
bb_14133309,28800.0,pt,71,m,high,2600.0,false,806576.68,5837462.61,-17.913333333333334,
bb_489bda95,28800.0,pt,33,f,medium,2600.0,false,810959.39,5794764.6,-29.613333333333333,
bb_cf495065,28800.0,pt,62,m,very_low,500.0,false,767129.86,5811164.49,-17.61333333333334,
bb_93565449,28800.0,pt,48,f,very_low,900.0,false,775567.12,5813321.87,-14.813333333333334,
bb_72be4066,28800.0,pt,11,m,very_high,5600.0,false,775036.93,5831302.96,-13.313333333333334,
bb_132a3246,28800.0,pt,40,m,very_low,500.0,true,766117.19,5816472.02,-17.613333333333337,
bb_2ad2fbc2,28800.0,pt,45,m,medium,3600.0,false,787425.7,5814961.79,-17.403333333333336,
bb_665a611c,28800.0,pt,46,f,medium,3000.0,false,815193.89,5812689.72,-29.61333333333333,
bb_6b8160a8,28800.0,pt,31,m,high,3600.0,false,786211.32,5780454.5,-21.513333333333332,
bb_6259c936,28800.0,pt,37,m,very_low,499.0,false,762697.08,5810811.12,-22.813333333333336,
bb_2b465fed,28800.0,pt,57,m,medium,2000.0,false,790404.03,5843827.98,-14.813333333333333,
bb_70e3b32c,28800.0,pt,33,m,medium,2000.0,false,770117.93,5813614.5,-17.613333333333337,
bb_1c2a9a77,28800.0,pt,43,f,very_high,5600.0,false,816753.54,5798241.77,-17.613333333333337,
bb_3fd7a53a,28800.0,pt,58,f,very_low,500.0,true,785953.0,5850162.2,-36.21333333333333,
bb_c4072914,28800.0,pt,53,f,medium,1500.0,false,805989.37,5840134.96,-17.913333333333334,
bb_5a1d689d,28800.0,pt,56,m,very_high,5600.0,false,787434.03,5815606.13,-17.403333333333336,
bb_6d745d7e,28800.0,pt,73,f,medium,1500.0,false,780414.94,5831161.18,-16.113333333333333,
bb_4e973d3c,28800.0,pt,35,m,medium,2600.0,false,808030.37,5846223.67,-16.093333333333334,
bb_1cf6a289,28800.0,pt,34,m,medium,3000.0,false,814254.43,5812580.99,-13.613333333333337,
bb_bd08a4cc,28800.0,pt,24,f,medium,2600.0,false,822613.8,5838303.52,-30.943333333333335,
bb_865294ff,28800.0,pt,81,m,high,3000.0,false,785574.77,5850981.28,-36.213333333333324,
bb_84a61602,28800.0,pt,52,m,high,5600.0,false,778330.36,5812830.7,-12.213333333333335,
bb_a40fdb46,28800.0,pt,77,f,low,900.0,false,795637.38,5840320.84,-16.21333333333333,
bb_2d508ec7,28800.0,pt,64,f,medium,2000.0,false,780455.11,5841557.53,-20.21333333333334,
bb_d04bfb5f,28800.0,pt,6,m,very_low,900.0,false,787089.63,5850308.82,-36.213333333333324,
bb_c098c78e,28800.0,pt,80,f,high,3000.0,true,765240.52,5830359.97,-23.713333333333335,
bb_a19b4d70,28800.0,pt,41,m,high,3000.0,false,780231.21,5848804.92,-16.21333333333333,
bb_4e01cadb,28800.0,pt,28,m,medium,2600.0,false,792013.2,5813734.55,-13.613333333333335,
bb_604263da,28800.0,pt,41,f,medium,2000.0,false,822568.58,5828089.75,-22.943333333333335,
bb_cb0fc52c,28800.0,pt,71,f,high,3000.0,false,770214.8,5833970.83,-20.21333333333334,
bb_d0537d3e,28800.0,pt,72,f,low,1500.0,false,800786.24,5842996.52,-19.68,
bb_7740675c,28800.0,pt,30,f,very_low,900.0,false,801886.11,5853761.95,-22.813333333333333,
bb_a16ed251,28800.0,pt,19,m,very_low,900.0,false,811877.7,5794135.85,-29.613333333333333,
bb_9c4fad0f,28800.0,pt,60,m,high,3000.0,true,766686.61,5812041.34,-14.813333333333334,
bb_9ef6d037,28800.0,pt,98,m,high,3600.0,true,818724.51,5823447.4,-23.91333333333333,
bb_2931b2c6,28800.0,pt,32,m,medium,3600.0,false,777131.44,5805782.92,-12.213333333333335,
bb_b5518bf9,28800.0,pt,18,m,very_low,900.0,false,825663.89,5823542.18,-23.91333333333333,
bb_2587a584,28800.0,pt,38,f,low,1500.0,false,738681.49,5809638.12,-29.613333333333333,
bb_bbec226e,28800.0,pt,69,f,low,1500.0,false,779242.04,5813003.45,-14.813333333333334,
bb_b16ddba6,28800.0,pt,50,m,high,3000.0,false,774956.86,5814675.43,-14.813333333333334,
bb_c779fa90,28800.0,pt,14,m,high,4600.0,false,793130.84,5810294.48,-18.813333333333336,
bb_8938f183,28800.0,pt,33,m,very_low,500.0,false,781728.94,5848086.29,-24.213333333333335,
bb_bd47a530,28800.0,pt,59,m,high,4600.0,false,800211.53,5810886.03,-14.813333333333334,
bb_1abd33c9,28800.0,pt,72,m,low,900.0,true,789864.18,5789060.73,-25.613333333333337,
bb_c73d5097,28800.0,pt,35,f,low,1500.0,false,809014.98,5846108.53,-20.093333333333334,
bb_867f6554,28800.0,pt,27,f,high,3600.0,false,774282.19,5811933.01,-14.813333333333334,
bb_138e8089,28800.0,pt,8,m,high,3600.0,false,775967.12,5813364.77,-14.813333333333334,
bb_851f9845,28800.0,pt,44,m,high,4600.0,false,778912.55,5817209.58,-17.613333333333333,
bb_6a276310,28800.0,pt,52,m,high,4600.0,false,817003.64,5825582.24,-20.943333333333335,
bb_d3c2dc53,28800.0,pt,46,f,very_high,5600.0,false,772183.29,5815468.51,-17.613333333333337,
bb_bd5a97a9,28800.0,pt,70,m,medium,2000.0,false,819743.2,5832320.0,-18.943333333333335,
bb_4225e680,28800.0,pt,30,m,high,3000.0,false,752214.17,5813126.5,-29.613333333333337,
bb_9995e441,28800.0,pt,14,f,very_low,1500.0,false,753595.56,5805249.84,-24.21333333333334,
bb_2093da45,28800.0,pt,65,f,low,1500.0,true,815924.5,5828332.53,-16.943333333333335,
bb_d21b78c2,28800.0,pt,6,m,high,3600.0,false,813191.44,5804314.09,-22.713333333333335,
bb_580c00c0,28800.0,pt,64,m,high,3600.0,false,765375.47,5816286.93,-17.613333333333337,
bb_5f6be096,28800.0,pt,43,m,medium,2000.0,false,847239.07,5726965.24,-29.613333333333333,
bb_8ded34e2,28800.0,pt,96,m,low,900.0,true,785067.66,5812607.08,-17.613333333333337,
bb_bcf681ed,28800.0,pt,39,m,medium,3600.0,false,757711.06,5871583.44,-36.21333333333332,
bb_61ccef8f,28800.0,pt,53,f,low,1500.0,false,792917.29,5813732.66,-13.613333333333335,
bb_ac4940de,28800.0,pt,37,f,medium,3000.0,false,780658.16,5843011.48,-20.213333333333335,
bb_d7fc090e,28800.0,pt,41,f,medium,3000.0,false,774985.8,5831165.22,-13.313333333333334,
bb_7e1652aa,28800.0,pt,10,m,high,4600.0,false,775594.39,5833779.49,-20.213333333333335,
bb_96811a5a,28800.0,pt,67,m,medium,2000.0,false,813989.47,5832877.77,-18.943333333333335,
bb_6b9e42ed,28800.0,pt,52,f,medium,3000.0,false,781026.84,5844421.45,-20.213333333333335,
bb_68e1f18d,28800.0,pt,6,f,medium,3600.0,false,801149.97,5809232.78,-18.813333333333336,
bb_51ef0e91,28800.0,pt,35,f,high,4600.0,false,774541.14,5815461.17,-17.613333333333337,
bb_3288de74,28800.0,pt,67,m,medium,2000.0,true,822577.26,5832104.41,-34.94333333333333,
bb_979fe812,28800.0,pt,70,m,high,3600.0,false,815087.6,5800205.41,-41.613333333333344,
bb_d5560df5,28800.0,pt,7,f,high,4600.0,false,786592.8,5852033.8,-24.21333333333334,
bb_5d8de2eb,28800.0,pt,13,f,low,1500.0,false,774334.03,5798405.07,-108.91333333333334,
bb_2b708448,28800.0,pt,38,m,medium,2600.0,false,769834.07,5833962.77,-20.21333333333334,
bb_a181d344,28800.0,pt,80,m,medium,3000.0,false,808119.73,5814270.26,-16.21333333333333,
bb_6a8c68dc,28800.0,pt,28,m,very_low,499.0,false,805088.91,5794642.56,-33.61333333333334,
bb_55ecba5e,28800.0,pt,26,f,very_high,5600.0,false,823947.18,5864403.92,-21.61333333333334,
bb_0096d7b2,28800.0,pt,18,m,medium,3600.0,false,808027.36,5843507.54,-20.093333333333334,
bb_88e00d84,28800.0,pt,23,f,medium,1500.0,false,846531.28,5727180.57,-29.613333333333333,
bb_06e54cac,28800.0,pt,94,m,medium,2000.0,true,817822.54,5804612.44,-17.613333333333337,
bb_852bc5d7,28800.0,pt,58,f,medium,1500.0,false,811362.2,5846343.52,-20.093333333333334,
bb_d78b9383,28800.0,pt,53,f,very_low,500.0,true,787098.91,5855088.42,-17.613333333333337,
bb_ba495143,28800.0,pt,30,m,medium,2000.0,false,866245.65,5747631.67,-46.71333333333334,
bb_63716457,28800.0,pt,24,m,medium,2600.0,false,778556.96,5810660.81,-14.813333333333334,
bb_cb9b5642,28800.0,pt,23,m,low,900.0,false,785654.07,5853115.84,-24.213333333333335,
bb_c594ea6b,28800.0,pt,5,m,high,3600.0,false,814255.72,5810239.35,-17.613333333333344,
bb_9a3bca63,28800.0,pt,68,f,medium,3000.0,false,786055.44,5813555.1,-14.813333333333334,
bb_0529f274,28800.0,pt,59,m,medium,1500.0,false,805205.05,5843543.98,-16.093333333333334,
bb_b6f69f70,28800.0,pt,72,f,medium,2000.0,false,775942.99,5834455.35,-20.21333333333333,
bb_8a4a86e4,28800.0,pt,62,m,high,4600.0,false,814543.02,5812468.06,-13.613333333333335,
bb_54bd3737,28800.0,pt,78,m,medium,3000.0,true,817771.08,5809873.08,-22.51333333333334,
bb_5eb66a15,28800.0,pt,10,f,very_high,5600.0,false,780942.96,5811608.43,-12.213333333333335,
bb_55528cb8,28800.0,pt,32,m,very_low,500.0,false,766904.56,5812303.07,-14.813333333333336,
bb_7327c4d1,28800.0,pt,51,m,high,4600.0,false,787942.61,5852473.82,-14.813333333333333,
bb_1345c167,28800.0,pt,58,f,high,3000.0,false,823693.26,5815828.91,-23.91333333333333,
bb_d16abc16,28800.0,pt,33,m,very_high,5600.0,false,845189.79,5888255.12,-33.61333333333334,
bb_6372d91e,28800.0,pt,2,f,high,3600.0,false,795905.51,5841181.75,-16.21333333333333,
bb_b1bdb77f,28800.0,pt,38,m,medium,2000.0,false,821158.35,5864891.31,-21.613333333333337,
bb_ccecd990,28800.0,pt,35,f,high,4600.0,false,768445.74,5820972.41,-17.613333333333333,
bb_23e6998b,28800.0,pt,36,m,low,2000.0,false,844423.68,5813711.64,-16.213333333333335,
bb_5f919966,28800.0,pt,42,f,very_low,500.0,false,801569.53,5850637.41,-78.81333333333335,
bb_9bc68cdb,28800.0,pt,16,m,high,3600.0,false,786431.73,5804229.79,-13.613333333333337,
bb_d15ac2ff,28800.0,pt,85,m,medium,1500.0,true,800025.79,5806294.93,-25.613333333333337,
bb_1469e2d9,28800.0,pt,57,f,high,3600.0,false,809674.19,5846091.2,-16.093333333333334,
bb_1efbfba0,28800.0,pt,62,m,very_low,500.0,false,767751.42,5829231.45,-16.113333333333333,
bb_ccf566ec,28800.0,pt,6,f,medium,2000.0,false,789540.07,5844271.86,-14.813333333333334,
bb_6ef7b48e,28800.0,pt,52,m,very_low,500.0,false,771416.34,5828984.62,-16.113333333333333,
bb_b451e2e5,28800.0,pt,65,m,high,3000.0,true,778623.97,5812700.84,-12.213333333333335,
bb_7393f149,28800.0,pt,64,m,high,3600.0,true,819853.69,5827790.54,-18.943333333333335,
bb_739874c5,28800.0,pt,30,f,high,4600.0,false,816505.27,5797621.11,-17.613333333333337,
bb_0dd5ab0c,28800.0,pt,57,f,very_low,900.0,true,819735.63,5832399.22,-18.943333333333335,
bb_c7b6a6d1,28800.0,pt,60,f,medium,3000.0,true,811915.49,5846485.78,-22.813333333333336,
bb_26210449,28800.0,pt,53,m,very_low,500.0,true,787705.31,5850586.5,-88.21333333333334,
bb_5f40894e,28800.0,pt,6,f,high,3600.0,false,810561.41,5843943.2,-22.813333333333333,
bb_9cacf813,28800.0,pt,48,f,high,4600.0,false,826985.51,5823850.1,-23.913333333333334,
bb_5b973d83,28800.0,pt,85,m,very_low,900.0,true,810577.18,5843847.98,-22.813333333333333,
bb_a0af9665,28800.0,pt,12,m,medium,2000.0,false,800394.78,5849339.51,-78.81333333333336,
bb_38cde6d9,28800.0,pt,63,m,very_low,500.0,false,806792.57,5842817.41,-20.09333333333333,
bb_158a66e2,28800.0,pt,16,m,low,2000.0,false,776079.84,5830313.32,-13.313333333333334,
bb_05c5e085,28800.0,pt,32,m,very_high,5600.0,false,823948.48,5829742.63,-18.943333333333335,
bb_093577d1,28800.0,pt,74,f,very_low,500.0,false,817209.96,5830090.83,-18.943333333333335,
bb_3255cd61,28800.0,pt,22,f,medium,2600.0,false,790565.15,5844057.99,-14.813333333333333,
bb_cb22d04d,28800.0,pt,17,m,very_low,2000.0,false,779109.68,5810691.56,-17.613333333333337,
bb_62c32631,28800.0,pt,41,m,low,2000.0,true,785750.16,5855448.75,-28.92,
bb_51ab813f,28800.0,pt,53,m,high,4600.0,false,822439.09,5818453.92,-16.213333333333335,
bb_cc27ce1c,28800.0,pt,19,m,low,900.0,false,788873.19,5847927.59,-24.213333333333335,
bb_cc32e530,28800.0,pt,13,f,high,5600.0,false,811508.22,5846622.54,-22.813333333333336,
bb_069f9e0f,28800.0,pt,64,f,medium,2600.0,false,796324.77,5853720.72,-29.613333333333337,
bb_a05fac8b,28800.0,pt,87,f,medium,2000.0,true,766177.82,5808357.29,-17.61333333333334,
bb_75d057fb,28800.0,pt,55,m,very_low,499.0,true,815022.92,5807010.23,-17.61333333333334,
bb_ca964726,28800.0,pt,33,f,medium,2000.0,false,778965.14,5812047.83,-12.213333333333335,
bb_23f0cbce,28800.0,pt,35,m,medium,3600.0,false,799751.62,5806370.74,-25.613333333333333,
bb_bcbb1eeb,28800.0,pt,36,m,medium,2600.0,false,831258.4,5831807.99,-24.513333333333332,
bb_2e86e55b,28800.0,pt,50,m,medium,2600.0,false,770775.39,5828671.73,-16.113333333333333,
bb_8c7f4662,28800.0,pt,38,m,low,2000.0,false,788631.58,5815489.16,-16.213333333333335,
bb_cfce09e6,28800.0,pt,77,m,low,900.0,true,817559.26,5803024.76,-22.713333333333335,
bb_448c8852,28800.0,pt,5,m,very_high,5600.0,false,820714.98,5812856.04,-22.513333333333335,
bb_a147ca5b,28800.0,pt,3,m,medium,2600.0,false,815984.58,5807565.53,-17.61333333333334,
bb_783fc9e6,28800.0,pt,45,m,high,3600.0,false,778520.67,5810047.03,-17.613333333333337,
bb_23593e2e,28800.0,pt,84,m,medium,3000.0,true,816419.34,5829885.75,-18.943333333333335,
bb_6f0e8cda,28800.0,pt,36,m,low,900.0,false,784320.9,5852288.93,-24.21333333333334,
bb_460aff6a,28800.0,pt,12,f,medium,3000.0,false,806204.53,5814368.38,-17.61333333333334,
bb_a76f6d51,28800.0,pt,30,f,high,4600.0,false,776106.92,5813749.18,-14.813333333333334,
bb_296c9e14,28800.0,pt,45,m,medium,1500.0,false,844780.51,5867008.3,-45.31333333333333,
bb_412559a2,28800.0,pt,68,m,high,4600.0,true,778775.43,5820779.63,-17.61333333333334,
bb_c0eb76b3,28800.0,pt,62,f,medium,2000.0,true,820226.1,5803467.51,-22.713333333333335,
bb_d6a4be99,28800.0,pt,32,f,low,1500.0,false,739130.64,5813770.11,-22.813333333333336,
bb_838899b3,28800.0,pt,5,f,medium,3000.0,false,805522.61,5840467.58,-17.12,
bb_bb91f016,28800.0,pt,19,m,medium,3600.0,false,776320.78,5830373.42,-14.813333333333334,
bb_17c112cf,28800.0,pt,46,f,high,3600.0,false,790640.83,5802736.73,-13.613333333333335,
bb_cd569819,28800.0,pt,32,f,medium,1500.0,false,757307.04,5812473.17,-17.613333333333337,
bb_1c2da1e7,28800.0,pt,42,f,high,4600.0,false,790607.71,5802617.26,-13.613333333333339,
bb_7981306c,28800.0,pt,94,f,low,900.0,true,819612.93,5828858.55,-14.943333333333333,
bb_91a0022c,28800.0,pt,0,m,high,4600.0,false,774601.14,5831268.22,-13.313333333333334,
bb_1a5ed520,28800.0,pt,64,m,very_high,5600.0,false,785774.95,5814043.45,-14.813333333333334,
bb_92800acc,28800.0,pt,93,m,very_high,5600.0,false,823425.82,5864109.62,-21.613333333333337,
bb_2efd8e68,28800.0,pt,76,m,medium,1500.0,false,777609.22,5813003.06,-14.813333333333334,
bb_8887f7b7,28800.0,pt,12,m,high,3600.0,false,775855.76,5816058.96,-17.613333333333337,
bb_17635571,28800.0,pt,42,f,very_high,4600.0,false,810825.31,5845511.96,-16.093333333333334,
bb_6049e70d,28800.0,pt,51,m,very_high,5600.0,false,840243.08,5757094.24,-34.71333333333334,
bb_cec84757,28800.0,pt,66,f,medium,1500.0,true,790233.27,5846596.0,-14.813333333333333,
bb_6da5d763,28800.0,pt,61,m,medium,3000.0,false,772211.08,5820971.62,-22.813333333333336,
bb_b7fab56c,28800.0,pt,77,m,medium,3000.0,true,827817.98,5834774.19,-34.943333333333335,
bb_4121ad31,28800.0,pt,74,m,medium,1500.0,false,778693.21,5820069.38,-19.726666666666667,
bb_4e712c17,28800.0,pt,37,f,medium,1500.0,false,815111.58,5828606.45,-12.943333333333333,
bb_bc56e947,28800.0,pt,45,f,medium,2000.0,false,776628.47,5829976.14,-14.813333333333334,
bb_cb604ba6,28800.0,pt,66,f,low,900.0,true,766741.04,5811027.18,-14.813333333333334,
bb_117ada04,28800.0,pt,51,f,medium,3000.0,true,776481.16,5801413.33,-17.613333333333337,
bb_b8c93f80,28800.0,pt,56,f,medium,3000.0,false,773418.3,5814604.13,-17.61333333333334,
bb_9281b133,28800.0,pt,67,m,medium,2000.0,false,781689.05,5848078.38,-24.21333333333333,
bb_8baeb4b5,28800.0,pt,39,f,very_low,500.0,false,816002.44,5807183.85,-17.61333333333334,
bb_aa248168,28800.0,pt,34,f,medium,3000.0,false,819867.84,5832641.35,-18.943333333333335,
bb_413b398e,28800.0,pt,47,f,low,900.0,true,767105.63,5810632.16,-14.813333333333334,
bb_834f4d34,28800.0,pt,20,f,very_low,500.0,false,783845.37,5840277.03,-16.21333333333333,
bb_46f774fc,28800.0,pt,46,f,medium,2600.0,false,773657.81,5812021.04,-14.813333333333334,
bb_294b72dd,28800.0,pt,41,m,high,4600.0,false,785191.68,5778607.85,-21.513333333333335,
bb_6aa8a4c2,28800.0,pt,19,m,very_low,499.0,false,789991.3,5803789.44,-13.613333333333337,
bb_0c089cfe,28800.0,pt,59,f,high,3600.0,false,779352.88,5812841.6,-14.813333333333334,
bb_28e34e9b,28800.0,pt,70,f,low,1500.0,false,784528.2,5839598.62,-16.21333333333333,
bb_d0829908,28800.0,pt,36,m,medium,1500.0,false,774710.14,5815547.45,-17.613333333333337,
bb_a1d9a0c2,28800.0,pt,69,m,low,900.0,true,781533.82,5848013.56,-24.213333333333335,
bb_4e4e7912,28800.0,pt,5,f,low,2000.0,false,789775.45,5802342.21,-21.513333333333335,
bb_856f822d,28800.0,pt,51,f,very_low,500.0,true,802913.71,5792799.64,-45.31333333333333,
bb_cdbe515f,28800.0,pt,32,m,high,3600.0,false,776400.01,5814151.48,-14.813333333333336,
bb_d181adc6,28800.0,pt,73,f,low,900.0,false,801609.71,5802490.55,-29.61333333333333,
bb_050f84af,28800.0,pt,1,f,high,4600.0,false,803638.93,5794169.84,-33.61333333333334,
bb_595c8ea6,28800.0,pt,36,f,medium,3000.0,false,775396.31,5814194.94,-14.813333333333334,
bb_434ac6c4,28800.0,pt,41,m,very_low,500.0,false,870753.33,5750077.2,-46.71333333333334,
bb_6702aa0d,28800.0,pt,41,f,very_high,5600.0,false,774994.32,5830523.82,-16.113333333333333,
bb_b022ec85,28800.0,pt,5,m,medium,3600.0,false,799649.48,5807206.61,-25.613333333333337,
bb_6949c31a,28800.0,pt,17,m,very_high,5600.0,false,757509.67,5813924.63,-17.613333333333333,
bb_11c12cc7,28800.0,pt,41,m,high,3600.0,false,815555.41,5730087.62,-37.613333333333344,
bb_6a2fff90,28800.0,pt,18,m,high,3600.0,false,776906.56,5833702.4,-20.213333333333335,
bb_5b35341c,28800.0,pt,63,m,high,3600.0,true,780759.36,5835055.27,-17.313333333333333,
bb_c20adc4e,28800.0,pt,88,f,high,3600.0,false,800514.19,5788716.01,-45.31333333333333,
bb_38090b75,28800.0,pt,51,m,very_high,5600.0,false,792152.3,5844521.3,-12.213333333333331,
bb_064ff19c,28800.0,pt,30,m,low,2600.0,false,780055.68,5807746.46,-17.613333333333333,
bb_4946a2c4,28800.0,pt,38,f,high,2600.0,false,816489.87,5830629.93,-18.943333333333335,
bb_3a225a9d,28800.0,pt,30,m,high,4600.0,false,772516.92,5821642.41,-17.61333333333334,
bb_adb3a4e8,28800.0,pt,49,f,very_low,900.0,false,774998.15,5830523.41,-16.113333333333333,
bb_49d97b22,28800.0,pt,36,m,low,3600.0,false,751902.28,5810834.9,-29.61333333333333,
bb_2294058f,28800.0,pt,33,f,very_low,1500.0,true,783946.12,5841369.98,-16.21333333333333,
bb_a8a1604a,28800.0,pt,77,m,medium,2000.0,false,779694.82,5830555.75,-13.313333333333333,
bb_7b0a6417,28800.0,pt,76,m,medium,2000.0,false,784788.04,5840659.74,-16.21333333333333,
bb_bd9c2976,28800.0,pt,22,m,very_low,900.0,false,806173.34,5843202.04,-16.093333333333334,
bb_50d0585b,28800.0,pt,23,m,high,3600.0,false,787116.14,5844429.71,-28.213333333333335,
bb_7c19f0d2,28800.0,pt,18,m,very_high,4600.0,false,776004.18,5832755.69,-16.113333333333333,
bb_0045c4bb,28800.0,pt,74,m,medium,2000.0,false,779037.61,5812270.07,-12.213333333333335,
bb_7488019e,28800.0,pt,10,f,medium,2600.0,false,813049.5,5803764.15,-22.71333333333333,
bb_566edbb8,28800.0,pt,60,m,medium,1500.0,false,818097.01,5829940.12,-14.943333333333333,
bb_0bc1a8ef,28800.0,pt,67,m,low,1500.0,false,809033.1,5846887.31,-22.813333333333333,
bb_a413981a,28800.0,pt,32,f,medium,3000.0,false,787879.77,5815140.33,-17.403333333333336,
bb_d670dfb2,28800.0,pt,66,m,medium,2000.0,true,773733.23,5803169.47,-22.813333333333336,
bb_00ae33ec,28800.0,pt,45,m,very_high,5600.0,false,777085.25,5832007.55,-13.313333333333333,
bb_4f8bd2ae,28800.0,pt,58,m,medium,3000.0,true,794157.72,5840303.35,-22.813333333333336,
bb_5a4e0e93,28800.0,pt,67,m,medium,2000.0,false,778670.81,5820774.35,-17.61333333333334,
bb_c358b083,28800.0,pt,33,m,high,3600.0,false,777079.4,5832837.16,-20.21333333333334,
bb_5ef80751,28800.0,pt,44,f,high,3000.0,true,803252.68,5794958.92,-33.61333333333334,
bb_70e4920e,28800.0,pt,87,m,very_low,900.0,true,775207.55,5816001.42,-17.613333333333337,
bb_a605a40a,28800.0,pt,56,m,high,5600.0,false,820590.18,5815589.74,-23.913333333333334,
bb_c98701d0,28800.0,pt,63,m,medium,2000.0,false,803162.81,5798257.5,-33.61333333333334,
bb_06019a73,28800.0,pt,38,m,medium,3000.0,false,787852.8,5852317.69,-14.813333333333333,
bb_13d08feb,28800.0,pt,60,m,high,3600.0,false,799604.67,5781597.29,-37.61333333333334,
bb_907804fc,28800.0,pt,16,m,low,3000.0,false,775603.84,5813069.32,-14.813333333333334,
bb_80accee6,28800.0,pt,31,m,very_low,1500.0,false,778551.97,5812701.2,-12.213333333333335,
bb_153b8286,28800.0,pt,45,m,very_high,5600.0,false,792592.67,5844510.44,-16.213333333333335,
bb_78ddd697,28800.0,pt,61,f,high,3600.0,false,779839.51,5812233.43,-14.813333333333334,
bb_a3f38b65,28800.0,pt,57,m,high,3600.0,false,790981.24,5802733.69,-13.613333333333335,
bb_6a2ef47a,28800.0,pt,14,m,high,3600.0,false,783235.99,5849046.34,-24.213333333333335,
bb_98f8bde7,28800.0,pt,21,f,very_high,5600.0,false,775460.25,5813689.26,-14.813333333333334,
bb_d665e282,28800.0,pt,55,f,medium,2600.0,false,817641.14,5810482.06,-22.513333333333335,
bb_8c68b3d6,28800.0,pt,48,f,low,1500.0,false,808591.47,5837454.96,-16.093333333333334,
bb_cb18ab0b,28800.0,pt,56,f,very_low,499.0,false,766727.81,5812424.93,-14.813333333333336,
bb_a301c233,28800.0,pt,37,m,high,2600.0,false,805976.85,5844953.32,-20.093333333333337,
bb_b026e3f9,28800.0,pt,39,m,medium,2000.0,false,809822.48,5845878.74,-16.093333333333334,
bb_ba310e5d,28800.0,pt,40,f,medium,3000.0,false,778806.64,5809638.96,-17.613333333333337,
bb_34f98658,28800.0,pt,24,f,medium,2600.0,false,783520.54,5842049.2,-16.21333333333333,
bb_6c7b5f31,28800.0,pt,59,m,medium,1500.0,false,805277.34,5791616.59,-37.613333333333344,
bb_531aed5b,28800.0,pt,11,f,high,3600.0,false,809687.92,5844611.88,-26.813333333333333,
bb_1ec77b9d,28800.0,pt,23,m,very_low,499.0,false,780787.73,5811326.52,-12.213333333333335,
bb_a56a99f9,28800.0,pt,52,f,high,3600.0,false,805460.88,5794726.61,-33.61333333333334,
bb_8947b12c,28800.0,pt,15,m,medium,2600.0,false,787597.86,5814959.83,-17.403333333333336,
bb_79ae38b1,28800.0,pt,2,m,high,4600.0,false,822055.77,5830546.38,-18.943333333333335,
bb_65acdd4f,28800.0,pt,55,m,low,900.0,false,808321.82,5837528.55,-16.093333333333334,
bb_892f0f3e,28800.0,pt,58,m,very_high,5600.0,false,806733.16,5845601.88,-20.093333333333334,
bb_338cc002,28800.0,pt,62,f,very_low,500.0,true,817215.59,5837376.8,-26.943333333333335,
bb_a69959e9,28800.0,pt,38,m,medium,3600.0,false,822299.04,5819209.96,-16.213333333333335,
bb_32bd6f56,28800.0,pt,26,f,high,3000.0,false,790297.06,5802253.93,-13.613333333333337,
bb_50ee6620,28800.0,pt,58,f,medium,2000.0,true,758933.53,5784568.58,-24.213333333333335,
bb_bf6728e5,28800.0,pt,30,m,medium,1500.0,false,776835.23,5849102.94,-36.213333333333324,
bb_51a8cf35,28800.0,pt,51,f,very_low,500.0,false,788932.66,5843617.79,-16.213333333333335,
bb_50baf0fd,28800.0,pt,39,m,very_low,500.0,false,815359.27,5808665.3,-17.61333333333334,
bb_a4bde9cb,28800.0,pt,86,f,low,1500.0,true,775924.94,5850558.66,-16.21333333333333,
bb_13a259b3,28800.0,pt,98,f,low,900.0,false,799122.52,5798012.84,-21.513333333333332,
bb_0023f356,28800.0,pt,3,m,medium,3000.0,false,810983.74,5845798.16,-16.093333333333334,
bb_aa428d45,28800.0,pt,73,f,very_low,900.0,false,782893.99,5849361.54,-24.213333333333335,
bb_4143a543,28800.0,pt,65,m,very_low,900.0,false,786512.12,5852714.37,-17.613333333333337,
bb_c75a33e5,28800.0,pt,43,m,low,2000.0,true,784387.27,5852863.66,-24.213333333333335,
bb_3b7a6107,28800.0,pt,61,f,medium,2600.0,false,808178.3,5847794.75,-22.813333333333333,
bb_b854ab6c,28800.0,pt,50,f,medium,2000.0,false,809951.53,5852395.98,-26.813333333333336,
bb_2a1e2303,28800.0,pt,26,f,high,3600.0,false,777929.17,5811396.12,-17.613333333333337,
bb_c72fd391,28800.0,pt,65,f,very_low,500.0,false,809891.06,5849243.5,-26.81333333333333,
bb_0a842ebb,28800.0,pt,10,m,very_high,5600.0,false,792654.85,5814820.25,-12.213333333333336,
bb_81467658,28800.0,pt,73,f,medium,2000.0,false,809968.8,5835572.23,-13.613333333333335,
bb_cdfe1ec1,28800.0,pt,42,m,very_low,500.0,false,770923.21,5840909.48,-23.71333333333333,
bb_cc27c11b,28800.0,pt,30,f,medium,3000.0,false,818885.78,5829389.06,-14.943333333333333,
bb_41b273f9,28800.0,pt,69,m,low,1500.0,false,822885.92,5819796.9,-16.043333333333337,
bb_3da70014,28800.0,pt,67,f,very_low,500.0,false,775908.63,5833101.64,-16.113333333333333,
bb_625c545e,28800.0,pt,26,m,very_low,900.0,false,771320.25,5815706.22,-17.613333333333337,
bb_7533abb0,28800.0,pt,38,f,low,3000.0,false,762685.02,5832677.34,-23.713333333333335,
bb_bd1289f7,28800.0,pt,13,f,medium,3600.0,true,759237.65,5818392.99,-17.613333333333337,
bb_5cff4961,28800.0,pt,65,m,very_low,500.0,false,787157.39,5801851.15,-21.513333333333335,
bb_57a28188,28800.0,pt,50,f,low,900.0,false,795465.47,5790893.1,-85.61333333333334,
bb_1509673c,28800.0,pt,33,f,high,4600.0,false,800072.15,5806603.45,-25.613333333333333,
bb_c004bb8a,28800.0,pt,57,f,medium,2600.0,false,783578.11,5840392.82,-16.21333333333333,
bb_5fe632ed,28800.0,pt,42,f,very_low,900.0,false,789458.15,5789423.74,-25.613333333333337,
bb_7644c0c9,28800.0,pt,19,f,low,2000.0,false,807552.62,5805324.8,-29.61333333333333,
bb_bcafbb82,28800.0,pt,52,f,high,3600.0,false,786336.16,5813043.19,-14.813333333333334,
bb_096bdc4e,28800.0,pt,6,m,very_low,2000.0,false,774872.43,5829555.66,-13.313333333333334,
bb_ac8eea08,28800.0,pt,79,f,low,900.0,false,757827.57,5801497.71,-24.21333333333334,
bb_735b3ba3,28800.0,pt,96,m,very_low,500.0,true,775062.39,5814600.78,-14.813333333333334,
bb_5e1aecc3,28800.0,pt,27,m,high,3600.0,false,866022.18,5747742.57,-46.71333333333334,
bb_197e206a,28800.0,pt,56,m,medium,3000.0,true,815661.83,5803307.84,-17.613333333333337,
bb_4a0478fb,28800.0,pt,12,f,high,4600.0,false,814947.5,5810105.96,-13.613333333333337,
bb_0842200a,28800.0,pt,31,m,very_low,499.0,false,812885.09,5851496.03,-20.093333333333334,
bb_82cfbdd1,28800.0,pt,13,m,high,4600.0,false,780605.92,5811284.67,-12.213333333333336,
bb_45b4bbf1,28800.0,pt,92,f,medium,2600.0,true,816052.99,5807427.12,-17.61333333333334,
bb_355e2d4d,28800.0,pt,63,m,very_low,500.0,false,809254.5,5802935.09,-22.71333333333333,
bb_dbee97f3,28800.0,pt,60,f,medium,1500.0,false,813751.61,5812373.96,-13.613333333333337,
bb_db6c3d53,28800.0,pt,40,f,high,4600.0,false,770417.99,5813319.41,-17.613333333333337,
bb_0cd3fdf5,28800.0,pt,2,f,medium,3000.0,false,796368.94,5842177.09,-16.213333333333335,
bb_bc90aef3,28800.0,pt,55,m,low,1500.0,true,833483.18,5873998.61,-33.61333333333333,
bb_1483acbb,28800.0,pt,19,m,low,2000.0,false,778096.87,5812200.63,-12.213333333333335,
bb_a5abf302,28800.0,pt,61,f,very_low,499.0,false,790146.73,5802793.5,-13.613333333333337,
bb_da8c7029,28800.0,pt,65,f,very_low,500.0,false,774294.96,5812647.06,-14.813333333333334,
bb_089e1a07,28800.0,pt,30,m,high,3600.0,false,732360.34,5813102.09,-26.813333333333336,
bb_041f2053,28800.0,pt,64,m,medium,3000.0,false,793225.46,5810442.39,-18.813333333333336,
bb_7b779bd3,28800.0,pt,2,f,medium,2600.0,false,800717.42,5794147.03,-33.61333333333334,
bb_4abf9909,28800.0,pt,13,f,medium,3000.0,false,767308.35,5830571.53,-16.113333333333333,
bb_275bf8b7,28800.0,pt,60,m,high,3600.0,false,781000.36,5810780.64,-12.213333333333335,
bb_7cf34539,28800.0,pt,78,m,low,1500.0,false,778109.02,5831052.57,-14.813333333333334,
bb_0fac3e45,28800.0,pt,48,f,high,3600.0,false,820333.15,5815277.66,-23.913333333333334,
bb_4ded9418,28800.0,pt,65,f,very_low,500.0,false,817768.19,5803149.37,-22.713333333333335,
bb_5bb6dbe4,28800.0,pt,60,m,medium,3000.0,false,760134.21,5847753.68,-161.04152763252011,
bb_b2a2c71f,28800.0,pt,3,f,high,3600.0,false,805795.3,5791800.39,-37.613333333333344,
bb_3622cbb4,28800.0,pt,13,f,very_high,5600.0,false,774138.05,5803786.87,-17.613333333333333,
bb_97f9da1c,28800.0,pt,26,m,high,3600.0,false,844087.6,5812288.44,-20.21333333333334,
bb_b2ebdfac,28800.0,pt,77,f,medium,2000.0,true,786173.49,5851531.76,-36.213333333333324,
bb_902581bd,28800.0,pt,63,f,medium,3000.0,false,786545.74,5854187.52,-17.613333333333337,
bb_7bd0f9f1,28800.0,pt,28,m,medium,3000.0,false,796861.39,5851067.06,-29.613333333333337,
bb_be0432fa,28800.0,pt,12,f,high,5600.0,false,802838.8,5814688.0,-17.613333333333337,
bb_799961d6,28800.0,pt,25,m,low,2000.0,false,824596.83,5864730.58,-21.613333333333333,
bb_789bda4d,28800.0,pt,65,f,low,1500.0,false,769774.05,5819334.62,-17.613333333333337,
bb_89af8823,28800.0,pt,8,m,medium,3600.0,false,779261.1,5809773.66,-17.613333333333337,
bb_b428c8af,28800.0,pt,59,m,high,2600.0,false,809078.95,5845925.96,-16.093333333333334,
bb_c61a3f80,28800.0,pt,55,m,medium,2000.0,false,799458.92,5807604.13,-25.613333333333337,
bb_8de357fe,28800.0,pt,62,f,very_low,500.0,true,822048.2,5822697.09,-23.91333333333333,
bb_1b11188a,28800.0,pt,45,f,medium,3600.0,false,775933.75,5811474.51,-14.813333333333334,
bb_47e2fd4c,28800.0,pt,11,m,medium,3600.0,false,797092.42,5855964.73,-74.81333333333336,
bb_124898a5,28800.0,pt,47,m,low,2600.0,false,802556.04,5797094.53,-21.51333333333334,
bb_d6919334,28800.0,pt,52,f,medium,2000.0,false,788736.96,5847016.1,-26.813333333333336,
bb_bd7372cb,28800.0,pt,42,m,high,4600.0,false,802219.53,5815547.26,-17.613333333333337,
bb_a3305925,28800.0,pt,24,f,very_low,1500.0,false,776852.35,5813186.73,-14.813333333333334,
bb_8660ca85,28800.0,pt,25,m,medium,1500.0,false,779461.1,5814833.63,-12.213333333333336,
bb_503a514d,28800.0,pt,43,m,medium,3600.0,false,746004.93,5798140.82,-24.213333333333335,
bb_189d1d15,28800.0,pt,58,m,high,3600.0,false,791750.56,5813234.42,-13.613333333333335,
bb_ad1648da,28800.0,pt,89,f,low,1500.0,false,772746.18,5815813.06,-17.613333333333337,
bb_b4a271a2,28800.0,pt,17,m,very_high,5600.0,false,788473.69,5815359.72,-16.213333333333335,
bb_bd3bab74,28800.0,pt,22,m,medium,3000.0,false,789545.03,5842967.86,-19.680000000000007,
bb_caec0d9a,28800.0,pt,52,f,very_low,499.0,false,805805.66,5791851.75,-37.613333333333344,
bb_2567df07,28800.0,pt,35,f,medium,2600.0,false,770740.06,5815776.62,-17.613333333333337,
bb_a4e2ba6d,28800.0,pt,20,m,low,2600.0,false,798762.79,5803639.43,-25.613333333333337,
bb_1b324230,28800.0,pt,57,m,very_high,5600.0,false,802455.85,5797331.06,-21.513333333333335,
bb_634ddca0,28800.0,pt,57,m,medium,2000.0,false,876666.39,5787787.6,-95.91333333333334,
bb_819e1eaa,28800.0,pt,38,m,high,2600.0,false,800287.45,5806890.49,-23.913333333333334,
bb_494837c4,28800.0,pt,87,f,medium,2000.0,false,769749.49,5832460.62,-20.21333333333334,
bb_1f0df946,28800.0,pt,3,f,medium,3000.0,false,810283.94,5851740.51,-26.81333333333333,
bb_4bd9774d,28800.0,pt,24,m,medium,2000.0,false,771470.37,5853195.39,-36.213333333333324,
bb_5498e306,28800.0,pt,62,f,medium,2000.0,true,791975.12,5840826.43,-18.813333333333336,
bb_246eeeb3,28800.0,pt,50,f,medium,2000.0,false,808180.76,5842005.3,-17.913333333333334,
bb_3003f9a1,28800.0,pt,23,m,low,1500.0,false,786459.28,5811360.31,-17.403333333333336,
bb_090a246b,28800.0,pt,57,m,low,900.0,false,815608.27,5809626.13,-17.44333333333333,
bb_0b69da28,28800.0,pt,89,m,medium,2000.0,false,774484.43,5815105.02,-14.813333333333334,
bb_427aa2ca,28800.0,pt,0,f,high,3600.0,false,795918.23,5857118.36,-28.21333333333334,
bb_7b3d2235,28800.0,pt,97,f,low,900.0,false,787182.6,5847950.65,-24.213333333333335,
bb_5f9c5717,28800.0,pt,48,f,high,4600.0,false,787268.65,5801777.09,-21.513333333333335,
bb_4c7f487a,28800.0,pt,2,m,medium,2600.0,false,786556.89,5815056.68,-17.403333333333336,
bb_1c392a8b,28800.0,pt,8,f,very_low,2000.0,false,795358.08,5845235.24,-19.68,
bb_bb7603fa,28800.0,pt,38,f,low,1500.0,false,770585.08,5834082.77,-17.313333333333333,
bb_78c94d65,28800.0,pt,95,f,low,900.0,true,787102.38,5853554.82,-17.613333333333337,
bb_ba95b8e9,28800.0,pt,21,m,very_low,2000.0,false,798907.0,5855970.73,-34.813333333333325,
bb_58e647cf,28800.0,pt,53,f,very_low,500.0,false,779185.36,5821554.0,-19.726666666666667,
bb_4d596705,28800.0,pt,25,m,medium,2600.0,false,773589.96,5814530.14,-17.613333333333337,
bb_403024db,28800.0,pt,14,m,very_high,5600.0,false,800144.15,5809346.93,-18.813333333333336,
bb_9cee2efc,28800.0,pt,42,m,medium,2000.0,false,823171.36,5818345.9,-16.213333333333335,
bb_37481923,28800.0,pt,61,m,medium,3000.0,false,781400.0,5810937.14,-17.613333333333337,
bb_d5913de9,28800.0,pt,53,f,high,3000.0,false,771382.23,5834031.21,-17.313333333333333,
bb_a556bed6,28800.0,pt,42,f,medium,3000.0,false,778885.37,5812461.23,-12.213333333333335,
bb_49e71aac,28800.0,pt,5,f,very_high,5600.0,false,807226.03,5836216.2,-16.093333333333334,
bb_cd7062ad,28800.0,pt,45,f,medium,3600.0,false,826944.55,5831820.43,-22.943333333333335,
bb_634ccb50,28800.0,pt,33,f,high,4600.0,false,771181.92,5813644.05,-17.61333333333334,
bb_ad160875,28800.0,pt,54,m,medium,2000.0,false,775265.52,5813243.65,-14.813333333333334,
bb_7c1baab6,28800.0,pt,57,f,very_low,500.0,true,783952.5,5845817.63,-24.213333333333335,
bb_d473e6bc,28800.0,pt,61,f,medium,2000.0,false,820352.48,5803838.31,-22.513333333333335,
bb_b41ea893,28800.0,pt,68,m,low,1500.0,false,775762.01,5813497.91,-14.813333333333334,
bb_a5b6a6d7,28800.0,pt,33,f,medium,3000.0,false,820403.27,5834566.31,-18.943333333333335,
bb_334de597,28800.0,pt,34,m,medium,3000.0,false,791529.14,5813371.77,-13.613333333333339,
bb_9f003eea,28800.0,pt,13,f,low,3000.0,false,799951.77,5808129.26,-18.81333333333334,
bb_03ca5462,28800.0,pt,66,m,very_low,500.0,false,789443.57,5814091.3,-12.213333333333335,
bb_cb5dca97,28800.0,pt,42,f,very_low,500.0,false,815001.88,5809083.95,-17.61333333333334,
bb_b6094f65,28800.0,pt,57,f,high,3600.0,false,774559.57,5815362.32,-17.613333333333337,
bb_7fea0a34,28800.0,pt,4,f,high,4600.0,false,779664.56,5812215.35,-14.813333333333334,
bb_aec06655,28800.0,pt,58,m,high,4600.0,false,819453.37,5804848.62,-17.61333333333334,
bb_7b8964a6,28800.0,pt,40,f,very_low,900.0,false,817751.76,5828876.33,-16.943333333333335,
bb_5baffbcd,28800.0,pt,35,f,medium,2000.0,false,753616.91,5792980.83,-29.61333333333333,
bb_cc0fb6a9,28800.0,pt,90,m,low,1500.0,true,771808.38,5853407.8,-36.213333333333324,
bb_51674caf,28800.0,pt,31,f,medium,2600.0,false,787809.95,5793991.08,-21.513333333333332,
bb_15efceb1,28800.0,pt,82,f,very_low,900.0,true,771635.24,5853459.96,-36.213333333333324,
bb_af5f0a98,28800.0,pt,21,m,medium,3000.0,false,770817.14,5834884.97,-24.213333333333328,
bb_29d0348a,28800.0,pt,30,m,medium,2000.0,false,814073.65,5824307.23,-17.613333333333333,
bb_5946ccce,28800.0,pt,57,f,medium,2600.0,false,761557.25,5796312.84,-24.21333333333334,
bb_b76fe4e0,28800.0,pt,73,m,medium,1500.0,false,790219.71,5844677.58,-14.813333333333333,
bb_33fdf801,28800.0,pt,33,m,high,3600.0,false,778829.56,5812340.22,-12.213333333333335,
bb_ba3b4a0d,28800.0,pt,42,m,high,3600.0,false,786447.31,5852752.78,-17.613333333333337,
bb_16f143b6,28800.0,pt,80,m,medium,1500.0,false,776111.83,5828920.85,-16.113333333333333,
bb_4d30cce3,28800.0,pt,20,f,very_high,5600.0,false,777636.46,5830454.88,-13.313333333333334,
bb_49bae8dc,28800.0,pt,13,m,medium,3600.0,false,780498.89,5831225.48,-16.113333333333333,
bb_b63bdc79,28800.0,pt,94,m,low,1500.0,true,783523.97,5850027.2,-24.213333333333335,
bb_3d6e7659,28800.0,pt,45,f,high,4600.0,false,777890.97,5787258.05,-25.613333333333337,
bb_a28913e1,28800.0,pt,40,m,high,5600.0,false,795314.68,5850156.09,-19.68,
bb_409e73db,28800.0,pt,48,m,high,4600.0,false,803753.94,5802794.35,-29.61333333333333,
bb_b1091827,28800.0,pt,43,f,medium,3000.0,false,784183.95,5811356.94,-16.213333333333335,
bb_446150d8,28800.0,pt,28,m,low,1500.0,true,776479.06,5830441.31,-14.813333333333334,
bb_b5ed82ff,28800.0,pt,13,f,low,2600.0,false,816603.19,5783243.61,-29.61333333333333,
bb_2f811ab2,28800.0,pt,59,f,very_low,500.0,false,764845.18,5830743.72,-23.713333333333335,
bb_ac30a12d,28800.0,pt,60,f,very_low,500.0,true,770564.75,5809312.97,-17.613333333333337,
bb_49b41046,28800.0,pt,21,f,very_low,500.0,false,786454.85,5815209.97,-17.403333333333336,
bb_c6b31d2e,28800.0,pt,35,m,medium,2600.0,false,770235.72,5795561.07,-24.213333333333335,
bb_512ede61,28800.0,pt,75,m,high,4600.0,false,771977.83,5853067.66,-24.21333333333334,
bb_676c4081,28800.0,pt,48,m,medium,3600.0,false,832250.77,5829533.03,-96.51333333333334,
bb_ab815cf2,28800.0,pt,12,m,low,3000.0,false,806376.54,5843539.58,-16.093333333333337,
bb_21eeb778,28800.0,pt,13,m,very_high,5600.0,false,773183.81,5836118.61,-94.4994290273375,
bb_786a7b49,28800.0,pt,27,m,medium,2000.0,false,823178.82,5820030.35,-16.213333333333335,
bb_69bd4ea5,28800.0,pt,18,f,low,2000.0,true,765671.6,5815713.5,-29.61333333333334,
bb_ab43992b,28800.0,pt,38,m,medium,2600.0,false,786030.05,5811742.07,-17.403333333333336,
bb_555483d7,28800.0,pt,15,m,medium,3600.0,false,814896.73,5852962.49,-42.81333333333334,
bb_9802d006,28800.0,pt,21,f,medium,3600.0,false,779018.73,5807668.8,-17.613333333333337,
bb_121c7901,28800.0,pt,9,f,medium,2600.0,false,789405.46,5803840.85,-13.613333333333337,
bb_67a7c7b7,28800.0,pt,60,f,medium,2600.0,false,776315.72,5830483.97,-14.813333333333334,
bb_0e0a9e81,28800.0,pt,35,f,very_low,900.0,false,775114.69,5814261.97,-17.613333333333337,
bb_6d180db4,28800.0,pt,27,f,low,900.0,false,776614.31,5812961.65,-14.813333333333334,
bb_daccefa8,28800.0,pt,16,m,medium,2600.0,false,785370.29,5854928.19,-84.21333333333332,
bb_8c930ae8,28800.0,pt,16,m,high,5600.0,false,824101.17,5831385.29,-22.943333333333335,
bb_c0f85d48,28800.0,pt,28,f,very_low,1500.0,false,805807.46,5787851.44,-37.613333333333344,
bb_2ea59ef1,28800.0,pt,32,m,medium,2000.0,false,784155.23,5837452.24,-16.21333333333333,
bb_addf142b,28800.0,pt,11,f,medium,3000.0,false,789224.65,5846169.74,-14.813333333333333,
bb_0b4ae40f,28800.0,pt,63,f,medium,2600.0,false,778144.71,5809573.96,-17.613333333333337,
bb_9e150c66,28800.0,pt,5,m,very_high,5600.0,false,769670.51,5819225.32,-17.613333333333337,
bb_ab352484,28800.0,pt,13,m,medium,2600.0,false,769965.3,5813395.58,-17.613333333333337,
bb_6d22c569,28800.0,pt,60,f,medium,2000.0,false,796970.68,5850188.33,-29.613333333333337,
bb_5b452d17,28800.0,pt,43,f,low,3000.0,false,788749.99,5847803.0,-24.213333333333335,
bb_97311704,28800.0,pt,10,f,low,2000.0,false,784827.59,5859625.33,-28.92,
bb_7a847bd4,28800.0,pt,40,f,medium,2600.0,true,779419.98,5813136.22,-14.813333333333334,
bb_b7e5d7de,28800.0,pt,57,m,very_high,5600.0,false,851087.0,5836706.47,-85.44333333333333,
bb_446321b0,28800.0,pt,57,m,medium,3000.0,false,799839.56,5850020.28,-17.613333333333333,
bb_93a15bf6,28800.0,pt,77,m,low,900.0,false,806290.53,5844949.77,-16.093333333333334,
bb_b0a8690e,28800.0,pt,39,m,medium,3600.0,true,779418.81,5810557.27,-17.613333333333337,
bb_4c92d823,28800.0,pt,31,f,very_low,900.0,true,823843.49,5823105.86,-28.21333333333334,
bb_2a0e092f,28800.0,pt,41,m,high,4600.0,false,788647.25,5848023.03,-24.213333333333335,
bb_6848e230,28800.0,pt,57,f,high,3000.0,false,773735.98,5812109.63,-14.813333333333334,
bb_d0ec97ee,28800.0,pt,58,f,medium,2000.0,false,773891.13,5812261.27,-14.813333333333334,
bb_ab3a3707,28800.0,pt,38,f,very_low,900.0,false,815164.04,5803461.87,-17.613333333333337,
bb_b9d29539,28800.0,pt,35,f,high,4600.0,false,778689.59,5812280.12,-12.213333333333335,
bb_0a193e2a,28800.0,pt,99,m,medium,3000.0,true,815344.21,5809253.37,-17.443333333333335,
bb_65ffe45f,28800.0,pt,45,f,very_low,500.0,false,770423.53,5813395.03,-17.613333333333337,
bb_114d51a7,28800.0,pt,32,m,medium,3000.0,false,845716.65,5813006.48,-20.21333333333334,
bb_71a80208,28800.0,pt,56,f,high,3000.0,false,817183.87,5796707.36,-22.713333333333335,
bb_155a6faf,28800.0,pt,62,m,medium,2600.0,false,789000.52,5813452.62,-13.613333333333335,
bb_57678db5,28800.0,pt,43,m,medium,3000.0,false,821524.05,5829216.44,-18.943333333333335,
bb_9ecc98c6,28800.0,pt,34,m,medium,3000.0,false,787061.04,5853751.75,-17.613333333333337,
bb_16f9b152,28800.0,pt,13,m,low,2600.0,false,792969.48,5839551.28,-18.813333333333336,
bb_caaa40a2,28800.0,pt,53,m,low,900.0,false,814257.08,5804244.02,-22.71333333333333,
bb_9c6d8eef,28800.0,pt,4,f,medium,3000.0,false,783871.97,5845931.03,-24.213333333333335,
bb_438a25eb,28800.0,pt,21,f,high,3600.0,false,785882.75,5813962.74,-14.813333333333334,
bb_1fe6a3c7,28800.0,pt,57,m,high,3600.0,false,802936.62,5797162.54,-21.513333333333335,
bb_6cbc5409,28800.0,pt,67,f,medium,2600.0,false,809908.61,5810958.83,-21.61333333333333,
bb_8a038219,28800.0,pt,18,m,very_low,900.0,false,812616.77,5810913.19,-29.613333333333337,
bb_41606c22,28800.0,pt,98,m,low,1500.0,false,816358.44,5808520.77,-22.513333333333335,
bb_0902a9d7,28800.0,pt,50,f,high,4600.0,false,752595.56,5811048.56,-24.21333333333334,
bb_67e3c9eb,28800.0,pt,5,m,very_low,1500.0,false,785667.24,5811589.86,-17.613333333333337,
bb_b7aa778a,28800.0,pt,9,m,low,2000.0,false,771011.73,5808620.52,-14.813333333333334,
bb_24dcad82,28800.0,pt,22,m,very_low,500.0,false,762865.18,5834738.62,-17.313333333333336,
bb_1b9fe841,28800.0,pt,53,f,medium,1500.0,false,771540.34,5806903.57,-17.613333333333337,
bb_a854fca3,28800.0,pt,65,m,very_low,500.0,false,786860.24,5812592.6,-16.21333333333333,
bb_0c5ac613,28800.0,pt,15,f,low,2000.0,false,769878.35,5832445.17,-20.21333333333334,
bb_2846ea28,28800.0,pt,44,m,medium,2600.0,false,772354.17,5821644.8,-22.813333333333336,
bb_84164ef9,28800.0,pt,19,m,low,3000.0,false,776997.28,5832201.52,-13.313333333333334,
bb_590c5a8a,28800.0,pt,49,f,medium,2600.0,false,794072.75,5802375.13,-73.61333333333334,
bb_1265b31c,28800.0,pt,40,m,medium,3600.0,false,741287.82,5809384.37,-26.813333333333343,
bb_4061b7f5,28800.0,pt,42,m,medium,1500.0,false,821632.28,5829233.32,-18.943333333333335,
bb_7c5c7524,28800.0,pt,77,f,medium,2000.0,false,778230.84,5833011.51,-17.313333333333333,
bb_0524aab7,28800.0,pt,67,m,medium,2000.0,false,772544.94,5813714.0,-17.613333333333337,
bb_3637ed90,28800.0,pt,47,m,very_low,2000.0,false,816060.91,5807902.82,-18.813333333333336,
bb_bfbce906,28800.0,pt,8,m,medium,3600.0,false,783984.79,5842170.07,-16.21333333333333,
bb_30aaea5c,28800.0,pt,85,m,medium,1500.0,false,815383.87,5803523.67,-17.61333333333334,
bb_32e26cd2,28800.0,pt,37,m,medium,2000.0,false,814183.14,5811880.6,-17.443333333333335,
bb_33b17d64,28800.0,pt,18,f,medium,3600.0,false,771494.51,5833628.93,-13.313333333333333,
bb_77fc7cb2,28800.0,pt,25,f,high,3000.0,false,784599.84,5839707.68,-16.213333333333335,
bb_dbfc09e6,28800.0,pt,52,f,medium,2000.0,false,815928.54,5798455.08,-17.613333333333337,
bb_259435a5,28800.0,pt,36,f,high,4600.0,false,796559.8,5841839.43,-18.48,
bb_72866243,28800.0,pt,2,m,high,4600.0,false,816787.09,5829474.92,-16.943333333333335,
bb_415dc46d,28800.0,pt,62,m,very_low,500.0,false,764692.52,5841768.02,-32.11333333333333,
bb_6840e6cc,28800.0,pt,57,m,medium,1500.0,false,774782.43,5799706.53,-24.213333333333335,
bb_cb03442e,28800.0,pt,37,f,medium,3000.0,false,815106.06,5810905.12,-17.61333333333334,
bb_7fee4c42,28800.0,pt,63,f,very_high,5600.0,false,828055.77,5717047.73,-53.613333333333344,
bb_6a542511,28800.0,pt,97,m,medium,2000.0,true,784142.96,5839670.1,-16.21333333333333,
bb_5a64369f,28800.0,pt,38,f,high,4600.0,false,807558.41,5840729.13,-17.913333333333334,
bb_7da8e778,28800.0,pt,27,f,medium,3000.0,false,875667.3,5814333.99,-35.913333333333334,
bb_6ff8aa35,28800.0,pt,53,m,medium,2600.0,false,768487.85,5811566.42,-17.613333333333337,
bb_2d4f6ecb,28800.0,pt,67,f,very_high,4600.0,false,812424.38,5795756.25,-29.61333333333333,
bb_463c4ee6,28800.0,pt,93,f,medium,1500.0,false,815389.79,5830316.7,-18.943333333333335,
bb_a925e772,28800.0,pt,28,m,high,4600.0,false,817586.36,5829713.69,-16.943333333333335,
bb_88be4a01,28800.0,pt,32,m,medium,2000.0,false,779383.89,5827811.59,-16.113333333333333,
bb_7bd66b24,28800.0,pt,26,f,very_low,499.0,false,770420.06,5821611.98,-22.813333333333336,
bb_69151107,28800.0,pt,29,f,very_low,900.0,false,803684.27,5794197.54,-33.61333333333334,
bb_35cdc7f5,28800.0,pt,11,f,high,4600.0,false,786487.32,5853639.46,-14.813333333333333,
bb_0fcf0e23,28800.0,pt,30,m,high,3600.0,false,791088.59,5801942.25,-13.613333333333339,
bb_78118c95,28800.0,pt,90,f,medium,1500.0,true,820419.06,5834898.67,-18.943333333333335,
bb_9b53d829,28800.0,pt,4,f,high,4600.0,false,781026.64,5811054.57,-12.213333333333335,
bb_1ec596d9,28800.0,pt,73,m,medium,3000.0,false,817820.23,5798901.15,-22.71333333333333,
bb_cdf1aaa4,28800.0,pt,17,m,very_high,5600.0,false,785074.98,5854491.2,-84.21333333333332,
bb_d6a76f50,28800.0,pt,70,m,high,3600.0,false,794006.22,5804871.95,-13.613333333333337,
bb_5816dced,28800.0,pt,48,f,high,3000.0,false,820229.51,5828155.91,-18.943333333333335,
bb_890dcc16,28800.0,pt,58,m,very_low,900.0,true,848356.73,5850947.67,-90.94333333333336,
bb_0c479d43,28800.0,pt,6,f,high,4600.0,false,815133.56,5806491.33,-17.61333333333334,
bb_6e91490c,28800.0,pt,97,m,low,900.0,true,818100.2,5830535.79,-18.943333333333335,
bb_272d5275,28800.0,pt,47,f,high,3600.0,true,774885.81,5811651.57,-14.813333333333334,
bb_28af6146,28800.0,pt,65,f,very_high,5600.0,true,790255.37,5802824.22,-13.613333333333337,
bb_78f7bf84,28800.0,pt,72,f,medium,2000.0,false,826338.65,5823485.96,-26.943333333333335,
bb_5b9ebe4c,28800.0,pt,43,f,high,3600.0,false,775292.56,5829361.99,-13.313333333333334,
bb_015c9a5b,28800.0,pt,33,m,medium,3000.0,false,823865.33,5817785.82,-23.913333333333334,
bb_392c91e7,28800.0,pt,76,m,medium,2000.0,false,810459.12,5810715.27,-21.61333333333333,
bb_0fe89e4d,28800.0,pt,43,f,low,2000.0,false,802799.04,5801611.18,-45.31333333333333,
bb_3f4c70d4,28800.0,pt,48,m,high,4600.0,false,817334.47,5901237.04,-41.61333333333334,
bb_5cc269ed,28800.0,pt,57,m,high,3600.0,false,821046.87,5815242.15,-23.913333333333334,
bb_9b06d4e7,28800.0,pt,37,f,medium,3000.0,false,795430.6,5810011.13,-57.61333333333334,
bb_3f3af9f7,28800.0,pt,68,f,medium,2000.0,false,782472.11,5846954.82,-24.213333333333335,
bb_1ae2918b,28800.0,pt,40,f,high,3000.0,false,780359.47,5843024.53,-20.213333333333335,
bb_231a5de9,28800.0,pt,82,m,low,1500.0,true,786089.84,5814228.71,-14.813333333333334,
bb_a0ad4978,28800.0,pt,44,f,high,3600.0,false,746804.93,5806104.27,-36.21333333333333,
bb_c3a42a09,28800.0,pt,8,f,medium,3600.0,false,757408.55,5812643.29,-17.613333333333337,
bb_a78c7116,28800.0,pt,13,m,high,3000.0,false,781361.2,5845618.92,-16.21333333333333,
bb_9427aef6,28800.0,pt,78,f,very_low,900.0,true,778735.3,5809912.0,-17.61333333333334,
bb_9deeb6c2,28800.0,pt,25,f,medium,3000.0,false,770699.39,5859404.51,-72.21333333333332,
bb_4d5149f9,28800.0,pt,19,m,medium,3600.0,false,803110.5,5803121.02,-29.61333333333333,
bb_5a6d7f6f,28800.0,pt,14,m,medium,4600.0,false,778305.2,5830872.1,-13.313333333333333,
bb_3361a14f,28800.0,pt,85,f,low,1500.0,false,793865.05,5839862.05,-22.813333333333336,
bb_9cbb0e3f,28800.0,pt,69,m,very_low,900.0,false,796897.47,5800215.7,-21.513333333333335,
bb_320e759d,28800.0,pt,55,m,medium,2000.0,false,742589.07,5812261.85,-17.613333333333337,
bb_d29c5b24,28800.0,pt,73,f,low,1500.0,false,758056.07,5810337.71,-17.613333333333337,
bb_890b7526,28800.0,pt,57,m,low,900.0,false,796438.47,5797356.53,-81.61333333333332,
bb_5f3aca8e,28800.0,pt,60,m,medium,2000.0,false,817791.21,5796340.23,-22.713333333333335,
bb_3a943fe4,28800.0,pt,22,f,medium,4600.0,true,787405.72,5853857.84,-17.613333333333337,
bb_40d69af7,28800.0,pt,22,m,low,2000.0,true,784799.44,5853564.63,-24.21333333333334,
bb_91eba60c,28800.0,pt,22,f,medium,2600.0,false,775186.74,5813895.1,-14.813333333333334,
bb_4664aabc,28800.0,pt,63,f,medium,2000.0,false,808088.17,5837548.51,-16.093333333333334,
bb_b7635720,28800.0,pt,56,f,high,4600.0,false,806610.51,5837735.94,-16.093333333333334,
bb_2de7ade5,28800.0,pt,37,f,very_low,900.0,false,815181.21,5806510.48,-17.61333333333334,
bb_5bb2d60a,28800.0,pt,61,f,very_low,900.0,false,801311.67,5801400.51,-33.61333333333334,
bb_a82ba960,28800.0,pt,5,f,high,3600.0,false,772670.92,5815973.15,-17.613333333333337,
bb_d6fd7619,28800.0,pt,7,m,medium,3000.0,false,803753.52,5797610.33,-21.513333333333335,
bb_107d3dbc,28800.0,pt,42,m,high,3600.0,false,844462.25,5813442.58,-16.21333333333333,
bb_76c53cd4,28800.0,pt,55,f,medium,2600.0,false,791608.12,5840950.67,-19.680000000000003,
bb_66dbcbf4,28800.0,pt,0,f,high,3600.0,true,818155.71,5800475.1,-22.713333333333335,
bb_3d9e9fcf,28800.0,pt,66,m,medium,2600.0,false,802896.5,5796822.93,-21.513333333333335,
bb_46db5ca1,28800.0,pt,60,m,very_low,500.0,false,791998.4,5860706.96,-28.21333333333334,
bb_64825637,28800.0,pt,43,m,very_low,900.0,false,770826.23,5828787.44,-16.113333333333333,
bb_23750570,28800.0,pt,60,m,medium,1500.0,false,790040.17,5812035.81,-18.813333333333336,
bb_7731650e,28800.0,pt,56,m,high,4600.0,false,821393.78,5798395.83,-29.61333333333333,
bb_0fa56e9f,28800.0,pt,7,f,medium,3000.0,false,786398.4,5839513.65,-16.213333333333335,
bb_75382e60,28800.0,pt,23,f,very_low,900.0,false,833002.4,5825648.19,-71.91333333333333,
bb_8bb4336b,28800.0,pt,29,m,high,3600.0,false,773036.78,5811894.87,-14.813333333333334,
bb_74d8f35e,28800.0,pt,36,f,medium,3600.0,false,778539.0,5812719.21,-12.213333333333335,
bb_dac860e7,28800.0,pt,63,f,low,1500.0,true,817153.0,5826224.0,-16.943333333333335,
bb_25afdc84,28800.0,pt,63,m,high,3600.0,false,785764.65,5814109.97,-14.813333333333334,
bb_468403a2,28800.0,pt,59,f,low,1500.0,false,781064.23,5852526.73,-24.21333333333334,
bb_35803ec3,28800.0,pt,25,f,high,3600.0,false,793398.95,5809452.18,-18.813333333333336,
bb_cf07fc8b,28800.0,pt,57,f,medium,2600.0,true,819374.47,5828797.88,-18.943333333333335,
bb_042fb14b,28800.0,pt,72,f,medium,2000.0,false,795350.13,5840334.62,-18.48,
bb_0d514d08,28800.0,pt,19,f,high,4600.0,false,791752.29,5812525.97,-18.813333333333336,
bb_d06d0906,28800.0,pt,83,m,medium,2000.0,true,766876.74,5801468.02,-29.613333333333333,
bb_33e9d478,28800.0,pt,58,m,very_low,500.0,false,815176.8,5810414.88,-17.443333333333335,
bb_5b2c8d80,28800.0,pt,80,m,medium,2000.0,false,819407.3,5804044.78,-22.51333333333334,
bb_6e7b3e1f,28800.0,pt,45,m,medium,3600.0,false,846494.53,5853678.21,-30.943333333333335,
bb_752e0f23,28800.0,pt,5,m,medium,3000.0,false,785204.88,5852258.45,-24.213333333333342,
bb_b6895e82,28800.0,pt,57,f,high,4600.0,false,791699.52,5814935.08,-13.613333333333335,
bb_33626641,28800.0,pt,4,m,high,4600.0,false,817606.24,5803032.24,-22.713333333333335,
bb_cdda0ed1,28800.0,pt,57,m,medium,2000.0,false,827123.08,5833053.74,-34.943333333333335,
bb_52b9ec63,28800.0,pt,42,f,high,3600.0,false,761711.12,5795821.97,-24.21333333333334,
bb_3e06338d,28800.0,pt,38,f,high,4600.0,false,778334.13,5813040.56,-14.813333333333334,
bb_d09ff99c,28800.0,pt,53,m,very_high,5600.0,false,778456.45,5810964.69,-17.613333333333337,
bb_6f04989b,28800.0,pt,44,f,medium,2600.0,false,771178.37,5814320.34,-17.613333333333337,
bb_1d95cd34,28800.0,pt,3,m,high,4600.0,false,780392.8,5831239.56,-16.113333333333333,
bb_34f4de08,28800.0,pt,56,m,high,3600.0,false,842539.8,5810461.69,-23.913333333333334,
bb_6c233c22,28800.0,pt,15,m,medium,3600.0,false,766197.54,5811625.97,-14.813333333333334,
bb_5b465202,28800.0,pt,35,f,high,3600.0,true,775849.26,5832679.54,-16.113333333333333,
bb_2bee68eb,28800.0,pt,55,f,very_low,900.0,false,793264.07,5810608.71,-18.813333333333336,
bb_2dd8830a,28800.0,pt,94,f,medium,2600.0,true,776140.42,5814397.06,-14.813333333333334,
bb_1ef80ac8,28800.0,pt,72,f,medium,2000.0,false,774302.9,5798628.06,-108.91333333333336,
bb_102882fa,28800.0,pt,39,m,medium,3600.0,false,776240.99,5813962.09,-14.813333333333334,
bb_7b11226c,28800.0,pt,30,m,medium,1500.0,false,791324.98,5813371.4,-13.613333333333337,
bb_3719d885,28800.0,pt,81,f,medium,2000.0,false,778039.05,5810216.01,-17.613333333333337,
bb_a0ab01c1,28800.0,pt,58,m,high,4600.0,false,783253.54,5849229.51,-24.213333333333335,
bb_783adad5,28800.0,pt,8,f,high,4600.0,false,817203.21,5789301.81,-17.61333333333334,
bb_b5e62eda,28800.0,pt,38,m,very_high,5600.0,false,739964.92,5808253.33,-22.81333333333334,
bb_2200125d,28800.0,pt,91,f,medium,2600.0,true,792196.38,5815438.26,-13.613333333333335,
bb_17dfbf8f,28800.0,pt,37,m,low,1500.0,false,790426.65,5797686.53,-13.613333333333337,
bb_5d800636,28800.0,pt,12,m,medium,2600.0,false,781430.93,5810632.53,-14.813333333333334,
bb_353686ce,28800.0,pt,7,f,medium,3600.0,true,799855.81,5807894.57,-18.813333333333336,
bb_459ed9d7,28800.0,pt,71,f,high,4600.0,false,810225.54,5849044.86,-26.813333333333333,
bb_4953b9a4,28800.0,pt,22,m,medium,2600.0,false,821641.49,5832240.7,-22.943333333333335,
bb_767673fe,28800.0,pt,0,m,high,4600.0,false,778951.05,5806205.97,-24.213333333333335,
bb_1c578ad7,28800.0,pt,68,f,low,900.0,false,814076.95,5803983.6,-22.71333333333333,
bb_8647f31e,28800.0,pt,60,f,high,3000.0,false,779525.1,5814677.23,-17.613333333333337,
bb_46d57ef1,28800.0,pt,69,m,low,1500.0,false,818784.29,5823577.7,-23.91333333333333,
bb_c62e4c6e,28800.0,pt,29,m,very_high,5600.0,false,773727.98,5814666.35,-17.613333333333337,
bb_89782690,28800.0,pt,35,f,low,1500.0,false,778670.27,5810436.26,-17.613333333333337,
bb_2dc2e7f8,28800.0,pt,52,m,high,3000.0,false,781074.02,5811995.27,-12.213333333333335,
bb_a4680de0,28800.0,pt,61,f,very_high,5600.0,false,810489.21,5846426.77,-16.093333333333334,
bb_056ab543,28800.0,pt,69,m,medium,2000.0,false,807981.48,5843110.05,-20.093333333333337,
bb_4a1de195,28800.0,pt,52,m,low,900.0,false,814702.06,5807482.78,-17.61333333333334,
bb_6a1cb6a3,28800.0,pt,45,m,very_low,500.0,true,800738.88,5855912.72,-22.813333333333336,
bb_8a0bb9e4,28800.0,pt,10,m,high,5600.0,false,810602.57,5836044.44,-13.613333333333335,
bb_6be2e4e7,28800.0,pt,23,m,high,3600.0,false,805269.42,5785962.15,-77.61333333333334,
bb_ccb43faa,28800.0,pt,53,m,high,4600.0,false,755005.23,5826576.38,-23.713333333333335,
bb_26c378b0,28800.0,pt,42,f,high,3600.0,false,793087.73,5839562.15,-18.813333333333336,
bb_962c8813,28800.0,pt,39,m,medium,3600.0,false,786260.01,5839487.56,-16.213333333333335,
bb_1fd1e5ce,28800.0,pt,1,m,very_high,5600.0,false,774232.75,5814662.52,-14.813333333333334,
bb_0a5a8616,28800.0,pt,35,f,very_high,5600.0,false,803134.68,5797171.98,-33.61333333333334,
bb_c9bf4f12,28800.0,pt,38,m,very_high,5600.0,false,809588.79,5848058.32,-26.81333333333333,
bb_c961f427,28800.0,pt,51,m,very_low,900.0,false,801919.65,5803225.21,-23.913333333333334,
bb_6e7eeb15,28800.0,pt,50,f,medium,2000.0,false,789663.39,5803493.4,-13.613333333333337,
bb_a9c18829,28800.0,pt,17,f,high,5600.0,false,776977.47,5800366.14,-17.613333333333337,
bb_dbb07f54,28800.0,pt,70,m,high,3600.0,false,766228.67,5813160.48,-14.813333333333334,
bb_2f8bdc2f,28800.0,pt,16,m,very_low,2000.0,false,774603.83,5831019.58,-13.313333333333334,
bb_4db18653,28800.0,pt,1,m,high,4600.0,false,778104.37,5799110.64,-17.613333333333337,
bb_3f7ff946,28800.0,pt,67,m,low,900.0,true,779297.78,5825413.38,-21.61333333333333,
bb_7d42be4f,28800.0,pt,61,f,very_high,5600.0,false,773809.39,5811724.54,-14.813333333333334,
bb_b109c267,28800.0,pt,56,m,high,3000.0,false,774242.96,5832010.96,-13.313333333333334,
bb_cf4ab852,28800.0,pt,63,f,very_low,499.0,false,776559.11,5813715.58,-14.813333333333334,
bb_d1c7d444,28800.0,pt,43,m,very_low,500.0,false,791895.01,5854701.64,-28.213333333333342,
bb_46f4ccbd,28800.0,pt,85,f,medium,2600.0,false,787446.16,5853406.53,-17.613333333333337,
bb_0ad3606c,28800.0,pt,96,f,medium,1500.0,true,811366.4,5810742.4,-21.61333333333333,
bb_a0497b4b,28800.0,pt,18,f,low,2000.0,true,807800.06,5815152.45,-16.043333333333337,
bb_4db8cdea,28800.0,pt,1,f,medium,3000.0,false,814378.11,5802870.24,-17.613333333333337,
bb_50823fc5,28800.0,pt,78,m,medium,2000.0,false,815348.12,5803738.75,-13.613333333333335,
bb_1df51933,28800.0,pt,42,m,very_low,900.0,false,814772.25,5807119.52,-17.61333333333334,
bb_17a975bb,28800.0,pt,58,f,very_low,499.0,false,805282.95,5792445.45,-37.613333333333344,
bb_60cabd97,28800.0,pt,50,f,medium,3000.0,true,783324.39,5850331.43,-24.213333333333335,
bb_1f055fe3,28800.0,pt,76,m,very_low,499.0,true,791518.29,5839830.32,-18.813333333333336,
bb_55b0e00f,28800.0,pt,27,f,low,2000.0,true,810014.69,5813471.18,-21.61333333333333,
bb_2934254f,28800.0,pt,0,f,high,4600.0,false,761143.95,5821117.73,-23.713333333333335,
bb_1c3ffbc2,28800.0,pt,72,f,high,3000.0,true,761029.08,5821119.29,-23.713333333333335,
bb_bc308642,28800.0,pt,38,f,very_low,1500.0,false,830699.89,5836578.08,-18.943333333333335,
bb_83eaa819,28800.0,pt,78,f,medium,1500.0,true,787215.16,5801773.21,-21.513333333333335,
bb_4a0c84ae,28800.0,pt,64,m,low,900.0,false,815424.57,5807731.76,-21.61333333333333,
bb_42ec274b,28800.0,pt,59,m,very_low,499.0,false,784257.91,5853053.59,-24.21333333333334,
bb_39f1d1f1,28800.0,pt,63,m,high,3000.0,true,810200.48,5846952.33,-20.093333333333334,
bb_da9f0b55,28800.0,pt,13,f,very_high,5600.0,false,822198.25,5838681.68,-30.943333333333335,
bb_bc0ab80a,28800.0,pt,55,m,very_low,500.0,true,820175.66,5823445.82,-23.913333333333334,
bb_cf6f5752,28800.0,pt,14,m,medium,3000.0,false,817680.87,5804190.92,-17.61333333333334,
bb_a788c8c7,28800.0,pt,55,m,high,4600.0,true,814787.43,5831203.75,-18.656666666666666,
bb_6128360f,28800.0,pt,25,f,high,4600.0,false,780629.0,5810393.04,-17.613333333333337,
bb_0ac91140,28800.0,pt,34,f,low,900.0,false,778406.66,5809529.12,-17.613333333333333,
bb_2e5e21fb,28800.0,pt,66,f,very_low,500.0,false,792547.2,5840245.64,-18.813333333333336,
bb_3d0b03c4,28800.0,pt,21,m,high,3600.0,false,824430.47,5864137.04,-21.613333333333333,
bb_25dbc054,28800.0,pt,48,m,high,3600.0,false,784350.74,5836317.69,-15.726666666666667,
bb_891853a1,28800.0,pt,63,m,high,3000.0,false,810247.89,5848857.74,-26.813333333333333,
bb_b5db59f1,28800.0,pt,24,m,low,2600.0,false,819559.06,5828395.74,-18.943333333333335,
bb_1a18532c,28800.0,pt,22,m,medium,2000.0,false,787946.28,5846116.27,-26.813333333333336,
bb_8c5a46c5,28800.0,pt,23,m,high,3600.0,false,801594.68,5810608.8,-14.813333333333334,
bb_d3723682,28800.0,pt,66,m,medium,2600.0,true,769253.26,5819444.13,-17.613333333333337,
bb_6a8de970,28800.0,pt,11,f,high,5600.0,false,775490.39,5812874.27,-14.813333333333334,
bb_57927e47,28800.0,pt,57,f,low,1500.0,false,819701.69,5828873.66,-14.943333333333333,
bb_23865ff4,28800.0,pt,41,f,medium,3600.0,false,802186.82,5803549.63,-29.613333333333326,
bb_12c9a5b5,28800.0,pt,98,f,high,4600.0,true,787019.34,5815886.99,-17.403333333333336,
bb_189890f5,28800.0,pt,2,m,high,3600.0,false,778563.34,5810328.08,-17.61333333333334,
bb_36c0ba5b,28800.0,pt,87,m,medium,1500.0,false,792974.67,5796444.78,-33.61333333333334,
bb_b8a34556,28800.0,pt,37,m,medium,1500.0,false,773577.72,5814201.96,-17.613333333333337,
bb_49b40411,28800.0,pt,70,m,medium,2000.0,true,807443.35,5848346.37,-16.093333333333334,
bb_885e28ec,28800.0,pt,10,m,low,2000.0,false,775963.22,5814221.01,-14.813333333333334,
bb_706fb10e,28800.0,pt,59,m,very_low,900.0,false,789143.97,5849100.83,-14.813333333333333,
bb_bf773d4f,28800.0,pt,66,m,high,2600.0,false,812833.79,5811331.93,-29.613333333333337,
bb_66f3bef9,28800.0,pt,53,m,medium,2600.0,false,774292.41,5814446.48,-14.813333333333334,
bb_762911cb,28800.0,pt,97,m,medium,2600.0,true,767115.09,5822424.43,-17.613333333333333,
bb_b8615af7,28800.0,pt,8,m,very_high,5600.0,false,797223.97,5795422.84,-33.61333333333334,
bb_734a37a7,28800.0,pt,47,m,low,2600.0,false,766658.45,5828506.24,-23.71333333333334,
bb_41996cce,28800.0,pt,3,f,high,3600.0,false,817445.9,5789861.93,-29.61333333333333,
bb_96b372db,28800.0,pt,2,m,medium,3000.0,false,780947.72,5809663.77,-17.613333333333333,
bb_6a661118,28800.0,pt,17,m,low,3000.0,false,823611.76,5822170.48,-23.913333333333334,
bb_c30b21a9,28800.0,pt,83,f,medium,2600.0,true,818048.84,5804293.41,-22.513333333333335,
bb_3ef66ccb,28800.0,pt,21,f,medium,3600.0,false,756026.97,5869106.79,-36.213333333333324,
bb_0ad43b52,28800.0,pt,48,m,low,2000.0,false,870072.29,5803596.84,-59.91333333333333,
bb_dc694552,28800.0,pt,12,f,very_high,5600.0,false,776252.07,5813710.78,-14.813333333333334,
bb_20c1c441,28800.0,pt,48,f,high,4600.0,false,780896.09,5852303.78,-24.21333333333334,
bb_4a1bcf85,28800.0,pt,37,m,high,3000.0,true,771395.64,5828919.49,-16.113333333333333,
bb_c453e17c,28800.0,pt,6,f,medium,2000.0,false,779215.53,5843883.09,-36.213333333333324,
bb_1747ce39,28800.0,pt,52,m,high,3600.0,false,827353.78,5819455.8,-16.213333333333335,
bb_6b96e1c0,28800.0,pt,5,f,very_low,1500.0,false,766081.12,5811526.04,-14.813333333333333,
bb_178055a5,28800.0,pt,19,f,medium,4600.0,true,773199.78,5830881.78,-24.21333333333333,
bb_6362fa9c,28800.0,pt,65,m,very_low,500.0,false,824940.17,5826648.41,-22.943333333333335,
bb_289ccc34,28800.0,pt,58,f,very_low,500.0,true,808558.01,5795491.28,-33.61333333333334,
bb_27a9d3a9,28800.0,pt,67,f,medium,2000.0,false,780607.69,5842829.95,-20.213333333333335,
bb_0ce11b03,28800.0,pt,64,f,very_low,500.0,false,774072.88,5814888.13,-14.813333333333334,
bb_6f618b13,28800.0,pt,24,f,very_low,500.0,false,822033.3,5804663.98,-17.613333333333337,
bb_d31a4cba,28800.0,pt,58,f,medium,2600.0,false,773890.03,5848146.72,-48.21333333333333,
bb_588b80b1,28800.0,pt,42,m,low,1500.0,false,783663.73,5841142.05,-20.213333333333335,
bb_3442cf63,28800.0,pt,75,f,very_low,500.0,false,807830.59,5843867.83,-20.093333333333334,
bb_4bfbd3f3,28800.0,pt,35,m,low,1500.0,false,816066.55,5807571.26,-17.61333333333334,
bb_3b509c29,28800.0,pt,42,f,very_high,5600.0,false,783560.28,5850011.9,-24.213333333333335,
bb_71aa2c3a,28800.0,pt,63,f,low,1500.0,false,820615.97,5841408.65,-26.943333333333335,
bb_a364b039,28800.0,pt,34,m,high,3600.0,false,823693.03,5863934.56,-21.613333333333337,
bb_b77d74ac,28800.0,pt,90,m,medium,1500.0,false,768554.88,5834528.99,-20.21333333333334,
bb_ce1ea307,28800.0,pt,48,m,very_low,500.0,true,808233.18,5842827.68,-20.093333333333334,
bb_c20861f8,28800.0,pt,27,m,medium,3600.0,false,783987.2,5842350.27,-16.21333333333333,
bb_2db99e9c,28800.0,pt,12,m,high,3000.0,false,784499.49,5841634.65,-16.21333333333333,
bb_213e3101,28800.0,pt,32,f,very_low,1500.0,false,797730.49,5852834.8,-90.81333333333333,
bb_3c2e72e2,28800.0,pt,4,m,very_low,900.0,false,820352.5,5805186.0,-17.61333333333334,
bb_49d81935,28800.0,pt,58,f,very_low,500.0,false,814196.97,5811243.22,-29.61333333333333,
bb_0b50610b,28800.0,pt,1,m,medium,2600.0,false,811343.3,5794634.26,-29.613333333333333,
bb_290299be,28800.0,pt,57,m,high,3600.0,false,789112.73,5803450.65,-13.613333333333337,
bb_d2149e7a,28800.0,pt,58,m,high,3600.0,false,811794.84,5841169.36,-26.813333333333333,
bb_ae32150b,28800.0,pt,56,f,medium,1500.0,true,770265.69,5858904.34,-72.21333333333334,
bb_a4b237c2,28800.0,pt,44,m,high,2600.0,false,809353.24,5846507.68,-22.813333333333333,
bb_b120f1d1,28800.0,pt,35,f,high,4600.0,false,851881.57,5802335.04,-28.21333333333334,
bb_39be01dc,28800.0,pt,95,f,medium,1500.0,false,816275.11,5804620.29,-17.61333333333334,
bb_ad5132d9,28800.0,pt,25,m,high,4600.0,false,790112.61,5811173.04,-13.613333333333337,
bb_48739847,28800.0,pt,91,f,medium,1500.0,true,772314.12,5836407.89,-95.71333333333335,
bb_7eadf643,28800.0,pt,99,f,low,900.0,false,791241.51,5813265.7,-13.613333333333335,
bb_7be2de7d,28800.0,pt,66,m,medium,3000.0,true,799597.97,5806581.67,-25.613333333333337,
bb_104deaf3,28800.0,pt,94,f,medium,1500.0,false,801187.72,5852471.28,-22.813333333333336,
bb_6d2753ed,28800.0,pt,58,f,high,3600.0,false,788560.36,5849014.13,-14.813333333333334,
bb_816c8bd2,28800.0,pt,58,m,medium,2000.0,false,816206.2,5830255.76,-18.943333333333335,
bb_ac7cbbf2,28800.0,pt,52,m,low,900.0,false,802387.27,5857583.45,-22.813333333333333,
bb_3afe8cb0,28800.0,pt,53,f,high,3600.0,false,810210.44,5835012.19,-13.613333333333337,
bb_7f478ea7,28800.0,pt,56,m,high,4600.0,true,830614.52,5761677.92,-34.71333333333334,
bb_144439ab,28800.0,pt,43,m,low,2600.0,false,771080.12,5833466.83,-13.313333333333334,
bb_d757c30e,28800.0,pt,36,m,very_low,499.0,false,787475.23,5857492.52,-36.213333333333324,
bb_7fbf008c,28800.0,pt,69,f,low,900.0,false,815762.29,5830907.31,-18.943333333333335,
bb_1191852d,28800.0,pt,80,m,medium,2000.0,false,788134.43,5814706.88,-16.213333333333335,
bb_29487a6e,28800.0,pt,46,f,medium,2000.0,false,800193.8,5807568.39,-14.813333333333334,
bb_d8dec4dc,28800.0,pt,58,f,medium,2000.0,true,794302.95,5813032.4,-21.513333333333335,
bb_03be90bc,28800.0,pt,89,f,medium,2000.0,true,805518.98,5840541.46,-17.12,
bb_d0b777e2,28800.0,pt,29,f,very_low,1500.0,false,774835.81,5799756.17,-24.21333333333334,
bb_c638b92e,28800.0,pt,18,m,medium,2000.0,false,799023.86,5810729.6,-18.813333333333336,
bb_67f5e592,28800.0,pt,26,f,medium,2000.0,false,777391.0,5811188.62,-14.813333333333334,
bb_15ddba2d,28800.0,pt,56,m,very_low,500.0,true,815961.27,5807021.73,-17.443333333333335,
bb_24690684,28800.0,pt,98,f,medium,2000.0,true,755728.46,5806662.27,-24.21333333333334,
bb_98bef4dc,28800.0,pt,79,m,low,1500.0,false,793291.11,5813781.23,-13.613333333333335,
bb_03383cfd,28800.0,pt,67,f,very_low,900.0,false,786426.17,5851167.32,-36.213333333333324,
bb_40a033c0,28800.0,pt,34,m,high,2600.0,false,778966.83,5812934.84,-14.813333333333334,
bb_0f7dc4ed,28800.0,pt,18,m,medium,2600.0,false,779567.44,5807320.96,-17.613333333333333,
bb_b2532faa,28800.0,pt,55,m,very_low,900.0,false,786991.9,5812149.41,-16.213333333333335,
bb_6e674efd,28800.0,pt,92,m,medium,3000.0,false,821267.15,5841131.51,-26.943333333333335,
bb_2f943b6f,28800.0,pt,3,f,very_low,900.0,false,800529.44,5856293.48,-22.813333333333336,
bb_9535bb35,28800.0,pt,63,f,low,1500.0,false,783944.25,5840127.15,-16.213333333333335,
bb_bfede86b,28800.0,pt,85,m,low,900.0,false,793349.71,5810441.15,-18.813333333333336,
bb_92a32068,28800.0,pt,50,m,very_low,900.0,false,801368.87,5802372.25,-29.61333333333333,
bb_5cf3b8a6,28800.0,pt,54,f,high,4600.0,false,782093.55,5811201.41,-14.813333333333334,
bb_81504ccb,28800.0,pt,58,f,very_low,500.0,false,812806.9,5812670.48,-29.613333333333337,
bb_6c859b76,28800.0,pt,22,m,very_low,2000.0,false,826711.05,5832179.3,-34.943333333333335,
bb_6ef7d00a,28800.0,pt,26,f,high,4600.0,false,811503.41,5814522.87,-18.813333333333336,
bb_6d068dbc,28800.0,pt,9,m,very_low,1500.0,false,823623.75,5833613.24,-30.943333333333335,
bb_95d71731,28800.0,pt,65,f,very_high,5600.0,true,789111.5,5848453.47,-17.913333333333334,
bb_694984e5,28800.0,pt,62,f,low,2000.0,false,740440.16,5818158.26,-29.61333333333333,
bb_9869592c,28800.0,pt,38,f,medium,3600.0,false,786340.65,5851564.31,-36.213333333333324,
bb_9947130b,28800.0,pt,66,f,low,1500.0,false,786904.63,5815371.88,-17.403333333333336,
bb_8785bec7,28800.0,pt,41,m,medium,1500.0,false,774494.0,5799614.95,-108.91333333333336,
bb_2fcce8ad,28800.0,pt,45,m,very_low,499.0,false,792237.77,5815392.55,-13.613333333333335,
bb_101a16c3,28800.0,pt,30,m,medium,3000.0,false,821249.35,5783519.32,-17.613333333333337,
bb_a0a538f3,28800.0,pt,61,m,very_low,499.0,false,771262.98,5828696.94,-16.113333333333333,
bb_d0ff1687,28800.0,pt,3,m,low,2000.0,false,804924.57,5794809.14,-33.61333333333334,
bb_3c0187e7,28800.0,pt,59,f,low,1500.0,false,778897.03,5812342.11,-12.213333333333335,
bb_6cdfb267,28800.0,pt,65,f,very_low,500.0,false,777406.97,5849228.48,-16.21333333333333,
bb_b05a274c,28800.0,pt,44,m,high,3600.0,false,779605.47,5813774.46,-14.813333333333334,
bb_01e4a434,28800.0,pt,68,m,medium,2000.0,false,786915.53,5847917.31,-24.213333333333335,
bb_0124bdf0,28800.0,pt,24,m,high,3600.0,false,783916.52,5840368.43,-16.21333333333333,
bb_61cce7ee,28800.0,pt,11,m,medium,2000.0,false,783768.01,5842146.79,-20.21333333333334,
bb_57a4a36c,28800.0,pt,66,m,low,1500.0,false,773877.15,5833316.79,-20.213333333333335,
bb_91322fb2,28800.0,pt,68,m,low,1500.0,false,766042.81,5808076.35,-17.61333333333334,
bb_0198c1fa,28800.0,pt,6,m,very_high,5600.0,false,780255.02,5842979.51,-20.21333333333333,
bb_13674bff,28800.0,pt,42,f,medium,3600.0,false,766433.62,5816482.83,-17.613333333333333,
bb_47c3400f,28800.0,pt,61,f,medium,1500.0,false,778704.26,5808704.83,-12.213333333333335,
bb_cca34377,28800.0,pt,62,f,medium,2000.0,false,777199.89,5831922.68,-13.313333333333334,
bb_2749e453,28800.0,pt,2,f,high,4600.0,false,778534.42,5808732.2,-12.213333333333335,
bb_a060662c,28800.0,pt,57,m,low,900.0,false,776952.31,5832113.0,-13.313333333333334,
bb_3e0dce24,28800.0,pt,61,m,very_low,500.0,false,781216.64,5809095.73,-17.613333333333337,
bb_4ee0e575,28800.0,pt,63,f,medium,2000.0,false,778497.04,5821158.46,-17.61333333333334,
bb_092447d5,28800.0,pt,2,m,high,3600.0,false,778871.18,5811935.53,-12.213333333333335,
bb_c7620497,28800.0,pt,50,f,very_low,499.0,false,772068.16,5828822.2,-23.713333333333335,
bb_90f5bf5e,28800.0,pt,13,f,very_high,5600.0,false,778550.93,5812887.78,-12.213333333333335,
bb_ac5752b9,28800.0,pt,59,f,very_low,500.0,true,791837.95,5854935.31,-28.213333333333342,
bb_1f043d2f,28800.0,pt,43,f,very_low,500.0,false,786158.94,5855320.92,-17.613333333333333,
bb_5a3e141b,28800.0,pt,96,m,very_low,900.0,true,822756.84,5827733.47,-22.943333333333335,
bb_2b153397,28800.0,pt,52,f,high,4600.0,false,780606.58,5842827.07,-20.213333333333335,
bb_3ffcbf57,28800.0,pt,14,f,very_low,1500.0,false,773331.29,5803063.31,-24.213333333333335,
bb_81dab724,28800.0,pt,21,m,medium,2000.0,false,815492.55,5803145.83,-17.613333333333337,
bb_1e3be5f9,28800.0,pt,61,f,high,3000.0,false,753116.78,5812992.62,-17.61333333333334,
bb_63528148,28800.0,pt,40,m,medium,3600.0,false,806181.86,5814681.55,-17.613333333333337,
bb_0f406be3,28800.0,pt,2,m,medium,2600.0,false,777135.58,5814269.37,-14.813333333333334,
bb_94724611,28800.0,pt,41,f,very_low,2000.0,false,773084.9,5811375.99,-14.813333333333334,
bb_031ba13c,28800.0,pt,73,f,low,900.0,false,783056.47,5849129.07,-24.213333333333335,
bb_0446b3aa,28800.0,pt,70,f,medium,2000.0,false,781299.18,5809598.44,-17.613333333333337,
bb_7044b15d,28800.0,pt,67,f,medium,2000.0,false,741809.22,5811669.51,-17.613333333333333,
bb_9e7db59d,28800.0,pt,85,f,medium,1500.0,false,801679.54,5797697.54,-21.513333333333335,
bb_87089ac5,28800.0,pt,54,m,very_low,499.0,true,799797.47,5848622.77,-78.81333333333336,
bb_18e52663,28800.0,pt,41,f,very_low,499.0,false,812487.62,5793465.05,-29.613333333333326,
bb_0e377534,28800.0,pt,55,f,medium,2600.0,false,845553.05,5883680.0,-33.61333333333334,
bb_b7e1ae31,28800.0,pt,53,m,high,4600.0,false,755697.26,5808502.19,-24.21333333333334,
bb_02cc675d,28800.0,pt,23,f,very_low,500.0,false,786743.41,5812044.05,-17.403333333333336,
bb_28d733bd,28800.0,pt,75,m,low,1500.0,true,817774.59,5828997.45,-16.94333333333333,
bb_cb22ddc6,28800.0,pt,31,f,medium,3000.0,false,778383.12,5819673.85,-22.813333333333336,
bb_0d7348cf,28800.0,pt,55,m,high,3600.0,false,796698.76,5851210.54,-29.613333333333333,
bb_25cc70e2,28800.0,pt,68,m,low,1500.0,false,790060.15,5811156.65,-13.613333333333337,
bb_a43b2dfe,28800.0,pt,32,m,medium,1500.0,false,813286.77,5801831.46,-17.613333333333337,
bb_0e55756a,28800.0,pt,56,f,medium,2000.0,false,777863.9,5811325.81,-17.61333333333334,
bb_c217a2b3,28800.0,pt,65,m,high,3600.0,false,784098.0,5841471.38,-16.21333333333333,
bb_dc6dd0ba,28800.0,pt,25,f,very_low,900.0,false,829851.11,5833382.67,-18.943333333333335,
bb_66ef816d,28800.0,pt,35,f,very_high,5600.0,false,781225.46,5809559.17,-17.613333333333333,
bb_57800256,28800.0,pt,61,f,very_low,500.0,false,817150.45,5788179.11,-29.613333333333333,
bb_1dbbca2b,28800.0,pt,62,f,very_low,500.0,false,819705.82,5823426.26,-23.91333333333333,
bb_4a534c05,28800.0,pt,2,m,high,4600.0,false,764383.95,5841792.41,-32.11333333333333,
bb_2cb50fe4,28800.0,pt,61,f,high,4600.0,false,800664.79,5806814.94,-23.913333333333334,
bb_1cf41480,28800.0,pt,57,f,high,4600.0,false,831272.69,5822707.64,-23.91333333333333,
bb_9b088a72,28800.0,pt,36,m,low,1500.0,false,767037.94,5825588.76,-23.713333333333335,
bb_51a291ed,28800.0,pt,37,m,medium,2000.0,false,782881.08,5850250.8,-24.213333333333335,
bb_18557fca,28800.0,pt,11,f,medium,2600.0,false,822278.57,5821858.83,-23.913333333333334,
bb_9618bf1e,28800.0,pt,2,m,medium,3000.0,false,790031.7,5803773.21,-13.613333333333339,
bb_27912f43,28800.0,pt,11,f,medium,2000.0,false,776531.61,5830807.62,-13.313333333333333,
bb_a2c834b6,28800.0,pt,51,f,low,1500.0,false,784051.64,5839094.25,-16.21333333333333,
bb_73b7e7e8,28800.0,pt,0,m,low,3000.0,false,765986.01,5823941.16,-29.613333333333337,
bb_3459e7c2,28800.0,pt,75,f,medium,1500.0,false,800252.36,5895435.92,-29.61333333333333,
bb_6a1e47a2,28800.0,pt,61,f,low,1500.0,false,797014.79,5795104.29,-33.61333333333334,
bb_76879159,28800.0,pt,66,f,medium,2600.0,true,813776.19,5804455.47,-22.71333333333333,
bb_654ef3dc,28800.0,pt,76,m,medium,2600.0,false,772531.24,5831204.81,-24.21333333333333,
bb_27d090b0,28800.0,pt,37,m,high,4600.0,false,813602.71,5844992.03,-22.813333333333336,
bb_5a4b8247,28800.0,pt,17,m,low,3000.0,false,817172.49,5808859.71,-22.513333333333335,
bb_c200e2bb,28800.0,pt,60,m,medium,1500.0,false,815265.29,5808202.45,-21.61333333333333,
bb_0eba8787,28800.0,pt,50,f,high,4600.0,false,755932.79,5870222.14,-24.21333333333334,
bb_05fc91a7,28800.0,pt,63,m,medium,1500.0,false,777776.59,5814483.2,-17.613333333333333,
bb_9b308e67,28800.0,pt,62,m,very_low,500.0,false,793425.69,5843041.01,-16.213333333333335,
bb_9439a7b6,28800.0,pt,90,m,medium,3000.0,false,766314.47,5813224.0,-14.813333333333333,
bb_342d25f1,28800.0,pt,61,f,medium,1500.0,false,872109.15,5816302.47,-41.61333333333334,
bb_927f4f66,28800.0,pt,5,m,very_high,5600.0,false,772552.97,5821161.69,-22.813333333333336,
bb_8a8c31e1,28800.0,pt,68,m,very_low,900.0,true,805572.21,5842962.73,-12.093333333333334,
bb_45f6e64a,28800.0,pt,67,f,low,1500.0,false,776167.17,5813985.96,-14.813333333333334,
bb_a4c51d1f,28800.0,pt,52,m,medium,1500.0,false,798798.9,5798424.65,-21.513333333333335,
bb_5aedc0b1,28800.0,pt,25,f,high,4600.0,false,775519.81,5815705.22,-14.813333333333334,
bb_386ec6b0,28800.0,pt,33,m,medium,1500.0,false,786329.46,5802035.64,-73.61333333333334,
bb_b75128b8,28800.0,pt,31,m,high,3000.0,false,779822.45,5813672.31,-14.813333333333336,
bb_40ce97b0,28800.0,pt,39,f,very_high,5600.0,false,774010.5,5818290.33,-22.813333333333336,
bb_b579f18b,28800.0,pt,83,f,medium,2600.0,false,817807.87,5828230.41,-16.943333333333335,
bb_d8ec7fbc,28800.0,pt,38,m,high,3000.0,false,767233.51,5822136.78,-17.61333333333334,
bb_c7c944bf,28800.0,pt,33,f,medium,3600.0,false,779838.81,5830583.96,-13.313333333333333,
bb_d20fd45e,28800.0,pt,80,m,medium,2000.0,false,814051.34,5813006.99,-17.443333333333335,
bb_ca358e7c,28800.0,pt,53,f,medium,3000.0,false,806260.28,5814002.31,-17.61333333333334,
bb_6a26b11f,28800.0,pt,57,f,very_low,500.0,true,822451.98,5822109.66,-23.913333333333334,
bb_4eaca600,28800.0,pt,35,f,low,2000.0,false,770703.9,5808421.74,-17.613333333333337,
bb_8234639f,28800.0,pt,67,m,medium,3000.0,false,762435.36,5835129.41,-17.313333333333336,
bb_14a15603,28800.0,pt,35,m,very_low,2000.0,false,760767.62,5808449.93,-17.613333333333337,
bb_1bbdf4ec,28800.0,pt,40,m,low,900.0,false,815807.38,5830987.8,-18.943333333333335,
bb_b388e177,28800.0,pt,57,m,low,900.0,false,835486.99,5838727.72,-30.943333333333335,
bb_d6b55520,28800.0,pt,20,m,high,3600.0,false,826078.4,5838849.79,-30.943333333333335,
bb_c53eedc3,28800.0,pt,37,m,low,1500.0,false,766849.72,5829046.25,-16.11333333333333,
bb_7224092a,28800.0,pt,13,m,very_low,2000.0,false,813131.2,5851914.48,-20.093333333333337,
bb_2c406eb6,28800.0,pt,22,m,very_low,2000.0,false,801804.15,5814662.96,-17.613333333333337,
bb_9f07dcde,28800.0,pt,62,f,high,3600.0,false,842470.0,5744069.17,-29.61333333333333,
bb_214781c9,28800.0,pt,48,m,very_low,1500.0,false,783387.83,5857468.83,-28.213333333333342,
bb_85607654,28800.0,pt,79,f,medium,3000.0,false,798884.61,5854526.49,-74.81333333333333,
bb_763981b3,28800.0,pt,55,f,high,3600.0,false,802649.16,5803338.44,-23.913333333333334,
bb_af0b5fb5,28800.0,pt,73,f,low,900.0,false,779061.85,5810662.44,-17.613333333333337,
bb_2db22947,28800.0,pt,72,m,high,4600.0,false,767666.69,5810027.48,-17.61333333333334,
bb_1ae9d352,28800.0,pt,18,f,high,5600.0,false,773483.11,5815927.39,-17.613333333333333,
bb_5b563e4e,28800.0,pt,42,f,very_high,5600.0,false,812861.76,5804274.11,-22.713333333333335,
bb_387c7a21,28800.0,pt,55,f,medium,3000.0,false,791160.83,5802057.94,-13.613333333333337,
bb_5724f821,28800.0,pt,37,f,medium,2000.0,false,818072.32,5800060.1,-22.713333333333335,
bb_cceb23ff,28800.0,pt,63,f,medium,2000.0,false,818484.18,5803110.8,-22.71333333333333,
bb_558f58f8,28800.0,pt,66,f,low,900.0,false,770553.28,5835227.69,-24.21333333333333,
bb_a8704ef9,28800.0,pt,17,m,low,2600.0,false,779181.87,5813594.88,-14.813333333333334,
bb_c4a534e9,28800.0,pt,19,f,medium,2000.0,false,815175.19,5831295.65,-18.943333333333335,
bb_05bc911e,28800.0,pt,7,f,medium,3600.0,false,820358.53,5828871.86,-18.943333333333335,
bb_25ac9844,28800.0,pt,6,m,high,3600.0,false,767935.08,5810180.82,-17.61333333333334,
bb_9c751cb0,28800.0,pt,89,m,medium,1500.0,false,829806.23,5833442.11,-18.943333333333335,
bb_a19787a4,28800.0,pt,19,f,high,4600.0,false,826500.39,5818348.69,-16.213333333333335,
bb_ceae2810,28800.0,pt,41,f,medium,3000.0,false,777385.92,5811323.41,-14.813333333333334,
bb_3ea5b57c,28800.0,pt,27,m,high,3600.0,false,793425.15,5809844.9,-18.813333333333336,
bb_96e48f6c,28800.0,pt,63,m,very_high,5600.0,false,817290.7,5799945.1,-22.713333333333335,
bb_7dacdeb0,28800.0,pt,89,f,low,1500.0,false,766621.4,5807883.41,-17.61333333333334,
bb_390c3336,28800.0,pt,30,f,medium,3000.0,false,788812.45,5846878.36,-26.813333333333336,
bb_92866470,28800.0,pt,53,f,very_low,500.0,true,781638.45,5852603.16,-24.21333333333334,
bb_1bbcf82d,28800.0,pt,53,m,high,3600.0,false,771447.66,5858097.87,-24.21333333333334,
bb_5067c8ac,28800.0,pt,53,f,very_low,2000.0,false,776225.72,5805350.52,-14.813333333333334,
bb_3b091ee3,28800.0,pt,53,f,very_high,5600.0,false,757511.28,5812856.46,-17.613333333333337,
bb_ccdfd369,28800.0,pt,52,f,very_high,5600.0,false,775304.79,5813599.75,-14.813333333333334,
bb_5f536c53,28800.0,pt,66,f,high,4600.0,false,815869.36,5798524.78,-17.613333333333337,
bb_ae26f765,28800.0,pt,52,f,very_high,5600.0,false,824103.18,5829225.48,-22.943333333333335,
bb_aa23a63e,28800.0,pt,48,m,high,3600.0,false,740187.02,5809169.71,-22.81333333333334,
bb_baccbeff,28800.0,pt,41,m,low,900.0,false,779895.09,5812965.65,-14.813333333333334,
bb_50c61fb6,28800.0,pt,50,m,very_high,5600.0,false,779650.52,5813765.6,-14.813333333333334,
bb_b1abf2ac,28800.0,pt,66,m,low,900.0,true,774152.7,5798727.38,-108.91333333333334,
bb_6cb127ce,28800.0,pt,33,f,medium,3000.0,false,784110.14,5838480.45,-16.21333333333333,
bb_8e9f90ac,28800.0,pt,18,f,low,2000.0,true,776690.71,5848961.93,-36.213333333333324,
bb_3ebbabbc,28800.0,pt,80,m,low,1500.0,true,799233.39,5843411.95,-17.613333333333333,
bb_30a25be1,28800.0,pt,33,f,low,2000.0,true,769596.97,5813975.69,-17.613333333333333,
bb_3c641e88,28800.0,pt,53,f,high,3000.0,false,776572.68,5849596.13,-36.21333333333332,
bb_73a7061f,28800.0,pt,45,m,low,3000.0,false,807815.96,5815174.56,-16.043333333333337,
bb_658bd882,28800.0,pt,52,f,high,2600.0,false,770504.54,5795395.31,-24.213333333333335,
bb_7a4a0e21,28800.0,pt,77,f,high,3600.0,false,789782.24,5814314.9,-12.213333333333335,
bb_a9ec1fc3,28800.0,pt,59,f,low,900.0,true,790060.32,5811984.82,-18.813333333333336,
bb_28f4ed17,28800.0,pt,50,f,low,3600.0,false,822865.75,5830507.39,-14.943333333333333,
bb_bc2af3bf,28800.0,pt,4,m,high,4600.0,false,766865.74,5811068.55,-17.61333333333334,
bb_7714404b,28800.0,pt,38,m,medium,2600.0,false,820597.31,5842052.38,-26.943333333333335,
bb_d5a4ad0a,28800.0,pt,87,f,low,900.0,false,820214.68,5814850.64,-23.913333333333334,
bb_bdbac55f,28800.0,pt,40,m,very_high,5600.0,false,820580.03,5799086.92,-29.61333333333333,
bb_22f44030,28800.0,pt,43,f,high,3000.0,true,799181.58,5849674.35,-17.61333333333333,
bb_3e7ff991,28800.0,pt,59,f,low,1500.0,true,789731.1,5845192.24,-24.213333333333335,
bb_d076857e,28800.0,pt,27,m,medium,2000.0,false,775555.28,5872894.59,-77.61333333333334,
bb_bc6795be,28800.0,pt,57,m,low,1500.0,false,769815.03,5835626.82,-24.213333333333328,
bb_38665076,28800.0,pt,74,f,medium,1500.0,false,786810.69,5854308.77,-17.613333333333337,
bb_b7037d41,28800.0,pt,41,f,very_high,5600.0,false,796036.95,5843622.2,-16.213333333333335,
bb_6ca1584f,28800.0,pt,93,f,very_low,500.0,true,776477.58,5831884.79,-13.313333333333333,
bb_47568ad9,28800.0,pt,54,f,very_low,500.0,false,784342.61,5852270.63,-24.213333333333342,
bb_071aaa88,28800.0,pt,18,f,very_low,900.0,false,814046.76,5825236.47,-17.613333333333333,
bb_ac7e7273,28800.0,pt,36,f,medium,3000.0,false,775905.63,5813458.93,-14.813333333333334,
bb_a7a19ab4,28800.0,pt,19,m,medium,2600.0,false,816006.68,5800529.69,-17.61333333333334,
bb_d17dabc6,28800.0,pt,41,m,medium,3600.0,false,791022.54,5802443.64,-13.613333333333337,
bb_4f25928d,28800.0,pt,95,f,low,500.0,false,786903.72,5854221.57,-17.613333333333337,
bb_b3adfb09,28800.0,pt,31,m,low,900.0,false,821372.94,5840828.36,-62.943333333333335,
bb_bbb381ba,28800.0,pt,60,f,high,3000.0,true,818231.13,5827722.53,-16.943333333333335,
bb_72eec04d,28800.0,pt,57,m,high,2600.0,false,810377.35,5799749.77,-17.613333333333337,
bb_5b5012b6,28800.0,pt,27,m,medium,3000.0,false,777745.71,5830360.25,-14.813333333333333,
bb_ccf759be,28800.0,pt,16,m,very_low,900.0,false,767783.48,5808921.53,-17.61333333333334,
bb_3d14488b,28800.0,pt,51,m,high,3600.0,false,792506.17,5839473.85,-18.813333333333336,
bb_6d96f433,28800.0,pt,72,f,medium,2000.0,false,810507.13,5814039.89,-18.813333333333336,
bb_8b3084fa,28800.0,pt,13,f,very_low,2000.0,false,785535.44,5854883.87,-28.919999999999998,
bb_9649c2ca,28800.0,pt,57,f,high,3600.0,false,801748.03,5797808.31,-21.513333333333335,
bb_d6754153,28800.0,pt,34,m,medium,3000.0,false,790710.7,5802865.7,-13.613333333333335,
bb_7515d7fa,28800.0,pt,65,f,very_low,499.0,false,806434.43,5843529.92,-16.093333333333334,
bb_4d1d17e1,28800.0,pt,88,m,low,1500.0,false,822824.61,5822649.09,-23.913333333333334,
bb_1a9829bd,28800.0,pt,27,m,very_low,1500.0,false,793161.27,5810340.54,-18.813333333333336,
bb_d6ff6222,28800.0,pt,41,m,high,3000.0,true,791804.47,5813051.76,-13.613333333333335,
bb_8175a284,28800.0,pt,46,m,low,2000.0,false,814358.19,5802968.92,-17.613333333333337,
bb_0600e271,28800.0,pt,2,m,high,5600.0,false,770034.4,5832938.0,-20.21333333333334,
bb_88e64e81,28800.0,pt,56,m,very_high,5600.0,false,747462.07,5805948.18,-36.21333333333333,
bb_8786c9d9,28800.0,pt,2,m,high,4600.0,false,773751.67,5839860.99,-23.713333333333335,
bb_4bf17e95,28800.0,pt,62,f,medium,2000.0,false,787714.04,5848087.34,-24.213333333333335,
bb_ace46da4,28800.0,pt,57,f,low,1500.0,false,777357.73,5830552.41,-13.313333333333334,
bb_b2fcad05,28800.0,pt,64,f,very_low,500.0,false,810490.33,5847359.19,-22.813333333333336,
bb_cb7c56fe,28800.0,pt,35,m,high,4600.0,false,814304.95,5813042.35,-17.443333333333335,
bb_bd456581,28800.0,pt,58,m,high,2600.0,false,769267.66,5816826.06,-17.613333333333333,
bb_c8f4bac2,28800.0,pt,56,f,medium,2000.0,false,878594.51,5791188.83,-35.91333333333334,
bb_2f08c548,28800.0,pt,50,m,medium,1500.0,false,814324.33,5807226.97,-17.61333333333334,
bb_b9775f85,28800.0,pt,47,f,high,4600.0,true,831006.38,5822612.51,-23.913333333333334,
bb_d0fdc820,28800.0,pt,6,f,medium,3000.0,false,788338.41,5813093.1,-13.613333333333335,
bb_9c5fc902,28800.0,pt,63,f,high,3600.0,false,806485.02,5846086.87,-20.09333333333333,
bb_4883f68a,28800.0,pt,66,m,low,1500.0,false,779146.3,5821656.69,-19.726666666666667,
bb_86a8adb8,28800.0,pt,50,f,medium,3000.0,false,772712.77,5807435.36,-14.813333333333334,
bb_a3fe817c,28800.0,pt,31,f,low,2000.0,false,782104.04,5811062.81,-17.613333333333337,
bb_1808e143,28800.0,pt,53,m,low,900.0,false,799805.72,5846051.3,-17.613333333333333,
bb_793e989e,28800.0,pt,36,f,very_low,900.0,true,782222.02,5795108.59,-37.61333333333334,
bb_b3b71738,28800.0,pt,42,f,very_low,500.0,false,798454.14,5798676.64,-21.513333333333332,
bb_d401b2fe,28800.0,pt,4,m,medium,3000.0,false,819807.75,5805443.92,-22.513333333333335,
bb_8c2ba8c6,28800.0,pt,45,f,very_low,500.0,true,791856.0,5813465.78,-13.613333333333335,
bb_76008b34,28800.0,pt,12,m,high,3600.0,false,762377.58,5805751.25,-17.61333333333334,
bb_8fd5c68b,28800.0,pt,58,f,high,3600.0,false,761855.35,5835356.48,-20.21333333333334,
bb_6f6ec0a9,28800.0,pt,67,f,medium,1500.0,false,792127.86,5839929.15,-18.813333333333336,
bb_5f1292d0,28800.0,pt,25,m,medium,2600.0,false,785638.28,5814209.54,-14.813333333333334,
bb_1965cdfa,28800.0,pt,84,m,medium,2000.0,false,820343.25,5823458.29,-23.913333333333334,
bb_5c406a99,28800.0,pt,4,m,medium,3000.0,false,790982.34,5801966.4,-13.613333333333337,
bb_3eba512e,28800.0,pt,55,m,medium,2000.0,true,807411.25,5840037.2,-17.913333333333334,
bb_7ae8d94c,28800.0,pt,35,m,very_low,900.0,false,769818.43,5841072.92,-32.11333333333333,
bb_874b5081,28800.0,pt,46,f,medium,3600.0,false,801544.86,5810528.96,-14.813333333333334,
bb_898f16fd,28800.0,pt,61,f,high,3600.0,false,821306.69,5807379.47,-22.71333333333333,
bb_5ccef45e,28800.0,pt,66,f,low,1500.0,false,775542.24,5790159.63,-36.21333333333333,
bb_1a544e84,28800.0,pt,50,m,high,3600.0,false,789475.57,5859168.33,-36.213333333333324,
bb_70c188a7,28800.0,pt,78,m,high,4600.0,true,769378.06,5813742.0,-17.613333333333337,
bb_9780b702,28800.0,pt,8,f,medium,3000.0,false,775970.35,5812759.06,-14.813333333333334,
bb_5eab2fd8,28800.0,pt,63,m,high,4600.0,false,788639.77,5848710.97,-14.813333333333334,
bb_dc9cb85c,28800.0,pt,50,m,low,3000.0,false,814597.3,5830554.43,-18.656666666666666,
bb_1ff75669,28800.0,pt,11,f,high,4600.0,false,788761.87,5804406.18,-13.613333333333335,
bb_05bda6e5,28800.0,pt,75,m,high,3600.0,false,799663.47,5807430.16,-25.613333333333337,
bb_afe163b0,28800.0,pt,38,m,very_low,499.0,false,814295.77,5807716.84,-17.61333333333334,
bb_8544a2fc,28800.0,pt,67,m,medium,2000.0,false,760970.7,5821085.96,-23.713333333333335,
bb_aba6747e,28800.0,pt,53,m,high,4600.0,false,817995.34,5829359.34,-14.943333333333333,
bb_0260c988,28800.0,pt,48,f,high,2600.0,false,785820.25,5812101.06,-16.213333333333335,
bb_b969470f,28800.0,pt,71,m,medium,2000.0,false,777426.11,5811984.73,-14.813333333333334,
bb_1cb440da,28800.0,pt,67,m,low,1500.0,false,773735.58,5811866.12,-14.813333333333334,
bb_3da4265f,28800.0,pt,36,f,medium,3000.0,false,813310.88,5811249.8,-29.613333333333337,
bb_7d14cfbc,28800.0,pt,56,m,low,1500.0,false,743010.48,5811573.38,-17.613333333333337,
bb_1518ef47,28800.0,pt,52,f,very_high,5600.0,true,789736.09,5846210.31,-12.213333333333331,
bb_005c86a1,28800.0,pt,7,f,very_high,5600.0,false,800271.03,5807681.68,-14.813333333333334,
bb_6e2f1057,28800.0,pt,61,f,very_low,900.0,false,781310.67,5804467.92,-17.613333333333333,
bb_a1caa3f5,28800.0,pt,77,f,medium,2000.0,true,776432.52,5832451.07,-13.313333333333334,
bb_1fa4d473,28800.0,pt,55,f,very_high,4600.0,true,774993.18,5850926.07,-36.213333333333324,
bb_670ad107,28800.0,pt,58,f,medium,3000.0,false,790031.46,5802750.77,-13.613333333333337,
bb_6be75a90,28800.0,pt,67,f,medium,2000.0,false,761557.69,5852736.22,-36.21333333333332,
bb_9780eae6,28800.0,pt,22,m,low,900.0,false,806366.49,5843771.67,-16.093333333333334,
bb_91f96644,28800.0,pt,30,f,high,3600.0,false,779650.42,5806806.59,-17.613333333333333,
bb_aea15240,28800.0,pt,36,f,low,2000.0,false,822795.97,5820206.15,-18.043333333333337,
bb_889f908a,28800.0,pt,7,m,medium,3000.0,false,776023.67,5831286.17,-13.313333333333334,
bb_1db4b60f,28800.0,pt,54,m,very_low,500.0,true,792509.59,5839475.49,-18.813333333333336,
bb_b396854c,28800.0,pt,37,m,medium,2000.0,false,812843.65,5804190.55,-22.713333333333328,
bb_01e8e15b,28800.0,pt,14,m,high,3600.0,false,808538.53,5838068.41,-19.443333333333335,
bb_a17be357,28800.0,pt,72,m,medium,2600.0,false,774841.11,5815233.16,-14.813333333333334,
bb_22c4d77b,28800.0,pt,66,f,medium,2000.0,false,776262.4,5850155.84,-24.21333333333334,
bb_815ae92a,28800.0,pt,9,f,high,3600.0,false,820318.43,5828801.91,-18.943333333333335,
bb_8dffa313,28800.0,pt,71,f,high,3000.0,true,775190.66,5832400.91,-16.113333333333333,
bb_594bfea9,28800.0,pt,31,f,medium,2000.0,false,790233.03,5802811.96,-13.613333333333337,
bb_5662f3c1,28800.0,pt,34,m,high,3600.0,false,784680.95,5840905.55,-16.21333333333333,
bb_09bad24f,28800.0,pt,58,m,low,2000.0,false,844540.07,5813293.05,-16.213333333333335,
bb_c3ed3ba8,28800.0,pt,76,m,low,1500.0,false,783591.45,5803547.51,-29.613333333333337,
bb_46cf8446,28800.0,pt,20,m,very_low,2000.0,false,792026.77,5812651.74,-13.613333333333335,
bb_64bc6217,28800.0,pt,3,m,medium,2600.0,true,769658.56,5832666.17,-20.21333333333334,
bb_43fce6f9,28800.0,pt,70,f,low,1500.0,false,775482.87,5832536.31,-16.113333333333333,
bb_c98af1ac,28800.0,pt,5,m,medium,3000.0,false,813247.04,5794449.34,-29.61333333333333,
bb_49d7e1c3,28800.0,pt,17,f,very_low,1500.0,false,814231.98,5810420.46,-29.61333333333333,
bb_c86bebfe,28800.0,pt,32,m,very_high,5600.0,false,776658.89,5833725.31,-20.213333333333335,
bb_2d69d0af,28800.0,pt,30,m,medium,3000.0,false,782263.01,5852457.95,-24.21333333333334,
bb_3548942b,28800.0,pt,33,m,medium,1500.0,false,824610.74,5863854.03,-21.61333333333334,
bb_c5e1accf,28800.0,pt,64,m,high,3600.0,false,776658.05,5831184.34,-11.713333333333335,
bb_43939033,28800.0,pt,7,m,high,3600.0,false,787479.68,5851687.58,-14.813333333333333,
bb_4f1529a0,28800.0,pt,23,m,very_low,500.0,false,777300.27,5814548.78,-14.813333333333334,
bb_4bff6255,28800.0,pt,12,f,low,2000.0,true,791486.38,5812488.99,-18.813333333333336,
bb_a66a0c19,28800.0,pt,90,f,medium,1500.0,true,785733.89,5850876.93,-36.213333333333324,
bb_0222bf23,28800.0,pt,52,m,high,5600.0,false,768339.52,5831870.27,-20.21333333333334,
bb_69b665e7,28800.0,pt,17,f,medium,3000.0,false,791534.38,5814807.39,-13.613333333333335,
bb_c6d71506,28800.0,pt,58,f,high,3000.0,false,783730.18,5811300.26,-16.213333333333335,
bb_53c8a560,28800.0,pt,22,m,very_low,900.0,false,771411.02,5813482.21,-14.813333333333334,
bb_2dc339ab,28800.0,pt,12,f,high,3600.0,false,763950.61,5816058.89,-17.613333333333337,
bb_8864bfa1,28800.0,pt,53,m,high,5600.0,false,780342.9,5768284.79,-25.613333333333337,
bb_b2767ac0,28800.0,pt,55,f,high,4600.0,true,774946.73,5813016.13,-14.813333333333334,
bb_64d5da28,28800.0,pt,7,m,very_low,900.0,true,820836.33,5815818.14,-23.913333333333334,
bb_69a36ee6,28800.0,pt,26,m,very_low,500.0,false,781744.87,5811410.13,-14.813333333333334,
bb_c562924d,28800.0,pt,80,f,low,1500.0,true,785890.9,5852874.39,-17.613333333333337,
bb_5d491c96,28800.0,pt,72,m,high,3000.0,false,774321.87,5828405.85,-16.113333333333333,
bb_154ead9c,28800.0,pt,51,f,high,4600.0,false,807630.25,5805096.07,-29.613333333333326,
bb_765aaa8a,28800.0,pt,30,f,very_low,900.0,false,780187.57,5835633.11,-16.113333333333333,
bb_6cbc11a5,28800.0,pt,27,f,low,2000.0,false,776368.49,5832195.11,-13.313333333333333,
bb_86b9aeae,28800.0,pt,14,f,very_high,5600.0,false,811056.97,5845769.16,-16.093333333333334,
bb_1f457e20,28800.0,pt,0,m,high,4600.0,false,823818.66,5830174.19,-18.943333333333335,
bb_a3886029,28800.0,pt,62,f,very_high,5600.0,true,778427.56,5835173.41,-17.313333333333333,
bb_b0cc6222,28800.0,pt,37,m,high,4600.0,false,824198.21,5864359.35,-21.613333333333337,
bb_c7eec4a8,28800.0,pt,16,f,high,4600.0,false,788147.37,5846757.61,-26.813333333333336,
bb_6992e0aa,28800.0,pt,56,m,low,1500.0,false,813605.13,5810165.65,-29.613333333333337,
bb_4eabee2c,28800.0,pt,63,f,very_low,500.0,true,767512.31,5825612.52,-29.61333333333334,
bb_27967947,28800.0,pt,19,f,medium,4600.0,true,788450.7,5793470.52,-13.613333333333333,
bb_c717eda1,28800.0,pt,6,f,medium,4600.0,false,780422.68,5810906.06,-12.213333333333335,
bb_6b6adf25,28800.0,pt,30,f,high,4600.0,false,784849.22,5799705.48,-21.51333333333334,
bb_ab495e64,28800.0,pt,42,m,high,4600.0,false,787821.51,5815788.7,-17.403333333333336,
bb_0969f82e,28800.0,pt,14,f,medium,3000.0,false,770347.49,5813394.39,-17.613333333333337,
bb_715928ee,28800.0,pt,44,f,medium,3600.0,false,778688.69,5820928.98,-17.61333333333334,
bb_00db29ac,28800.0,pt,15,f,low,1500.0,false,788297.9,5815515.32,-16.213333333333335,
bb_5fe96e28,28800.0,pt,48,f,very_high,5600.0,false,740012.46,5808268.45,-22.81333333333334,
bb_1d607c19,28800.0,pt,58,f,medium,2000.0,false,760952.88,5821169.07,-23.713333333333335,
bb_dc051d04,28800.0,pt,45,m,low,2000.0,false,836333.77,5775528.86,-41.61333333333332,
bb_68406ca1,28800.0,pt,62,m,very_low,499.0,true,786507.33,5810255.23,-21.403333333333332,
bb_2180944b,28800.0,pt,31,m,very_low,900.0,false,854023.64,5891790.4,-33.61333333333334,
bb_a618e669,28800.0,pt,83,m,high,3600.0,true,773627.66,5811449.37,-14.813333333333334,
bb_1bcea23a,28800.0,pt,4,f,very_high,5600.0,false,777819.66,5832707.15,-17.313333333333333,
bb_a0398aa7,28800.0,pt,23,m,medium,3000.0,false,870760.35,5809835.4,-23.913333333333334,
bb_2e6f14f8,28800.0,pt,38,m,high,2600.0,false,816478.2,5830085.55,-18.943333333333335,
bb_b0924032,28800.0,pt,20,f,low,1500.0,false,777644.36,5848922.27,-16.21333333333333,
bb_0cb82747,28800.0,pt,54,m,very_high,5600.0,false,778580.51,5819557.59,-22.813333333333336,
bb_3bd685d2,28800.0,pt,77,f,low,1500.0,false,814910.26,5806943.84,-17.61333333333334,
bb_bee99910,28800.0,pt,38,m,low,900.0,true,819457.75,5811436.34,-22.513333333333332,
bb_861a37ba,28800.0,pt,27,f,medium,2600.0,false,775497.11,5816042.68,-14.813333333333334,
bb_9002a4eb,28800.0,pt,42,f,very_low,900.0,false,778353.05,5812731.7,-12.213333333333335,
bb_0bdae58c,28800.0,pt,80,m,very_low,500.0,true,765595.49,5816021.57,-29.61333333333334,
bb_afdb4289,28800.0,pt,49,m,medium,2000.0,false,785692.25,5779292.9,-21.513333333333335,
bb_d50e0fe8,28800.0,pt,54,m,medium,3000.0,false,828433.72,5820188.49,-16.213333333333335,
bb_5b45fdee,28800.0,pt,93,m,low,2000.0,true,776272.77,5832903.64,-16.113333333333333,
bb_67420822,28800.0,pt,63,f,low,1500.0,false,771792.35,5815243.61,-17.613333333333337,
bb_ad122103,28800.0,pt,19,m,very_low,900.0,false,802685.63,5797287.27,-21.513333333333332,
bb_56824253,28800.0,pt,55,f,very_low,499.0,false,807534.51,5845417.92,-16.093333333333334,
bb_82701422,28800.0,pt,20,m,very_low,900.0,false,771233.09,5841658.06,-32.11333333333333,
bb_7772b8d3,28800.0,pt,62,f,very_low,500.0,true,819150.74,5828911.7,-18.943333333333335,
bb_72938852,28800.0,pt,33,f,high,5600.0,false,802079.66,5814880.67,-17.613333333333337,
bb_8c2c9ed4,28800.0,pt,63,m,very_low,499.0,true,819948.11,5828874.25,-18.943333333333335,
bb_c0dacf8c,28800.0,pt,40,f,medium,3600.0,false,770527.99,5859454.61,-72.21333333333332,
bb_42b45313,28800.0,pt,46,f,medium,3600.0,false,778556.7,5812723.48,-12.213333333333335,
bb_988d5ede,28800.0,pt,41,f,high,3600.0,false,778028.81,5799082.84,-17.613333333333337,
bb_2d2bb707,28800.0,pt,99,f,low,2000.0,true,813206.18,5811457.04,-29.613333333333337,
bb_8aeb4016,28800.0,pt,9,m,medium,2000.0,false,771315.81,5806150.05,-17.613333333333337,
bb_91434ff4,28800.0,pt,58,m,medium,2000.0,false,779776.11,5806615.82,-17.613333333333333,
bb_d6cd1e39,28800.0,pt,78,m,medium,2000.0,false,781469.73,5845612.77,-16.213333333333335,
bb_6924506e,28800.0,pt,62,m,low,2000.0,false,794870.36,5840557.25,-19.680000000000003,
bb_3e9ce359,28800.0,pt,61,f,very_low,500.0,true,778713.95,5812138.88,-12.213333333333335,
bb_3f126190,28800.0,pt,98,f,medium,1500.0,true,821407.38,5807115.68,-22.71333333333333,
bb_695386d9,28800.0,pt,62,m,high,3600.0,false,746514.24,5815158.17,-41.61333333333332,
bb_100b7d0d,28800.0,pt,65,f,medium,2000.0,false,787575.11,5857293.37,-36.213333333333324,
bb_02b78256,28800.0,pt,9,m,high,4600.0,false,786563.76,5850192.62,-36.213333333333324,
bb_61461168,28800.0,pt,58,m,medium,3000.0,false,840019.61,5835432.38,-106.94333333333333,
bb_dc231c85,28800.0,pt,46,f,medium,1500.0,false,779019.12,5820994.46,-19.726666666666667,
bb_50c077b0,28800.0,pt,80,f,low,900.0,false,843905.87,5801860.31,-64.21333333333335,
bb_0122bb55,28800.0,pt,8,m,medium,3000.0,false,809580.42,5799931.03,-17.61333333333334,
bb_4e421963,28800.0,pt,59,m,medium,4600.0,false,813973.76,5833093.76,-18.943333333333335,
bb_9a5e9992,28800.0,pt,70,f,low,1500.0,true,774781.05,5804570.98,-17.613333333333333,
bb_4f28dc56,28800.0,pt,45,f,medium,2600.0,false,789072.19,5813567.54,-13.613333333333335,
bb_b380f46d,28800.0,pt,48,f,high,3600.0,false,786281.83,5813725.39,-14.813333333333334,
bb_6df70f0b,28800.0,pt,43,m,high,4600.0,false,754462.85,5802589.38,-24.21333333333334,
bb_c3f6da4a,28800.0,pt,22,f,medium,2600.0,false,817731.84,5810836.15,-22.513333333333335,
bb_1a743b38,28800.0,pt,8,f,high,4600.0,false,769649.76,5813922.2,-17.613333333333337,
bb_db924400,28800.0,pt,61,f,high,3600.0,false,772440.82,5858729.02,-72.21333333333332,
bb_65959464,28800.0,pt,64,m,very_low,499.0,false,797013.44,5795104.43,-33.61333333333334,
bb_866360ad,28800.0,pt,41,f,high,4600.0,false,746621.93,5789125.83,-24.213333333333335,
bb_6cbfc9fb,28800.0,pt,48,f,very_low,1500.0,false,800826.17,5810558.17,-14.813333333333334,
bb_109d4609,28800.0,pt,2,m,low,3000.0,false,789337.89,5814074.22,-13.613333333333335,
bb_a21546e0,28800.0,pt,50,f,very_low,500.0,false,822520.14,5821782.55,-23.913333333333334,
bb_a406b743,28800.0,pt,11,f,very_low,900.0,true,777156.15,5814669.05,-17.613333333333333,
bb_3a87b34f,28800.0,pt,57,f,high,4600.0,true,777746.88,5832523.87,-17.313333333333333,
bb_c2b34992,28800.0,pt,56,f,medium,2000.0,false,774032.31,5798222.62,-108.91333333333334,
bb_254e7ae4,28800.0,pt,48,m,medium,2600.0,false,799223.07,5806658.39,-25.613333333333337,
bb_b8254a2b,28800.0,pt,67,f,very_high,5600.0,false,802862.14,5805770.03,-23.913333333333334,
bb_db0501c6,28800.0,pt,37,f,high,4600.0,false,775486.41,5818467.23,-22.813333333333336,
bb_a4d50b10,28800.0,pt,98,m,medium,2000.0,false,832764.84,5815266.56,-71.91333333333333,
bb_524ba84f,28800.0,pt,56,m,very_low,500.0,true,775228.36,5832362.78,-16.113333333333333,
bb_82e4404d,28800.0,pt,27,f,medium,2000.0,false,885140.68,5790987.57,-35.91333333333334,
bb_b7ec6187,28800.0,pt,70,f,very_low,500.0,false,800830.93,5806826.89,-23.913333333333334,
bb_94be0218,28800.0,pt,37,m,very_low,2000.0,false,815322.93,5806235.32,-17.61333333333334,
bb_1e2f8a03,28800.0,pt,2,m,high,4600.0,false,770246.9,5833115.21,-17.313333333333333,
bb_097a0a32,28800.0,pt,63,m,very_low,499.0,false,830291.52,5813504.25,-47.91333333333334,
bb_7f5c161e,28800.0,pt,40,m,very_low,900.0,false,823168.74,5828127.82,-22.943333333333335,
bb_33459222,28800.0,pt,8,m,high,3600.0,false,787206.41,5844917.53,-28.213333333333335,
bb_04aa6d0d,28800.0,pt,24,m,medium,2000.0,false,805639.64,5845147.76,-20.093333333333337,
bb_3b902145,28800.0,pt,10,m,medium,3600.0,false,789927.09,5844031.67,-10.813333333333333,
bb_4e7c5f23,28800.0,pt,14,f,very_high,5600.0,false,812674.84,5810910.53,-29.613333333333337,
bb_bdf7d498,28800.0,pt,30,f,medium,2000.0,false,776859.85,5832950.4,-16.113333333333333,
bb_0954e5d5,28800.0,pt,62,m,medium,3000.0,false,789638.25,5846047.9,-14.81333333333333,
bb_5b68bc97,28800.0,pt,65,f,very_low,500.0,false,779864.24,5848996.79,-36.21333333333332,
bb_c8de4730,28800.0,pt,34,m,high,3600.0,false,824483.11,5868892.39,-21.613333333333337,
bb_80758022,28800.0,pt,34,f,low,1500.0,false,825650.8,5783510.8,-29.61333333333333,
bb_26295d6b,28800.0,pt,45,f,very_low,500.0,true,814889.41,5808498.44,-26.513333333333332,
bb_0eedffb7,28800.0,pt,78,m,medium,2600.0,true,785852.22,5814205.22,-14.813333333333334,
bb_abf91a93,28800.0,pt,92,f,low,900.0,false,788298.37,5848544.95,-17.913333333333334,
bb_806bac83,28800.0,pt,8,m,low,2000.0,false,769895.94,5814029.67,-14.813333333333334,
bb_22fa7769,28800.0,pt,58,m,very_low,499.0,true,802032.41,5854765.06,-22.813333333333333,
bb_98d9877d,28800.0,pt,55,f,very_low,500.0,true,781274.24,5852902.68,-24.21333333333334,
bb_40ad3b6e,28800.0,pt,38,f,high,4600.0,false,788139.57,5861799.11,-65.61333333333334,
bb_a487fa4a,28800.0,pt,95,m,medium,2000.0,true,814034.62,5804101.64,-22.71333333333333,
bb_a8f68246,28800.0,pt,76,f,medium,2000.0,true,803363.6,5803666.44,-23.913333333333334,
bb_c2b94e61,28800.0,pt,16,m,medium,2600.0,false,793839.83,5856601.54,-77.61333333333332,
bb_02333214,28800.0,pt,55,m,very_high,5600.0,false,793357.21,5809472.66,-18.813333333333336,
bb_7c9ea565,28800.0,pt,68,m,low,1500.0,false,763969.44,5806751.1,-41.61333333333333,
bb_1bc42580,28800.0,pt,13,f,very_high,5600.0,false,778394.69,5811357.8,-17.613333333333337,
bb_3d43da5e,28800.0,pt,9,f,low,1500.0,false,796176.99,5841565.03,-18.48,
bb_b29b1aba,28800.0,pt,76,f,very_low,900.0,false,788520.61,5848879.29,-14.813333333333336,
bb_b0fba5b9,28800.0,pt,41,m,medium,2600.0,false,777738.72,5814619.59,-12.213333333333335,
bb_2df3bdcc,28800.0,pt,26,m,low,900.0,false,774333.86,5814361.86,-14.813333333333334,
bb_193d523c,28800.0,pt,31,f,very_low,900.0,false,802639.06,5858642.86,-22.813333333333333,
bb_050e423c,28800.0,pt,59,m,high,3600.0,false,776936.35,5831914.6,-13.313333333333334,
bb_6ec8a936,28800.0,pt,13,f,low,2000.0,false,778146.38,5809490.27,-17.613333333333337,
bb_13fdc71e,28800.0,pt,52,f,low,900.0,true,780123.15,5842756.33,-20.213333333333335,
bb_4a766a61,28800.0,pt,11,f,very_low,2000.0,false,822745.03,5821797.71,-23.913333333333334,
bb_6e2e7770,28800.0,pt,61,m,medium,2000.0,false,778602.25,5810349.63,-17.613333333333337,
bb_dc79a337,28800.0,pt,37,m,very_high,4600.0,false,771906.1,5813634.77,-17.613333333333337,
bb_d967e7db,28800.0,pt,26,f,very_low,1500.0,false,779454.9,5814047.78,-15.726666666666665,
bb_da6d6e48,28800.0,pt,10,f,very_high,5600.0,false,754801.78,5808048.42,-24.213333333333335,
bb_d9bbc7af,28800.0,pt,37,f,very_low,900.0,false,780999.07,5835554.98,-16.113333333333333,
bb_ca8e0743,28800.0,pt,61,m,medium,1500.0,false,786166.2,5849851.54,-36.213333333333324,
bb_2b640407,28800.0,pt,69,m,very_high,4600.0,false,820663.33,5806663.01,-22.71333333333333,
bb_a27da2d6,28800.0,pt,17,m,high,3600.0,false,787923.38,5852621.68,-17.913333333333334,
bb_1c6ca0d8,28800.0,pt,2,m,medium,3600.0,false,814975.38,5812923.25,-29.613333333333333,
bb_718cf5c6,28800.0,pt,31,f,very_low,900.0,true,822320.29,5841259.43,-62.943333333333335,
bb_34478330,28800.0,pt,36,f,medium,1500.0,false,790787.81,5878459.14,-29.613333333333333,
bb_bc8026fb,28800.0,pt,11,f,high,4600.0,false,817962.92,5823830.93,-26.943333333333335,
bb_0318d82f,28800.0,pt,60,f,very_high,5600.0,false,777834.51,5814725.43,-12.213333333333335,
bb_96398bdf,28800.0,pt,55,f,medium,2000.0,true,849127.82,5829434.0,-24.513333333333332,
bb_58628d1b,28800.0,pt,43,f,very_high,5600.0,false,804248.71,5806543.85,-23.913333333333334,
bb_ced9e4d0,28800.0,pt,37,m,high,3600.0,false,771209.37,5814475.08,-17.613333333333337,
bb_1777cc80,28800.0,pt,81,f,medium,2000.0,false,820215.75,5805014.94,-17.61333333333334,
bb_d885bbc3,28800.0,pt,35,m,medium,3000.0,false,806288.9,5843281.89,-16.093333333333337,
bb_5609db9e,28800.0,pt,15,m,medium,3600.0,false,787942.53,5815283.48,-17.403333333333336,
bb_72e33cae,28800.0,pt,4,f,medium,3000.0,false,818939.47,5829166.49,-14.943333333333333,
bb_209b653c,28800.0,pt,15,m,low,3000.0,false,806854.11,5846076.2,-20.093333333333334,
bb_bb5f30b8,28800.0,pt,7,m,very_low,1500.0,false,776424.23,5833215.19,-16.113333333333333,
bb_a93e7848,28800.0,pt,52,m,high,5600.0,false,788823.6,5804678.57,-13.613333333333337,
bb_a5f7971e,28800.0,pt,30,m,very_low,1500.0,false,805953.42,5841752.33,-20.093333333333334,
bb_14c0861d,28800.0,pt,76,f,low,900.0,false,788727.82,5803975.39,-13.613333333333337,
bb_811802d7,28800.0,pt,17,m,medium,3600.0,false,819724.22,5828634.3,-18.943333333333335,
bb_71bc8d69,28800.0,pt,48,m,very_high,5600.0,false,762548.66,5835653.4,-20.21333333333334,
bb_2473739a,28800.0,pt,9,m,low,2600.0,false,821004.48,5843334.64,-26.943333333333335,
bb_88c334b0,28800.0,pt,63,f,medium,3000.0,false,844935.11,5811864.39,-20.21333333333334,
bb_2db5a0a9,28800.0,pt,64,m,medium,3000.0,false,801404.42,5802603.06,-29.613333333333326,
bb_959fdd3e,28800.0,pt,77,m,medium,2600.0,false,765667.94,5806505.82,-17.61333333333334,
bb_c53cb146,28800.0,pt,60,m,high,3600.0,false,752982.75,5810817.61,-29.61333333333333,
bb_8144ebc0,28800.0,pt,47,f,very_high,5600.0,false,766265.82,5844623.13,-32.11333333333333,
bb_73c799c3,28800.0,pt,42,f,medium,3000.0,false,814886.17,5806534.48,-17.61333333333334,
bb_d5546a76,28800.0,pt,6,m,high,4600.0,false,779084.35,5836405.9,-17.313333333333333,
bb_d3847c6e,28800.0,pt,37,f,very_low,2000.0,false,775440.33,5833192.95,-16.113333333333333,
bb_adb9d00a,28800.0,pt,58,m,low,1500.0,true,813142.91,5812528.82,-18.813333333333336,
bb_1f3728fa,28800.0,pt,67,f,very_low,900.0,true,806091.87,5844114.54,-16.093333333333337,
bb_08e55782,28800.0,pt,33,m,medium,3000.0,false,776367.3,5813657.76,-14.813333333333334,
bb_4f8e6acb,28800.0,pt,64,f,medium,2600.0,false,783934.08,5841488.74,-16.21333333333333,
bb_c798fc79,28800.0,pt,56,m,medium,3000.0,false,787394.35,5854152.24,-28.21333333333334,
bb_251a410c,28800.0,pt,62,f,very_low,500.0,false,815136.42,5807021.05,-17.61333333333334,
bb_63525445,28800.0,pt,34,f,very_high,5600.0,false,825419.62,5823610.73,-23.913333333333334,
bb_c72d001f,28800.0,pt,90,f,low,900.0,false,807761.89,5843984.31,-20.09333333333333,
bb_016ef8b4,28800.0,pt,73,f,medium,2000.0,false,814727.95,5807115.19,-17.61333333333334,
bb_2d1c8a76,28800.0,pt,46,m,very_low,499.0,false,801009.97,5850607.21,-78.81333333333335,
bb_85b981e7,28800.0,pt,57,m,high,3600.0,false,844841.19,5815033.03,-20.213333333333335,
bb_8b2f6151,28800.0,pt,56,m,low,900.0,false,821193.69,5822647.7,-23.91333333333333,
bb_8531cd29,28800.0,pt,62,m,medium,3000.0,false,775138.13,5814653.86,-14.813333333333334,
bb_b70de448,28800.0,pt,62,f,medium,2600.0,false,787677.61,5803639.04,-21.513333333333332,
bb_8bc5cd99,28800.0,pt,70,m,medium,3000.0,false,795337.24,5867153.14,-41.61333333333334,
bb_d0855c0b,28800.0,pt,8,m,high,5600.0,false,820493.64,5843088.86,-26.943333333333335,
bb_3aa02626,28800.0,pt,35,m,medium,3000.0,false,816680.86,5797847.08,-17.613333333333337,
bb_d9ee3bce,28800.0,pt,3,m,high,4600.0,false,762265.53,5832453.86,-23.713333333333335,
bb_8f835a40,28800.0,pt,37,f,medium,1500.0,false,814975.27,5808653.49,-26.51333333333334,
bb_16ba3a65,28800.0,pt,27,m,medium,1500.0,false,821294.41,5807302.0,-22.713333333333335,
bb_3e35b84e,28800.0,pt,52,m,very_high,5600.0,false,817488.37,5798294.37,-22.713333333333328,
bb_b41959b5,28800.0,pt,68,f,very_low,900.0,false,777515.88,5840716.37,-23.713333333333335,
bb_a2430ade,28800.0,pt,22,m,very_low,2000.0,false,806814.52,5843083.9,-20.093333333333334,
bb_b16fe655,28800.0,pt,6,m,very_low,900.0,false,771003.95,5834027.34,-13.313333333333333,
bb_8f9757ac,28800.0,pt,58,f,high,3600.0,false,776397.28,5813039.01,-14.813333333333334,
bb_1add69d2,28800.0,pt,53,m,high,4600.0,false,783722.9,5803230.28,-29.61333333333334,
bb_ce827168,28800.0,pt,91,f,low,900.0,false,808154.1,5814686.13,-17.613333333333337,
bb_07b0cb03,28800.0,pt,59,m,low,900.0,false,800561.01,5849114.03,-78.81333333333336,
bb_cb733583,28800.0,pt,37,m,high,3600.0,false,773730.93,5811687.86,-14.813333333333334,
bb_4076fb32,28800.0,pt,16,f,medium,3000.0,false,774960.51,5831179.8,-13.313333333333334,
bb_85f21b84,28800.0,pt,56,m,medium,2000.0,false,790033.36,5803828.4,-13.613333333333337,
bb_713df33c,28800.0,pt,95,f,medium,1500.0,false,773203.74,5820850.6,-17.61333333333334,
bb_d83f6130,28800.0,pt,37,f,medium,3000.0,false,814823.08,5806254.15,-17.61333333333334,
bb_3dddfbdb,28800.0,pt,89,m,medium,3000.0,false,818779.77,5830280.24,-18.943333333333335,
bb_d905e1f2,28800.0,pt,54,m,medium,3000.0,false,815156.97,5803672.27,-17.613333333333337,
bb_afdb6a70,28800.0,pt,43,f,high,3600.0,false,788192.01,5815397.44,-17.403333333333336,
bb_3c118922,28800.0,pt,38,f,very_low,900.0,false,805784.64,5788911.02,-33.61333333333334,
bb_d758d6f3,28800.0,pt,59,m,medium,2600.0,false,774614.52,5812476.01,-14.813333333333334,
bb_7da2e8f3,28800.0,pt,20,m,medium,3000.0,false,814729.07,5813172.64,-18.813333333333336,
bb_93d16cb0,28800.0,pt,22,f,high,5600.0,false,814598.62,5806447.84,-17.61333333333334,
bb_c15a9d19,28800.0,pt,35,f,medium,3000.0,false,776105.89,5814479.17,-14.813333333333334,
bb_a524c36b,28800.0,pt,75,m,medium,2000.0,true,816880.39,5805588.57,-17.613333333333337,
bb_a1f87297,28800.0,pt,70,f,low,1500.0,false,773180.97,5847175.84,-48.21333333333333,
bb_360ac48a,28800.0,pt,54,m,medium,1500.0,false,795915.99,5857291.62,-28.21333333333334,
bb_be1e09f5,28800.0,pt,26,m,very_low,499.0,false,803801.61,5794453.87,-33.61333333333334,
bb_0fb70e43,28800.0,pt,39,m,very_high,5600.0,false,830238.49,5866199.73,-69.61333333333334,
bb_1645d35f,28800.0,pt,77,m,low,1500.0,false,779193.1,5812141.51,-12.213333333333335,
bb_d52e16fe,28800.0,pt,37,m,low,1500.0,false,817756.47,5798356.78,-22.71333333333333,
bb_cec9f9f1,28800.0,pt,6,m,medium,3600.0,false,774214.48,5812431.22,-14.813333333333334,
bb_8a68aa6b,28800.0,pt,51,f,very_low,500.0,true,774296.17,5830961.56,-13.313333333333334,
bb_6e90a0b4,28800.0,pt,53,f,very_low,900.0,false,785368.56,5856108.62,-28.92,
bb_9fae88f5,28800.0,pt,8,m,very_low,1500.0,false,822888.55,5832005.04,-34.943333333333335,
bb_afa32794,28800.0,pt,53,m,low,2600.0,false,775229.95,5815912.65,-14.813333333333334,
bb_cb6431cf,28800.0,pt,16,f,low,2000.0,false,786274.2,5779224.37,-21.513333333333335,
bb_6ef7c712,28800.0,pt,58,f,medium,2000.0,false,767716.8,5815661.68,-29.61333333333334,
bb_64c17fd1,28800.0,pt,1,m,very_high,5600.0,false,778911.56,5809260.35,-12.213333333333335,
bb_9d80dec9,28800.0,pt,51,f,high,3600.0,false,739595.75,5809066.24,-22.81333333333334,
bb_d0a21aa6,28800.0,pt,36,f,very_high,5600.0,false,773978.35,5811938.88,-14.813333333333334,
bb_b7dd79b5,28800.0,pt,45,f,high,3600.0,false,771121.9,5808984.14,-14.813333333333334,
bb_8193a605,28800.0,pt,40,f,medium,3000.0,false,794737.79,5809890.65,-57.61333333333334,
bb_04f8679a,28800.0,pt,41,f,very_low,1500.0,false,775280.9,5813238.45,-14.813333333333334,
bb_d09c20f3,28800.0,pt,52,f,medium,2000.0,false,778993.2,5844122.04,-36.213333333333324,
bb_8491eaca,28800.0,pt,72,m,low,1500.0,false,807881.58,5837562.76,-16.093333333333334,
bb_c5a5b734,28800.0,pt,79,m,medium,2600.0,false,843310.21,5836583.18,-24.513333333333332,
bb_3fa3ed07,28800.0,pt,3,m,medium,2600.0,false,775361.29,5813306.57,-14.813333333333334,
bb_4ab92dd5,28800.0,pt,50,m,high,3600.0,false,788897.04,5844060.28,-16.21333333333333,
bb_40bedaae,28800.0,pt,37,m,medium,3000.0,false,826731.1,5831607.63,-34.943333333333335,
bb_4b918713,28800.0,pt,46,m,medium,2000.0,false,807652.75,5815210.17,-16.043333333333337,
bb_3cb373a1,28800.0,pt,42,m,medium,1500.0,false,791072.86,5802592.29,-13.613333333333337,
bb_11321f05,28800.0,pt,57,m,very_low,499.0,false,820887.15,5822630.39,-23.913333333333334,
bb_d7cc22a3,28800.0,pt,47,f,very_low,500.0,true,814301.6,5808100.81,-21.61333333333333,
bb_7ac4b43f,28800.0,pt,42,f,medium,3600.0,false,750960.1,5841415.53,-32.11333333333333,
bb_b89d3109,28800.0,pt,2,m,very_high,5600.0,false,787516.82,5793737.76,-37.61333333333333,
bb_67a8aeaf,28800.0,pt,79,f,low,1500.0,false,819706.23,5804453.51,-17.61333333333334,
bb_62fb3461,28800.0,pt,36,f,medium,2600.0,false,789882.78,5812581.02,-18.813333333333336,
bb_99d97008,28800.0,pt,51,f,medium,3000.0,false,765919.87,5823735.14,-23.713333333333335,
bb_31fbf8f5,28800.0,pt,5,f,medium,3000.0,false,824723.27,5829548.95,-18.943333333333335,
bb_cd21b8be,28800.0,pt,46,m,very_low,900.0,true,805469.42,5842898.41,-12.093333333333334,
bb_56fc1483,28800.0,pt,6,f,very_low,2000.0,false,780642.87,5811215.13,-12.213333333333335,
bb_3a9df076,28800.0,pt,16,m,high,3600.0,false,785298.77,5812666.28,-17.613333333333337,
bb_a23e2076,28800.0,pt,59,m,low,1500.0,true,778030.08,5831868.08,-11.713333333333331,
bb_34ddaa38,28800.0,pt,15,m,low,2000.0,true,774625.86,5829936.93,-16.113333333333333,
bb_42822811,28800.0,pt,32,f,very_low,2000.0,false,784284.14,5840670.89,-16.21333333333333,
bb_d49d0baf,28800.0,pt,94,f,high,4600.0,true,799360.32,5849419.09,-17.613333333333333,
bb_34a437b6,28800.0,pt,83,f,low,900.0,false,814217.8,5832161.18,-18.943333333333335,
bb_c48fc4cd,28800.0,pt,60,f,very_low,500.0,true,823693.97,5831007.56,-22.943333333333335,
bb_9cceee14,28800.0,pt,88,f,medium,1500.0,false,813397.33,5810123.78,-29.613333333333337,
bb_5e524194,28800.0,pt,17,m,very_high,5600.0,false,811455.39,5846215.29,-22.813333333333336,
bb_3bc97a61,28800.0,pt,31,f,medium,3600.0,false,815969.62,5807171.59,-17.443333333333335,
bb_99390f64,28800.0,pt,27,m,very_low,900.0,false,799670.84,5849272.35,-22.813333333333333,
bb_bf9019d1,28800.0,pt,46,m,very_high,5600.0,false,776267.72,5813774.17,-14.813333333333336,
bb_7e77764c,28800.0,pt,66,m,medium,3000.0,false,774764.28,5831555.87,-13.313333333333333,
bb_41e39c1e,28800.0,pt,72,f,medium,2600.0,false,778267.5,5796368.67,-36.21333333333333,
bb_80bea82c,28800.0,pt,45,m,low,900.0,false,777768.14,5830750.5,-13.313333333333334,
bb_cb51fa7f,28800.0,pt,31,m,high,3600.0,false,785107.29,5779125.2,-13.613333333333335,
bb_81be6cd0,28800.0,pt,41,m,medium,3600.0,false,827378.58,5833141.14,-34.943333333333335,
bb_07383d59,28800.0,pt,35,m,medium,2600.0,false,790005.11,5844803.61,-14.813333333333333,
bb_322353d3,28800.0,pt,45,m,low,2000.0,false,793180.75,5844626.54,-16.21333333333334,
bb_d64c6baf,28800.0,pt,29,m,medium,3600.0,false,774338.13,5812920.9,-14.813333333333334,
bb_0a35aaac,28800.0,pt,11,m,very_high,5600.0,false,806124.39,5844628.92,-16.093333333333334,
bb_7d17d736,28800.0,pt,58,m,low,900.0,false,814920.27,5800428.72,-41.61333333333333,
bb_749902b2,28800.0,pt,52,m,very_high,5600.0,false,813867.67,5803793.58,-22.71333333333333,
bb_a9cfc4be,28800.0,pt,3,m,high,3600.0,false,781526.91,5810962.56,-17.613333333333337,
bb_1a843452,28800.0,pt,42,f,medium,3600.0,false,787278.55,5793557.08,-21.513333333333332,
bb_4e0bcf42,28800.0,pt,95,m,medium,2000.0,false,822065.37,5804834.07,-17.613333333333337,
bb_01f879ba,28800.0,pt,77,m,medium,2000.0,false,815993.3,5828349.88,-16.943333333333335,
bb_d244f4e7,28800.0,pt,48,m,high,4600.0,true,776023.9,5828910.77,-16.113333333333333,
bb_596dfa6a,28800.0,pt,71,f,very_low,500.0,false,765272.78,5800212.26,-24.213333333333335,
bb_10ed3813,28800.0,pt,1,m,very_low,2000.0,false,790655.74,5802233.49,-13.613333333333339,
bb_4cb76d1b,28800.0,pt,45,f,high,5600.0,false,786646.45,5812814.49,-16.213333333333335,
bb_50adc900,28800.0,pt,3,f,medium,2600.0,false,775602.52,5812742.71,-14.813333333333334,
bb_acac558b,28800.0,pt,60,f,very_low,499.0,false,807704.52,5842614.51,-17.913333333333334,
bb_0d3f9d1a,28800.0,pt,72,m,medium,2600.0,true,799503.24,5849463.99,-17.61333333333334,
bb_5a3fc383,28800.0,pt,57,f,low,2000.0,false,814453.11,5854851.68,-42.81333333333334,
bb_19c9c4b1,28800.0,pt,37,f,very_low,2000.0,false,791595.91,5846051.68,-28.213333333333335,
bb_d9323629,28800.0,pt,70,m,medium,3000.0,false,769368.95,5808878.62,-17.613333333333337,
bb_a7792077,28800.0,pt,55,m,very_high,5600.0,false,784939.31,5859879.29,-28.92,
bb_397de427,28800.0,pt,8,m,low,3000.0,false,786075.19,5856251.33,-28.92,
bb_9c3dd439,28800.0,pt,56,m,very_low,500.0,true,835477.52,5830323.35,-96.51333333333334,
bb_db5160bb,28800.0,pt,68,f,low,1500.0,true,791238.5,5843389.93,-20.213333333333335,
bb_a76056ad,28800.0,pt,93,f,low,900.0,false,779693.2,5813816.34,-14.813333333333336,
bb_07fa7e79,28800.0,pt,91,m,medium,2000.0,false,767268.57,5822717.14,-29.61333333333334,
bb_bcbffb14,28800.0,pt,8,f,medium,3600.0,false,788408.92,5844972.73,-22.813333333333333,
bb_25d60cb8,28800.0,pt,32,m,very_low,900.0,false,766380.76,5827747.3,-23.713333333333335,
bb_0cbbc9bc,28800.0,pt,63,m,medium,2600.0,false,800852.08,5810122.99,-14.813333333333334,
bb_0e8beb65,28800.0,pt,73,m,medium,1500.0,false,830688.03,5836249.29,-18.943333333333335,
bb_540b6044,28800.0,pt,2,m,medium,3000.0,false,808317.85,5843642.81,-20.09333333333333,
bb_b2acfe10,28800.0,pt,72,m,medium,2000.0,false,786469.07,5793001.69,-37.61333333333334,
bb_42e1727e,28800.0,pt,37,f,medium,2600.0,false,794972.67,5853675.34,-28.213333333333342,
bb_55a8aadc,28800.0,pt,14,m,very_low,500.0,false,800403.13,5808622.31,-18.813333333333336,
bb_3f80eaba,28800.0,pt,58,f,medium,2000.0,false,774959.38,5831319.06,-13.313333333333333,
bb_5bfda497,28800.0,pt,45,f,very_low,900.0,false,799650.31,5781432.42,-37.61333333333334,
bb_b55b1455,28800.0,pt,99,m,medium,1500.0,true,795905.42,5857204.1,-28.21333333333334,
bb_6e6c34d2,28800.0,pt,36,f,low,1500.0,false,786481.81,5851405.58,-36.213333333333324,
bb_4a3f6271,28800.0,pt,30,m,very_low,900.0,false,734527.63,5822781.89,-26.813333333333336,
bb_b602b124,28800.0,pt,2,f,high,4600.0,false,783136.56,5849072.09,-24.213333333333335,
bb_cce9c00b,28800.0,pt,45,m,medium,3000.0,false,774681.06,5802729.17,-17.613333333333337,
bb_d5194fab,28800.0,pt,67,f,low,900.0,false,778727.11,5820146.16,-17.61333333333334,
bb_9ef5a6a4,28800.0,pt,63,f,low,1500.0,false,784321.46,5852262.72,-24.21333333333334,
bb_68e91db0,28800.0,pt,57,f,very_high,5600.0,true,795916.83,5857227.7,-28.21333333333334,
bb_3717943a,28800.0,pt,23,m,low,1500.0,false,807469.79,5843684.54,-16.093333333333334,
bb_9a9ee11f,28800.0,pt,29,m,low,1500.0,false,782444.04,5844614.72,-16.21333333333333,
bb_9e8eb46e,28800.0,pt,56,f,medium,2000.0,false,802742.04,5801417.91,-45.31333333333333,
bb_1ab306d1,28800.0,pt,4,m,low,2000.0,false,765340.54,5809485.58,-17.613333333333333,
bb_1d09c925,28800.0,pt,78,m,very_low,500.0,true,780491.06,5835626.0,-16.113333333333333,
bb_77beae07,28800.0,pt,57,m,high,3000.0,true,781768.68,5846135.89,-24.213333333333335,
bb_0f59b323,28800.0,pt,36,f,low,1500.0,false,781198.84,5810941.92,-14.813333333333334,
bb_a73052bd,28800.0,pt,38,m,high,3600.0,false,824593.03,5823788.73,-23.913333333333334,
bb_006c324f,28800.0,pt,11,m,very_high,5600.0,false,778868.14,5812588.58,-12.213333333333335,
bb_26710f19,28800.0,pt,62,f,very_low,500.0,true,793471.17,5854097.72,-28.21333333333334,
bb_21bb94b4,28800.0,pt,73,m,medium,2000.0,false,795465.19,5840470.43,-18.48,
bb_7388f971,28800.0,pt,51,f,very_high,5600.0,false,821396.3,5829023.78,-18.943333333333335,
bb_5eb5909d,28800.0,pt,55,m,high,3600.0,false,796035.71,5850856.94,-19.68,
bb_a62a422c,28800.0,pt,90,f,very_low,500.0,true,782242.7,5794805.32,-37.61333333333333,
bb_54f01300,28800.0,pt,46,f,medium,3000.0,false,825752.36,5829588.79,-22.943333333333335,
bb_7f3858c3,28800.0,pt,66,f,low,900.0,false,811417.61,5798114.22,-29.61333333333333,
bb_8dc65538,28800.0,pt,50,m,very_high,5600.0,false,768411.18,5828879.7,-23.713333333333335,
bb_5373d8de,28800.0,pt,33,m,high,2600.0,false,802143.28,5814578.6,-17.613333333333333,
bb_30e6a317,28800.0,pt,83,m,high,3600.0,true,806646.6,5845246.13,-20.093333333333334,
bb_4875fa51,28800.0,pt,3,m,medium,4600.0,false,771832.72,5815694.91,-17.613333333333337,
bb_7194a431,28800.0,pt,32,m,very_low,1500.0,true,786311.13,5851630.51,-36.213333333333324,
bb_26b6b834,28800.0,pt,57,m,medium,2600.0,false,805980.4,5845114.45,-20.093333333333334,
bb_5cb69c6b,28800.0,pt,57,m,medium,2000.0,false,809719.23,5845903.45,-16.093333333333334,
bb_b453ed30,28800.0,pt,0,f,medium,2600.0,false,775249.06,5813488.76,-14.813333333333334,
bb_d48372aa,28800.0,pt,41,f,medium,2000.0,false,832632.36,5831861.42,-72.51333333333334,
bb_196d9b82,28800.0,pt,63,m,very_high,5600.0,false,843641.58,5804777.31,-64.21333333333334,
bb_2b4a1b0c,28800.0,pt,40,m,high,3600.0,false,770349.18,5821739.72,-22.813333333333333,
bb_5e3af7ef,28800.0,pt,52,f,very_low,1500.0,false,795678.61,5842521.25,-19.68,
bb_4f2a278f,28800.0,pt,97,f,low,900.0,false,779984.61,5813001.32,-14.813333333333334,
bb_c67df9df,28800.0,pt,22,f,medium,4600.0,true,813418.85,5811951.91,-17.443333333333335,
bb_0c13ead1,28800.0,pt,0,f,very_high,5600.0,true,817351.35,5804985.25,-17.613333333333337,
bb_406ad8fb,28800.0,pt,41,m,medium,3600.0,false,821321.12,5807391.15,-22.71333333333333,
bb_27bd778c,28800.0,pt,44,m,medium,2600.0,false,815682.98,5800535.17,-17.61333333333334,
bb_3afe4e66,28800.0,pt,41,m,very_low,900.0,false,787757.39,5851502.51,-14.813333333333333,
bb_8940f8de,28800.0,pt,48,f,low,900.0,true,788267.87,5853443.96,-28.21333333333334,
bb_a37346b1,28800.0,pt,32,f,medium,1500.0,false,788453.58,5815234.84,-17.61333333333333,
bb_b7004a30,28800.0,pt,49,m,medium,1500.0,false,814592.76,5806528.55,-17.613333333333344,
bb_6a0fa8bc,28800.0,pt,66,f,medium,2000.0,false,805808.41,5842946.18,-16.093333333333334,
bb_17e865d3,28800.0,pt,62,m,very_low,900.0,true,777515.02,5847320.72,-36.213333333333324,
bb_ac0d752a,28800.0,pt,8,m,high,4600.0,false,765761.04,5833391.28,-20.213333333333342,
bb_d07b0278,28800.0,pt,42,m,low,2000.0,false,770396.68,5828377.36,-23.713333333333335,
bb_8655f076,28800.0,pt,2,f,medium,3600.0,false,792641.39,5840738.02,-22.88333333333333,
bb_bab785d8,28800.0,pt,28,m,medium,3000.0,false,792590.34,5840106.95,-18.813333333333336,
bb_4eb4f182,28800.0,pt,8,m,medium,3600.0,false,772730.53,5820217.72,-22.813333333333336,
bb_b0dbd22b,28800.0,pt,2,f,low,2000.0,false,785947.11,5812447.44,-16.213333333333335,
bb_d3e85db6,28800.0,pt,19,f,high,4600.0,false,809939.02,5846306.41,-16.093333333333334,
bb_58108194,28800.0,pt,38,f,high,3600.0,true,802514.83,5814531.7,-17.613333333333337,
bb_ce6615b6,28800.0,pt,55,m,low,3600.0,false,715153.32,5826528.79,-38.91333333333334,
bb_45be12eb,28800.0,pt,93,f,low,900.0,false,770548.56,5835492.21,-24.21333333333333,
bb_0b599418,28800.0,pt,5,m,high,4600.0,false,775095.22,5818657.89,-14.813333333333334,
bb_b7de82ea,28800.0,pt,50,f,medium,2600.0,false,771218.74,5814498.19,-17.613333333333337,
bb_74120703,28800.0,pt,10,m,high,4600.0,false,778766.51,5819584.83,-22.813333333333336,
bb_14eb4ddd,28800.0,pt,38,f,high,3600.0,false,808123.02,5837435.52,-16.093333333333334,
bb_78f945c3,28800.0,pt,7,f,medium,3000.0,false,780187.75,5848974.39,-16.21333333333333,
bb_3447ec7c,28800.0,pt,35,f,medium,1500.0,false,769334.52,5809447.0,-17.613333333333337,
bb_af7b9835,28800.0,pt,43,m,very_high,5600.0,false,810049.95,5845994.38,-16.093333333333334,
bb_90fad761,28800.0,pt,79,m,medium,2600.0,true,810169.78,5846774.76,-16.093333333333334,
bb_549e21f3,28800.0,pt,41,m,high,2600.0,false,783379.61,5848336.93,-24.21333333333334,
bb_ac2e27e4,28800.0,pt,18,m,medium,3600.0,false,799520.36,5807139.69,-25.613333333333337,
bb_247cfc17,28800.0,pt,39,m,high,3600.0,false,780708.77,5811866.34,-12.213333333333336,
bb_5fd9a36f,28800.0,pt,59,f,medium,2600.0,false,800585.06,5808036.38,-14.813333333333334,
bb_b079794f,28800.0,pt,13,f,medium,3000.0,false,767865.2,5808968.16,-17.61333333333334,
bb_aa3ec305,28800.0,pt,29,f,very_low,900.0,false,774205.7,5798693.88,-108.91333333333334,
bb_a4ef9515,28800.0,pt,70,f,very_low,900.0,false,815484.52,5808641.21,-17.61333333333334,
bb_ca3c0ad1,28800.0,pt,37,f,medium,3000.0,false,865326.38,5852668.19,-37.443333333333335,
bb_89139dc5,28800.0,pt,46,m,high,4600.0,false,799896.04,5809304.97,-18.813333333333336,
bb_5009ceb4,28800.0,pt,71,m,medium,2600.0,false,815472.36,5808658.34,-17.613333333333337,
bb_59bddc46,28800.0,pt,17,m,medium,3600.0,false,770264.18,5833270.87,-17.313333333333333,
bb_26ff05dc,28800.0,pt,38,m,medium,2000.0,false,796704.11,5807775.03,-25.613333333333337,
bb_0c43632f,28800.0,pt,62,f,very_low,500.0,false,793108.26,5790401.66,-25.613333333333337,
bb_af639345,28800.0,pt,67,f,medium,2600.0,true,798961.73,5797831.32,-21.51333333333334,
bb_8685ec7f,28800.0,pt,37,f,high,3600.0,false,824222.93,5825127.91,-22.943333333333335,
bb_3dd81e95,28800.0,pt,64,f,medium,1500.0,false,778075.78,5832307.86,-11.713333333333331,
bb_a92cb3f8,28800.0,pt,41,f,high,3600.0,false,784658.12,5811173.29,-17.613333333333337,
bb_9129ed39,28800.0,pt,0,m,medium,3600.0,false,803678.62,5798155.28,-33.61333333333334,
bb_da86e811,28800.0,pt,38,f,high,3000.0,false,818304.76,5791008.79,-41.61333333333333,
bb_9116351c,28800.0,pt,72,m,medium,3000.0,false,812812.49,5838078.16,-26.943333333333335,
bb_a510e238,28800.0,pt,20,m,low,2000.0,false,801013.34,5808228.93,-14.813333333333334,
bb_9dc04990,28800.0,pt,16,m,very_low,1500.0,false,820223.68,5815088.88,-23.913333333333334,
bb_938d4dc6,28800.0,pt,47,m,medium,2000.0,false,790207.4,5844688.75,-14.813333333333333,
bb_0160f6b5,28800.0,pt,68,f,low,900.0,false,812927.6,5810580.59,-29.613333333333337,
bb_84f7a4d7,28800.0,pt,8,f,high,5600.0,false,787533.13,5850827.14,-36.213333333333324,
bb_05e161d7,28800.0,pt,19,f,very_high,5600.0,false,786104.87,5815144.45,-17.403333333333336,
bb_8868f1d1,28800.0,pt,73,f,high,4600.0,false,805659.65,5840416.45,-17.12,
bb_72a8050e,28800.0,pt,69,m,high,3600.0,false,779783.29,5812262.45,-14.813333333333334,
bb_9815f74f,28800.0,pt,68,m,very_low,500.0,true,795638.0,5840234.03,-18.480000000000004,
bb_581a1f9e,28800.0,pt,69,f,medium,2000.0,false,788767.61,5843866.13,-16.21333333333333,
bb_a6eabe57,28800.0,pt,15,m,medium,3000.0,false,779108.43,5810580.47,-14.813333333333334,
bb_5fecb832,28800.0,pt,13,m,medium,3600.0,false,783464.27,5780759.96,-25.613333333333333,
bb_9a8a8f64,28800.0,pt,42,f,very_high,5600.0,false,772385.84,5821582.87,-17.61333333333334,
bb_0669f491,28800.0,pt,28,m,high,3600.0,false,776363.02,5814916.55,-14.813333333333334,
bb_06ce246d,28800.0,pt,82,m,medium,2600.0,false,775410.34,5813787.67,-14.813333333333334,
bb_1e4c0607,28800.0,pt,3,m,medium,3000.0,false,804929.3,5792154.33,-33.61333333333334,
bb_d66a55af,28800.0,pt,80,f,very_low,900.0,false,816007.4,5807853.2,-17.61333333333334,
bb_810a838a,28800.0,pt,50,m,high,3600.0,false,771059.33,5835678.04,-24.213333333333328,
bb_2cc1a178,28800.0,pt,17,f,very_low,2000.0,false,817241.77,5830024.49,-18.943333333333335,
bb_0783578d,28800.0,pt,66,f,medium,2600.0,false,800119.0,5810458.67,-14.813333333333334,
bb_460f5d63,28800.0,pt,66,m,low,1500.0,false,800748.43,5848992.77,-78.81333333333336,
bb_13d6468d,28800.0,pt,73,m,medium,3000.0,false,781642.64,5846163.03,-24.213333333333335,
bb_3614b09b,28800.0,pt,38,f,very_high,5600.0,false,802418.32,5858877.35,-22.813333333333333,
bb_ad8a5120,28800.0,pt,8,m,high,3600.0,false,811433.86,5834218.84,-26.813333333333336,
bb_7ad83b9a,28800.0,pt,38,f,very_low,2000.0,false,816377.03,5799733.41,-17.613333333333337,
bb_3b4a61c6,28800.0,pt,28,m,low,1500.0,false,764951.84,5808790.91,-22.813333333333333,
bb_b862f5f8,28800.0,pt,12,m,medium,3000.0,false,778302.6,5832546.88,-17.313333333333333,
bb_78890b97,28800.0,pt,72,f,low,900.0,false,806127.14,5844143.46,-16.093333333333337,
bb_4fb835d3,28800.0,pt,53,m,medium,2000.0,false,775566.74,5855562.5,-72.21333333333332,
bb_5af5b7e7,28800.0,pt,48,m,high,4600.0,false,791897.17,5846116.14,-20.213333333333335,
bb_330df151,28800.0,pt,7,m,low,2000.0,false,775724.8,5816430.02,-17.613333333333337,
bb_b2624c35,28800.0,pt,62,m,medium,1500.0,false,761758.08,5820559.46,-23.713333333333335,
bb_89e92009,28800.0,pt,80,f,medium,1500.0,false,808281.89,5845243.63,-16.093333333333334,
bb_978b97ac,28800.0,pt,66,m,very_low,1500.0,false,801415.75,5853085.24,-22.813333333333333,
bb_2a761f51,28800.0,pt,58,f,medium,2600.0,false,790262.03,5844144.14,-14.813333333333333,
bb_7e154db3,28800.0,pt,75,f,low,900.0,true,779483.88,5813723.61,-14.813333333333334,
bb_b159ba90,28800.0,pt,49,f,very_low,499.0,false,770154.49,5813369.45,-14.813333333333334,
bb_b465eb88,28800.0,pt,70,m,very_low,500.0,false,779909.51,5807626.49,-17.613333333333333,
bb_96dd1f60,28800.0,pt,53,f,high,4600.0,false,776711.87,5832879.52,-16.113333333333333,
bb_cd1da11e,28800.0,pt,95,m,low,900.0,true,821943.57,5804260.79,-22.51333333333334,
bb_0a700528,28800.0,pt,35,f,medium,2000.0,false,778979.72,5809263.62,-12.213333333333335,
bb_b8435648,28800.0,pt,65,f,medium,2600.0,false,816901.28,5806499.84,-22.513333333333335,
bb_24734862,28800.0,pt,30,m,very_low,900.0,false,824553.34,5832096.1,-34.943333333333335,
bb_74915d8a,28800.0,pt,68,f,medium,3000.0,false,830376.58,5821755.96,-23.913333333333334,
bb_84c58592,28800.0,pt,23,f,very_low,499.0,false,776314.13,5832472.04,-13.313333333333334,
bb_7b92ed07,28800.0,pt,72,f,low,1500.0,false,810185.71,5846104.14,-9.613333333333333,
bb_d93a0cfe,28800.0,pt,63,f,high,2600.0,true,774758.98,5812786.06,-14.813333333333334,
bb_41c71059,28800.0,pt,4,f,high,3600.0,false,813441.74,5812398.87,-17.443333333333335,
bb_604e19bf,28800.0,pt,67,m,low,1500.0,false,826475.39,5804824.2,-29.613333333333333,
bb_a529ed05,28800.0,pt,41,m,high,2600.0,false,741209.58,5813960.15,-26.813333333333336,
bb_250a4b87,28800.0,pt,41,f,low,900.0,false,776981.49,5820268.79,-17.61333333333334,
bb_8f49f419,28800.0,pt,73,m,medium,2000.0,false,760984.04,5808446.88,-29.613333333333333,
bb_a71c8a95,28800.0,pt,8,m,low,2000.0,false,807837.41,5814482.93,-17.61333333333334,
bb_5995a16e,28800.0,pt,62,f,very_low,499.0,false,766656.78,5825556.24,-23.713333333333335,
bb_4da14795,28800.0,pt,51,f,medium,2000.0,false,812422.49,5846497.08,-22.813333333333336,
bb_1d69157a,28800.0,pt,41,f,very_high,5600.0,false,806274.12,5841156.21,-17.913333333333334,
bb_af4f563c,28800.0,pt,28,f,low,1500.0,false,793423.72,5854210.7,-28.213333333333342,
bb_69a9b0c8,28800.0,pt,55,f,medium,3000.0,false,781072.43,5811121.38,-12.213333333333335,
bb_6d9a509b,28800.0,pt,70,f,low,900.0,false,819969.52,5812589.33,-22.513333333333335,
bb_7ace6165,28800.0,pt,85,f,low,1500.0,true,774642.76,5815022.9,-14.813333333333334,
bb_0526a427,28800.0,pt,28,m,medium,1500.0,false,877215.64,5812238.18,-23.913333333333334,
bb_d0a03945,28800.0,pt,44,f,very_low,1500.0,false,779238.21,5812036.27,-12.213333333333335,
bb_376d67d5,28800.0,pt,40,m,high,3600.0,false,785867.82,5854348.12,-28.21333333333334,
bb_16f8b3c8,28800.0,pt,43,f,high,3600.0,false,775465.92,5814219.49,-14.813333333333334,
bb_a55aff6a,28800.0,pt,23,m,high,3600.0,false,784451.89,5839684.2,-16.21333333333333,
bb_6ab8958f,28800.0,pt,16,m,high,5600.0,false,788825.01,5804590.59,-13.613333333333337,
bb_7b57ddb5,28800.0,pt,34,m,medium,2000.0,false,772106.4,5815567.48,-17.613333333333337,
bb_686a68d6,28800.0,pt,6,m,low,2000.0,false,821725.4,5831852.61,-34.943333333333335,
bb_ccaa4239,28800.0,pt,72,f,low,1500.0,false,778904.84,5807508.17,-17.613333333333333,
bb_a5310bad,28800.0,pt,30,f,medium,2600.0,false,766506.57,5813357.18,-17.61333333333334,
bb_d36dd047,28800.0,pt,92,f,high,3000.0,true,811369.41,5846002.15,-20.093333333333334,
bb_98392c34,28800.0,pt,90,m,medium,1500.0,true,814200.85,5812097.89,-13.613333333333337,
bb_b1cbf075,28800.0,pt,73,f,low,900.0,true,786015.63,5839804.08,-16.213333333333335,
bb_7511c957,28800.0,pt,35,m,high,3600.0,false,780273.43,5813174.78,-12.213333333333335,
bb_cc84c344,28800.0,pt,98,f,low,2000.0,true,824339.89,5830613.29,-18.943333333333335,
bb_0f6279d9,28800.0,pt,53,m,medium,2000.0,false,777843.31,5814955.47,-14.813333333333334,
bb_125f32bd,28800.0,pt,19,m,medium,3000.0,true,801118.07,5808270.5,-14.813333333333334,
bb_b623533c,28800.0,pt,75,m,high,3000.0,false,815547.85,5812429.97,-26.043333333333337,
bb_ab77b210,28800.0,pt,27,f,medium,1500.0,false,793446.39,5811140.39,-18.813333333333336,
bb_21858b8d,28800.0,pt,79,m,medium,2600.0,false,770504.39,5833106.06,-17.313333333333333,
bb_97fd9d17,28800.0,pt,50,f,medium,2000.0,false,789249.44,5843404.87,-14.813333333333333,
bb_99ba92cb,28800.0,pt,62,m,high,3600.0,false,814323.59,5830825.43,-18.656666666666666,
bb_9bb68b75,28800.0,pt,67,m,medium,3000.0,false,744626.54,5799768.35,-36.21333333333333,
bb_006def2b,28800.0,pt,50,m,low,900.0,false,785958.59,5811680.76,-17.403333333333336,
bb_6332bc17,28800.0,pt,63,m,very_low,500.0,true,824017.29,5830050.32,-22.943333333333335,
bb_890d97f6,28800.0,pt,86,m,low,1500.0,true,810474.74,5846609.75,-16.093333333333334,
bb_89a250a8,28800.0,pt,59,m,high,3600.0,true,790959.45,5802071.72,-13.613333333333337,
bb_2597fd61,28800.0,pt,23,f,medium,1500.0,false,777491.11,5812832.48,-14.813333333333336,
bb_4538bdc7,28800.0,pt,37,f,medium,3600.0,false,775923.29,5813963.97,-14.813333333333334,
bb_494f4c37,28800.0,pt,43,f,very_high,5600.0,false,779776.91,5833047.04,-23.713333333333335,
bb_7c848f5b,28800.0,pt,38,m,high,3600.0,false,826953.84,5805111.89,-22.513333333333335,
bb_b6f2c047,28800.0,pt,39,f,low,2000.0,false,740755.13,5808925.75,-22.813333333333336,
bb_31d77538,28800.0,pt,63,m,medium,2600.0,false,821036.98,5822994.97,-23.91333333333333,
bb_33d4c4a6,28800.0,pt,60,f,high,2600.0,false,797245.53,5811821.27,-18.813333333333336,
bb_192b1e95,28800.0,pt,6,m,medium,3000.0,false,777499.14,5830947.88,-11.713333333333335,
bb_6d4df593,28800.0,pt,3,f,low,3000.0,false,825863.2,5826556.97,-30.043333333333337,
bb_173e4bfc,28800.0,pt,98,f,high,4600.0,true,786088.72,5814648.96,-17.403333333333336,
bb_3e06df35,28800.0,pt,56,f,high,3600.0,false,845931.41,5813379.4,-23.913333333333338,
bb_4ca3d026,28800.0,pt,18,m,very_low,1500.0,false,779099.53,5814376.74,-17.613333333333337,
bb_446c0700,28800.0,pt,58,f,medium,1500.0,false,780290.33,5808125.14,-17.613333333333333,
bb_9c6ffa57,28800.0,pt,47,m,high,3600.0,false,783822.78,5846095.96,-24.213333333333335,
bb_b3f8ba0e,28800.0,pt,46,m,medium,2000.0,true,787748.52,5793477.4,-13.613333333333335,
bb_08616e57,28800.0,pt,57,m,very_high,5600.0,false,840991.86,5802001.04,-23.913333333333334,
bb_53bdeb65,28800.0,pt,45,m,high,3600.0,false,796443.6,5797427.41,-81.61333333333332,
bb_63169017,28800.0,pt,10,f,low,3000.0,false,771726.92,5807079.72,-17.613333333333337,
bb_225e4ab1,28800.0,pt,58,f,low,1500.0,false,786069.65,5853830.57,-17.613333333333337,
bb_0ae23e34,28800.0,pt,6,m,very_low,2000.0,false,802813.6,5802162.54,-45.31333333333333,
bb_d5494586,28800.0,pt,80,f,high,4600.0,false,771075.5,5833433.94,-13.313333333333334,
bb_a3fcd04c,28800.0,pt,39,f,low,1500.0,false,778346.87,5796242.43,-17.613333333333337,
bb_c76f2d86,28800.0,pt,85,f,medium,1500.0,false,775093.18,5814439.51,-14.813333333333334,
bb_9777d1c4,28800.0,pt,37,m,high,3600.0,false,823143.9,5830687.61,-18.943333333333335,
bb_c3267470,28800.0,pt,68,m,low,1500.0,true,787852.83,5793866.33,-13.613333333333335,
bb_aad017f8,28800.0,pt,35,f,high,3600.0,false,812978.56,5789694.89,-29.61333333333334,
bb_86610a27,28800.0,pt,28,f,high,4600.0,false,821997.02,5830441.98,-18.943333333333335,
bb_7d9f7b10,28800.0,pt,4,f,high,3600.0,false,780152.76,5831101.45,-13.313333333333334,
bb_98bc9e46,28800.0,pt,2,m,very_low,1500.0,false,775003.35,5816211.01,-17.613333333333337,
bb_a10d20ca,28800.0,pt,3,f,very_low,1500.0,false,769898.46,5832979.6,-20.21333333333334,
bb_02808d2b,28800.0,pt,13,f,high,5600.0,false,814768.99,5804331.97,-17.61333333333334,
bb_7b100b21,28800.0,pt,8,m,medium,3600.0,false,775180.2,5814126.0,-14.813333333333334,
bb_91c269f1,28800.0,pt,93,m,low,1500.0,true,805202.95,5794476.18,-33.61333333333334,
bb_82e92643,28800.0,pt,1,m,very_low,2000.0,false,770845.73,5794834.96,-24.213333333333335,
bb_8848fdfd,28800.0,pt,37,f,medium,3600.0,false,786832.09,5815608.92,-17.403333333333336,
bb_164ca876,28800.0,pt,13,f,very_high,5600.0,false,778625.01,5831030.07,-13.313333333333334,
bb_738e74f0,28800.0,pt,12,m,medium,2600.0,false,770309.1,5808211.25,-17.613333333333337,
bb_7de1c91b,28800.0,pt,69,f,high,3000.0,false,767741.93,5805098.14,-17.613333333333337,
bb_cd40d93e,28800.0,pt,45,f,high,3000.0,false,798841.01,5806918.0,-25.613333333333337,
bb_19a179b2,28800.0,pt,53,f,low,2000.0,false,821763.47,5804158.18,-22.513333333333335,
bb_cf962299,28800.0,pt,8,m,medium,3600.0,false,764367.22,5806844.19,-41.613333333333344,
bb_6e82d41e,28800.0,pt,91,f,very_low,500.0,false,766279.15,5806801.37,-26.813333333333336,
bb_64a14e2e,28800.0,pt,38,f,medium,2600.0,false,770090.93,5794897.59,-24.213333333333335,
bb_1b9cab14,28800.0,pt,47,f,high,3000.0,false,754259.32,5857761.75,-36.213333333333324,
bb_2ed6f85b,28800.0,pt,38,f,very_low,1500.0,false,777176.24,5814253.35,-14.813333333333334,
bb_c4d32dde,28800.0,pt,27,f,medium,1500.0,false,779221.33,5811932.09,-12.213333333333335,
bb_d5b24aeb,28800.0,pt,37,f,very_high,5600.0,false,813248.86,5811696.11,-29.613333333333333,
bb_766b5ba2,28800.0,pt,62,f,high,3000.0,false,819864.91,5832767.87,-18.943333333333335,
bb_24273963,28800.0,pt,59,f,very_low,500.0,false,802297.28,5816335.88,-14.813333333333334,
bb_d05a6919,28800.0,pt,19,f,high,3600.0,false,801135.19,5808325.11,-14.813333333333334,
bb_02f7510e,28800.0,pt,6,m,medium,3000.0,false,791501.73,5840750.48,-19.680000000000003,
bb_8477f378,28800.0,pt,15,m,very_high,5600.0,false,796868.12,5842671.97,-12.213333333333331,
bb_c4b78913,28800.0,pt,92,m,medium,2000.0,true,778027.01,5799175.29,-36.21333333333333,
bb_80429e7c,28800.0,pt,42,m,medium,3600.0,false,806426.43,5841075.98,-17.913333333333334,
bb_430d963d,28800.0,pt,72,f,very_low,900.0,true,785259.08,5812754.77,-17.613333333333337,
bb_d786661b,28800.0,pt,55,m,high,2600.0,false,767709.75,5804508.05,-17.613333333333337,
bb_0d093fe4,28800.0,pt,86,f,very_low,500.0,true,768673.55,5816562.25,-17.613333333333337,
bb_a4c16a82,28800.0,pt,70,f,medium,2600.0,true,809241.62,5846742.33,-16.093333333333334,
bb_4287d0df,28800.0,pt,42,m,medium,3600.0,false,779306.21,5849412.61,-36.213333333333324,
bb_d9a45054,28800.0,pt,10,f,medium,3000.0,false,783332.84,5849332.86,-24.213333333333335,
bb_cbaa083f,28800.0,pt,46,f,very_low,500.0,true,765263.73,5812044.49,-14.813333333333334,
bb_d500115c,28800.0,pt,55,m,high,4600.0,false,770137.17,5858954.54,-72.21333333333332,
bb_ab44c553,28800.0,pt,52,m,medium,2000.0,false,801531.22,5806671.57,-23.913333333333338,
bb_13b6e122,28800.0,pt,75,m,medium,2600.0,true,779159.85,5821655.35,-15.726666666666667,
bb_65aa8148,28800.0,pt,98,f,medium,1500.0,true,757290.18,5812768.29,-17.613333333333337,
bb_d78ef45e,28800.0,pt,4,m,medium,3600.0,false,815798.78,5831019.57,-18.943333333333335,
bb_be069fba,28800.0,pt,12,f,very_low,900.0,false,773878.47,5798632.9,-24.213333333333335,
bb_c6d3d69c,28800.0,pt,71,m,high,3600.0,false,755628.8,5807914.35,-17.613333333333337,
bb_7f5bf441,28800.0,pt,55,m,very_high,5600.0,false,799209.52,5807721.06,-25.613333333333337,
bb_1dacdb3e,28800.0,pt,55,f,very_high,4600.0,true,784757.54,5835635.0,-15.726666666666667,
bb_1ff094b8,28800.0,pt,50,f,very_high,5600.0,false,832389.62,5854172.63,-33.61333333333334,
bb_bc337b95,28800.0,pt,72,m,low,900.0,false,763886.49,5841834.85,-32.11333333333333,
bb_4d25e364,28800.0,pt,23,f,high,3600.0,false,820623.54,5864464.22,-21.613333333333337,
bb_aa88acb7,28800.0,pt,56,f,medium,1500.0,false,825833.29,5729603.42,-29.613333333333333,
bb_8a4a5ccd,28800.0,pt,43,m,very_high,5600.0,false,779632.14,5813708.15,-14.813333333333334,
bb_0a64443e,28800.0,pt,58,m,very_low,900.0,false,822626.49,5820319.17,-18.043333333333337,
bb_65acbedf,28800.0,pt,50,f,high,4600.0,false,778869.25,5844120.85,-36.213333333333324,
bb_32a6441d,28800.0,pt,58,f,very_low,500.0,false,784692.78,5852900.82,-24.213333333333335,
bb_c09f23f3,28800.0,pt,41,m,very_low,1500.0,false,818301.01,5830439.13,-18.943333333333335,
bb_bf7dfe19,28800.0,pt,10,m,very_low,1500.0,true,769955.64,5813673.25,-17.613333333333337,
bb_a6e293a2,28800.0,pt,87,m,medium,2000.0,false,814173.96,5800098.25,-41.61333333333333,
bb_534149cb,28800.0,pt,51,f,very_high,5600.0,false,779017.5,5817189.56,-17.613333333333333,
bb_92818fd0,28800.0,pt,68,m,medium,2000.0,false,780592.17,5836044.47,-16.113333333333333,
bb_054fbab4,28800.0,pt,92,f,low,499.0,true,814129.82,5812501.54,-13.443333333333333,
bb_a95dbee6,28800.0,pt,63,m,low,900.0,false,796731.36,5841982.17,-16.213333333333335,
bb_aceb0bc4,28800.0,pt,45,f,very_high,5600.0,false,803424.89,5798878.59,-35.913333333333334,
bb_be0b8fea,28800.0,pt,57,m,medium,2600.0,false,772849.09,5820458.59,-17.61333333333334,
bb_36d17c41,28800.0,pt,22,f,high,4600.0,false,846858.95,5829083.08,-24.513333333333332,
bb_88c4f512,28800.0,pt,40,m,low,2000.0,false,800735.09,5789183.91,-45.31333333333333,
bb_429d88db,28800.0,pt,50,f,high,3600.0,false,799610.34,5810849.87,-14.813333333333334,
bb_1e917393,28800.0,pt,47,m,very_low,900.0,false,786503.67,5851597.22,-36.213333333333324,
bb_490b2b8d,28800.0,pt,22,f,low,2000.0,true,770219.45,5828855.91,-23.713333333333335,
bb_2b5bb1f8,28800.0,pt,10,m,very_high,5600.0,false,775768.08,5832554.64,-16.113333333333333,
bb_5e9d73d6,28800.0,pt,62,m,medium,3000.0,false,808934.46,5846497.87,-22.813333333333333,
bb_08eac2cd,28800.0,pt,79,f,very_low,900.0,false,824731.34,5898365.02,-65.61333333333334,
bb_78196621,28800.0,pt,43,f,very_high,5600.0,false,740709.1,5818260.27,-29.613333333333333,
bb_cba31e8b,28800.0,pt,63,f,high,3000.0,false,823930.81,5780127.77,-17.61333333333334,
bb_cbb77199,28800.0,pt,4,f,high,3600.0,false,812942.52,5803760.92,-22.71333333333333,
bb_5608dcdc,28800.0,pt,86,m,medium,3000.0,false,776048.74,5813907.38,-14.813333333333334,
bb_31c6c2fa,28800.0,pt,1,m,medium,3600.0,false,816706.52,5801750.05,-22.713333333333335,
bb_798e57fe,28800.0,pt,70,f,high,3000.0,false,815541.16,5829193.35,-16.943333333333335,
bb_c1805da7,28800.0,pt,22,f,low,3000.0,false,757045.78,5836792.17,-20.21333333333334,
bb_82fbf87b,28800.0,pt,97,f,high,3600.0,true,820938.23,5822623.24,-23.91333333333333,
bb_50333e4e,28800.0,pt,45,m,high,3600.0,false,779054.3,5812899.24,-14.813333333333334,
bb_6d6abfbe,28800.0,pt,32,f,medium,2600.0,false,773701.56,5812009.91,-14.813333333333334,
bb_4ed950ca,28800.0,pt,84,f,medium,3000.0,false,791022.32,5802364.0,-13.613333333333339,
bb_41a832aa,28800.0,pt,20,m,very_low,900.0,false,766256.47,5811602.68,-14.813333333333334,
bb_7e7ae679,28800.0,pt,99,m,medium,2600.0,true,768268.45,5832315.99,-20.21333333333334,
bb_d540b95b,28800.0,pt,2,m,low,3600.0,false,777020.68,5812293.05,-10.813333333333334,
bb_1ef8bf41,28800.0,pt,60,f,medium,2000.0,false,777779.27,5811582.28,-14.813333333333334,
bb_5d1c2696,28800.0,pt,63,f,medium,3000.0,true,781065.33,5810804.21,-12.213333333333335,
bb_9980360f,28800.0,pt,13,f,high,3600.0,false,791295.81,5812864.6,-16.213333333333335,
bb_a9984f14,28800.0,pt,23,m,medium,3000.0,false,821892.86,5804302.76,-17.613333333333337,
bb_3e0f6c45,28800.0,pt,25,m,medium,3600.0,false,780830.04,5809424.05,-17.613333333333333,
bb_ac44e95e,28800.0,pt,0,m,high,3600.0,false,784190.16,5852866.36,-24.21333333333334,
bb_952df947,28800.0,pt,16,m,very_high,5600.0,false,785568.88,5855856.57,-28.92,
bb_435f271a,28800.0,pt,67,m,medium,1500.0,true,794312.2,5802847.01,-73.61333333333334,
bb_c472c89b,28800.0,pt,64,f,very_low,500.0,false,775376.53,5849100.66,-48.21333333333333,
bb_84306504,28800.0,pt,25,m,high,3000.0,false,777202.56,5812744.1,-14.813333333333334,
bb_95110de1,28800.0,pt,45,m,very_low,499.0,false,785682.38,5850415.6,-36.213333333333324,
bb_222ee3ce,28800.0,pt,94,m,low,1500.0,false,773958.91,5814308.29,-17.613333333333337,
bb_0025be67,28800.0,pt,38,m,medium,2000.0,false,786800.02,5851130.36,-36.213333333333324,
bb_159549df,28800.0,pt,32,m,very_low,900.0,false,771486.19,5814148.25,-17.613333333333337,
bb_a9264b6b,28800.0,pt,26,f,low,1500.0,false,794567.54,5840242.85,-22.813333333333336,
bb_8b1c5877,28800.0,pt,57,m,medium,1500.0,false,774043.49,5831785.05,-13.313333333333334,
bb_802afd65,28800.0,pt,81,f,medium,2600.0,true,788488.12,5845047.53,-22.813333333333333,
bb_49fb3c0e,28800.0,pt,95,f,medium,1500.0,false,784078.92,5859776.41,-28.92,
bb_5fe65136,28800.0,pt,97,f,very_low,500.0,false,770232.21,5823321.48,-26.813333333333333,
bb_366a8e5f,28800.0,pt,62,m,very_low,499.0,false,781673.61,5844871.6,-16.21333333333333,
bb_422edec0,28800.0,pt,72,m,medium,2000.0,true,823572.84,5833372.42,-22.943333333333335,
bb_a3d3a299,28800.0,pt,12,m,medium,3600.0,false,793566.76,5840096.71,-22.813333333333336,
bb_7de46210,28800.0,pt,25,f,high,3600.0,false,817752.09,5865236.94,-21.613333333333337,
bb_dbbe2917,28800.0,pt,70,m,high,4600.0,false,822245.37,5818150.27,-20.043333333333337,
bb_0c777ea9,28800.0,pt,64,m,low,900.0,false,812081.44,5842377.39,-26.943333333333335,
bb_bbd440bb,28800.0,pt,17,f,medium,3600.0,false,819480.84,5830081.89,-18.94333333333333,
bb_37b7dae0,28800.0,pt,38,m,medium,3600.0,false,786906.23,5853700.87,-14.813333333333333,
bb_94bf72e7,28800.0,pt,88,m,medium,2600.0,true,808563.9,5842863.78,-20.093333333333334,
bb_c129a0fc,28800.0,pt,79,f,high,3000.0,false,800077.56,5807883.77,-14.813333333333334,
bb_17a1bcf5,28800.0,pt,62,f,low,1500.0,false,802010.2,5803239.43,-23.913333333333334,
bb_48d79fe5,28800.0,pt,55,f,medium,2600.0,false,779439.84,5793177.78,-100.71333333333332,
bb_58f96db4,28800.0,pt,70,f,high,3600.0,true,821938.34,5829267.06,-18.943333333333335,
bb_d70c7c4f,28800.0,pt,32,m,high,2600.0,false,786713.57,5849915.6,-36.213333333333324,
bb_6ff286f0,28800.0,pt,80,m,very_low,500.0,false,854030.45,5892674.13,-33.61333333333334,
bb_0b460253,28800.0,pt,27,f,low,1500.0,false,795660.11,5842073.58,-18.48,
bb_aebcdb6d,28800.0,pt,2,m,low,2600.0,false,791888.27,5855847.31,-28.213333333333342,
bb_9af07faa,28800.0,pt,91,m,medium,2600.0,false,822804.69,5822927.54,-23.91333333333333,
bb_5fbdc16e,28800.0,pt,46,f,low,2000.0,false,780982.94,5811403.47,-12.213333333333335,
bb_003c1195,28800.0,pt,73,m,medium,2600.0,false,790475.93,5802914.18,-13.613333333333337,
bb_606934c9,28800.0,pt,45,f,high,4600.0,false,789641.27,5844476.82,-14.813333333333334,
bb_86e08b9c,28800.0,pt,33,m,low,900.0,false,816270.6,5840359.93,-26.943333333333335,
bb_c74d0051,28800.0,pt,63,m,medium,3000.0,false,777709.6,5814622.5,-12.213333333333335,
bb_dc563a0f,28800.0,pt,50,m,very_low,499.0,false,830065.58,5801932.05,-65.61333333333334,
bb_191a073e,28800.0,pt,43,f,high,4600.0,false,791576.05,5814988.07,-13.613333333333335,
bb_239b0a0d,28800.0,pt,78,m,medium,2000.0,false,822668.27,5830678.03,-18.943333333333335,
bb_0edff5ab,28800.0,pt,27,m,medium,2600.0,true,793214.18,5809890.4,-18.813333333333336,
bb_d85a8012,28800.0,pt,11,f,medium,3000.0,false,786621.33,5811498.09,-17.403333333333336,
bb_b61c7d99,28800.0,pt,64,f,high,4600.0,false,790091.89,5845848.51,-14.813333333333333,
bb_a9b43a9b,28800.0,pt,62,m,low,1500.0,false,814055.68,5811997.71,-13.613333333333337,
bb_0399ef26,28800.0,pt,16,m,very_low,2000.0,false,774741.61,5831502.58,-13.313333333333334,
bb_881573f6,28800.0,pt,86,m,medium,3000.0,false,788195.23,5815734.11,-17.403333333333336,
bb_7b1b7065,28800.0,pt,2,m,high,3600.0,false,807342.02,5842964.16,-17.913333333333334,
bb_a2931e49,28800.0,pt,38,m,medium,3000.0,false,812924.55,5811406.36,-29.613333333333337,
bb_0e689bb5,28800.0,pt,66,f,medium,2600.0,false,805165.77,5794849.81,-33.61333333333334,
bb_a94a2b79,28800.0,pt,31,m,high,3600.0,false,775909.63,5813687.71,-14.813333333333334,
bb_b279b1eb,28800.0,pt,22,f,low,2000.0,false,778554.62,5809080.3,-12.213333333333335,
bb_a5bf6296,28800.0,pt,25,m,medium,2000.0,false,825642.3,5823405.83,-26.943333333333335,
bb_bc021717,28800.0,pt,2,f,high,4600.0,false,789073.92,5803611.67,-13.613333333333337,
bb_50aa6ec7,28800.0,pt,46,m,very_low,499.0,false,790008.38,5812394.78,-18.813333333333336,
bb_57dd7fd9,28800.0,pt,10,f,very_high,5600.0,false,814589.1,5812980.66,-17.443333333333335,
bb_3c413c19,28800.0,pt,73,f,medium,1500.0,false,787064.18,5801737.22,-21.513333333333335,
bb_c719e974,28800.0,pt,52,m,low,900.0,false,796195.25,5851123.53,-19.68,
bb_4b31b47d,28800.0,pt,13,m,medium,4600.0,false,814431.28,5808462.12,-21.61333333333333,
bb_8fdfe728,28800.0,pt,4,f,high,4600.0,false,767191.92,5829016.15,-16.11333333333333,
bb_cfb90253,28800.0,pt,54,m,high,3600.0,false,774676.57,5829009.99,-13.313333333333336,
bb_d925af1f,28800.0,pt,23,f,high,4600.0,false,779404.84,5814705.91,-17.613333333333337,
bb_67a31bef,28800.0,pt,10,f,very_low,900.0,false,778785.6,5821760.65,-19.726666666666667,
bb_d515692b,28800.0,pt,41,f,high,3600.0,false,874598.86,5816710.34,-35.91333333333334,
bb_cc9b76e5,28800.0,pt,83,m,medium,2000.0,false,815960.36,5800704.0,-17.61333333333334,
bb_7db14325,28800.0,pt,56,m,high,4600.0,false,822479.68,5819156.61,-16.043333333333337,
bb_4460f8ec,28800.0,pt,2,m,medium,3000.0,false,776820.2,5792767.43,-36.21333333333333,
bb_4fdaa6cb,28800.0,pt,52,m,medium,2600.0,false,780451.63,5831392.58,-16.113333333333333,
bb_45ffa863,28800.0,pt,8,f,very_high,5600.0,false,762343.52,5835583.74,-17.313333333333336,
bb_35425cdc,28800.0,pt,3,f,low,2000.0,false,787192.82,5815448.8,-13.403333333333336,
bb_06703626,28800.0,pt,61,m,low,1500.0,false,800319.37,5810319.94,-14.813333333333334,
bb_bf4ceeda,28800.0,pt,21,m,low,900.0,false,772616.4,5815886.83,-17.613333333333337,
bb_bb98e8d1,28800.0,pt,80,m,medium,2000.0,false,775193.3,5813261.96,-14.813333333333334,
bb_81d03bc4,28800.0,pt,10,m,low,2000.0,false,811088.53,5797964.09,-29.61333333333333,
bb_40224879,28800.0,pt,47,m,low,2000.0,false,783444.65,5805668.57,-17.613333333333333,
bb_278b4e4f,28800.0,pt,63,f,very_low,499.0,false,785176.3,5852975.78,-24.213333333333335,
bb_63553f8a,28800.0,pt,40,m,medium,3000.0,false,813817.24,5812711.81,-17.443333333333335,
bb_5b738c97,28800.0,pt,78,f,medium,2600.0,false,823161.81,5818005.02,-20.043333333333337,
bb_cfbcd7c2,28800.0,pt,17,m,very_high,5600.0,false,800684.25,5807923.02,-14.813333333333334,
bb_80b3abbd,28800.0,pt,99,f,medium,1500.0,true,775827.75,5816600.63,-17.613333333333337,
bb_c2db3adf,28800.0,pt,60,f,high,4600.0,false,786390.54,5814884.41,-17.403333333333336,
bb_4da46150,28800.0,pt,55,m,low,900.0,false,815427.72,5810346.01,-17.443333333333335,
bb_6227bb0c,28800.0,pt,63,m,high,3600.0,false,787504.42,5814675.16,-16.213333333333335,
bb_82749005,28800.0,pt,47,f,low,900.0,true,796083.0,5856817.79,-28.21333333333334,
bb_d37e6fab,28800.0,pt,37,m,very_high,5600.0,false,813592.39,5812702.32,-17.443333333333335,
bb_8aa42fc5,28800.0,pt,70,m,high,3000.0,false,817655.92,5804565.97,-17.613333333333337,
bb_169634c1,28800.0,pt,22,m,very_low,900.0,false,820636.55,5822540.9,-23.913333333333327,
bb_173ce538,28800.0,pt,38,m,low,2000.0,false,790007.53,5803561.06,-13.613333333333337,
bb_79ac54f7,28800.0,pt,92,m,low,1500.0,false,780862.74,5811563.98,-12.213333333333335,
bb_dc55d739,28800.0,pt,32,f,medium,2000.0,false,784102.56,5837605.55,-19.726666666666667,
bb_c21c7955,28800.0,pt,73,f,low,900.0,true,822281.64,5817676.97,-20.043333333333337,
bb_075d141d,28800.0,pt,23,f,medium,2600.0,false,785811.42,5851191.04,-36.213333333333324,
bb_0f7b156b,28800.0,pt,55,f,medium,2000.0,true,801184.19,5790714.05,-45.31333333333333,
bb_0ca5b3fa,28800.0,pt,47,m,medium,2000.0,true,801048.91,5855747.54,-22.813333333333336,
bb_cbeca7b6,28800.0,pt,3,f,medium,2600.0,false,778070.33,5830986.73,-14.813333333333334,
bb_94605a10,28800.0,pt,94,m,medium,3000.0,true,817388.28,5826475.76,-16.943333333333335,
bb_5c969d4d,28800.0,pt,55,m,very_low,499.0,true,802280.12,5816064.9,-17.61333333333334,
bb_1e9b8236,28800.0,pt,17,f,high,4600.0,false,790777.26,5803026.08,-13.613333333333339,
bb_b094d59e,28800.0,pt,72,f,medium,2000.0,false,773115.29,5811937.94,-14.813333333333334,
bb_2d16f82c,28800.0,pt,40,m,medium,1500.0,false,775555.51,5815956.52,-14.813333333333334,
bb_bbaccd00,28800.0,pt,64,m,high,3600.0,false,739116.68,5813937.16,-22.813333333333336,
bb_4d8e2327,28800.0,pt,66,m,very_low,900.0,true,787465.92,5854049.93,-17.613333333333337,
bb_3ce32ec7,28800.0,pt,51,f,very_low,500.0,true,770530.33,5835191.01,-24.213333333333328,
bb_45891a94,28800.0,pt,57,m,medium,3000.0,false,776905.84,5803685.6,-14.813333333333334,
bb_c310a723,28800.0,pt,2,m,medium,3000.0,false,773991.31,5814229.24,-17.61333333333334,
bb_982f79ed,28800.0,pt,66,f,high,3600.0,true,818019.12,5796276.02,-22.71333333333333,
bb_03838863,28800.0,pt,50,m,very_low,500.0,false,819380.63,5811512.49,-22.51333333333334,
bb_8c50835b,28800.0,pt,32,f,low,2000.0,false,796315.02,5853768.74,-29.613333333333333,
bb_56a65c42,28800.0,pt,11,f,low,2000.0,false,778735.67,5820894.2,-17.613333333333344,
bb_5e59ce41,28800.0,pt,51,m,very_low,900.0,false,802975.9,5803002.94,-29.613333333333326,
bb_0918c520,28800.0,pt,86,f,high,3000.0,false,806241.91,5843676.09,-16.093333333333334,
bb_485d20fa,28800.0,pt,64,m,very_low,900.0,true,782295.37,5847077.53,-16.21333333333333,
bb_c24f1ef2,28800.0,pt,92,f,medium,1500.0,false,819408.84,5828154.63,-16.943333333333335,
bb_28ce9dd8,28800.0,pt,74,f,low,1500.0,true,779168.64,5809872.74,-17.613333333333337,
bb_23ddf424,28800.0,pt,15,f,very_low,900.0,false,825317.92,5829085.61,-22.943333333333335,
bb_a34871d9,28800.0,pt,8,f,medium,2000.0,false,766662.82,5823058.58,-29.61333333333334,
bb_6042ea73,28800.0,pt,42,m,medium,2600.0,false,777141.19,5814075.45,-14.813333333333334,
bb_8ac2f7dc,28800.0,pt,41,m,high,3600.0,false,790871.37,5803213.74,-13.613333333333337,
bb_a627c56c,28800.0,pt,32,m,very_low,1500.0,false,811517.4,5838407.26,-26.943333333333335,
bb_42e41a3b,28800.0,pt,38,f,very_low,500.0,false,783961.73,5839381.48,-16.21333333333333,
bb_bdba6adb,28800.0,pt,1,m,very_low,900.0,false,822207.18,5823186.12,-23.913333333333334,
bb_ce7e040f,28800.0,pt,97,f,low,900.0,false,764398.2,5836270.77,-23.713333333333335,
bb_9a6b7e3a,28800.0,pt,65,f,low,1500.0,false,792004.33,5840539.56,-18.813333333333336,
bb_4c2c4e12,28800.0,pt,19,f,high,4600.0,false,814949.18,5807056.99,-17.613333333333344,
bb_24bac1ee,28800.0,pt,21,f,high,5600.0,false,779023.18,5814239.9,-15.726666666666665,
bb_5fdab553,28800.0,pt,33,m,medium,2600.0,false,788309.36,5848528.56,-17.913333333333334,
bb_2c79fb56,28800.0,pt,8,f,low,3000.0,false,814951.14,5812347.89,-17.443333333333335,
bb_1c7272a7,28800.0,pt,37,m,medium,2600.0,false,789321.82,5845090.68,-22.813333333333333,
bb_c08e20a2,28800.0,pt,11,f,high,5600.0,false,779803.07,5812986.82,-14.813333333333334,
bb_97c3df9e,28800.0,pt,55,f,very_high,5600.0,false,766704.39,5827456.09,-23.713333333333335,
bb_335faa40,28800.0,pt,38,m,medium,3000.0,false,746188.63,5782938.25,-24.213333333333335,
bb_3133c710,28800.0,pt,83,m,low,1500.0,true,800678.97,5794820.43,-33.61333333333334,
bb_26244b4a,28800.0,pt,5,f,high,3600.0,false,818755.48,5828140.83,-16.943333333333335,
bb_508b8ea1,28800.0,pt,54,f,medium,2000.0,false,780583.65,5831422.48,-16.113333333333333,
bb_22043325,28800.0,pt,41,f,low,2000.0,false,801048.39,5806526.38,-23.913333333333334,
bb_37879d1d,28800.0,pt,78,f,medium,3000.0,true,777412.76,5812648.02,-14.813333333333334,
bb_d525453c,28800.0,pt,22,m,very_high,5600.0,false,803031.89,5796665.24,-33.61333333333334,
bb_77c078fa,28800.0,pt,47,m,high,3600.0,false,797252.16,5855855.98,-74.81333333333336,
bb_8ad7f0da,28800.0,pt,84,m,high,3600.0,true,777320.13,5830090.1,-14.813333333333334,
bb_6b33fce4,28800.0,pt,16,f,very_low,1500.0,false,766323.27,5827795.04,-23.713333333333335,
bb_d5d2fb5a,28800.0,pt,63,f,medium,2000.0,false,786138.94,5855276.78,-17.613333333333337,
bb_9c41a737,28800.0,pt,6,f,medium,3000.0,false,776936.6,5832607.54,-11.713333333333333,
bb_d482f1b7,28800.0,pt,61,f,low,2000.0,false,791695.0,5845592.41,-20.213333333333335,
bb_56235b03,28800.0,pt,24,f,very_low,1500.0,false,822814.56,5822208.75,-20.043333333333337,
bb_30d7a203,28800.0,pt,59,f,low,1500.0,false,771373.79,5828556.54,-16.113333333333333,
bb_1b861956,28800.0,pt,93,f,low,900.0,false,777913.26,5831121.24,-13.313333333333336,
bb_a99c1431,28800.0,pt,57,f,very_low,500.0,false,824948.6,5826515.26,-22.943333333333335,
bb_42f5388e,28800.0,pt,17,m,high,3000.0,false,814780.31,5808946.65,-29.613333333333337,
bb_70475856,28800.0,pt,3,m,low,2000.0,false,816183.34,5828110.54,-14.943333333333333,
bb_7dc1dbaf,28800.0,pt,19,m,very_low,900.0,false,802939.71,5803738.23,-29.61333333333333,
bb_35295b75,28800.0,pt,96,f,medium,2000.0,true,782176.76,5845924.71,-16.21333333333333,
bb_0e757e1b,28800.0,pt,87,m,medium,2000.0,false,770909.8,5832719.9,-17.313333333333333,
bb_a1034ec6,28800.0,pt,30,m,high,3600.0,false,755772.45,5871415.37,-24.213333333333335,
bb_95da5bee,28800.0,pt,77,m,high,3600.0,false,784375.16,5836117.55,-15.726666666666667,
bb_2524892a,28800.0,pt,45,f,very_low,900.0,false,792357.0,5814904.45,-13.613333333333335,
bb_b08fb2fa,28800.0,pt,53,f,very_high,5600.0,false,783205.52,5848701.94,-24.21333333333334,
bb_d1433f40,28800.0,pt,50,m,low,900.0,false,815495.19,5808474.49,-17.61333333333334,
bb_dc19d616,28800.0,pt,4,f,very_low,2000.0,false,794462.75,5804612.27,-25.61333333333334,
bb_3633dfab,28800.0,pt,85,f,medium,1500.0,false,824191.42,5825373.05,-22.943333333333335,
bb_25fe9c5c,28800.0,pt,27,m,medium,3000.0,false,773330.31,5814879.43,-17.613333333333337,
bb_baa2d416,28800.0,pt,50,f,low,2000.0,false,789251.95,5842812.48,-19.680000000000003,
bb_c3a93b0a,28800.0,pt,52,m,high,3600.0,false,783534.92,5850455.38,-24.213333333333335,
bb_5c45a4b7,28800.0,pt,68,f,low,900.0,false,789588.57,5859272.09,-36.213333333333324,
bb_baac3205,28800.0,pt,76,f,low,900.0,true,767101.84,5809319.29,-17.613333333333337,
bb_4fbc7fb4,28800.0,pt,68,m,medium,2000.0,false,806850.84,5842328.1,-20.093333333333337,
bb_98966485,28800.0,pt,7,f,medium,3600.0,false,807241.09,5844198.99,-16.093333333333337,
bb_1cbdf50c,28800.0,pt,67,m,high,3000.0,false,801718.89,5802951.18,-23.913333333333334,
bb_9771ae26,28800.0,pt,86,m,high,4600.0,false,800661.54,5842943.8,-19.68,
bb_5a221b30,28800.0,pt,37,f,medium,1500.0,false,794579.0,5795099.4,-33.61333333333334,
bb_6b4a73c0,28800.0,pt,23,f,low,2000.0,false,788548.22,5845105.84,-22.813333333333333,
bb_caa59c07,28800.0,pt,18,m,medium,3600.0,false,788159.87,5815786.35,-17.403333333333336,
bb_266b5742,28800.0,pt,28,m,very_low,1500.0,false,763566.34,5786512.36,-96.91333333333334,
bb_9a6e0f94,28800.0,pt,71,f,high,3000.0,false,788011.92,5803754.52,-21.513333333333335,
bb_96df1623,28800.0,pt,68,m,very_low,499.0,false,864665.63,5833917.16,-24.513333333333332,
bb_3307cfa6,28800.0,pt,96,f,medium,1500.0,false,774744.21,5803580.06,-12.213333333333335,
bb_cac38e62,28800.0,pt,37,m,very_high,5600.0,false,787021.94,5794088.38,-37.61333333333332,
bb_99d38c25,28800.0,pt,30,f,medium,1500.0,false,774647.71,5831213.69,-13.313333333333334,
bb_0ee47ad0,28800.0,pt,0,m,medium,3600.0,false,789078.26,5803611.9,-13.613333333333339,
bb_c4eed700,28800.0,pt,95,f,medium,3000.0,true,779575.65,5847315.02,-16.21333333333333,
bb_2d53c58e,28800.0,pt,78,f,medium,2000.0,true,768054.64,5808713.18,-17.613333333333337,
bb_3d09373e,28800.0,pt,51,f,very_high,5600.0,false,809495.16,5845777.43,-20.093333333333334,
bb_7c02c018,28800.0,pt,23,f,medium,3000.0,false,792282.18,5840214.25,-18.813333333333336,
bb_0f19026f,28800.0,pt,42,m,very_low,1500.0,false,804252.39,5800553.48,-35.913333333333334,
bb_3150f75c,28800.0,pt,58,f,very_low,500.0,true,823034.16,5817782.95,-20.043333333333337,
bb_140e2a3c,28800.0,pt,42,m,very_low,500.0,true,793537.56,5810489.21,-18.81333333333334,
bb_5b3bbef8,28800.0,pt,31,m,very_high,5600.0,false,826727.34,5823011.62,-26.943333333333335,
bb_102a3ea1,28800.0,pt,52,m,very_low,2000.0,false,783606.64,5848227.21,-36.21333333333333,
bb_72129515,28800.0,pt,87,m,high,3000.0,false,777506.56,5814464.47,-14.813333333333334,
bb_bc058d3d,28800.0,pt,79,f,low,900.0,false,799433.85,5806044.02,-25.613333333333333,
bb_4380d3ae,28800.0,pt,46,f,medium,1500.0,false,779853.91,5832644.87,-23.713333333333335,
bb_129c5b4e,28800.0,pt,37,f,high,4600.0,false,807887.64,5837693.34,-16.093333333333334,
bb_05e3a28a,28800.0,pt,27,f,very_low,1500.0,false,817117.58,5840613.13,-26.943333333333342,
bb_3304aad5,28800.0,pt,22,f,high,3600.0,false,778548.6,5812241.89,-12.213333333333335,
bb_0f25e90b,28800.0,pt,52,f,very_low,500.0,true,820970.01,5842236.02,-26.943333333333335,
bb_75fe944b,28800.0,pt,15,m,medium,4600.0,false,812905.61,5809761.39,-21.61333333333333,
bb_b338ac97,28800.0,pt,7,f,low,2000.0,false,767346.97,5811600.6,-14.813333333333334,
bb_4bc67b44,28800.0,pt,65,f,medium,2600.0,false,791261.61,5813399.83,-12.213333333333335,
bb_51a4e3af,28800.0,pt,35,m,very_low,499.0,false,815888.53,5806851.2,-17.443333333333335,
bb_23dcca05,28800.0,pt,45,f,very_high,5600.0,true,821218.83,5829452.98,-18.943333333333335,
bb_875d977d,28800.0,pt,67,m,medium,2600.0,false,788892.05,5804065.81,-13.613333333333335,
bb_424b6360,28800.0,pt,42,m,medium,2000.0,false,738173.95,5809339.24,-22.81333333333334,
bb_6bc47907,28800.0,pt,87,m,medium,2000.0,true,795877.92,5843017.85,-16.213333333333335,
bb_5d3284de,28800.0,pt,50,f,high,5600.0,false,822123.04,5831970.48,-34.943333333333335,
bb_3037ad1e,28800.0,pt,18,f,low,1500.0,false,815802.54,5841240.64,-26.943333333333335,
bb_83c4069d,28800.0,pt,22,m,low,3600.0,false,776911.83,5833814.32,-17.313333333333333,
bb_61ccb224,28800.0,pt,20,m,low,2000.0,true,805330.55,5794092.4,-33.61333333333334,
bb_a02ae343,28800.0,pt,57,m,medium,3000.0,false,764671.51,5799279.43,-24.21333333333333,
bb_4ced5093,28800.0,pt,98,m,medium,2600.0,true,816824.32,5808718.79,-22.513333333333335,
bb_addd708a,28800.0,pt,5,f,low,2000.0,false,761370.74,5821186.43,-23.713333333333335,
bb_d43a0a55,28800.0,pt,62,f,medium,2000.0,false,775627.91,5814554.17,-14.813333333333334,
bb_d60ae40f,28800.0,pt,26,f,medium,2000.0,false,775642.5,5815365.41,-14.813333333333334,
bb_8968253a,28800.0,pt,40,f,medium,2600.0,false,789025.49,5813870.31,-12.213333333333335,
bb_6e4e0804,28800.0,pt,51,f,high,3600.0,false,796034.96,5843584.03,-16.213333333333335,
bb_2e36a955,28800.0,pt,40,f,medium,2000.0,false,790216.95,5802606.34,-13.613333333333339,
bb_16c58bcc,28800.0,pt,35,f,low,900.0,false,751128.5,5805393.33,-24.213333333333335,
bb_96e835a8,28800.0,pt,26,f,medium,2600.0,false,773272.39,5820829.69,-17.61333333333334,
bb_2b278049,28800.0,pt,3,m,low,3000.0,false,773402.97,5830959.47,-24.213333333333328,
bb_150eb892,28800.0,pt,80,m,low,1500.0,false,765552.1,5816638.9,-17.613333333333337,
bb_321fb723,28800.0,pt,31,f,medium,2000.0,false,779379.66,5814399.66,-17.613333333333337,
bb_cc8e1fac,28800.0,pt,58,f,medium,1500.0,true,816865.23,5797291.22,-17.613333333333337,
bb_b8c29664,28800.0,pt,34,f,high,4600.0,false,812873.72,5834512.99,-26.813333333333336,
bb_38ff117f,28800.0,pt,96,m,very_low,500.0,true,813771.57,5804158.75,-22.71333333333333,
bb_593dd041,28800.0,pt,42,m,medium,2600.0,false,786385.9,5815211.35,-17.403333333333336,
bb_9a311bb7,28800.0,pt,0,m,medium,3600.0,false,815758.54,5830748.42,-18.943333333333335,
bb_ce12ada8,28800.0,pt,83,f,medium,2000.0,false,818392.66,5803830.77,-22.513333333333335,
bb_8668cbfa,28800.0,pt,51,m,high,3600.0,false,815085.08,5800630.97,-41.613333333333344,
bb_3861a824,28800.0,pt,33,f,high,4600.0,false,807757.14,5844564.7,-20.093333333333334,
bb_67436f27,28800.0,pt,5,m,medium,2600.0,false,778352.78,5812241.53,-12.213333333333335,
bb_2326cee1,28800.0,pt,71,m,high,3600.0,false,817003.68,5797362.41,-17.613333333333337,
bb_651ee89e,28800.0,pt,13,f,medium,3000.0,false,788598.55,5846587.9,-26.813333333333336,
bb_8e34d49b,28800.0,pt,80,m,medium,2000.0,false,819812.03,5812565.6,-22.513333333333335,
bb_3c099714,28800.0,pt,9,m,very_low,2000.0,false,779266.01,5837803.11,-17.313333333333333,
bb_7390d5a4,28800.0,pt,47,m,very_low,499.0,false,806392.17,5841119.31,-17.913333333333334,
bb_a91c8b4a,28800.0,pt,56,m,very_high,4600.0,false,833934.68,5885272.5,-33.61333333333334,
bb_c7d9b7bd,28800.0,pt,51,m,high,4600.0,false,783947.51,5866407.43,-29.61333333333333,
bb_ae1a982f,28800.0,pt,47,f,high,3600.0,false,773917.84,5833619.8,-20.213333333333335,
bb_2486daf6,28800.0,pt,33,m,medium,2000.0,false,867380.84,5747335.94,-34.71333333333334,
bb_cd556d1f,28800.0,pt,48,f,high,3600.0,true,793444.15,5843010.32,-16.213333333333335,
bb_7a8c68df,28800.0,pt,72,m,high,3600.0,false,767730.5,5829278.82,-16.113333333333333,
bb_bd516210,28800.0,pt,57,m,high,3600.0,true,791837.98,5846271.56,-28.213333333333335,
bb_0b47af84,28800.0,pt,25,f,medium,2000.0,false,799628.52,5807108.59,-25.613333333333337,
bb_7c07d6da,28800.0,pt,42,f,medium,4600.0,false,819320.8,5804353.49,-22.513333333333332,
bb_6f3be004,28800.0,pt,46,m,high,5600.0,false,787815.59,5844488.95,-22.813333333333333,
bb_a18ae56c,28800.0,pt,64,m,medium,2600.0,false,758521.28,5807990.9,-29.613333333333337,
bb_acfae02d,28800.0,pt,31,m,low,3000.0,false,823295.16,5818292.95,-16.213333333333335,
bb_2a2a94ba,28800.0,pt,58,f,high,3600.0,false,801729.94,5810394.0,-14.813333333333334,
bb_c95bc2cb,28800.0,pt,92,m,medium,2600.0,false,776752.23,5814104.44,-14.813333333333334,
bb_3881e21b,28800.0,pt,10,m,high,4600.0,false,784227.25,5841359.54,-16.21333333333333,
bb_bccd60ec,28800.0,pt,89,m,medium,2000.0,true,776431.49,5815322.18,-17.613333333333337,
bb_5e45fca9,28800.0,pt,58,m,medium,3000.0,false,819031.79,5832945.02,-18.943333333333335,
bb_7f0d968b,28800.0,pt,32,m,medium,2600.0,false,774382.87,5831830.02,-13.313333333333334,
bb_1801f08e,28800.0,pt,8,m,very_low,900.0,true,799463.25,5808036.3,-25.613333333333337,
bb_b71ea0f7,28800.0,pt,54,m,high,3600.0,false,809785.07,5835496.22,-13.613333333333335,
bb_93ecfe1d,28800.0,pt,94,f,low,900.0,true,789621.93,5802337.56,-21.513333333333332,
bb_816c2dd0,28800.0,pt,59,m,very_low,500.0,false,790020.3,5811117.32,-13.613333333333337,
bb_0de9c254,28800.0,pt,6,f,very_high,5600.0,false,819437.23,5829851.79,-18.94333333333333,
bb_804f82cd,28800.0,pt,37,f,high,3600.0,false,820430.39,5815070.99,-23.91333333333333,
bb_b81f179c,28800.0,pt,91,m,low,900.0,false,820101.48,5835917.43,-30.943333333333335,
bb_c4bc2b8e,28800.0,pt,57,m,very_low,500.0,false,815171.66,5806231.11,-17.61333333333334,
bb_a42df06c,28800.0,pt,84,m,medium,3000.0,false,777944.83,5832271.59,-11.713333333333333,
bb_2a414049,28800.0,pt,63,m,medium,3000.0,false,822403.61,5827784.86,-22.943333333333335,
bb_754a31bc,28800.0,pt,58,m,high,3600.0,false,836597.0,5911051.38,-33.61333333333334,
bb_0d6350b4,28800.0,pt,52,f,medium,2000.0,false,751072.86,5842372.06,-23.713333333333335,
bb_b93f9986,28800.0,pt,71,m,medium,2600.0,false,815445.95,5827690.06,-16.943333333333335,
bb_c412baba,28800.0,pt,80,m,low,900.0,false,814500.82,5830648.81,-18.65666666666667,
bb_1af026d2,28800.0,pt,60,m,low,2000.0,false,774020.18,5803659.09,-17.613333333333333,
bb_8715f9fa,28800.0,pt,25,f,very_low,900.0,false,807265.73,5843558.58,-16.093333333333334,
bb_5804a4e9,28800.0,pt,90,m,medium,2000.0,true,769864.19,5813805.81,-17.613333333333337,
bb_74cc3ebe,28800.0,pt,30,f,medium,3000.0,false,786006.64,5853051.96,-17.613333333333337,
bb_7e4e7b90,28800.0,pt,63,f,medium,2600.0,false,768721.1,5807093.84,-17.613333333333333,
bb_8675d94b,28800.0,pt,45,f,very_high,5600.0,false,771610.55,5833527.6,-13.313333333333334,
bb_20d59260,28800.0,pt,26,f,very_low,2000.0,false,786344.12,5850624.49,-36.213333333333324,
bb_a8a3c383,28800.0,pt,22,m,low,1500.0,false,795883.01,5841778.06,-18.48,
bb_1a3c5cc0,28800.0,pt,68,m,medium,2600.0,false,789102.27,5843507.13,-16.213333333333335,
bb_33181960,28800.0,pt,93,f,very_low,500.0,false,785526.14,5813734.0,-14.813333333333334,
bb_5b6c07cb,28800.0,pt,38,m,medium,2600.0,false,789418.79,5803912.68,-13.613333333333337,
bb_4db134cd,28800.0,pt,15,m,very_low,900.0,false,763357.64,5813547.73,-29.61333333333333,
bb_8576b4c8,28800.0,pt,57,f,high,4600.0,false,758767.66,5807342.03,-29.613333333333337,
bb_63ed4126,28800.0,pt,42,m,medium,2000.0,false,807375.42,5844292.51,-16.093333333333337,
bb_770940b3,28800.0,pt,75,f,medium,1500.0,true,807047.04,5844022.35,-16.093333333333334,
bb_ac4402e0,28800.0,pt,14,f,medium,2600.0,false,770971.21,5814480.58,-17.613333333333337,
bb_d0fff35c,28800.0,pt,21,f,high,3600.0,false,775656.79,5789997.39,-36.21333333333333,
bb_5df1adce,28800.0,pt,52,f,medium,3000.0,false,756699.28,5789340.14,-24.213333333333335,
bb_69a6c827,28800.0,pt,17,f,very_high,5600.0,false,819524.79,5830084.12,-18.943333333333335,
bb_915c485e,28800.0,pt,51,m,high,3600.0,false,823736.92,5830003.01,-18.943333333333335,
bb_3216fc5d,28800.0,pt,65,m,very_low,900.0,true,805409.68,5804631.06,-23.91333333333333,
bb_0c0ec604,28800.0,pt,12,f,very_low,1500.0,false,816361.23,5828307.04,-14.943333333333333,
bb_486e5fea,28800.0,pt,65,f,very_low,499.0,false,791716.76,5814510.05,-13.613333333333335,
bb_62876c9e,28800.0,pt,32,f,high,3600.0,false,810573.56,5847168.88,-22.813333333333336,
bb_9b2390ba,28800.0,pt,16,m,very_high,5600.0,false,793480.56,5842339.77,-18.883333333333336,
bb_28da866a,28800.0,pt,57,f,very_high,5600.0,true,792258.65,5815123.53,-13.613333333333335,
bb_6e947f38,28800.0,pt,97,f,medium,2000.0,true,824500.83,5815282.95,-23.913333333333334,
bb_96384e5c,28800.0,pt,37,m,high,4600.0,false,791380.14,5855839.99,-28.213333333333342,
bb_ab68f358,28800.0,pt,71,m,very_low,2000.0,false,764020.07,5823420.72,-35.71333333333334,
bb_699f0634,28800.0,pt,47,m,medium,3000.0,false,809859.82,5802963.5,-22.71333333333333,
bb_a5949069,28800.0,pt,20,m,very_low,2000.0,false,784642.89,5853704.47,-24.21333333333334,
bb_3524a88f,28800.0,pt,37,m,medium,3000.0,false,775318.42,5830864.49,-14.813333333333334,
bb_1c06f173,28800.0,pt,39,f,high,3600.0,false,800268.84,5807650.64,-14.813333333333334,
bb_c66ab40f,28800.0,pt,38,m,high,4600.0,false,780219.64,5823178.39,-17.313333333333336,
bb_00f68bb3,28800.0,pt,10,m,high,4600.0,false,778957.68,5820698.78,-19.726666666666667,
bb_479f0438,28800.0,pt,18,m,medium,3600.0,false,789785.92,5810630.31,-21.443333333333335,
bb_95559ec1,28800.0,pt,58,m,medium,3000.0,false,825058.38,5831724.05,-34.943333333333335,
bb_66b1338f,28800.0,pt,2,f,medium,2600.0,false,816232.76,5840150.1,-13.613333333333335,
bb_b3ddd2e8,28800.0,pt,59,f,high,3600.0,false,781502.85,5810898.05,-17.613333333333337,
bb_bbac671e,28800.0,pt,15,f,low,3000.0,false,769787.9,5832420.68,-20.21333333333334,
bb_9c3768ee,28800.0,pt,35,m,very_high,5600.0,false,791958.42,5844194.07,-12.213333333333331,
bb_0434d591,28800.0,pt,19,f,very_low,2000.0,false,774593.64,5815241.17,-14.813333333333334,
bb_aa5fcda2,28800.0,pt,21,m,low,3000.0,false,775526.36,5813219.61,-14.813333333333334,
bb_82878fb7,28800.0,pt,5,f,high,3600.0,false,788429.29,5793924.38,-13.613333333333335,
bb_78b3e846,28800.0,pt,23,m,low,3000.0,false,812804.7,5834490.15,-26.813333333333336,
bb_468239e7,28800.0,pt,41,f,very_low,900.0,false,762385.49,5836761.08,-20.21333333333334,
bb_29fef15c,28800.0,pt,53,m,low,1500.0,false,819175.51,5823078.01,-20.043333333333337,
bb_2490265c,28800.0,pt,21,f,high,5600.0,false,802527.57,5816033.49,-17.61333333333334,
bb_51c8f64e,28800.0,pt,52,m,high,2600.0,false,787163.85,5815046.52,-17.403333333333336,
bb_72ca78cd,28800.0,pt,50,m,medium,3000.0,false,760146.47,5834333.2,-23.713333333333335,
bb_d9850b05,28800.0,pt,70,m,medium,3000.0,false,785281.68,5779319.41,-13.613333333333335,
bb_b962ba57,28800.0,pt,90,m,medium,2600.0,true,778846.47,5821282.56,-19.726666666666667,
bb_8d946dac,28800.0,pt,20,f,low,3000.0,false,775632.95,5813647.53,-14.813333333333334,
bb_2f90c25f,28800.0,pt,31,f,high,3600.0,false,771496.03,5813889.11,-17.613333333333337,
bb_c1323e75,28800.0,pt,56,m,high,4600.0,false,778696.89,5810885.93,-17.613333333333333,
bb_a6eba145,28800.0,pt,17,f,medium,3000.0,false,818606.09,5796635.92,-22.71333333333333,
bb_863126a8,28800.0,pt,62,f,low,900.0,true,807759.07,5844712.66,-16.093333333333334,
bb_59f254d6,28800.0,pt,56,m,medium,3000.0,false,755243.95,5866125.41,-24.21333333333334,
bb_a289106d,28800.0,pt,33,f,very_low,1500.0,false,804920.83,5794778.32,-33.61333333333334,
bb_1bee69c1,28800.0,pt,63,m,very_low,500.0,false,814861.32,5811167.89,-29.61333333333333,
bb_d960e79d,28800.0,pt,22,f,very_low,2000.0,false,774042.81,5818288.44,-22.81333333333334,
bb_4d15aa91,28800.0,pt,25,m,high,3600.0,false,779535.72,5814003.23,-14.813333333333334,
bb_7d9509cd,28800.0,pt,36,m,high,3600.0,false,827413.82,5833273.29,-34.943333333333335,
bb_ad38ba23,28800.0,pt,59,f,medium,2000.0,false,805663.67,5842867.99,-12.093333333333334,
bb_1d9d4e70,28800.0,pt,8,m,high,4600.0,false,787770.73,5850576.53,-36.21333333333333,
bb_9d39161b,28800.0,pt,50,m,medium,1500.0,false,773248.26,5807234.75,-17.613333333333337,
bb_2776a204,28800.0,pt,34,m,high,4600.0,false,778665.69,5809259.66,-12.213333333333335,
bb_343c7443,28800.0,pt,17,m,high,5600.0,false,818143.86,5830522.93,-18.94333333333333,
bb_4baef3ff,28800.0,pt,50,m,low,900.0,false,788976.7,5813675.85,-13.613333333333335,
bb_81c5ef13,28800.0,pt,15,m,high,4600.0,false,775201.63,5814125.2,-14.813333333333334,
bb_39b93d47,28800.0,pt,17,f,high,4600.0,false,832346.4,5826670.67,-71.91333333333334,
bb_18a8bd4d,28800.0,pt,3,m,low,1500.0,false,779145.43,5812800.56,-14.813333333333336,
bb_5ac7b5a1,28800.0,pt,97,f,medium,1500.0,false,807814.92,5815150.55,-16.043333333333337,
bb_d482e26e,28800.0,pt,10,m,medium,3600.0,false,779283.98,5814411.74,-17.613333333333337,
bb_492794e7,28800.0,pt,49,f,high,3600.0,false,776780.0,5805909.7,-12.213333333333335,
bb_c2ea5824,28800.0,pt,68,f,medium,2000.0,true,778582.27,5811042.35,-17.613333333333337,
bb_4336d03a,28800.0,pt,14,m,high,4600.0,false,784221.02,5837162.87,-16.21333333333333,
bb_9c40d1c7,28800.0,pt,65,m,high,3000.0,true,783822.59,5805756.2,-17.613333333333333,
bb_8dff4501,28800.0,pt,11,f,low,2000.0,false,792131.86,5813749.93,-13.613333333333335,
bb_64f78d95,28800.0,pt,56,f,very_low,500.0,true,785352.85,5812552.46,-16.213333333333335,
bb_7b8f8a4f,28800.0,pt,57,f,low,1500.0,false,810885.73,5789524.64,-29.61333333333333,
bb_c40fb16f,28800.0,pt,91,m,medium,2000.0,false,789006.75,5813695.83,-13.613333333333335,
bb_6e6399b3,28800.0,pt,50,f,very_high,5600.0,false,776045.8,5834016.12,-20.213333333333335,
bb_6d60bb86,28800.0,pt,30,f,very_low,900.0,false,780546.48,5810945.96,-12.213333333333335,
bb_0785e20b,28800.0,pt,63,f,very_high,4600.0,false,793699.05,5840282.97,-22.813333333333336,
bb_c2649cdf,28800.0,pt,9,m,medium,3000.0,false,775734.99,5832437.0,-16.113333333333337,
bb_67d618d4,28800.0,pt,43,m,very_high,5600.0,false,789141.38,5803423.42,-13.613333333333337,
bb_102a7909,28800.0,pt,22,f,very_low,900.0,false,779286.93,5814126.43,-17.613333333333337,
bb_d4f8e33c,28800.0,pt,22,m,high,4600.0,false,786352.92,5813949.41,-16.213333333333335,
bb_70194238,28800.0,pt,48,m,low,2600.0,false,786471.08,5855486.9,-17.613333333333337,
bb_c827188c,28800.0,pt,5,f,medium,2600.0,false,808311.79,5837424.97,-16.093333333333334,
bb_3c262bec,28800.0,pt,1,m,low,1500.0,false,828943.64,5802528.03,-17.613333333333337,
bb_a3ea5f13,28800.0,pt,68,f,low,1500.0,false,822978.5,5816938.27,-23.913333333333334,
bb_79ab39b1,28800.0,pt,32,f,low,2000.0,false,764221.61,5836423.32,-23.713333333333335,
bb_ade9a007,28800.0,pt,37,m,high,4600.0,false,807174.51,5845701.63,-20.09333333333333,
bb_bbb2c0a4,28800.0,pt,62,f,high,4600.0,false,832895.44,5863688.2,-45.31333333333333,
bb_9ffca302,28800.0,pt,80,f,low,1500.0,true,810909.56,5833961.83,-17.613333333333337,
bb_08e05ca9,28800.0,pt,59,f,low,900.0,false,819944.3,5812610.01,-22.513333333333335,
bb_549ee711,28800.0,pt,70,m,high,4600.0,false,777836.1,5846516.91,-20.21333333333333,
bb_634c72d0,28800.0,pt,57,f,low,900.0,false,812912.82,5837769.52,-26.943333333333335,
bb_bab81efc,28800.0,pt,65,f,low,1500.0,false,788097.56,5857718.0,-36.213333333333324,
bb_7516d92c,28800.0,pt,92,m,high,3600.0,true,792048.3,5839670.52,-14.813333333333333,
bb_7b4dd052,28800.0,pt,16,f,high,4600.0,false,822291.72,5830560.58,-18.943333333333335,
bb_cff631c1,28800.0,pt,25,m,high,3000.0,false,765047.37,5797936.62,-26.813333333333336,
bb_674684f0,28800.0,pt,19,f,high,4600.0,false,814212.13,5807950.92,-21.613333333333326,
bb_7bfbe96c,28800.0,pt,58,m,medium,1500.0,false,807256.95,5844098.67,-16.093333333333337,
bb_947e709c,28800.0,pt,42,m,medium,2600.0,false,814054.34,5809452.27,-21.61333333333333,
bb_45983c7d,28800.0,pt,45,m,very_low,900.0,false,824657.74,5842782.78,-62.94333333333334,
bb_0ea83894,28800.0,pt,42,m,medium,3000.0,false,783467.3,5849702.38,-24.213333333333335,
bb_a981531f,28800.0,pt,71,m,medium,2000.0,false,790662.48,5803332.98,-13.613333333333337,
bb_88803090,28800.0,pt,85,m,medium,2000.0,false,816099.51,5808094.59,-18.813333333333336,
bb_d8807645,28800.0,pt,56,f,low,900.0,false,778134.64,5810328.55,-17.613333333333337,
bb_73da3aa2,28800.0,pt,0,f,medium,3600.0,false,770154.98,5833497.57,-17.313333333333333,
bb_93d535cf,28800.0,pt,34,f,high,4600.0,false,772555.36,5820508.52,-22.813333333333336,
bb_caa7167a,28800.0,pt,45,m,low,2000.0,false,817055.52,5857874.89,-20.093333333333334,
bb_5018fbc5,28800.0,pt,60,f,medium,3000.0,false,815479.84,5830490.2,-18.943333333333335,
bb_21127b2b,28800.0,pt,55,f,high,2600.0,false,812114.77,5846402.82,-22.813333333333336,
bb_b9bc13c3,28800.0,pt,69,m,low,1500.0,false,786343.32,5813756.55,-14.813333333333334,
bb_d68f5dab,28800.0,pt,12,f,high,4600.0,false,815282.14,5808720.21,-17.61333333333334,
bb_c435807d,28800.0,pt,65,f,medium,2600.0,false,795611.87,5840340.51,-16.21333333333333,
bb_963451f8,28800.0,pt,41,m,high,3600.0,false,799929.84,5806379.84,-25.613333333333337,
bb_07ad92a4,28800.0,pt,22,f,low,2000.0,true,807819.85,5808657.5,-21.61333333333333,
bb_1a959ac2,28800.0,pt,45,f,high,4600.0,false,777438.6,5812879.03,-14.813333333333334,
bb_1e53170c,28800.0,pt,12,m,high,3600.0,false,783927.32,5840503.88,-16.213333333333335,
bb_27a4f0d6,28800.0,pt,72,f,very_low,900.0,false,783734.71,5849883.79,-24.213333333333335,
bb_1d5a9d4e,28800.0,pt,40,m,medium,3000.0,false,755125.0,5786001.88,-24.21333333333334,
bb_9966a46d,28800.0,pt,3,m,medium,3000.0,false,824033.97,5823447.99,-26.943333333333335,
bb_5c13b661,28800.0,pt,63,m,medium,3000.0,false,814398.51,5832263.24,-18.943333333333335,
bb_439ecd40,28800.0,pt,46,f,medium,2000.0,false,818674.9,5830181.33,-18.94333333333333,
bb_d8c874fb,28800.0,pt,31,f,low,1500.0,false,772522.67,5858434.94,-72.21333333333332,
bb_0c99ce4e,28800.0,pt,66,f,low,900.0,false,765460.05,5798638.48,-24.21333333333333,
bb_10d34984,28800.0,pt,39,f,medium,2600.0,false,775975.72,5813498.68,-14.813333333333334,
bb_c11da0ee,28800.0,pt,58,m,very_high,5600.0,false,776763.71,5832973.38,-16.113333333333333,
bb_411221bc,28800.0,pt,16,f,low,1500.0,false,776963.53,5833921.73,-17.313333333333336,
bb_54b43637,28800.0,pt,33,f,high,4600.0,false,781859.2,5810987.92,-17.613333333333337,
bb_45f99fc5,28800.0,pt,52,m,low,900.0,false,765647.07,5807225.42,-17.61333333333334,
bb_37f19f7f,28800.0,pt,17,f,very_high,5600.0,false,779835.61,5813451.64,-14.813333333333334,
bb_5e80c36d,28800.0,pt,25,m,low,1500.0,false,782544.16,5846799.81,-16.21333333333333,
bb_30013819,28800.0,pt,62,m,medium,3000.0,false,797385.87,5807774.1,-25.613333333333333,
bb_4a1dcdd5,28800.0,pt,66,f,medium,2000.0,false,786218.68,5856395.91,-28.92,
bb_d8ca3403,28800.0,pt,19,m,very_low,900.0,false,806218.01,5842025.98,-20.093333333333337,
bb_34fc7b78,28800.0,pt,1,m,low,2000.0,false,778215.66,5809119.79,-17.613333333333333,
bb_b81b6b91,28800.0,pt,82,m,high,4600.0,true,775026.69,5813030.77,-14.813333333333334,
bb_0dab1387,28800.0,pt,32,m,medium,1500.0,false,786119.17,5814283.93,-14.813333333333334,
bb_c1547645,28800.0,pt,26,f,medium,2000.0,false,815655.88,5812778.03,-21.613333333333337,
bb_5091269d,28800.0,pt,85,m,low,900.0,true,769423.69,5834253.29,-20.21333333333334,
bb_5e9a9b2c,28800.0,pt,27,f,low,3000.0,false,843026.49,5800936.21,-64.21333333333334,
bb_91fee124,28800.0,pt,57,m,high,3600.0,false,791896.88,5844776.51,-16.21333333333334,
bb_95fd3cef,28800.0,pt,46,m,low,2000.0,false,803110.5,5857846.11,-22.813333333333333,
bb_db9a67a9,28800.0,pt,67,f,low,900.0,false,773829.92,5820951.55,-22.813333333333336,
bb_1d849a48,28800.0,pt,21,m,very_low,900.0,false,779194.13,5812150.4,-12.213333333333335,
bb_138a9257,28800.0,pt,87,f,very_low,900.0,false,814141.1,5809746.44,-17.61333333333334,
bb_d99c6f09,28800.0,pt,59,f,very_high,5600.0,false,806289.97,5843825.51,-16.093333333333337,
bb_cce1938b,28800.0,pt,41,f,medium,3600.0,false,800973.73,5789566.36,-45.31333333333333,
bb_28e47af0,28800.0,pt,85,f,medium,3000.0,false,807585.0,5814974.64,-16.043333333333337,
bb_44a397bb,28800.0,pt,33,f,high,3000.0,true,822514.02,5818610.47,-16.213333333333335,
bb_236bbaae,28800.0,pt,50,m,medium,2600.0,false,822320.1,5808244.83,-22.71333333333333,
bb_dc68769a,28800.0,pt,33,m,medium,1500.0,false,769597.7,5814079.14,-17.613333333333337,
bb_c6995d37,28800.0,pt,59,m,medium,2000.0,true,784233.3,5836036.7,-15.726666666666667,
bb_1fef5f25,28800.0,pt,57,f,medium,3000.0,false,776231.51,5830362.04,-14.813333333333334,
bb_b6e2e753,28800.0,pt,61,m,medium,2000.0,false,847874.0,5829973.02,-24.513333333333332,
bb_7f2a9259,28800.0,pt,62,m,medium,2000.0,false,777234.53,5812588.13,-14.813333333333334,
bb_797b68fb,28800.0,pt,61,f,medium,2000.0,false,774597.96,5803386.24,-17.613333333333333,
bb_b3cb9087,28800.0,pt,70,m,medium,2600.0,true,765528.16,5823193.0,-17.613333333333337,
bb_c7a05aee,28800.0,pt,62,f,high,3000.0,false,754793.09,5802436.59,-24.21333333333334,
bb_742cd6a7,28800.0,pt,49,m,high,2600.0,false,786666.8,5811173.75,-17.613333333333333,
bb_be79de48,28800.0,pt,14,m,high,4600.0,false,768926.79,5829238.56,-23.71333333333333,
bb_269729aa,28800.0,pt,40,f,high,3600.0,false,786216.24,5779493.43,-21.513333333333335,
bb_6e17c85e,28800.0,pt,94,m,medium,1500.0,true,787285.34,5814661.1,-17.403333333333332,
bb_7827424b,28800.0,pt,74,m,medium,1500.0,false,774795.72,5815035.46,-14.813333333333334,
bb_312f3626,28800.0,pt,76,m,low,900.0,false,779434.11,5812224.33,-12.213333333333335,
bb_95240fc2,28800.0,pt,58,m,high,3000.0,false,754366.7,5857520.4,-36.213333333333324,
bb_9f3fe33b,28800.0,pt,6,m,medium,2600.0,false,779385.49,5836326.65,-17.313333333333333,
bb_5f7add48,28800.0,pt,35,m,high,4600.0,false,809493.44,5840978.27,-22.813333333333333,
bb_69f18e99,28800.0,pt,5,f,high,3600.0,false,784422.46,5836140.06,-15.726666666666667,
bb_99e516af,28800.0,pt,66,m,very_low,500.0,true,775406.53,5849788.94,-36.213333333333324,
bb_775a5ba4,28800.0,pt,3,f,low,2000.0,false,786332.61,5853753.43,-17.613333333333337,
bb_52e234dc,28800.0,pt,12,m,very_low,1500.0,false,785511.76,5812667.03,-16.213333333333335,
bb_395ae6c0,28800.0,pt,6,m,medium,3600.0,false,760238.97,5812946.76,-22.813333333333336,
bb_d17d7b72,28800.0,pt,85,m,medium,2600.0,false,767268.22,5809659.99,-17.613333333333337,
bb_9d111fdc,28800.0,pt,50,m,low,900.0,false,802292.8,5806282.5,-23.913333333333334,
bb_133db018,28800.0,pt,49,f,very_high,5600.0,false,771116.29,5814012.82,-17.613333333333333,
bb_7b1803af,28800.0,pt,6,f,medium,3600.0,false,802512.13,5854757.66,-22.813333333333333,
bb_d852b324,28800.0,pt,35,m,very_low,1500.0,false,779005.42,5812387.49,-12.213333333333335,
bb_45b7690c,28800.0,pt,37,f,very_high,5600.0,false,763042.35,5836670.31,-17.313333333333336,
bb_19b543dc,28800.0,pt,52,m,very_high,5600.0,false,823551.6,5820872.0,-23.913333333333334,
bb_d3c4130e,28800.0,pt,25,f,very_low,500.0,false,769808.51,5813831.24,-17.613333333333337,
bb_422d0629,28800.0,pt,94,m,medium,3000.0,false,773582.65,5839664.4,-23.713333333333335,
bb_d18b8f2d,28800.0,pt,12,f,very_low,1500.0,false,771278.84,5814342.39,-17.613333333333337,
bb_859c7764,28800.0,pt,34,m,very_low,900.0,false,742986.66,5814679.71,-26.81333333333334,
bb_3b69259d,28800.0,pt,5,f,very_low,1500.0,false,778654.26,5798799.71,-17.613333333333337,
bb_37a899a2,28800.0,pt,52,f,high,3600.0,false,789768.11,5844534.92,-14.813333333333333,
bb_1d906c5a,28800.0,pt,17,m,very_low,500.0,false,781336.46,5809509.33,-17.613333333333337,
bb_269d1b72,28800.0,pt,32,m,very_low,1500.0,false,814987.76,5812111.15,-17.443333333333335,
bb_d83450f0,28800.0,pt,19,f,high,4600.0,false,820433.05,5841846.09,-21.613333333333337,
bb_c2b6e0c6,28800.0,pt,68,m,low,900.0,true,802574.69,5797100.27,-21.51333333333334,
bb_78ca58f1,28800.0,pt,60,m,low,900.0,false,815074.54,5804505.9,-17.613333333333337,
bb_14b66f4a,28800.0,pt,44,m,medium,3600.0,false,809013.79,5846533.29,-22.813333333333333,
bb_1dc779cb,28800.0,pt,50,f,high,4600.0,false,829479.77,5828869.87,-30.043333333333337,
bb_c725f34b,28800.0,pt,30,m,high,3600.0,false,816800.48,5797956.05,-17.613333333333337,
bb_79023cd6,28800.0,pt,57,m,very_low,900.0,true,787751.06,5791462.53,-98.31333333333335,
bb_8ecf6779,28800.0,pt,27,f,medium,1500.0,false,817630.69,5804419.94,-17.613333333333337,
bb_c883f47f,28800.0,pt,44,m,high,3000.0,false,795612.15,5846816.16,-19.679999999999996,
bb_90888207,28800.0,pt,17,m,medium,2600.0,false,810526.89,5835738.68,-26.943333333333335,
bb_4b725523,28800.0,pt,16,m,very_low,1500.0,false,754162.38,5812709.95,-17.613333333333337,
bb_d891ae0c,28800.0,pt,18,m,medium,3600.0,false,805754.47,5855101.3,-94.8133333333333,
bb_aa8e3199,28800.0,pt,6,m,medium,3600.0,false,815474.82,5801096.07,-17.61333333333334,
bb_1b38bd39,28800.0,pt,50,m,high,4600.0,false,793232.28,5809737.07,-18.813333333333333,
bb_bb3aa3a9,28800.0,pt,37,m,very_low,500.0,false,820430.64,5842525.35,-26.943333333333335,
bb_4513a8a6,28800.0,pt,40,m,high,3600.0,false,824830.02,5864389.86,-21.613333333333337,
bb_daee6832,28800.0,pt,40,m,medium,3000.0,true,810249.29,5810842.35,-21.613333333333333,
bb_2926de73,28800.0,pt,63,m,very_low,900.0,false,804605.68,5811888.31,-19.943333333333335,
bb_7d996bf6,28800.0,pt,51,f,high,2600.0,false,784830.42,5778525.81,-21.513333333333332,
bb_4c47efe0,28800.0,pt,89,f,very_low,500.0,true,774742.97,5830621.36,-13.313333333333334,
bb_01131cc6,28800.0,pt,34,f,high,3600.0,false,778877.36,5831125.81,-13.313333333333333,
bb_9c3391d8,28800.0,pt,49,m,high,3600.0,false,763780.55,5836170.7,-20.21333333333334,
bb_054c03f6,28800.0,pt,55,m,high,3600.0,false,827515.75,5832541.56,-34.943333333333335,
bb_77df76e2,28800.0,pt,13,f,high,3600.0,false,796189.42,5856675.94,-28.21333333333334,
bb_91040f18,28800.0,pt,40,m,high,4600.0,false,792339.69,5840427.52,-18.813333333333336,
bb_b827e0a8,28800.0,pt,57,m,high,3000.0,false,770924.24,5856272.95,-36.213333333333324,
bb_5d589c8a,28800.0,pt,0,m,medium,3600.0,false,781009.96,5809136.65,-17.613333333333337,
bb_4fb11ec3,28800.0,pt,33,f,very_low,2000.0,false,808960.1,5846264.7,-22.813333333333336,
bb_a6c84362,28800.0,pt,96,m,very_low,500.0,true,765910.07,5833837.05,-20.21333333333334,
bb_d0017aba,28800.0,pt,0,f,high,4600.0,false,775659.91,5813661.87,-14.813333333333334,
bb_04be4f38,28800.0,pt,35,m,high,3600.0,false,806337.18,5843543.65,-16.093333333333337,
bb_67f1f008,28800.0,pt,32,m,medium,1500.0,false,787470.11,5851645.94,-14.81333333333333,
bb_5a96203f,28800.0,pt,70,f,medium,2000.0,false,817542.43,5804138.34,-17.613333333333337,
bb_5e0aef04,28800.0,pt,18,f,high,4600.0,false,780472.77,5835935.4,-16.113333333333333,
bb_14ed8970,28800.0,pt,12,m,low,2600.0,false,814134.57,5808762.1,-21.61333333333333,
bb_a0c03ca2,28800.0,pt,86,f,low,900.0,false,821298.6,5823977.64,-23.91333333333333,
bb_2a7d55f9,28800.0,pt,90,f,medium,3000.0,false,773638.92,5835854.43,-92.44151301180581,
bb_05f2c840,28800.0,pt,98,m,medium,2000.0,true,810755.81,5814232.51,-18.813333333333336,
bb_5c66449e,28800.0,pt,57,f,very_low,500.0,true,780121.7,5844213.3,-20.213333333333335,
bb_25248d38,28800.0,pt,73,f,medium,2600.0,false,877011.6,5813589.75,-23.913333333333334,
bb_6d3edb83,28800.0,pt,86,m,high,3000.0,false,822432.95,5829964.61,-18.943333333333335,
bb_75ce9704,28800.0,pt,27,m,very_high,5600.0,true,775096.01,5813285.0,-14.813333333333334,
bb_8a06b932,28800.0,pt,61,m,very_high,5600.0,false,770597.66,5794740.84,-24.213333333333335,
bb_92a49272,28800.0,pt,66,f,low,1500.0,false,795662.53,5857156.87,-60.21333333333333,
bb_9ebbe0ed,28800.0,pt,53,m,medium,2600.0,false,757189.66,5812461.09,-17.613333333333337,
bb_7ac74308,28800.0,pt,60,m,medium,2000.0,false,779186.96,5807676.79,-12.213333333333335,
bb_a28d490f,28800.0,pt,34,f,very_low,1500.0,false,777462.14,5830540.09,-13.313333333333334,
bb_c55cf5c9,28800.0,pt,56,f,very_low,500.0,true,795547.58,5840226.27,-18.48,
bb_0e90f3d1,28800.0,pt,17,f,very_low,1500.0,false,781369.99,5810609.13,-14.813333333333334,
bb_53b21dd5,28800.0,pt,20,f,very_low,500.0,false,772053.16,5816152.18,-17.613333333333333,
bb_06ae0261,28800.0,pt,17,f,low,2000.0,false,778962.73,5806320.8,-24.213333333333335,
bb_a0fa6844,28800.0,pt,60,f,medium,2000.0,false,814519.38,5830736.06,-18.656666666666666,
bb_d94b9fc2,28800.0,pt,17,m,very_low,1500.0,false,811485.17,5846718.96,-22.813333333333336,
bb_312372f4,28800.0,pt,9,f,very_high,5600.0,false,792401.86,5814991.45,-13.613333333333333,
bb_9bb8df6f,28800.0,pt,63,f,low,900.0,false,811803.73,5841155.49,-26.813333333333333,
bb_add5b256,28800.0,pt,3,m,high,4600.0,false,796467.63,5800222.41,-21.513333333333335,
bb_19d5f5e3,28800.0,pt,58,f,high,3600.0,false,792125.16,5844432.98,-12.213333333333331,
bb_d6d6f336,28800.0,pt,76,m,medium,2600.0,false,776559.73,5815428.27,-17.613333333333337,
bb_72f9598e,28800.0,pt,65,m,very_low,500.0,false,774241.22,5812647.36,-14.813333333333334,
bb_018a64b4,28800.0,pt,84,f,medium,1500.0,false,787263.65,5814447.33,-16.213333333333335,
bb_1747e42c,28800.0,pt,62,f,very_low,500.0,false,755823.44,5803277.33,-24.21333333333334,
bb_46f74d21,28800.0,pt,32,m,medium,3600.0,false,785988.4,5780091.97,-21.513333333333332,
bb_315fdbc6,28800.0,pt,62,m,low,2000.0,false,776665.49,5833006.28,-16.113333333333333,
bb_9e504853,28800.0,pt,56,f,high,3600.0,true,778981.03,5812980.12,-14.813333333333334,
bb_4deb93dd,28800.0,pt,43,f,medium,3600.0,false,772028.13,5807162.06,-14.813333333333333,
bb_1485c1e7,28800.0,pt,13,f,high,3000.0,false,802246.0,5846161.76,-30.813333333333333,
bb_73bbd8e3,28800.0,pt,60,m,very_low,499.0,false,792296.86,5813220.64,-9.613333333333333,
bb_20bcb9ff,28800.0,pt,1,f,high,4600.0,false,790758.57,5855855.91,-28.21333333333334,
bb_5fe72b16,28800.0,pt,40,m,medium,3000.0,false,787130.0,5853911.44,-17.613333333333337,
bb_9db9df89,28800.0,pt,34,m,very_high,5600.0,false,781370.93,5810947.18,-17.613333333333337,
bb_b5a3ea89,28800.0,pt,88,m,medium,2600.0,false,780882.1,5809647.25,-17.61333333333334,
bb_b5dbec10,28800.0,pt,30,f,high,3600.0,false,817526.91,5804549.35,-17.613333333333337,
bb_0919a89b,28800.0,pt,47,m,very_high,5600.0,false,780824.09,5804725.92,-17.613333333333333,
bb_4b0f5051,28800.0,pt,72,m,very_low,500.0,false,781721.73,5810843.8,-17.613333333333337,
bb_ae398afe,28800.0,pt,92,f,medium,2000.0,false,800044.04,5810937.58,-14.813333333333336,
bb_0d744046,28800.0,pt,37,m,high,2600.0,false,778698.81,5812181.45,-12.213333333333335,
bb_beffcfcf,28800.0,pt,40,m,high,4600.0,false,781720.41,5811653.91,-14.813333333333333,
bb_7fe05f5b,28800.0,pt,2,m,low,2600.0,false,778442.12,5813172.15,-14.813333333333334,
bb_b4d724b3,28800.0,pt,21,f,high,3600.0,false,807194.79,5845249.06,-20.093333333333334,
bb_a3689592,28800.0,pt,34,f,very_high,5600.0,false,739904.92,5808240.06,-22.81333333333334,
bb_20031d21,28800.0,pt,72,m,high,3600.0,true,783900.34,5840106.7,-16.21333333333333,
bb_b269aa93,28800.0,pt,77,f,medium,3000.0,false,814799.86,5807492.49,-17.61333333333334,
bb_1bc5a5b7,28800.0,pt,38,f,very_high,5600.0,false,776372.0,5812308.46,-10.813333333333334,
bb_0bfbac76,28800.0,pt,42,f,very_low,500.0,false,813312.4,5807882.52,-21.61333333333333,
bb_ca799ddf,28800.0,pt,56,f,high,3600.0,false,772130.17,5816146.2,-17.613333333333337,
bb_d6882890,28800.0,pt,42,m,very_high,5600.0,false,812497.99,5845823.22,-22.813333333333336,
bb_46921ba4,28800.0,pt,69,f,medium,2000.0,false,794220.43,5799427.51,-21.513333333333335,
bb_d85649c9,28800.0,pt,45,f,high,3600.0,false,801689.88,5810272.58,-14.813333333333334,
bb_8083efa6,28800.0,pt,3,f,very_low,1500.0,false,820145.05,5828197.29,-16.943333333333335,
bb_9c9a609e,28800.0,pt,65,f,very_low,900.0,false,800964.76,5806056.58,-23.913333333333334,
bb_a5c934d4,28800.0,pt,98,f,very_high,5600.0,true,800206.38,5791465.22,-81.61333333333332,
bb_ad993928,28800.0,pt,57,f,high,3000.0,false,781140.54,5844505.63,-20.213333333333335,
bb_9a7e1b6b,28800.0,pt,68,f,low,1500.0,false,788226.26,5844446.79,-16.21333333333333,
bb_1d2c2166,28800.0,pt,4,m,high,4600.0,false,771622.76,5808746.69,-17.613333333333337,
bb_0ff4c793,28800.0,pt,10,m,low,3000.0,false,786482.46,5852396.54,-17.61333333333334,
bb_81d41526,28800.0,pt,56,m,medium,2000.0,false,781363.92,5810935.63,-17.613333333333337,
bb_cbf0daea,28800.0,pt,45,f,very_low,900.0,false,765986.5,5810919.78,-17.613333333333344,
bb_cf42cd6c,28800.0,pt,12,f,medium,3600.0,false,779928.2,5845391.99,-28.213333333333342,
bb_0c276570,28800.0,pt,48,f,very_low,500.0,true,796006.33,5857298.27,-28.21333333333334,
bb_62d4c710,28800.0,pt,34,m,high,3600.0,false,777641.94,5811607.63,-14.813333333333334,
bb_91daab35,28800.0,pt,61,m,low,1500.0,false,778093.06,5812747.46,-12.213333333333335,
bb_47d891af,28800.0,pt,39,m,medium,2000.0,false,827807.06,5832307.85,-30.943333333333335,
bb_22cc5581,28800.0,pt,37,m,high,3600.0,false,778167.17,5809542.91,-17.613333333333337,
bb_0ceda254,28800.0,pt,56,m,medium,2000.0,true,775466.98,5813004.76,-14.813333333333333,
bb_cb52418b,28800.0,pt,97,f,very_high,5600.0,true,781083.33,5852392.54,-24.21333333333334,
bb_c9ff9a68,28800.0,pt,42,m,very_low,499.0,false,792298.44,5814420.04,-18.813333333333336,
bb_4a794b9a,28800.0,pt,9,m,low,2000.0,false,780830.57,5787311.51,-25.613333333333337,
bb_d84fa164,28800.0,pt,5,f,high,3600.0,true,817831.33,5880044.54,-30.813333333333333,
bb_25d03dfc,28800.0,pt,78,m,medium,2000.0,false,817503.83,5804070.19,-17.61333333333334,
bb_98e95885,28800.0,pt,83,f,low,900.0,false,774874.54,5815248.59,-14.813333333333334,
bb_30fa91d8,28800.0,pt,33,m,high,3600.0,false,775670.39,5813709.84,-14.813333333333334,
bb_30b05196,28800.0,pt,45,m,very_high,5600.0,false,778212.31,5809177.54,-17.613333333333337,
bb_3f527ac5,28800.0,pt,33,m,medium,1500.0,false,805703.35,5844632.62,-20.093333333333334,
bb_486bd131,28800.0,pt,50,m,medium,2600.0,false,805893.82,5845031.98,-20.093333333333334,
bb_63513bdf,28800.0,pt,85,f,medium,2000.0,false,785444.51,5811665.72,-17.613333333333337,
bb_02cbd5b5,28800.0,pt,79,m,medium,2000.0,false,779249.94,5813340.3,-14.813333333333334,
bb_6ab819a5,28800.0,pt,6,m,high,4600.0,false,821584.15,5838629.67,-30.943333333333335,
bb_cc2b21cc,28800.0,pt,37,f,medium,2000.0,false,779150.08,5821613.41,-19.726666666666667,
bb_52623666,28800.0,pt,42,f,very_high,5600.0,false,816125.64,5802826.32,-17.613333333333337,
bb_9c76e52b,28800.0,pt,63,m,high,3600.0,false,779513.39,5814632.26,-17.613333333333337,
bb_2b682002,28800.0,pt,82,m,low,1500.0,true,779357.13,5844228.47,-20.213333333333335,
bb_2576b61d,28800.0,pt,73,f,medium,1500.0,false,822372.18,5823015.63,-23.91333333333333,
bb_3eb0ce06,28800.0,pt,52,m,low,2000.0,false,801910.37,5846123.86,-30.81333333333333,
bb_3e0aef47,28800.0,pt,31,f,low,3000.0,false,779978.52,5826255.89,-21.613333333333333,
bb_0d83dcac,28800.0,pt,21,f,medium,3000.0,false,824055.73,5864675.76,-20.093333333333334,
bb_99538772,28800.0,pt,71,m,medium,2000.0,false,823013.95,5818781.04,-16.213333333333335,
bb_5c4d9e95,28800.0,pt,19,f,very_low,2000.0,false,801728.62,5810437.01,-14.813333333333334,
bb_1299f9e3,28800.0,pt,10,m,medium,2600.0,false,778525.43,5812538.42,-10.813333333333334,
bb_b5a15041,28800.0,pt,73,m,very_high,5600.0,false,797535.87,5886780.12,-41.61333333333334,
bb_c50adc99,28800.0,pt,22,f,medium,2000.0,false,786402.66,5814087.16,-17.403333333333336,
bb_921f431e,28800.0,pt,56,m,medium,2000.0,false,799864.22,5807222.66,-25.613333333333333,
bb_902cd4b8,28800.0,pt,5,f,very_high,5600.0,false,780205.66,5849070.28,-36.21333333333333,
bb_9f1df300,28800.0,pt,52,m,very_low,500.0,false,782169.89,5845822.44,-16.21333333333333,
bb_b0e56917,28800.0,pt,59,f,very_low,499.0,false,786171.79,5850918.89,-36.21333333333333,
bb_ce120381,28800.0,pt,8,m,very_high,5600.0,false,774471.06,5830872.5,-13.313333333333334,
bb_5bf492a5,28800.0,pt,40,m,medium,1500.0,false,801439.4,5808310.74,-18.81333333333334,
bb_a4268dfc,28800.0,pt,84,m,low,1500.0,false,812935.12,5812426.18,-29.613333333333333,
bb_bf36d323,28800.0,pt,42,f,medium,3000.0,false,775119.23,5829202.54,-13.313333333333334,
bb_344644a3,28800.0,pt,72,m,medium,3000.0,false,803003.73,5793223.86,-45.31333333333333,
bb_a76f59b6,28800.0,pt,74,f,low,900.0,true,801283.09,5805665.55,-23.913333333333338,
bb_159a52b3,28800.0,pt,12,f,medium,3000.0,false,810397.72,5851990.88,-26.813333333333336,
bb_4701bc78,28800.0,pt,32,f,medium,2600.0,false,775884.98,5813260.77,-14.813333333333333,
bb_dc21165b,28800.0,pt,87,m,high,4600.0,true,819464.14,5829695.93,-18.94333333333333,
bb_c05d6329,28800.0,pt,57,f,low,3000.0,false,818120.51,5796380.75,-22.713333333333335,
bb_1981bc09,28800.0,pt,44,f,medium,3600.0,false,815398.34,5804630.2,-13.613333333333335,
bb_a558ac1d,28800.0,pt,40,f,very_low,900.0,false,808737.74,5800850.97,-22.71333333333333,
bb_70b406b3,28800.0,pt,65,f,very_low,500.0,false,777435.73,5812962.58,-14.813333333333334,
bb_43e4b156,28800.0,pt,69,f,low,900.0,false,781599.9,5811619.87,-14.813333333333334,
bb_85448c8f,28800.0,pt,22,m,very_low,2000.0,false,778118.4,5809500.31,-17.61333333333334,
bb_d5998f6a,28800.0,pt,69,m,medium,2600.0,false,780892.72,5810118.35,-14.813333333333334,
bb_d226846a,28800.0,pt,54,m,medium,2000.0,false,771852.12,5815554.21,-17.613333333333337,
bb_3a8d70aa,28800.0,pt,45,f,high,4600.0,false,779610.26,5812526.52,-14.813333333333334,
bb_7de5c9fa,28800.0,pt,91,f,medium,2000.0,false,781967.17,5811090.56,-14.813333333333334,
bb_98a5f09a,28800.0,pt,24,f,very_low,900.0,false,788195.99,5849000.59,-14.81333333333333,
bb_00d9d462,28800.0,pt,9,f,high,3600.0,false,806066.42,5840386.09,-17.913333333333334,
bb_8a37d4df,28800.0,pt,45,f,low,2000.0,false,823249.43,5817828.84,-20.043333333333337,
bb_12d038bc,28800.0,pt,87,m,low,1500.0,false,779983.08,5812309.29,-14.813333333333333,
bb_0b9fca18,28800.0,pt,32,f,medium,3600.0,false,775301.5,5833150.91,-16.113333333333333,
bb_61626df5,28800.0,pt,73,m,medium,1500.0,false,728973.86,5871416.78,-35.71333333333334,
bb_25926b22,28800.0,pt,39,m,high,3600.0,false,780941.23,5811667.42,-12.213333333333335,
bb_c98a1c18,28800.0,pt,40,f,high,3600.0,false,807485.96,5840356.62,-17.913333333333334,
bb_20c2b22c,28800.0,pt,59,m,very_low,500.0,false,763841.18,5815796.02,-17.61333333333334,
bb_c92eadfc,28800.0,pt,82,f,very_low,499.0,true,807467.1,5840445.01,-17.913333333333334,
bb_6bde8d89,28800.0,pt,63,f,very_low,500.0,true,789398.36,5858690.06,-36.213333333333324,
bb_2d641c81,28800.0,pt,38,m,very_low,1500.0,false,780938.43,5799255.41,-24.213333333333335,
bb_c026d9b6,28800.0,pt,15,f,medium,3000.0,false,774034.67,5831796.22,-13.313333333333333,
bb_32d5f52a,28800.0,pt,40,m,low,3000.0,false,778660.74,5812393.76,-12.213333333333335,
bb_794fd132,28800.0,pt,32,m,medium,2000.0,false,737908.78,5885687.55,-36.213333333333324,
bb_0ad34f58,28800.0,pt,98,f,medium,1500.0,true,775812.16,5815752.82,-17.613333333333337,
bb_b978b447,28800.0,pt,19,m,medium,2600.0,false,787049.16,5810943.53,-16.213333333333335,
bb_4b09e95b,28800.0,pt,9,m,high,3000.0,false,773702.71,5811846.65,-14.813333333333334,
bb_9701553e,28800.0,pt,15,m,low,1500.0,false,815095.05,5803102.77,-17.613333333333337,
bb_822d5382,28800.0,pt,51,f,high,3600.0,false,770232.05,5833987.28,-20.21333333333334,
bb_6d6eb790,28800.0,pt,17,m,high,4600.0,false,770399.69,5813415.4,-17.613333333333337,
bb_42caee2d,28800.0,pt,50,m,medium,2600.0,false,777243.96,5814259.72,-14.813333333333334,
bb_ba705e60,28800.0,pt,12,f,very_high,5600.0,false,816928.5,5804701.73,-17.613333333333337,
bb_9ae32666,28800.0,pt,69,f,low,1500.0,false,810429.48,5846331.5,-9.613333333333333,
bb_add5534a,28800.0,pt,66,f,high,3600.0,false,810078.17,5847250.15,-22.813333333333336,
bb_6d769228,28800.0,pt,27,f,very_low,900.0,false,817967.36,5823556.25,-23.913333333333334,
bb_630798fe,28800.0,pt,7,f,low,2600.0,false,813735.39,5809397.95,-21.613333333333333,
bb_be2737e8,28800.0,pt,36,m,high,3600.0,false,786102.74,5839568.7,-16.213333333333335,
bb_b46a7331,28800.0,pt,5,f,very_low,1500.0,false,822996.45,5818922.5,-11.913333333333334,
bb_d5189a68,28800.0,pt,56,f,low,900.0,false,839271.99,5898104.34,-33.61333333333334,
bb_96ed2365,28800.0,pt,52,m,medium,2000.0,false,819619.65,5828377.15,-18.943333333333335,
bb_69841a41,28800.0,pt,35,m,low,3000.0,false,781081.62,5808967.2,-17.613333333333337,
bb_c619759a,28800.0,pt,30,m,very_high,5600.0,false,776687.46,5813394.94,-14.813333333333334,
bb_12ca8f85,28800.0,pt,42,m,very_high,5600.0,false,831509.12,5702186.9,-41.61333333333335,
bb_64a1f13d,28800.0,pt,54,m,high,4600.0,false,783289.17,5850523.21,-24.213333333333335,
bb_8c37b469,28800.0,pt,43,f,low,2600.0,false,771430.7,5833073.8,-13.313333333333334,
bb_aa08e65d,28800.0,pt,60,m,very_low,500.0,true,792099.92,5815094.21,-13.613333333333335,
bb_56982981,28800.0,pt,63,m,medium,2600.0,false,808840.49,5846887.12,-16.093333333333334,
bb_74a12195,28800.0,pt,62,m,low,900.0,false,761175.31,5821360.02,-23.713333333333335,
bb_a9c28223,28800.0,pt,11,f,medium,3600.0,false,767012.41,5807993.04,-26.813333333333336,
bb_6e0f24cf,28800.0,pt,58,m,very_high,5600.0,false,778266.04,5812211.76,-12.213333333333335,
bb_b1f466d8,28800.0,pt,65,m,low,900.0,false,786303.2,5814107.71,-16.213333333333335,
bb_3e2f6c26,28800.0,pt,62,f,medium,3000.0,true,810115.38,5846369.57,-16.093333333333334,
bb_455b1390,28800.0,pt,56,f,low,2000.0,false,774352.7,5812729.73,-14.813333333333334,
bb_7e11eda0,28800.0,pt,70,m,very_low,900.0,false,792598.26,5840306.43,-18.813333333333336,
bb_49924d02,28800.0,pt,97,f,very_low,500.0,true,767368.85,5809293.18,-14.813333333333334,
bb_cf1d89be,28800.0,pt,55,m,low,900.0,false,802881.47,5803210.29,-29.613333333333326,
bb_0e8d7773,28800.0,pt,50,f,very_high,5600.0,false,788599.96,5848905.86,-14.813333333333333,
bb_d7b052d6,28800.0,pt,66,f,medium,1500.0,false,820149.78,5806255.7,-22.71333333333333,
bb_9c3a91dd,28800.0,pt,67,m,medium,2000.0,false,774101.54,5814794.52,-14.813333333333334,
bb_963a7ac6,28800.0,pt,56,m,high,3000.0,false,806580.88,5846241.52,-20.09333333333333,
bb_283a1533,28800.0,pt,43,f,very_high,5600.0,false,801756.29,5802462.46,-29.61333333333333,
bb_514d55d4,28800.0,pt,19,m,very_low,900.0,false,818197.5,5823556.4,-23.91333333333333,
bb_a6a3ca0d,28800.0,pt,60,m,very_low,900.0,false,777264.12,5812896.62,-14.813333333333334,
bb_adcc536a,28800.0,pt,4,f,very_low,900.0,false,781378.18,5811676.6,-14.813333333333334,
bb_8435e948,28800.0,pt,61,f,very_low,499.0,false,807809.76,5815153.86,-16.043333333333337,
bb_423ad058,28800.0,pt,13,f,high,3600.0,false,815481.78,5800189.19,-17.613333333333337,
bb_c049983e,28800.0,pt,37,f,high,3600.0,false,811933.75,5846169.74,-22.81333333333334,
bb_ac6f4702,28800.0,pt,53,m,medium,2000.0,false,779070.13,5821445.6,-19.726666666666663,
bb_5e109deb,28800.0,pt,52,m,high,3600.0,false,851487.93,5836793.14,-85.44333333333333,
bb_6ff63a0f,28800.0,pt,53,m,very_high,5600.0,false,820249.3,5833524.96,-30.943333333333335,
bb_21745eb0,28800.0,pt,60,m,low,900.0,false,802769.68,5815040.7,-17.613333333333337,
bb_684bd3ed,28800.0,pt,39,m,medium,2600.0,false,809488.25,5802681.81,-22.71333333333333,
bb_9649ddcb,28800.0,pt,16,m,very_high,5600.0,false,788374.67,5853156.74,-22.81333333333333,
bb_9a383bbd,28800.0,pt,65,f,very_low,500.0,false,756429.9,5807473.37,-24.213333333333335,
bb_9975eac9,28800.0,pt,98,m,low,900.0,true,770677.87,5834135.46,-17.313333333333333,
bb_4746659c,28800.0,pt,71,m,medium,2000.0,false,761240.55,5821414.25,-23.713333333333335,
bb_ab3cd928,28800.0,pt,27,f,very_low,500.0,false,813284.7,5812208.8,-17.443333333333335,
bb_c96e2275,28800.0,pt,49,m,medium,2600.0,false,775459.14,5814300.14,-14.813333333333334,
bb_9a51f0e8,28800.0,pt,24,m,high,3600.0,false,842273.62,5813977.8,-23.913333333333338,
bb_066a29cc,28800.0,pt,69,m,medium,3000.0,false,823464.76,5829943.5,-18.943333333333335,
bb_a9c47148,28800.0,pt,61,m,very_low,500.0,false,809612.27,5800487.37,-22.713333333333335,
bb_79d86f21,28800.0,pt,33,m,very_high,5600.0,false,787366.93,5801124.64,-21.513333333333335,
bb_d6ac0915,28800.0,pt,48,m,medium,1500.0,false,817054.49,5799752.37,-22.713333333333335,
bb_8564b450,28800.0,pt,54,f,high,3000.0,false,807994.59,5808181.87,-21.61333333333333,
bb_a1ac07b2,28800.0,pt,47,m,high,3600.0,false,783341.96,5805491.53,-21.403333333333332,
bb_3ba5249b,28800.0,pt,38,f,medium,3000.0,false,825865.54,5853813.97,-26.943333333333335,
bb_7bd79d23,28800.0,pt,56,f,medium,3000.0,false,772870.31,5858216.58,-72.21333333333334,
bb_bd816127,28800.0,pt,12,m,low,3000.0,false,769904.71,5823293.6,-26.813333333333333,
bb_0e37135a,28800.0,pt,55,m,very_high,5600.0,false,766179.43,5810987.77,-17.61333333333334,
bb_d0290ed0,28800.0,pt,2,f,medium,3600.0,false,773703.03,5815210.5,-17.613333333333333,
bb_2ae80b33,28800.0,pt,41,m,very_low,1500.0,false,783638.64,5850475.97,-24.213333333333335,
bb_92beb750,28800.0,pt,83,m,low,900.0,false,778127.21,5813132.58,-14.813333333333334,
bb_2310c0b1,28800.0,pt,96,f,medium,3000.0,false,775835.42,5813185.5,-14.813333333333334,
bb_61487ab5,28800.0,pt,30,m,low,1500.0,false,868098.67,5745754.32,-46.71333333333334,
bb_cc29faf0,28800.0,pt,88,f,medium,1500.0,false,792099.13,5815507.58,-13.613333333333335,
bb_5818f696,28800.0,pt,47,f,low,3000.0,false,818449.53,5828399.31,-18.943333333333335,
bb_99106f45,28800.0,pt,50,m,low,900.0,false,821386.16,5822081.43,-23.913333333333334,
bb_31e97752,28800.0,pt,45,m,low,2000.0,false,796278.48,5774454.49,-25.613333333333337,
bb_95270855,28800.0,pt,65,f,very_high,5600.0,false,775798.25,5830332.0,-13.313333333333334,
bb_16982e45,28800.0,pt,43,m,high,4600.0,false,820779.81,5806666.43,-22.71333333333333,
bb_d46925d7,28800.0,pt,62,f,medium,2000.0,false,813543.04,5823999.86,-17.613333333333333,
bb_0ab6a8d9,28800.0,pt,77,f,low,900.0,true,774940.09,5849597.85,-48.21333333333333,
bb_9301f0a7,28800.0,pt,39,m,medium,3000.0,false,811719.45,5841240.03,-26.81333333333333,
bb_a6b431a5,28800.0,pt,52,f,high,4600.0,false,778212.03,5833024.95,-17.313333333333333,
bb_7e63dfa7,28800.0,pt,71,m,medium,2000.0,false,817891.52,5804382.7,-22.513333333333335,
bb_d4d3d8b9,28800.0,pt,49,m,high,4600.0,false,821888.54,5830433.93,-18.943333333333335,
bb_60184f55,28800.0,pt,20,m,very_low,900.0,false,791105.98,5855497.61,-28.21333333333334,
bb_259014a3,28800.0,pt,31,m,medium,2600.0,false,777615.06,5831549.05,-13.313333333333334,
bb_007236eb,28800.0,pt,26,m,low,1500.0,false,777735.49,5814648.86,-12.213333333333335,
bb_c64045e2,28800.0,pt,86,f,medium,2000.0,true,775858.56,5833013.09,-16.113333333333333,
bb_bd10e2ea,28800.0,pt,42,m,very_low,499.0,false,789301.13,5813963.6,-13.613333333333335,
bb_bd4f4243,28800.0,pt,50,f,very_low,2000.0,false,815119.43,5812450.65,-18.813333333333333,
bb_ce28922c,28800.0,pt,55,f,low,1500.0,false,791721.46,5812922.82,-13.613333333333335,
bb_93ce44d8,28800.0,pt,37,m,medium,2600.0,false,783600.67,5840263.67,-16.21333333333333,
bb_b9656c89,28800.0,pt,20,m,very_high,5600.0,false,848095.46,5895591.01,-33.61333333333334,
bb_37747d96,28800.0,pt,98,m,high,3600.0,true,777833.47,5846407.42,-20.213333333333335,
bb_386956a1,28800.0,pt,70,m,medium,1500.0,false,807940.42,5843784.33,-20.093333333333334,
bb_cf326f94,28800.0,pt,26,m,very_low,900.0,false,775946.0,5832596.15,-16.113333333333333,
bb_4c3256f8,28800.0,pt,98,m,medium,2000.0,true,816021.35,5798404.39,-17.613333333333337,
bb_5b762f5d,28800.0,pt,26,m,medium,2600.0,false,801650.19,5790720.28,-45.31333333333335,
bb_d7421648,28800.0,pt,56,f,very_high,5600.0,false,790026.84,5802748.34,-13.613333333333337,
bb_7670e2f4,28800.0,pt,68,m,high,3600.0,true,807681.94,5843881.85,-20.09333333333333,
bb_85973509,28800.0,pt,59,m,high,4600.0,false,771559.59,5813656.82,-17.613333333333337,
bb_3f431610,28800.0,pt,66,f,medium,2000.0,false,774449.63,5798559.42,-108.91333333333334,
bb_5bfc2c4d,28800.0,pt,12,f,high,4600.0,false,776069.36,5812936.88,-14.813333333333334,
bb_6c859355,28800.0,pt,36,m,very_high,5600.0,false,818605.25,5828868.47,-18.943333333333335,
bb_735a9592,28800.0,pt,56,m,medium,2000.0,false,777499.27,5814786.85,-17.613333333333333,
bb_475093ca,28800.0,pt,36,m,medium,2000.0,false,824714.89,5864618.57,-21.613333333333337,
bb_978a5655,28800.0,pt,56,f,high,2600.0,false,822860.75,5830724.8,-18.943333333333335,
bb_74c34570,28800.0,pt,69,f,medium,2000.0,false,756894.61,5812904.09,-17.613333333333337,
bb_ad74e6c6,28800.0,pt,30,m,medium,3000.0,false,755861.25,5871250.64,-24.213333333333335,
bb_3c78e0ba,28800.0,pt,62,f,medium,2000.0,false,820423.98,5833432.7,-30.943333333333335,
bb_81240d07,28800.0,pt,43,f,low,900.0,false,772578.03,5815748.96,-17.613333333333337,
bb_26c35744,28800.0,pt,78,f,low,900.0,false,814777.47,5810234.75,-17.443333333333335,
bb_5f1464c6,28800.0,pt,13,m,high,3600.0,false,786241.57,5853671.18,-17.613333333333337,
bb_4941c8ac,28800.0,pt,12,m,low,2000.0,false,778539.98,5808780.92,-12.213333333333335,
bb_21940383,28800.0,pt,2,f,high,3600.0,false,773767.4,5814781.16,-14.813333333333334,
bb_cfc581d2,28800.0,pt,59,f,very_low,500.0,false,792393.77,5812845.72,-9.613333333333335,
bb_4819e180,28800.0,pt,36,f,medium,3000.0,false,775154.14,5831186.19,-13.313333333333334,
bb_280461b3,28800.0,pt,12,f,medium,2000.0,false,773027.97,5811943.42,-14.813333333333334,
bb_b9fef0ec,28800.0,pt,67,m,very_low,900.0,false,773711.03,5848441.47,-48.21333333333333,
bb_daf3e1b5,28800.0,pt,47,f,very_low,500.0,true,787923.97,5794025.18,-21.513333333333335,
bb_c5ebfe4f,28800.0,pt,44,m,high,4600.0,false,784524.95,5799428.51,-21.513333333333332,
bb_2a354cd3,28800.0,pt,40,f,medium,2000.0,false,774332.45,5803656.45,-17.613333333333333,
bb_768590c9,28800.0,pt,79,f,medium,1500.0,true,777448.3,5812564.48,-14.813333333333334,
bb_6cb9b5ca,28800.0,pt,50,m,very_high,5600.0,false,762292.44,5835575.16,-17.313333333333333,
bb_5944fe4e,28800.0,pt,58,m,medium,3000.0,false,814381.36,5830985.22,-18.656666666666666,
bb_726bc947,28800.0,pt,66,f,medium,2600.0,false,770038.74,5826076.97,-23.713333333333335,
bb_73b961b7,28800.0,pt,73,f,medium,2600.0,false,804011.0,5806612.36,-35.913333333333334,
bb_8762ef81,28800.0,pt,57,f,high,3600.0,false,779827.27,5806840.24,-17.613333333333333,
bb_936f99a5,28800.0,pt,33,m,high,3600.0,false,740157.69,5819105.17,-29.61333333333333,
bb_989a52c8,28800.0,pt,20,m,medium,3600.0,false,814486.88,5831592.53,-18.656666666666666,
bb_018bd3b9,28800.0,pt,33,f,low,1500.0,false,792185.69,5815505.43,-13.613333333333335,
bb_4fa89da4,28800.0,pt,5,f,very_high,5600.0,false,788642.05,5845407.48,-26.813333333333336,
bb_2849ab13,28800.0,pt,55,f,very_low,900.0,false,770153.79,5841181.32,-32.11333333333333,
bb_0fb7083c,28800.0,pt,58,f,medium,2600.0,false,773755.62,5812382.59,-14.813333333333334,
bb_087ed5f8,28800.0,pt,43,m,very_low,500.0,false,772621.92,5817297.77,-17.613333333333337,
bb_bb982bd1,28800.0,pt,53,f,very_low,499.0,false,769574.79,5826497.45,-24.21333333333333,
bb_8e6b77f0,28800.0,pt,72,m,medium,2000.0,false,852509.21,5844969.64,-37.44333333333334,
bb_aa28d9e5,28800.0,pt,49,f,medium,2000.0,false,777054.91,5812543.8,-12.213333333333335,
bb_a7a9d22f,28800.0,pt,58,m,medium,3000.0,false,818129.28,5865683.2,-21.613333333333333,
bb_89155c34,28800.0,pt,29,f,very_low,500.0,false,779328.76,5814700.61,-17.613333333333337,
bb_a0faea71,28800.0,pt,45,f,very_high,5600.0,false,805649.06,5842700.31,-12.093333333333334,
bb_52dd0868,28800.0,pt,78,f,high,3600.0,false,818470.46,5824308.52,-23.91333333333333,
bb_d3a60550,28800.0,pt,74,m,medium,2000.0,false,775612.58,5829695.72,-13.313333333333334,
bb_26ee1dae,28800.0,pt,38,m,high,3600.0,false,786323.31,5853323.14,-14.813333333333333,
bb_5af25ad6,28800.0,pt,30,f,medium,2600.0,false,781488.36,5811705.41,-14.813333333333334,
bb_d6cb3ef4,28800.0,pt,37,f,medium,3600.0,false,774875.08,5828040.48,-16.113333333333333,
bb_5821f11a,28800.0,pt,24,f,high,3000.0,false,811921.41,5846265.34,-22.813333333333336,
bb_a326c93b,28800.0,pt,52,f,medium,3000.0,false,865200.73,5746344.89,-46.71333333333334,
bb_5ad66154,28800.0,pt,72,f,medium,1500.0,true,782680.92,5845378.75,-16.21333333333333,
bb_38844c12,28800.0,pt,40,f,medium,3600.0,false,806860.91,5842435.28,-20.093333333333334,
bb_876b320c,28800.0,pt,65,f,very_low,500.0,false,781324.9,5812187.77,-14.813333333333334,
bb_83da64a2,28800.0,pt,71,m,low,1500.0,false,816317.59,5797225.54,-17.61333333333334,
bb_5a1ba38e,28800.0,pt,31,f,high,3600.0,false,795090.42,5853649.4,-29.613333333333337,
bb_6c005352,28800.0,pt,67,m,medium,2600.0,false,773337.27,5820764.69,-17.61333333333334,
bb_b61b81e7,28800.0,pt,68,m,medium,3000.0,false,739851.83,5808101.78,-22.813333333333336,
bb_2ad9b0e3,28800.0,pt,62,f,very_low,500.0,true,815083.14,5810983.81,-29.613333333333326,
bb_1bdb4676,28800.0,pt,74,m,low,900.0,false,821243.57,5827358.1,-30.043333333333337,
bb_4f759e44,28800.0,pt,40,f,medium,2600.0,false,766312.0,5815547.13,-29.613333333333344,
bb_b928e555,28800.0,pt,40,f,high,4600.0,false,778973.91,5820302.4,-17.613333333333337,
bb_0d6c2680,28800.0,pt,42,f,medium,3000.0,false,779042.2,5807447.04,-17.613333333333333,
bb_45793a3d,28800.0,pt,41,f,medium,3000.0,false,776976.58,5830410.05,-13.313333333333334,
bb_2ac0f3d2,28800.0,pt,14,m,very_low,1500.0,false,815030.76,5828584.38,-12.943333333333335,
bb_404cdf30,28800.0,pt,66,f,medium,2000.0,true,784002.32,5841223.36,-16.21333333333333,
bb_265574fb,28800.0,pt,52,f,very_low,500.0,true,765472.26,5817376.85,-17.613333333333337,
bb_d63926a2,28800.0,pt,36,m,medium,2000.0,false,785502.98,5810229.22,-21.403333333333332,
bb_b402f036,28800.0,pt,27,f,medium,3000.0,false,782623.59,5798046.09,-61.613333333333344,
bb_2b7748d7,28800.0,pt,57,f,low,1500.0,false,823648.81,5814506.28,-23.91333333333333,
bb_437cbeaa,28800.0,pt,68,f,medium,2600.0,true,767082.99,5810336.55,-17.613333333333337,
bb_17a09a9a,28800.0,pt,50,f,very_low,500.0,true,801049.39,5853641.67,-22.813333333333336,
bb_217b3833,28800.0,pt,54,f,high,2600.0,false,777520.45,5815086.06,-17.613333333333333,
bb_9891ee85,28800.0,pt,21,m,high,4600.0,false,802514.86,5797483.29,-21.513333333333335,
bb_d99d152e,28800.0,pt,39,f,very_high,5600.0,false,822568.36,5827692.49,-22.943333333333328,
bb_4cb75d93,28800.0,pt,38,m,very_high,5600.0,false,791983.95,5812867.25,-13.613333333333337,
bb_7d23378d,28800.0,pt,40,f,medium,1500.0,false,764249.06,5805913.06,-17.61333333333334,
bb_b07ba0fa,28800.0,pt,12,f,high,5600.0,false,815206.91,5809515.91,-17.443333333333335,
bb_0a5a6fef,28800.0,pt,19,m,very_low,1500.0,false,784030.75,5840345.55,-16.21333333333333,
bb_0468a76a,28800.0,pt,75,f,high,3600.0,true,815456.37,5830930.73,-18.943333333333335,
bb_2e39ad4b,28800.0,pt,8,m,medium,3000.0,false,787288.76,5800955.38,-13.613333333333337,
bb_cd097c83,28800.0,pt,71,f,high,3000.0,true,792201.2,5840587.33,-18.813333333333333,
bb_d3a8bdb9,28800.0,pt,69,f,medium,3000.0,false,779516.97,5832962.48,-23.713333333333335,
bb_b479a9a4,28800.0,pt,37,m,high,3000.0,false,779526.77,5807128.7,-17.613333333333333,
bb_ba206265,28800.0,pt,41,f,very_high,5600.0,false,775625.42,5811415.39,-14.813333333333334,
bb_1b7ab955,28800.0,pt,72,f,low,1500.0,false,814866.39,5807068.63,-17.61333333333334,
bb_6c0b89d0,28800.0,pt,6,m,very_low,1500.0,false,805055.79,5791979.76,-33.61333333333334,
bb_4d9ed42d,28800.0,pt,46,f,medium,2000.0,false,770465.5,5834694.91,-24.213333333333328,
bb_92006e1f,28800.0,pt,45,m,low,900.0,false,815511.44,5800869.32,-17.613333333333337,
bb_37ed53da,28800.0,pt,38,f,medium,2600.0,false,767974.19,5809666.84,-17.61333333333334,
bb_10f03a5e,28800.0,pt,51,f,high,3600.0,false,777663.05,5812606.49,-14.813333333333334,
bb_320088d3,28800.0,pt,79,f,low,900.0,false,839588.42,5798463.67,-29.61333333333333,
bb_7019ad0f,28800.0,pt,58,m,low,900.0,false,801268.1,5802425.29,-29.61333333333333,
bb_051b85ee,28800.0,pt,9,m,low,2600.0,false,786865.97,5815444.76,-17.403333333333336,
bb_53fd2c95,28800.0,pt,62,m,medium,3000.0,false,785649.13,5854155.77,-24.21333333333334,
bb_c23ca406,28800.0,pt,73,f,medium,1500.0,true,810004.67,5849228.13,-26.81333333333333,
bb_653c6580,28800.0,pt,46,m,medium,1500.0,false,787858.74,5803779.79,-21.513333333333332,
bb_4c4a0e20,28800.0,pt,60,f,very_low,500.0,true,802464.11,5803449.36,-29.61333333333333,
bb_6a6d48c7,28800.0,pt,97,m,medium,2000.0,false,773913.47,5818061.18,-22.813333333333336,
bb_9de14aee,28800.0,pt,51,m,medium,3000.0,false,802199.01,5814464.77,-17.613333333333333,
bb_c9346acc,28800.0,pt,12,f,low,3000.0,false,778902.71,5810675.83,-17.61333333333334,
bb_6116d22e,28800.0,pt,37,m,high,3600.0,false,813729.38,5803759.23,-22.71333333333333,
bb_bc64ac12,28800.0,pt,48,m,high,3600.0,false,788745.27,5846586.76,-26.813333333333336,
bb_613dd411,28800.0,pt,65,f,low,1500.0,false,771209.76,5814428.9,-17.613333333333337,
bb_6c9d228e,28800.0,pt,77,f,medium,1500.0,false,785549.88,5839995.19,-16.21333333333333,
bb_b6b7a01b,28800.0,pt,63,m,high,4600.0,false,778779.29,5832176.71,-17.313333333333333,
bb_53fc912f,28800.0,pt,58,m,high,4600.0,false,777198.3,5830814.46,-11.713333333333335,
bb_016d10c4,28800.0,pt,45,m,medium,3600.0,false,727207.47,5828026.96,-98.81333333333333,
bb_3a695630,28800.0,pt,42,m,medium,2600.0,false,815376.64,5801215.79,-17.613333333333337,
bb_7a23e422,28800.0,pt,90,f,low,900.0,true,778116.39,5796458.19,-36.21333333333333,
bb_cec5ddc9,28800.0,pt,36,m,medium,3000.0,false,747158.29,5808223.47,-36.21333333333333,
bb_1db0056a,28800.0,pt,6,f,very_high,5600.0,false,778311.6,5812711.34,-12.213333333333335,
bb_9a0ea270,28800.0,pt,84,f,medium,2000.0,false,786258.22,5853763.95,-17.613333333333337,
bb_a1f5268c,28800.0,pt,2,f,medium,2600.0,false,783125.17,5845584.25,-24.213333333333335,
bb_303b0d0f,28800.0,pt,36,m,high,4600.0,false,778886.07,5820440.23,-17.61333333333334,
bb_b06c2e55,28800.0,pt,36,f,low,2000.0,false,774380.12,5812490.39,-14.813333333333334,
bb_305d102a,28800.0,pt,72,f,medium,1500.0,true,767281.77,5810499.45,-17.61333333333334,
bb_baf7f6d0,28800.0,pt,57,m,medium,2000.0,false,783501.32,5841275.99,-20.213333333333335,
bb_b9395e15,28800.0,pt,41,m,medium,3600.0,false,775747.81,5816600.01,-17.613333333333337,
bb_704ffbec,28800.0,pt,53,f,very_high,5600.0,false,774160.82,5800439.21,-22.813333333333336,
bb_279a62d8,28800.0,pt,30,m,medium,2600.0,false,778767.96,5810063.29,-17.613333333333337,
bb_dbe7a03a,28800.0,pt,56,m,very_low,900.0,true,815888.21,5807274.42,-17.613333333333344,
bb_635137c8,28800.0,pt,52,m,high,3600.0,false,779119.68,5810607.63,-17.613333333333337,
bb_0af310b2,28800.0,pt,66,f,very_low,500.0,false,821799.53,5804060.22,-22.513333333333332,
bb_9b850487,28800.0,pt,68,f,medium,2000.0,false,823499.79,5818311.52,-23.913333333333334,
bb_1c627de2,28800.0,pt,51,m,high,4600.0,false,781598.01,5843945.29,-20.213333333333335,
bb_2a9bc95e,28800.0,pt,42,m,very_low,499.0,false,814793.68,5806259.35,-17.613333333333337,
bb_8084e65d,28800.0,pt,86,m,low,1500.0,true,787177.82,5815388.87,-13.403333333333336,
bb_5d72c772,28800.0,pt,25,m,low,900.0,false,876721.48,5813097.52,-35.913333333333334,
bb_3b9eabf2,28800.0,pt,91,f,medium,2600.0,false,823827.41,5831279.34,-22.943333333333335,
bb_0cce45b3,28800.0,pt,60,m,high,3600.0,true,773676.12,5812446.21,-14.813333333333334,
bb_c5470bb3,28800.0,pt,30,m,high,3600.0,false,795627.75,5840235.37,-18.48,
bb_617c7e21,28800.0,pt,33,m,medium,2000.0,false,779076.14,5812999.3,-14.813333333333334,
bb_9706b807,28800.0,pt,2,m,medium,3600.0,false,777469.81,5812837.7,-14.813333333333334,
bb_34061b16,28800.0,pt,34,f,very_low,900.0,false,832614.49,5832879.82,-72.51333333333334,
bb_90ae43ef,28800.0,pt,53,m,very_high,5600.0,false,754474.11,5857975.35,-36.213333333333324,
bb_d60463dc,28800.0,pt,54,f,high,3600.0,false,792678.21,5840937.21,-22.883333333333333,
bb_78cf333f,28800.0,pt,42,m,low,2000.0,false,800025.73,5808366.94,-18.813333333333336,
bb_5dc8e3d3,28800.0,pt,13,m,low,2000.0,false,769191.39,5819592.14,-17.613333333333333,
bb_52702d83,28800.0,pt,16,m,low,3000.0,false,775973.8,5812869.97,-14.813333333333334,
bb_c610802a,28800.0,pt,48,f,very_high,5600.0,false,823547.5,5864409.98,-21.61333333333334,
bb_d041f86c,28800.0,pt,43,f,low,1500.0,false,784273.15,5866388.5,-29.613333333333326,
bb_4e199d1c,28800.0,pt,58,f,very_low,500.0,true,766790.13,5825575.29,-23.713333333333335,
bb_214cded2,28800.0,pt,37,f,low,900.0,false,791111.93,5802275.33,-13.613333333333337,
bb_131c2c8e,28800.0,pt,46,f,very_high,4600.0,true,765937.23,5843302.71,-32.11333333333333,
bb_35bb97eb,28800.0,pt,19,m,very_low,2000.0,false,775380.36,5803677.93,-17.613333333333333,
bb_47595513,28800.0,pt,24,f,medium,2000.0,false,822895.09,5817624.84,-23.913333333333334,
bb_31efed99,28800.0,pt,80,m,low,900.0,false,807473.87,5808703.52,-21.61333333333333,
bb_d232f72c,28800.0,pt,20,m,medium,2600.0,false,810005.32,5802579.73,-22.713333333333335,
bb_d74564f3,28800.0,pt,39,f,medium,1500.0,false,814997.18,5811918.95,-17.61333333333334,
bb_23093067,28800.0,pt,51,m,medium,2600.0,false,808510.55,5837289.81,-16.093333333333337,
bb_a59673c0,28800.0,pt,66,m,low,900.0,true,766667.59,5812601.97,-14.813333333333334,
bb_8206939f,28800.0,pt,13,f,high,4600.0,false,809213.73,5835751.71,-13.613333333333335,
bb_3c2a4591,28800.0,pt,99,m,medium,1500.0,true,771812.85,5815304.69,-17.613333333333337,
bb_d86b8901,28800.0,pt,37,f,high,4600.0,false,796378.4,5841747.58,-18.48,
bb_affc0923,28800.0,pt,41,m,low,900.0,false,783576.75,5839900.98,-16.213333333333335,
bb_24a55ed2,28800.0,pt,2,f,medium,2600.0,false,786853.46,5853847.11,-17.613333333333337,
bb_6630b394,28800.0,pt,62,f,very_high,4600.0,false,779123.96,5809374.19,-12.213333333333335,
bb_a489fcba,28800.0,pt,25,m,very_low,1500.0,false,819823.05,5828836.59,-18.943333333333335,
bb_a52edbc7,28800.0,pt,85,f,low,900.0,true,770434.03,5828907.55,-16.113333333333333,
bb_291f2bf9,28800.0,pt,90,f,medium,2000.0,true,772070.61,5806862.52,-17.613333333333337,
bb_8382a183,28800.0,pt,82,m,low,900.0,true,801015.44,5809788.47,-14.813333333333334,
bb_63553c0c,28800.0,pt,69,f,low,2000.0,false,774358.15,5817998.11,-22.81333333333334,
bb_63e12fd0,28800.0,pt,32,f,very_low,500.0,false,840424.0,5757122.08,-34.71333333333334,
bb_654527d5,28800.0,pt,0,f,very_low,900.0,false,792920.83,5790382.58,-25.613333333333337,
bb_908bb6ae,28800.0,pt,23,f,very_high,5600.0,false,844939.87,5813074.88,-16.213333333333335,
bb_0992d517,28800.0,pt,60,f,low,1500.0,false,783447.76,5841055.55,-20.213333333333335,
bb_9b01faf0,28800.0,pt,8,f,medium,3600.0,false,789460.94,5803562.47,-13.613333333333335,
bb_7ef7d3cb,28800.0,pt,33,f,medium,3000.0,false,810067.52,5835546.35,-13.613333333333335,
bb_22048b48,28800.0,pt,73,m,medium,2000.0,false,770041.19,5814034.37,-14.813333333333334,
bb_89075d79,28800.0,pt,44,f,very_high,5600.0,true,778849.32,5820533.6,-19.726666666666667,
bb_1400d800,28800.0,pt,83,f,very_high,4600.0,true,781500.52,5809898.14,-17.613333333333337,
bb_078da672,28800.0,pt,46,m,high,3000.0,false,823965.27,5817076.1,-23.913333333333334,
bb_95396f82,28800.0,pt,7,f,low,2000.0,false,808539.2,5845601.47,-16.09333333333333,
bb_387eef71,28800.0,pt,6,f,medium,3000.0,false,791513.85,5845530.69,-20.213333333333335,
bb_7971390d,28800.0,pt,96,m,medium,2000.0,false,773211.31,5807169.44,-17.613333333333337,
bb_4877e6bf,28800.0,pt,18,f,high,5600.0,false,809066.7,5801811.68,-22.713333333333335,
bb_14f22915,28800.0,pt,31,f,high,3600.0,false,770570.6,5821661.23,-22.813333333333336,
bb_b0e5ae73,28800.0,pt,12,f,very_low,900.0,false,787451.5,5852092.83,-14.813333333333333,
bb_519a6523,28800.0,pt,58,f,very_low,499.0,false,791312.28,5812459.95,-26.713333333333335,
bb_b1e6126f,28800.0,pt,78,m,low,1500.0,true,811182.88,5846989.61,-22.813333333333333,
bb_8cab560c,28800.0,pt,69,f,low,900.0,false,811680.39,5837176.67,-26.943333333333335,
bb_59e3a677,28800.0,pt,67,m,high,3000.0,false,822377.77,5832053.17,-34.943333333333335,
bb_7cf001a6,28800.0,pt,6,m,medium,2000.0,false,815188.2,5811736.43,-29.61333333333333,
bb_bf92e770,28800.0,pt,62,f,very_low,500.0,true,771847.78,5800676.25,-17.613333333333337,
bb_04c4f7c6,28800.0,pt,5,m,low,2000.0,false,789564.73,5846540.61,-14.813333333333333,
bb_1fbdf3d3,28800.0,pt,53,f,medium,3000.0,false,769836.99,5808898.11,-14.813333333333334,
bb_42bb4ec8,28800.0,pt,68,m,low,900.0,false,775754.02,5816315.61,-17.613333333333337,
bb_0598c0d0,28800.0,pt,82,m,low,1500.0,false,778863.38,5812949.74,-14.813333333333334,
bb_91d245ef,28800.0,pt,33,f,high,3600.0,true,820609.94,5812431.81,-29.613333333333326,
bb_9e42d88c,28800.0,pt,29,f,medium,1500.0,false,800137.51,5807397.03,-14.813333333333336,
bb_bbb98e10,28800.0,pt,98,f,medium,1500.0,true,788977.79,5813636.01,-13.613333333333335,
bb_46b58f5a,28800.0,pt,3,m,very_high,5600.0,false,809558.32,5800378.54,-22.71333333333333,
bb_82996515,28800.0,pt,48,f,very_low,1500.0,false,804571.86,5787675.09,-37.61333333333334,
bb_75c0f22f,28800.0,pt,19,f,high,4600.0,false,818482.13,5823772.5,-23.91333333333333,
bb_b5faaa1a,28800.0,pt,54,f,very_low,500.0,true,789005.63,5812560.87,-21.443333333333335,
bb_0489e95c,28800.0,pt,57,f,high,4600.0,true,806046.96,5837603.31,-17.913333333333334,
bb_28d82e67,28800.0,pt,2,f,high,3600.0,false,805828.53,5845183.09,-20.09333333333333,
bb_d72194a2,28800.0,pt,4,m,very_low,1500.0,false,815848.24,5800469.69,-17.61333333333334,
bb_124ffa53,28800.0,pt,1,f,medium,3000.0,false,792971.87,5805819.48,-25.61333333333334,
bb_858abc07,28800.0,pt,44,m,very_low,500.0,false,791883.28,5814271.24,-18.81333333333334,
bb_9b22216e,28800.0,pt,18,f,high,5600.0,false,769795.24,5825672.73,-23.713333333333335,
bb_c34e2f56,28800.0,pt,69,m,medium,3000.0,false,784150.1,5780228.39,-25.613333333333337,
bb_9187faf4,28800.0,pt,9,m,medium,3600.0,false,796628.65,5850500.48,-29.613333333333337,
bb_d608bbf5,28800.0,pt,36,f,medium,2000.0,false,815824.49,5830966.94,-18.943333333333335,
bb_02feae76,28800.0,pt,51,f,high,4600.0,false,776034.31,5813811.34,-14.813333333333334,
bb_02506398,28800.0,pt,16,m,high,4600.0,false,818150.71,5804469.27,-22.513333333333335,
bb_9107d3c3,28800.0,pt,43,m,medium,3000.0,false,823951.38,5864437.83,-21.613333333333337,
bb_a542842f,28800.0,pt,17,m,high,4600.0,false,786643.95,5793259.4,-21.513333333333332,
bb_ac758074,28800.0,pt,42,m,medium,3000.0,false,823674.67,5830715.82,-18.943333333333335,
bb_4d41d3d9,28800.0,pt,9,f,medium,3000.0,false,755941.2,5799279.57,-29.613333333333326,
bb_ba223be8,28800.0,pt,43,f,very_low,900.0,false,773763.66,5830584.69,-13.313333333333334,
bb_7980d048,28800.0,pt,47,m,medium,1500.0,false,780180.76,5849059.39,-36.21333333333333,
bb_84a4ff53,28800.0,pt,16,m,low,2000.0,false,785530.07,5812045.52,-16.213333333333335,
bb_6c7a062a,28800.0,pt,8,m,medium,2000.0,false,827715.07,5831557.37,-18.943333333333335,
bb_0013d048,28800.0,pt,16,m,medium,2600.0,false,790528.19,5803013.87,-13.613333333333339,
bb_d6ff7313,28800.0,pt,51,m,very_low,2600.0,false,812846.9,5804403.43,-22.71333333333333,
bb_028795b0,28800.0,pt,14,m,medium,3600.0,false,773778.57,5812177.62,-14.813333333333334,
bb_d93a64f5,28800.0,pt,34,m,medium,2000.0,false,794187.09,5839669.52,-21.403333333333332,
bb_d38b88eb,28800.0,pt,62,f,very_low,500.0,false,813894.03,5807902.89,-21.61333333333333,
bb_80b7cc99,28800.0,pt,59,m,medium,2600.0,false,777477.68,5830108.56,-14.813333333333334,
bb_3ba51d18,28800.0,pt,7,m,medium,3000.0,false,789010.56,5844145.83,-14.813333333333334,
bb_17d158bd,28800.0,pt,97,f,medium,1500.0,true,775163.47,5815698.42,-14.813333333333334,
bb_5f3bbc49,28800.0,pt,71,f,high,3600.0,false,792037.9,5812879.82,-9.613333333333335,
bb_13887aa9,28800.0,pt,49,f,low,900.0,false,799929.75,5809633.44,-14.813333333333334,
bb_4473a740,28800.0,pt,40,m,high,3000.0,false,823325.94,5829148.36,-22.943333333333335,
bb_b3d5d088,28800.0,pt,37,m,very_high,5600.0,false,805706.68,5845863.46,-22.81333333333333,
bb_bb6cdec5,28800.0,pt,61,m,very_high,5600.0,false,814446.78,5830732.04,-18.656666666666666,
bb_c79fb978,28800.0,pt,31,m,high,3600.0,false,776263.29,5813857.92,-14.813333333333334,
bb_01cdfe6e,28800.0,pt,98,m,low,1500.0,true,784210.89,5837445.57,-16.21333333333333,
bb_bc1b3d4d,28800.0,pt,10,f,very_high,5600.0,false,772635.15,5821659.93,-17.61333333333334,
bb_7b18de12,28800.0,pt,62,m,high,3600.0,true,821867.43,5817858.75,-23.91333333333333,
bb_9950c305,28800.0,pt,4,m,low,2000.0,true,820526.98,5841616.28,-26.943333333333335,
bb_c204f68e,28800.0,pt,69,m,low,900.0,false,795422.15,5846733.2,-19.68,
bb_35e535f6,28800.0,pt,50,m,medium,2000.0,false,808645.79,5837646.58,-16.093333333333334,
bb_749fb683,28800.0,pt,60,m,very_low,500.0,false,795926.77,5841909.56,-18.48,
bb_a46b2aad,28800.0,pt,78,f,high,3600.0,true,778316.97,5832860.9,-17.313333333333333,
bb_d6313535,28800.0,pt,87,f,medium,2000.0,false,764366.34,5799356.26,-24.21333333333334,
bb_970675ff,28800.0,pt,88,m,medium,2000.0,true,792382.29,5841496.54,-18.813333333333336,
bb_4832caca,28800.0,pt,8,f,very_low,3000.0,false,769472.16,5833760.29,-20.21333333333334,
bb_69596ee7,28800.0,pt,38,f,medium,2600.0,false,778778.44,5806538.71,-24.213333333333335,
bb_a4bc4455,28800.0,pt,41,f,very_low,500.0,false,775355.01,5833040.07,-16.113333333333333,
bb_c2b617bc,28800.0,pt,35,m,high,3600.0,false,774375.67,5830392.66,-16.113333333333333,
bb_220c8911,28800.0,pt,19,f,very_low,1500.0,false,797972.94,5785905.89,-37.613333333333344,
bb_6ca5ed28,28800.0,pt,45,m,very_low,2000.0,false,788323.92,5844560.44,-16.21333333333333,
bb_810925cf,28800.0,pt,49,m,high,3600.0,false,778795.6,5814519.24,-17.613333333333337,
bb_59cb82dc,28800.0,pt,37,m,low,1500.0,false,792341.92,5844551.21,-12.213333333333331,
bb_889658ae,28800.0,pt,73,f,medium,4600.0,true,807121.7,5845490.97,-20.093333333333334,
bb_697559d6,28800.0,pt,22,f,very_high,5600.0,false,776026.46,5829817.06,-14.813333333333334,
bb_86d343f7,28800.0,pt,63,m,high,3600.0,false,768416.5,5843678.99,-32.11333333333333,
bb_4e7e2908,28800.0,pt,55,m,low,1500.0,false,777756.49,5810708.92,-14.813333333333334,
bb_7266a94f,28800.0,pt,4,m,medium,3600.0,false,810080.01,5847438.36,-22.813333333333333,
bb_4a25eda3,28800.0,pt,66,m,medium,2000.0,false,774952.32,5817786.01,-17.61333333333334,
bb_8ea93a80,28800.0,pt,37,f,low,2000.0,false,815231.31,5804641.44,-17.61333333333334,
bb_d747e783,28800.0,pt,91,m,medium,2000.0,false,819526.42,5828311.44,-18.943333333333335,
bb_c94189cd,28800.0,pt,46,f,medium,2600.0,false,790023.86,5845885.12,-14.813333333333333,
bb_33e79aed,28800.0,pt,14,m,high,4600.0,false,815253.72,5801089.06,-17.61333333333334,
bb_c273f8de,28800.0,pt,65,f,medium,2000.0,false,771684.28,5806893.77,-14.813333333333334,
bb_97e5b481,28800.0,pt,46,m,very_low,2000.0,false,765467.26,5808801.79,-22.813333333333333,
bb_b0634660,28800.0,pt,55,m,very_low,900.0,true,802813.29,5816367.12,-13.513333333333334,
bb_07eea25c,28800.0,pt,85,f,medium,2600.0,true,807014.55,5845167.49,-20.093333333333334,
bb_6c78f6c0,28800.0,pt,58,f,medium,2000.0,false,821729.79,5831854.51,-34.943333333333335,
bb_02ba5dd2,28800.0,pt,63,f,very_low,500.0,false,770606.21,5829029.69,-16.113333333333333,
bb_ac0a3273,28800.0,pt,63,m,very_low,900.0,true,790392.84,5844549.95,-14.813333333333333,
bb_601d0cd6,28800.0,pt,81,m,low,900.0,true,791168.04,5812515.87,-26.71333333333333,
bb_d990d426,28800.0,pt,70,f,low,1500.0,false,823597.23,5819485.97,-16.213333333333335,
bb_00b80ba2,28800.0,pt,1,m,medium,3600.0,false,818050.06,5830296.99,-18.943333333333335,
bb_7432e51a,28800.0,pt,73,f,medium,2000.0,true,780769.28,5811514.74,-12.213333333333335,
bb_3adf3688,28800.0,pt,10,m,very_low,2000.0,false,765751.09,5816049.83,-17.61333333333334,
bb_5b121dd4,28800.0,pt,55,m,medium,3000.0,false,742456.17,5812924.73,-26.813333333333336,
bb_72d9d683,28800.0,pt,19,m,very_low,2000.0,false,795706.78,5857255.59,-60.21333333333333,
bb_0c567c10,28800.0,pt,74,f,low,1500.0,false,801667.35,5855600.83,-22.813333333333336,
bb_0da84a1b,28800.0,pt,52,f,high,3000.0,false,774901.65,5803500.38,-17.613333333333333,
bb_899c041f,28800.0,pt,51,f,low,900.0,true,817764.51,5798812.02,-22.71333333333333,
bb_7b0cbb2d,28800.0,pt,57,f,low,900.0,true,815978.49,5807074.47,-17.443333333333335,
bb_67bf00fe,28800.0,pt,87,m,very_low,900.0,true,789803.7,5803282.23,-13.613333333333337,
bb_358d2893,28800.0,pt,0,m,high,4600.0,false,810204.09,5847226.38,-22.813333333333333,
bb_6a6d76d6,28800.0,pt,57,m,medium,3000.0,false,873169.83,5825937.77,-46.81333333333334,
bb_6584473e,28800.0,pt,52,f,very_low,500.0,true,815123.76,5830884.67,-18.943333333333335,
bb_d9c9df54,28800.0,pt,38,m,very_low,1500.0,false,811393.03,5841370.21,-26.813333333333333,
bb_57e24980,28800.0,pt,61,f,very_low,2000.0,false,824192.69,5829658.23,-18.943333333333335,
bb_495bef5e,28800.0,pt,85,f,medium,1500.0,false,821976.57,5831607.87,-22.943333333333335,
bb_81a087f0,28800.0,pt,59,f,high,2600.0,false,864299.91,5745721.47,-46.71333333333334,
bb_19130d4a,28800.0,pt,23,m,medium,2000.0,false,805812.43,5846091.5,-20.093333333333334,
bb_751c690a,28800.0,pt,44,f,very_low,500.0,false,793199.72,5790432.56,-25.613333333333337,
bb_28e013e0,28800.0,pt,71,f,medium,2000.0,false,791587.55,5844364.99,-16.21333333333334,
bb_2f5e713b,28800.0,pt,55,m,very_high,5600.0,false,777233.35,5830963.79,-11.713333333333335,
bb_15826368,28800.0,pt,24,f,very_low,2000.0,false,775432.8,5813193.42,-14.813333333333334,
bb_47ab9306,28800.0,pt,17,f,very_high,5600.0,false,820572.72,5842324.49,-26.943333333333335,
bb_c7eb64d0,28800.0,pt,71,f,medium,2000.0,true,813910.69,5844994.83,-22.813333333333336,
bb_623f0325,28800.0,pt,42,f,high,3600.0,false,795832.88,5842574.35,-16.213333333333335,
bb_9d1b07a0,28800.0,pt,43,f,low,2600.0,false,775383.79,5815082.67,-14.813333333333334,
bb_5733fb53,28800.0,pt,73,f,low,1500.0,false,815335.76,5827612.45,-16.943333333333335,
bb_0d844188,28800.0,pt,63,f,very_low,500.0,false,822212.7,5823234.76,-23.913333333333338,
bb_b8104c9b,28800.0,pt,40,m,high,4600.0,false,786868.22,5844568.21,-28.213333333333335,
bb_0f28bcab,28800.0,pt,72,m,high,3600.0,true,822710.11,5819953.49,-16.043333333333337,
bb_c5ca3527,28800.0,pt,85,f,medium,2000.0,false,771506.12,5814394.31,-17.61333333333334,
bb_6484e4ab,28800.0,pt,2,m,high,3600.0,false,789730.97,5788942.73,-25.613333333333337,
bb_80c3a838,28800.0,pt,74,f,low,900.0,false,775781.96,5816393.04,-17.613333333333337,
bb_9a4a6db8,28800.0,pt,69,f,medium,1500.0,true,788472.48,5845491.26,-28.213333333333335,
bb_06e195a1,28800.0,pt,35,f,medium,3000.0,false,878089.46,5791007.62,-35.91333333333334,
bb_504f38e5,28800.0,pt,15,m,very_low,1500.0,false,789660.0,5803414.46,-13.613333333333337,
bb_ac6c39a9,28800.0,pt,67,m,very_low,900.0,true,779528.06,5813667.65,-14.813333333333334,
bb_cdaa1d96,28800.0,pt,59,f,high,3600.0,false,780128.2,5768430.09,-25.613333333333337,
bb_a8892c77,28800.0,pt,67,m,low,900.0,false,789511.74,5802127.22,-21.513333333333332,
bb_4f39ae98,28800.0,pt,46,f,high,5600.0,false,818494.61,5803965.06,-22.513333333333335,
bb_5273edea,28800.0,pt,71,m,high,4600.0,false,767165.02,5811487.18,-14.813333333333336,
bb_54b5c47f,28800.0,pt,44,f,medium,3000.0,false,779376.39,5812959.68,-14.813333333333333,
bb_31b80ab3,28800.0,pt,97,m,medium,2000.0,true,823348.4,5823288.63,-23.913333333333334,
bb_3d7a2e0b,28800.0,pt,38,f,medium,2600.0,false,781780.66,5845327.81,-16.21333333333333,
bb_222f0d04,28800.0,pt,43,f,high,3600.0,false,783054.53,5849186.89,-24.213333333333335,
bb_35450882,28800.0,pt,42,m,high,3000.0,true,789155.72,5812148.36,-18.813333333333336,
bb_314bb737,28800.0,pt,1,m,very_high,5600.0,false,780111.23,5807779.79,-17.613333333333333,
bb_a20666d2,28800.0,pt,57,f,very_high,5600.0,false,811485.2,5846066.75,-22.813333333333336,
bb_2d6728aa,28800.0,pt,14,f,high,3600.0,false,771008.08,5814476.6,-17.613333333333337,
bb_1e6e22d1,28800.0,pt,36,m,medium,3000.0,false,810122.17,5810725.81,-21.61333333333333,
bb_90933f9f,28800.0,pt,50,m,medium,2000.0,false,783556.8,5803454.9,-29.613333333333337,
bb_d392857a,28800.0,pt,56,m,very_low,900.0,false,782124.99,5811030.1,-17.613333333333337,
bb_cf9a239a,28800.0,pt,43,m,medium,3000.0,false,777999.63,5829947.73,-23.71333333333333,
bb_984a7e8e,28800.0,pt,3,m,high,3600.0,false,786476.12,5852687.9,-17.613333333333337,
bb_07d4b2fb,28800.0,pt,37,f,medium,3600.0,false,786549.39,5851203.27,-36.21333333333332,
bb_bcceebcd,28800.0,pt,18,m,low,2000.0,true,776854.64,5849087.81,-36.213333333333324,
bb_cb228cfa,28800.0,pt,30,m,very_high,5600.0,false,773499.8,5867122.22,-77.61333333333334,
bb_d11eb4ac,28800.0,pt,76,m,low,1500.0,false,816169.14,5827215.43,-16.943333333333335,
bb_7b4f8b36,28800.0,pt,42,m,very_high,5600.0,false,844520.27,5813164.28,-16.213333333333335,
bb_1a2a3c5d,28800.0,pt,21,m,very_low,2000.0,false,774875.66,5814822.13,-14.813333333333334,
bb_9a8d39e6,28800.0,pt,60,f,high,4600.0,false,821276.51,5813265.23,-29.613333333333326,
bb_4efd7df3,28800.0,pt,14,f,very_low,900.0,true,823472.43,5829544.75,-18.943333333333335,
bb_555b1309,28800.0,pt,8,f,high,3600.0,false,824918.16,5829974.32,-18.943333333333335,
bb_95b84631,28800.0,pt,25,f,very_low,500.0,false,775515.1,5814917.4,-14.813333333333334,
bb_bcae49f5,28800.0,pt,41,f,low,900.0,false,823625.44,5825447.04,-30.043333333333337,
bb_a91e3cbe,28800.0,pt,62,m,low,1500.0,false,817802.26,5801975.16,-22.713333333333335,
bb_0448433c,28800.0,pt,59,m,medium,2000.0,false,787720.7,5814876.04,-16.213333333333335,
bb_78c16f00,28800.0,pt,91,f,low,900.0,false,810687.05,5814226.87,-18.813333333333336,
bb_512e6eac,28800.0,pt,64,f,medium,3000.0,false,777343.8,5800925.47,-17.613333333333337,
bb_bd0ba911,28800.0,pt,75,f,medium,1500.0,false,790361.46,5803429.85,-13.613333333333337,
bb_2528fe2a,28800.0,pt,40,m,medium,1500.0,false,824313.25,5830316.73,-18.943333333333335,
bb_191b1ac1,28800.0,pt,11,m,high,3600.0,false,764855.91,5812049.21,-26.813333333333336,
bb_1ff64847,28800.0,pt,11,m,high,5600.0,false,762297.05,5811181.35,-22.813333333333336,
bb_38a0a1d7,28800.0,pt,54,f,very_high,5600.0,false,781401.8,5808998.89,-17.613333333333337,
bb_0916689a,28800.0,pt,27,m,high,4600.0,false,829519.02,5828882.72,-30.043333333333337,
bb_c7a28de7,28800.0,pt,13,f,very_low,900.0,true,778265.69,5809424.47,-17.613333333333333,
bb_70a8c9e0,28800.0,pt,36,m,very_high,5600.0,false,778962.69,5820184.08,-17.613333333333344,
bb_b54df011,28800.0,pt,39,m,medium,2600.0,false,783334.69,5780799.45,-25.613333333333337,
bb_b017958d,28800.0,pt,50,m,low,900.0,true,777328.65,5812727.14,-14.813333333333334,
bb_24eedaac,28800.0,pt,24,m,medium,2600.0,false,831686.04,5837536.14,-22.943333333333335,
bb_cb192906,28800.0,pt,58,f,very_high,5600.0,true,779360.97,5810124.42,-17.61333333333334,
bb_5f01a1e1,28800.0,pt,79,f,medium,1500.0,true,781641.56,5846120.72,-24.213333333333335,
bb_c30cadc5,28800.0,pt,56,f,medium,2600.0,false,809583.15,5845916.9,-16.093333333333334,
bb_64e4b883,28800.0,pt,57,m,medium,1500.0,false,716140.96,5890309.91,-35.71333333333334,
bb_570f5bd5,28800.0,pt,56,f,high,3600.0,false,788829.1,5844527.63,-16.21333333333333,
bb_cd5ff68a,28800.0,pt,40,f,very_high,5600.0,false,812637.71,5856369.76,-22.813333333333336,
bb_d531b06a,28800.0,pt,97,m,medium,1500.0,false,786656.6,5814237.68,-17.403333333333336,
bb_81a84e70,28800.0,pt,54,m,high,3600.0,false,744835.06,5782774.86,-24.213333333333335,
bb_c14a8ef4,28800.0,pt,61,m,high,4600.0,false,800983.15,5789416.54,-45.31333333333333,
bb_3e4a3a42,28800.0,pt,31,f,medium,3000.0,false,807445.44,5847642.05,-16.093333333333334,
bb_0b292730,28800.0,pt,72,m,medium,2000.0,false,800392.87,5808709.83,-18.813333333333336,
bb_5089198a,28800.0,pt,34,m,high,3600.0,false,806420.95,5842457.56,-20.093333333333334,
bb_014a8414,28800.0,pt,11,m,medium,3000.0,false,818659.67,5829458.81,-14.943333333333333,
bb_72a3070e,28800.0,pt,2,f,low,2600.0,false,780495.54,5831338.66,-16.113333333333333,
bb_38332460,28800.0,pt,2,m,medium,3000.0,false,790086.5,5802292.58,-13.613333333333337,
bb_0dfceeff,28800.0,pt,57,m,very_low,499.0,true,800051.26,5795041.74,-33.61333333333334,
bb_51c8c529,28800.0,pt,60,f,medium,2000.0,false,796594.89,5800262.24,-21.513333333333335,
bb_3e9e889a,28800.0,pt,79,f,medium,1500.0,false,821376.58,5841068.28,-62.943333333333335,
bb_b3d9f4b4,28800.0,pt,93,m,very_high,5600.0,false,823967.84,5817298.15,-23.913333333333334,
bb_802b3146,28800.0,pt,19,f,low,1500.0,false,780742.55,5811225.89,-12.213333333333335,
bb_522a50a8,28800.0,pt,32,f,medium,3000.0,false,795966.05,5856872.4,-28.21333333333334,
bb_7ce7c44e,28800.0,pt,41,m,high,3600.0,false,782209.71,5845680.87,-16.21333333333333,
bb_9528f43b,28800.0,pt,93,f,low,900.0,true,818859.1,5824573.73,-23.913333333333327,
bb_b2bd3e0f,28800.0,pt,7,m,very_low,2000.0,false,774467.7,5828690.46,-16.113333333333333,
bb_9609321a,28800.0,pt,7,m,very_low,1500.0,false,785282.98,5853255.46,-24.21333333333334,
bb_b58bce4f,28800.0,pt,5,m,high,3600.0,false,785693.56,5812826.08,-16.213333333333335,
bb_1400d9a1,28800.0,pt,68,f,low,900.0,false,776666.56,5813099.8,-14.813333333333334,
bb_8013319b,28800.0,pt,13,m,low,3000.0,false,786076.55,5811979.94,-17.403333333333336,
bb_1ffe4df0,28800.0,pt,81,m,very_low,500.0,false,772541.36,5821699.1,-17.61333333333334,
bb_d0c032e2,28800.0,pt,98,m,medium,3000.0,true,771628.78,5828556.98,-16.113333333333333,
bb_400f218a,28800.0,pt,28,f,medium,3600.0,false,784255.59,5800899.64,-21.513333333333335,
bb_5a77a15b,28800.0,pt,36,m,high,3600.0,false,806150.46,5814568.98,-18.113333333333333,
bb_134c21ab,28800.0,pt,53,f,high,3600.0,false,792296.43,5844792.89,-16.21333333333334,
bb_bd73f820,28800.0,pt,60,f,medium,2600.0,false,789110.64,5848650.66,-14.813333333333336,
bb_7f9c67cb,28800.0,pt,51,m,low,900.0,false,826372.3,5831742.28,-34.943333333333335,
bb_b6b7afa0,28800.0,pt,22,f,high,5600.0,false,763448.03,5820485.53,-35.71333333333334,
bb_4518fd9a,28800.0,pt,22,f,medium,1500.0,false,774030.16,5832990.89,-20.213333333333335,
bb_876afb1d,28800.0,pt,55,f,very_high,5600.0,false,788123.08,5813075.83,-13.613333333333335,
bb_58fa191d,28800.0,pt,22,f,high,4600.0,false,776047.55,5814218.81,-14.813333333333334,
bb_005be4e9,28800.0,pt,0,f,high,3600.0,false,773125.94,5807128.39,-17.613333333333337,
bb_7d0eaa3a,28800.0,pt,7,f,very_high,5600.0,false,782272.63,5846067.39,-20.21333333333333,
bb_bd81e27e,28800.0,pt,30,m,very_high,4600.0,true,786702.62,5854246.57,-17.613333333333337,
bb_04a31a1c,28800.0,pt,67,m,medium,2600.0,false,827505.96,5831434.55,-18.943333333333335,
bb_9a65882a,28800.0,pt,0,m,medium,3000.0,false,776500.28,5813878.55,-14.813333333333334,
bb_1feba291,28800.0,pt,40,m,medium,3600.0,false,771614.18,5814055.4,-17.613333333333337,
bb_dab75051,28800.0,pt,41,m,medium,1500.0,false,792073.94,5811613.49,-18.813333333333333,
bb_76b42d58,28800.0,pt,62,f,very_low,499.0,false,766628.32,5813285.07,-17.61333333333334,
bb_8e409d87,28800.0,pt,59,m,high,3600.0,false,829345.19,5829220.65,-30.043333333333337,
bb_57b7997b,28800.0,pt,83,m,medium,2600.0,false,820272.26,5823225.01,-23.913333333333334,
bb_8042e024,28800.0,pt,8,f,medium,3600.0,false,794581.86,5795804.06,-33.61333333333334,
bb_cad272c0,28800.0,pt,68,m,medium,2000.0,false,786239.44,5839755.86,-16.21333333333333,
bb_c4f71dab,28800.0,pt,7,f,high,4600.0,false,778528.37,5809789.58,-17.613333333333337,
bb_d6500f58,28800.0,pt,36,m,medium,2000.0,false,782121.82,5852516.23,-24.21333333333334,
bb_8c27e0b0,28800.0,pt,64,m,high,3600.0,false,847181.45,5734372.43,-29.61333333333333,
bb_aeb0fa21,28800.0,pt,27,m,very_low,499.0,false,799840.22,5846372.12,-17.613333333333333,
bb_bbe7a897,28800.0,pt,45,m,high,3600.0,false,887089.19,5786122.58,-35.913333333333334,
bb_d80055e5,28800.0,pt,40,m,medium,2000.0,false,756170.12,5870782.5,-24.21333333333334,
bb_db7e20bd,28800.0,pt,34,f,high,3600.0,false,823422.82,5803432.56,-22.713333333333335,
bb_ae14236b,28800.0,pt,55,f,very_high,5600.0,false,779341.53,5807533.72,-17.613333333333337,
bb_2aeaef4f,28800.0,pt,77,m,medium,2000.0,false,815235.34,5810878.79,-17.613333333333344,
bb_989c3b6f,28800.0,pt,71,f,medium,1500.0,false,790951.42,5802123.32,-13.613333333333335,
bb_9b02954f,28800.0,pt,54,f,medium,3000.0,false,780692.56,5811250.7,-12.213333333333336,
bb_6a7d451e,28800.0,pt,34,f,very_low,900.0,false,813261.12,5844769.52,-22.813333333333336,
bb_2e54284c,28800.0,pt,49,f,low,900.0,false,774834.29,5799763.42,-24.213333333333335,
bb_d81aa501,28800.0,pt,60,m,high,3600.0,false,864091.43,5840709.67,-109.44333333333333,
bb_11a3054c,28800.0,pt,5,f,medium,3000.0,false,783871.99,5840958.78,-16.21333333333333,
bb_1b08cee7,28800.0,pt,43,m,medium,3000.0,false,784250.7,5840554.8,-14.813333333333334,
bb_2a226b27,28800.0,pt,67,m,medium,2600.0,false,816546.48,5799037.22,-17.613333333333337,
bb_ccf2f657,28800.0,pt,66,m,low,900.0,true,766384.25,5808007.47,-17.61333333333334,
bb_7320dde3,28800.0,pt,48,f,high,4600.0,false,743383.95,5778240.87,-77.61333333333334,
bb_3f8e2761,28800.0,pt,60,f,high,4600.0,false,826552.77,5854180.74,-26.943333333333335,
bb_bf7667af,28800.0,pt,12,m,very_high,5600.0,false,793566.1,5812460.4,-18.813333333333333,
bb_6ffda5ac,28800.0,pt,19,m,medium,3000.0,false,806045.57,5846135.36,-20.093333333333334,
bb_4a404bb1,28800.0,pt,66,m,high,4600.0,false,789521.63,5844357.37,-14.813333333333333,
bb_991805df,28800.0,pt,74,m,medium,2000.0,false,781369.13,5809906.02,-17.613333333333337,
bb_2529fb60,28800.0,pt,53,f,very_low,500.0,true,783721.23,5845726.96,-24.213333333333335,
bb_718d99f8,28800.0,pt,26,m,very_high,5600.0,false,799855.77,5850084.05,-17.613333333333333,
bb_4757c35e,28800.0,pt,69,m,low,900.0,false,783187.59,5840808.75,-20.21333333333333,
bb_34c5fc65,28800.0,pt,37,f,high,3600.0,false,762109.56,5796006.62,-24.213333333333335,
bb_ccd706e2,28800.0,pt,60,f,high,3000.0,false,773979.56,5818201.1,-22.813333333333333,
bb_b1f5547c,28800.0,pt,75,f,medium,2000.0,false,788197.21,5844864.3,-22.81333333333333,
bb_89ab1016,28800.0,pt,54,m,medium,2000.0,false,843773.31,5815061.1,-20.21333333333334,
bb_ca3dfd4d,28800.0,pt,41,f,medium,3000.0,false,809434.94,5800523.55,-22.71333333333333,
bb_2fd23ef9,28800.0,pt,8,m,medium,3000.0,false,797189.19,5795510.38,-33.61333333333334,
bb_2a86b073,28800.0,pt,25,f,high,4600.0,false,783688.57,5839294.09,-16.21333333333333,
bb_7bb85533,28800.0,pt,79,m,medium,2000.0,false,783772.25,5840986.29,-16.21333333333333,
bb_a3f835d5,28800.0,pt,22,f,medium,2000.0,false,809319.14,5846456.9,-22.813333333333333,
bb_6081f90e,28800.0,pt,18,f,medium,3000.0,false,775869.2,5829031.3,-16.113333333333333,
bb_722a348d,28800.0,pt,60,f,very_low,500.0,true,795638.11,5840834.01,-16.213333333333335,
bb_46c29881,28800.0,pt,51,m,medium,2000.0,false,802534.85,5803466.68,-29.61333333333333,
bb_4c6d0224,28800.0,pt,65,m,very_low,500.0,false,807753.34,5840887.4,-17.913333333333334,
bb_920bc5ea,28800.0,pt,52,m,medium,2000.0,false,838891.32,5868416.36,-33.61333333333334,
bb_95b6b70b,28800.0,pt,66,f,high,3600.0,false,775854.81,5816735.54,-17.613333333333337,
bb_8361e6f0,28800.0,pt,1,f,very_high,5600.0,false,803274.97,5851446.78,-22.813333333333336,
bb_d213a353,28800.0,pt,73,f,low,900.0,false,816665.35,5845118.7,-22.813333333333336,
bb_8ce09782,28800.0,pt,20,m,low,2000.0,false,791691.49,5843311.12,-20.213333333333335,
bb_4aff410d,28800.0,pt,42,f,high,3600.0,false,793640.31,5810372.18,-18.81333333333334,
bb_764d0e3d,28800.0,pt,6,f,very_low,900.0,false,781823.69,5810752.7,-17.613333333333337,
bb_27af2302,28800.0,pt,30,m,medium,1500.0,false,787608.32,5851063.79,-17.913333333333334,
bb_c10292e9,28800.0,pt,34,f,medium,2000.0,false,767436.37,5804438.65,-17.613333333333337,
bb_7cf12b04,28800.0,pt,55,m,low,900.0,false,816820.18,5829314.7,-14.943333333333333,
bb_674e6589,28800.0,pt,30,f,high,4600.0,false,813383.26,5823965.05,-17.613333333333333,
bb_4ef80bc2,28800.0,pt,53,f,very_high,5600.0,false,807772.04,5837498.82,-16.093333333333334,
bb_3d569163,28800.0,pt,39,m,very_high,5600.0,false,815953.21,5795288.07,-29.613333333333333,
bb_1be963cc,28800.0,pt,15,f,very_low,1500.0,false,814997.08,5813225.51,-26.043333333333337,
bb_929dcd3e,28800.0,pt,31,m,medium,2000.0,false,791903.19,5813130.68,-13.613333333333335,
bb_37d5226b,28800.0,pt,54,f,medium,2600.0,false,777201.18,5814322.0,-14.813333333333334,
bb_9b7c1c94,28800.0,pt,2,f,high,4600.0,false,794212.2,5840259.02,-22.813333333333336,
bb_74227a7c,28800.0,pt,35,f,medium,2000.0,false,777327.97,5812950.89,-14.813333333333334,
bb_7f3297d3,28800.0,pt,56,f,high,3600.0,false,803128.5,5797042.1,-33.61333333333334,
bb_a95b1f00,28800.0,pt,60,m,low,900.0,true,768219.44,5788842.42,-26.813333333333336,
bb_7c29f679,28800.0,pt,52,f,high,4600.0,false,788198.46,5813093.9,-13.613333333333335,
bb_331dbe1a,28800.0,pt,13,f,medium,3600.0,false,795697.19,5844086.87,-18.48,
bb_7cfe732b,28800.0,pt,53,f,low,1500.0,true,815457.07,5827675.16,-16.943333333333335,
bb_90c4257e,28800.0,pt,76,m,medium,2600.0,false,799338.75,5845617.88,-17.613333333333333,
bb_47cef2e1,28800.0,pt,30,f,high,3600.0,false,828611.23,5820090.47,-16.213333333333335,
bb_aa1d8c36,28800.0,pt,80,f,low,900.0,true,776976.67,5832043.9,-14.813333333333333,
bb_42240e6b,28800.0,pt,32,f,medium,1500.0,false,814947.4,5809419.01,-17.443333333333335,
bb_85b600c0,28800.0,pt,28,f,medium,2000.0,true,788622.2,5815095.16,-17.613333333333333,
bb_bed5fd3f,28800.0,pt,27,m,very_low,500.0,false,780883.58,5809274.79,-17.61333333333334,
bb_82a70555,28800.0,pt,74,f,medium,2000.0,true,788390.16,5844791.2,-16.21333333333333,
bb_1416f2f2,28800.0,pt,66,m,medium,2000.0,false,777343.2,5811179.63,-14.813333333333334,
bb_c2432a16,28800.0,pt,91,m,medium,2000.0,true,781236.51,5809580.57,-17.613333333333337,
bb_177f004d,28800.0,pt,35,m,medium,2600.0,false,770812.33,5812105.89,-17.613333333333337,
bb_718fb9e5,28800.0,pt,2,m,medium,3600.0,false,783540.51,5841679.8,-16.21333333333333,
bb_5b6f771a,28800.0,pt,42,m,very_low,500.0,true,786247.44,5852802.43,-17.613333333333337,
bb_254c8c65,28800.0,pt,60,m,high,4600.0,false,811244.05,5798064.36,-29.61333333333333,
bb_b508ad76,28800.0,pt,41,f,low,1500.0,false,802881.24,5814737.0,-17.613333333333337,
bb_c44f75a5,28800.0,pt,93,f,medium,1500.0,true,791917.91,5855816.33,-28.213333333333342,
bb_1e0db512,28800.0,pt,19,m,very_low,2000.0,false,781853.59,5852468.79,-24.213333333333335,
bb_51d8afd1,28800.0,pt,12,f,low,3000.0,false,786489.05,5814186.96,-17.403333333333336,
bb_39ed45f2,28800.0,pt,56,m,high,3600.0,false,781436.71,5809301.53,-17.613333333333337,
bb_1acb0acd,28800.0,pt,56,m,medium,1500.0,false,812962.0,5834385.76,-26.813333333333336,
bb_790e4e52,28800.0,pt,52,f,high,2600.0,false,767208.94,5822466.97,-17.613333333333337,
bb_0d9d80ce,28800.0,pt,18,f,medium,3600.0,false,780932.06,5809778.49,-17.613333333333337,
bb_26f98cba,28800.0,pt,79,m,very_low,900.0,false,785267.85,5794045.37,-37.61333333333333,
bb_44b86096,28800.0,pt,12,m,medium,2600.0,false,785126.26,5812758.52,-17.613333333333333,
bb_bfee6ad5,28800.0,pt,44,f,high,3600.0,false,869167.73,5828164.73,-46.81333333333334,
bb_8b04c943,28800.0,pt,44,f,high,3600.0,false,773858.67,5818090.08,-22.813333333333336,
bb_7469e6b8,28800.0,pt,28,m,high,3600.0,false,810471.54,5847337.57,-22.813333333333336,
bb_c5864ea2,28800.0,pt,22,m,medium,2000.0,false,778779.55,5831501.91,-16.113333333333333,
bb_35f965d5,28800.0,pt,21,f,high,3600.0,false,825113.57,5829291.2,-22.943333333333335,
bb_c51bfd01,28800.0,pt,21,m,low,900.0,false,790558.88,5803118.81,-13.613333333333337,
bb_08dfa288,28800.0,pt,41,f,high,4600.0,false,781522.24,5810062.55,-14.813333333333334,
bb_32a269e4,28800.0,pt,40,m,low,2000.0,false,799876.34,5807674.67,-18.813333333333336,
bb_8f94e757,28800.0,pt,19,f,low,2000.0,true,818577.07,5830150.32,-18.943333333333335,
bb_7044eeaf,28800.0,pt,5,f,low,2000.0,false,775070.78,5851337.86,-36.213333333333324,
bb_358227e7,28800.0,pt,57,f,very_low,499.0,true,771677.44,5828652.41,-16.113333333333333,
bb_a3dce7b0,28800.0,pt,99,m,high,3000.0,false,784514.7,5840809.31,-16.21333333333333,
bb_0a96244d,28800.0,pt,23,f,medium,3000.0,false,771075.37,5833822.89,-13.313333333333334,
bb_08c3637e,28800.0,pt,55,f,low,2000.0,false,789071.96,5843183.76,-20.213333333333335,
bb_7fbfb06c,28800.0,pt,36,f,very_low,1500.0,false,801420.85,5808413.06,-18.813333333333336,
bb_c3ce5c2e,28800.0,pt,53,f,low,1500.0,false,815053.39,5810677.73,-17.443333333333335,
bb_af4f882d,28800.0,pt,57,f,medium,3000.0,false,781281.71,5812175.02,-14.813333333333334,
bb_1267f6c7,28800.0,pt,31,m,high,4600.0,false,776617.87,5813686.44,-14.813333333333334,
bb_5a9d9102,28800.0,pt,24,f,medium,2000.0,false,773121.69,5830828.04,-24.21333333333333,
bb_8e35cc52,28800.0,pt,30,m,low,2000.0,false,785911.7,5850011.54,-36.213333333333324,
bb_6b98426b,28800.0,pt,19,m,medium,2600.0,false,779017.5,5821139.21,-17.61333333333334,
bb_7106bbed,28800.0,pt,38,f,low,1500.0,false,796536.79,5857361.41,-60.21333333333333,
bb_d8ceb275,28800.0,pt,12,f,medium,3000.0,false,798703.74,5798814.36,-21.513333333333335,
bb_9950d664,28800.0,pt,30,f,medium,3600.0,false,759184.15,5813915.93,-90.51333333333335,
bb_97d2cb35,28800.0,pt,83,m,low,900.0,false,784382.17,5839248.27,-16.213333333333335,
bb_9f0cbaab,28800.0,pt,47,m,medium,3600.0,false,762477.56,5852231.86,-36.21333333333333,
bb_585a8d41,28800.0,pt,87,f,medium,1500.0,false,784449.27,5839134.12,-16.21333333333333,
bb_b147eeeb,28800.0,pt,43,f,medium,2600.0,false,786839.19,5852013.73,-17.913333333333334,
bb_291de745,28800.0,pt,9,f,high,4600.0,false,788401.01,5858967.83,-36.213333333333324,
bb_aa2580c2,28800.0,pt,33,f,very_low,900.0,false,760345.52,5812746.73,-22.813333333333336,
bb_d1843998,28800.0,pt,73,m,medium,2600.0,false,767457.3,5829027.65,-16.113333333333333,
bb_c3ff0fc3,28800.0,pt,69,m,high,4600.0,false,778142.76,5809586.16,-17.613333333333337,
bb_4f848740,28800.0,pt,51,m,high,3600.0,false,814996.78,5830367.44,-18.943333333333335,
bb_cafe55c1,28800.0,pt,33,m,low,3000.0,false,758917.21,5826496.79,-23.713333333333335,
bb_a85b9ef4,28800.0,pt,69,m,medium,2000.0,false,810506.22,5843101.22,-22.813333333333333,
bb_6c49aa2d,28800.0,pt,87,f,medium,1500.0,false,786238.27,5814076.19,-14.813333333333334,
bb_2971ebbe,28800.0,pt,37,m,high,4600.0,false,815117.8,5800107.37,-41.61333333333335,
bb_1bc22eeb,28800.0,pt,6,f,high,4600.0,false,809696.23,5799616.78,-17.613333333333337,
bb_7538633d,28800.0,pt,47,m,very_low,500.0,false,793892.01,5840098.43,-22.81333333333334,
bb_107290a5,28800.0,pt,56,m,medium,3000.0,false,815403.41,5797171.55,-17.61333333333334,
bb_03c90c29,28800.0,pt,41,f,very_high,5600.0,false,774574.76,5830755.95,-13.313333333333334,
bb_2f95a61c,28800.0,pt,37,f,medium,1500.0,false,821816.15,5822648.46,-23.913333333333334,
bb_9069a708,28800.0,pt,5,f,very_low,900.0,false,771823.13,5853942.28,-48.21333333333332,
bb_752b6d8a,28800.0,pt,41,f,medium,3600.0,false,774742.33,5800121.21,-22.813333333333336,
bb_c88a168a,28800.0,pt,35,m,very_low,1500.0,false,789794.57,5843906.55,-12.213333333333331,
bb_8a9b4695,28800.0,pt,70,f,high,3600.0,false,817875.98,5837483.22,-26.943333333333335,
bb_972f7d90,28800.0,pt,58,m,medium,2000.0,false,775145.96,5829807.1,-13.313333333333334,
bb_d2bba307,28800.0,pt,55,f,very_low,499.0,false,790662.51,5813565.76,-12.213333333333335,
bb_44f4a590,28800.0,pt,44,m,medium,2600.0,false,779015.78,5806585.24,-17.613333333333333,
bb_973d17f9,28800.0,pt,12,m,medium,3000.0,false,788456.5,5852941.37,-17.913333333333334,
bb_bbad620e,28800.0,pt,61,m,medium,1500.0,false,774266.55,5817970.61,-22.813333333333336,
bb_900984d3,28800.0,pt,8,m,medium,3000.0,false,813025.29,5851072.55,-20.093333333333334,
bb_82112c24,28800.0,pt,57,m,low,2000.0,false,779868.9,5831343.11,-11.713333333333333,
bb_25891939,28800.0,pt,50,f,very_low,500.0,false,821540.58,5840586.96,-62.94333333333334,
bb_b1ab7d9b,28800.0,pt,7,f,high,3600.0,false,808403.43,5814806.38,-16.043333333333337,
bb_4112faba,28800.0,pt,59,m,high,2600.0,false,792729.15,5840784.41,-22.883333333333333,
bb_6ae89f45,28800.0,pt,33,m,medium,2000.0,false,814238.07,5825294.42,-17.613333333333333,
bb_83ef6bea,28800.0,pt,0,m,very_low,1500.0,false,810011.91,5844941.56,-22.813333333333333,
bb_412b641b,28800.0,pt,78,m,medium,2000.0,true,798902.31,5848828.47,-22.81333333333333,
bb_0a7dce22,28800.0,pt,77,m,medium,2000.0,false,785364.99,5854424.78,-28.92,
bb_3766de44,28800.0,pt,32,f,very_low,500.0,false,789008.02,5793376.83,-13.613333333333335,
bb_08ff36d7,28800.0,pt,69,f,medium,2000.0,false,779321.04,5814024.51,-14.813333333333334,
bb_35419142,28800.0,pt,16,f,medium,2000.0,false,799133.49,5809862.15,-18.813333333333336,
bb_71598776,28800.0,pt,7,m,high,3600.0,false,778249.96,5812985.35,-12.213333333333335,
bb_37aec5d5,28800.0,pt,60,m,medium,1500.0,false,786823.79,5844648.58,-28.213333333333335,
bb_1fa27bee,28800.0,pt,34,f,medium,2600.0,false,785629.95,5851363.95,-36.213333333333324,
bb_53af614b,28800.0,pt,53,f,medium,4600.0,false,806263.84,5837574.72,-17.913333333333334,
bb_8ec2ca54,28800.0,pt,58,f,medium,2600.0,false,779403.56,5807557.41,-17.613333333333337,
bb_132c97f1,28800.0,pt,1,m,very_high,5600.0,false,785400.66,5856055.42,-28.92,
bb_04aa9830,28800.0,pt,71,m,very_low,900.0,true,789189.67,5813747.5,-16.213333333333335,
bb_8ae504e5,28800.0,pt,72,f,medium,2000.0,false,786141.78,5807275.96,-21.403333333333332,
bb_7f87e33e,28800.0,pt,27,m,medium,2000.0,false,774709.85,5814913.67,-14.813333333333334,
bb_1811e98b,28800.0,pt,32,f,very_low,900.0,true,767368.13,5825915.07,-29.613333333333337,
bb_8e2b26bf,28800.0,pt,57,f,medium,2600.0,false,819547.22,5829869.89,-18.943333333333335,
bb_4207e092,28800.0,pt,17,m,high,4600.0,false,810365.31,5846804.58,-16.093333333333334,
bb_62165a8e,28800.0,pt,32,f,medium,1500.0,false,732627.43,5896568.52,-36.21333333333333,
bb_34fcba77,28800.0,pt,52,f,high,3600.0,false,775900.78,5833463.88,-16.113333333333333,
bb_b64c47bd,28800.0,pt,61,m,medium,1500.0,false,787228.97,5854004.83,-17.613333333333337,
bb_79395fe7,28800.0,pt,70,m,medium,2600.0,true,815472.06,5804697.26,-17.613333333333337,
bb_9573bca2,28800.0,pt,91,m,low,1500.0,false,789209.39,5803687.47,-13.613333333333337,
bb_8bfe7d6e,28800.0,pt,43,f,very_low,900.0,false,799880.52,5849965.91,-17.613333333333333,
bb_88ad44f1,28800.0,pt,48,f,medium,2600.0,false,787201.57,5800840.35,-21.51333333333334,
bb_afa149e9,28800.0,pt,61,f,medium,2000.0,false,790081.21,5791267.22,-25.613333333333337,
bb_8c38c22c,28800.0,pt,55,f,low,1500.0,false,781328.08,5844002.52,-20.21333333333334,
bb_8ce9a2b6,28800.0,pt,8,m,low,1500.0,false,793261.32,5805574.79,-13.613333333333337,
bb_c8690564,28800.0,pt,84,m,low,1500.0,false,818537.59,5823620.96,-23.91333333333333,
bb_bfaa55e7,28800.0,pt,50,f,high,4600.0,false,813005.09,5809684.62,-21.61333333333333,
bb_887c7d14,28800.0,pt,65,f,low,1500.0,false,822805.8,5820355.74,-18.043333333333337,
bb_779342b6,28800.0,pt,32,m,high,3000.0,false,826822.05,5831378.24,-22.943333333333335,
bb_03395cda,28800.0,pt,0,f,high,3600.0,false,778909.82,5832627.24,-17.313333333333333,
bb_cd16424f,28800.0,pt,16,f,medium,3600.0,false,770811.76,5834098.82,-13.313333333333334,
bb_92d6d503,28800.0,pt,61,f,very_low,499.0,false,825724.14,5829983.07,-22.943333333333335,
bb_9d1a825b,28800.0,pt,25,f,high,5600.0,false,806195.45,5813690.58,-17.61333333333334,
bb_9ac402ca,28800.0,pt,48,m,high,3600.0,false,772864.99,5807424.26,-14.813333333333334,
bb_23b8b3b8,28800.0,pt,45,m,very_high,5600.0,false,793025.16,5808583.68,-18.813333333333336,
bb_83d4bd00,28800.0,pt,33,f,very_high,5600.0,false,814956.84,5803150.02,-17.613333333333337,
bb_b7aa6762,28800.0,pt,19,f,medium,2600.0,false,771004.56,5832711.27,-17.313333333333333,
bb_ae19d011,28800.0,pt,25,m,very_low,499.0,false,770156.42,5826021.37,-23.713333333333335,
bb_7cf44561,28800.0,pt,47,m,very_low,500.0,true,780479.35,5835061.95,-23.713333333333335,
bb_b4a03b80,28800.0,pt,61,f,high,4600.0,false,774677.55,5830954.63,-13.313333333333334,
bb_159821b6,28800.0,pt,28,m,low,900.0,false,807795.75,5845942.96,-16.093333333333334,
bb_578396c0,28800.0,pt,95,m,very_low,900.0,false,770826.56,5835153.02,-24.21333333333333,
bb_234e22fc,28800.0,pt,33,m,very_low,900.0,false,739370.3,5814148.88,-26.813333333333336,
bb_716baa2d,28800.0,pt,31,f,medium,3000.0,false,769934.78,5795829.32,-24.213333333333335,
bb_5657b2f7,28800.0,pt,46,m,low,900.0,false,786761.3,5782008.04,-25.613333333333337,
bb_19461aba,28800.0,pt,63,m,high,3600.0,false,746693.0,5782988.93,-24.213333333333335,
bb_cfc37ee4,28800.0,pt,73,f,very_low,500.0,true,823662.69,5821698.89,-23.913333333333334,
bb_61f50860,28800.0,pt,13,m,very_low,900.0,false,810495.82,5847173.49,-22.813333333333336,
bb_35139cf5,28800.0,pt,48,f,medium,2000.0,false,783305.43,5841000.04,-20.21333333333333,
bb_9cc361e8,28800.0,pt,88,f,low,900.0,false,793054.94,5840572.02,-22.813333333333336,
bb_3996df48,28800.0,pt,8,m,medium,3600.0,false,810467.6,5836622.44,-13.613333333333335,
bb_a4a51d0d,28800.0,pt,57,f,medium,2000.0,false,741675.74,5814734.13,-26.813333333333336,
bb_a805a5ea,28800.0,pt,72,f,medium,2600.0,false,822756.67,5820241.24,-18.043333333333337,
bb_1a6226d1,28800.0,pt,89,m,medium,2600.0,false,774353.72,5818272.66,-22.813333333333336,
bb_b37f7ffa,28800.0,pt,45,m,high,3600.0,false,820839.55,5834457.02,-30.943333333333335,
bb_9d651cda,28800.0,pt,0,f,high,3600.0,false,790699.06,5803163.53,-13.613333333333339,
bb_16ab41c8,28800.0,pt,7,m,medium,3000.0,false,767304.97,5809349.77,-14.813333333333334,
bb_5c6802b1,28800.0,pt,61,f,medium,2000.0,false,776426.1,5830883.2,-13.313333333333334,
bb_b5494f63,28800.0,pt,6,f,very_low,2000.0,false,810459.87,5843838.55,-22.813333333333333,
bb_2b4c67cc,28800.0,pt,75,m,very_high,5600.0,false,813874.92,5824967.42,-17.613333333333333,
bb_68594971,28800.0,pt,0,m,medium,3000.0,false,775314.76,5815086.79,-14.813333333333334,
bb_0b375475,28800.0,pt,58,m,medium,3000.0,false,759599.25,5818543.38,-41.61333333333333,
bb_1b2efb70,28800.0,pt,34,f,medium,2000.0,false,808287.17,5845248.81,-16.093333333333334,
bb_1af42af5,28800.0,pt,69,f,low,900.0,false,764011.29,5815706.33,-17.61333333333334,
bb_bf64504e,28800.0,pt,63,f,medium,2000.0,false,816089.31,5800947.5,-17.61333333333334,
bb_3248b5cd,28800.0,pt,2,m,medium,3000.0,false,826667.27,5832603.06,-34.943333333333335,
bb_6ef43013,28800.0,pt,71,m,high,3600.0,false,790294.23,5802754.42,-13.613333333333339,
bb_2de92f12,28800.0,pt,58,m,low,2000.0,false,814298.2,5807657.5,-17.61333333333334,
bb_0ade5994,28800.0,pt,43,f,very_low,1500.0,false,790209.96,5844262.86,-14.813333333333333,
bb_87089b8d,28800.0,pt,48,f,high,5600.0,false,789436.19,5845916.09,-14.813333333333333,
bb_3783fe60,28800.0,pt,55,m,medium,3000.0,false,771945.99,5807184.44,-14.813333333333334,
bb_24e1de42,28800.0,pt,86,m,medium,2000.0,false,779358.24,5811632.29,-14.813333333333334,
bb_03129ef1,28800.0,pt,68,m,low,1500.0,false,788274.81,5853314.38,-28.21333333333334,
bb_4d48328d,28800.0,pt,27,f,very_low,2000.0,false,801306.26,5803319.19,-29.61333333333333,
bb_50803674,28800.0,pt,35,f,very_low,1500.0,false,764974.34,5807493.96,-26.81333333333334,
bb_ae90337b,28800.0,pt,83,m,medium,2000.0,true,779861.24,5811972.92,-12.213333333333335,
bb_7512680b,28800.0,pt,51,m,low,2000.0,false,807794.81,5842742.67,-17.913333333333334,
bb_37f045b4,28800.0,pt,53,m,medium,2600.0,false,755755.21,5806727.07,-24.21333333333334,
bb_40ce5c80,28800.0,pt,96,f,low,500.0,false,769817.33,5814090.82,-14.813333333333334,
bb_63586168,28800.0,pt,68,f,high,3000.0,false,760651.46,5811726.0,-22.81333333333334,
bb_c4c0fd9f,28800.0,pt,88,f,high,3600.0,false,777055.78,5849155.97,-24.21333333333334,
bb_9fcfc282,28800.0,pt,58,f,very_low,900.0,false,825877.95,5823480.27,-26.943333333333335,
bb_a3ccea08,28800.0,pt,31,f,medium,2000.0,false,806286.5,5843646.02,-16.093333333333334,
bb_8af9bf0a,28800.0,pt,36,m,high,3600.0,false,797019.94,5842387.92,-12.213333333333331,
bb_737223de,28800.0,pt,72,f,very_low,500.0,false,817380.63,5804456.23,-17.613333333333337,
bb_743f32d3,28800.0,pt,41,m,medium,3000.0,false,773514.92,5811217.42,-14.813333333333334,
bb_a84f05ef,28800.0,pt,22,f,high,5600.0,false,780281.42,5813144.77,-12.213333333333335,
bb_0f97588f,28800.0,pt,81,f,medium,1500.0,false,814032.74,5811663.29,-17.443333333333335,
bb_334061e7,28800.0,pt,71,m,medium,3000.0,false,797769.84,5863774.66,-89.41333333333331,
bb_14c6c2de,28800.0,pt,23,m,very_high,5600.0,false,775502.26,5828367.27,-16.113333333333337,
bb_c38f4167,28800.0,pt,11,m,very_low,2000.0,false,789171.98,5845421.29,-26.813333333333336,
bb_d4e688a6,28800.0,pt,36,f,medium,3600.0,false,806354.51,5843212.05,-16.093333333333334,
bb_4323dea8,28800.0,pt,57,m,very_low,499.0,false,791598.99,5812884.56,-13.613333333333335,
bb_ce337d9e,28800.0,pt,47,m,very_low,500.0,true,788173.67,5852755.37,-17.913333333333334,
bb_30b7a193,28800.0,pt,51,f,high,3600.0,false,793960.41,5839979.99,-22.813333333333336,
bb_7e6442ba,28800.0,pt,42,f,low,3000.0,false,778533.71,5809100.37,-12.213333333333335,
bb_32147a0c,28800.0,pt,30,f,low,900.0,false,783906.16,5852631.07,-24.21333333333334,
bb_380c20d1,28800.0,pt,23,f,low,1500.0,true,773573.22,5814968.24,-17.613333333333337,
bb_a413d01a,28800.0,pt,45,m,very_low,499.0,false,785713.34,5854671.92,-28.92,
bb_08a8bd09,28800.0,pt,40,m,very_low,900.0,false,803853.12,5797730.16,-21.513333333333335,
bb_576dad7c,28800.0,pt,59,m,very_high,5600.0,false,775900.81,5831859.41,-13.313333333333336,
bb_6daf4ca0,28800.0,pt,59,m,high,4600.0,false,780940.68,5809942.93,-14.813333333333334,
bb_2a24b727,28800.0,pt,40,f,high,3000.0,true,814915.84,5806783.28,-17.61333333333334,
bb_193842e6,28800.0,pt,3,m,high,3600.0,false,770993.54,5795708.61,-24.213333333333335,
bb_b386c58a,28800.0,pt,59,f,medium,3000.0,false,774473.54,5796104.31,-36.21333333333333,
bb_7508e812,28800.0,pt,17,m,high,4600.0,false,815491.87,5808194.1,-17.613333333333344,
bb_547730e4,28800.0,pt,40,f,medium,1500.0,false,811139.3,5810668.15,-21.61333333333333,
bb_22b5cff2,28800.0,pt,60,m,very_low,500.0,true,788136.05,5853349.26,-28.21333333333334,
bb_bf51420d,28800.0,pt,59,f,low,1500.0,false,823207.19,5844361.75,-26.943333333333335,
bb_402856dd,28800.0,pt,53,f,high,3600.0,false,787376.53,5844857.82,-28.213333333333335,
bb_0560683f,28800.0,pt,35,f,high,3600.0,false,788296.19,5807211.13,-29.403333333333332,
bb_56f9c2aa,28800.0,pt,55,m,low,1500.0,true,816426.0,5840373.8,-26.943333333333335,
bb_4dd65740,28800.0,pt,28,f,medium,3000.0,false,788833.34,5803754.9,-13.613333333333335,
bb_145011e6,28800.0,pt,43,m,high,3600.0,false,796865.99,5842223.09,-16.213333333333335,
bb_39d2c592,28800.0,pt,62,m,medium,2000.0,false,755145.39,5802639.05,-24.21333333333334,
bb_596d865e,28800.0,pt,52,f,very_low,499.0,false,821041.07,5823462.62,-23.91333333333333,
bb_52c9838b,28800.0,pt,36,m,very_high,5600.0,false,766217.39,5845048.79,-32.11333333333333,
bb_9ff88719,28800.0,pt,53,m,high,3000.0,false,777928.71,5811396.41,-17.613333333333337,
bb_57f3b639,28800.0,pt,37,f,very_low,900.0,false,806597.44,5842120.72,-20.093333333333334,
bb_6ea4b636,28800.0,pt,59,m,high,4600.0,false,804526.76,5747455.49,-85.61333333333334,
bb_75b23311,28800.0,pt,54,m,medium,3000.0,true,774355.0,5812931.92,-14.813333333333334,
bb_b82b2f89,28800.0,pt,59,f,medium,2000.0,false,819091.62,5824409.7,-20.043333333333337,
bb_a3991386,28800.0,pt,55,f,medium,2000.0,false,764573.34,5815412.59,-17.61333333333334,
bb_29b8889d,28800.0,pt,21,m,high,4600.0,false,793153.42,5840507.41,-22.813333333333336,
bb_36d63b73,28800.0,pt,53,f,very_low,500.0,true,815213.95,5806523.7,-17.61333333333334,
bb_878050be,28800.0,pt,18,f,very_low,500.0,false,810179.86,5846154.48,-9.613333333333333,
bb_038eb43d,28800.0,pt,50,m,high,4600.0,false,767975.48,5802382.52,-22.81333333333334,
bb_db8f6d9c,28800.0,pt,57,m,very_low,1500.0,false,772507.08,5817255.08,-17.613333333333337,
bb_077ba19c,28800.0,pt,11,m,medium,3600.0,false,813518.1,5804206.58,-22.71333333333333,
bb_22538140,28800.0,pt,51,m,low,900.0,true,809176.43,5835400.76,-13.613333333333335,
bb_97f819dc,28800.0,pt,9,m,medium,3600.0,false,775079.65,5818737.03,-14.813333333333334,
bb_661c5a4a,28800.0,pt,46,f,high,3600.0,false,762969.04,5835397.18,-17.313333333333333,
bb_aab311e1,28800.0,pt,50,m,medium,3600.0,false,836615.13,5835950.02,-94.94333333333334,
bb_494b40d1,28800.0,pt,52,f,medium,2600.0,false,777403.4,5800939.3,-17.613333333333337,
bb_74684123,28800.0,pt,1,m,very_high,5600.0,false,799771.83,5809397.92,-18.813333333333336,
bb_3008608a,28800.0,pt,20,m,very_low,2000.0,false,795130.34,5840933.24,-19.679999999999996,
bb_d28c1d30,28800.0,pt,78,f,high,3600.0,true,800367.59,5856002.12,-22.813333333333336,
bb_a49eb864,28800.0,pt,55,m,low,900.0,false,786160.79,5852756.07,-17.613333333333337,
bb_baa2bb5a,28800.0,pt,48,f,low,2600.0,false,784452.37,5839155.24,-16.21333333333333,
bb_b3f91a0d,28800.0,pt,22,f,very_high,5600.0,false,788834.38,5848965.92,-14.813333333333333,
bb_c08dfff9,28800.0,pt,60,m,low,900.0,false,791858.95,5855705.36,-28.21333333333334,
bb_b1f3ad45,28800.0,pt,8,m,low,2000.0,false,781533.47,5846074.39,-24.213333333333335,
bb_6a98c09c,28800.0,pt,52,f,medium,1500.0,true,806117.01,5838171.53,-17.913333333333334,
bb_2eb10646,28800.0,pt,3,f,very_low,900.0,false,809904.26,5852359.69,-26.813333333333336,
bb_10d58e13,28800.0,pt,62,m,very_low,500.0,false,813072.12,5809337.28,-21.61333333333333,
bb_cdd4b119,28800.0,pt,69,m,medium,1500.0,false,775556.75,5831151.07,-13.313333333333334,
bb_b23bcb57,28800.0,pt,86,f,medium,2000.0,true,800343.89,5853781.79,-26.813333333333333,
bb_5b265afd,28800.0,pt,33,f,low,1500.0,false,811894.05,5851714.4,-22.813333333333336,
bb_83979dfc,28800.0,pt,61,f,medium,2000.0,false,786848.83,5812722.01,-16.213333333333335,
bb_3d890750,28800.0,pt,30,m,medium,2600.0,false,773182.66,5820935.98,-17.61333333333334,
bb_0e07f594,28800.0,pt,49,f,medium,3000.0,false,795285.11,5854121.11,-29.613333333333333,
bb_371b4992,28800.0,pt,97,f,medium,1500.0,true,779591.06,5835998.97,-16.113333333333333,
bb_b798d9aa,28800.0,pt,97,f,high,3000.0,true,821197.3,5832785.04,-34.943333333333335,
bb_2b3fb83a,28800.0,pt,62,m,very_low,499.0,false,781551.31,5795722.82,-37.61333333333332,
bb_506d2ae8,28800.0,pt,56,m,medium,3000.0,false,785031.7,5794124.63,-37.61333333333333,
bb_0a68da64,28800.0,pt,11,f,low,2000.0,true,779921.18,5825716.78,-21.61333333333333,
bb_ca87c860,28800.0,pt,10,f,medium,3000.0,false,784480.96,5839689.69,-16.21333333333333,
bb_699c2513,28800.0,pt,68,f,medium,3000.0,false,826679.1,5823792.35,-23.913333333333334,
bb_4cf6fb53,28800.0,pt,63,m,very_high,5600.0,false,815243.09,5830297.15,-18.943333333333335,
bb_bb345c36,28800.0,pt,26,m,medium,2600.0,false,776619.33,5849589.21,-36.213333333333324,
bb_4ee7a5a1,28800.0,pt,24,f,very_low,500.0,false,781700.65,5809470.16,-17.613333333333333,
bb_23dd7671,28800.0,pt,30,m,high,3600.0,false,792481.81,5815003.37,-12.213333333333335,
bb_84539cce,28800.0,pt,47,m,very_low,500.0,true,803337.56,5797220.17,-33.61333333333334,
bb_24144cb3,28800.0,pt,72,m,medium,1500.0,false,789001.24,5813041.09,-16.213333333333335,
bb_a0a5045f,28800.0,pt,30,m,low,2600.0,false,724066.18,5833333.57,-38.91333333333334,
bb_ab538f2b,28800.0,pt,68,m,low,1500.0,false,858720.61,5728117.86,-46.713333333333324,
bb_0b54c71c,28800.0,pt,41,m,very_low,1500.0,false,776220.76,5813227.42,-14.813333333333336,
bb_939222a0,28800.0,pt,59,m,medium,3000.0,false,824647.94,5864431.23,-21.613333333333337,
bb_9767712b,28800.0,pt,60,m,very_high,5600.0,false,801041.36,5810407.32,-18.813333333333336,
bb_0ff3b155,28800.0,pt,20,m,high,3600.0,false,801402.09,5808216.31,-14.813333333333334,
bb_5bf25753,28800.0,pt,20,m,high,3600.0,false,776843.14,5848929.02,-36.213333333333324,
bb_4878588d,28800.0,pt,47,f,high,4600.0,false,784890.96,5778554.81,-21.513333333333335,
bb_1fd07af9,28800.0,pt,54,f,very_high,5600.0,false,801667.05,5806307.85,-23.913333333333334,
bb_672da97f,28800.0,pt,0,f,medium,3600.0,false,814345.27,5808509.95,-21.613333333333326,
bb_36ecbdd6,28800.0,pt,50,f,very_low,500.0,true,805170.82,5857185.31,-94.81333333333333,
bb_bde685fe,28800.0,pt,10,m,high,4600.0,false,823554.28,5833441.73,-30.943333333333335,
bb_9f0bbd4f,28800.0,pt,61,f,high,3600.0,false,778641.73,5813189.47,-14.813333333333334,
bb_365f67c9,28800.0,pt,68,m,medium,2000.0,false,781011.26,5810733.53,-12.213333333333335,
bb_12854382,28800.0,pt,50,f,low,2000.0,false,815345.19,5808732.09,-17.61333333333334,
bb_8b3ba879,28800.0,pt,76,f,medium,2000.0,false,806463.99,5842519.15,-20.093333333333334,
bb_d3289bb4,28800.0,pt,76,m,very_low,900.0,false,800983.15,5806061.49,-23.913333333333338,
bb_a0847e2b,28800.0,pt,61,f,very_low,500.0,false,829412.58,5832749.61,-22.943333333333335,
bb_a1c9667d,28800.0,pt,72,m,medium,1500.0,false,775252.88,5813236.02,-14.813333333333334,
bb_a6726a37,28800.0,pt,35,m,very_low,500.0,false,766687.91,5828478.55,-23.713333333333335,
bb_98c05908,28800.0,pt,18,f,high,4600.0,false,801622.86,5855826.8,-22.813333333333336,
bb_aa602a2c,28800.0,pt,44,m,high,5600.0,false,799287.98,5791678.74,-81.61333333333332,
bb_1cdc54b1,28800.0,pt,0,f,medium,3600.0,false,784355.4,5839536.11,-16.21333333333333,
bb_aed233ef,28800.0,pt,36,m,medium,2000.0,false,778575.96,5812344.95,-10.813333333333334,
bb_9b329019,28800.0,pt,13,f,high,5600.0,false,796564.87,5843866.09,-16.21333333333334,
bb_91f45c51,28800.0,pt,53,f,high,3000.0,false,801041.12,5809075.42,-18.813333333333336,
bb_aca94b42,28800.0,pt,71,m,medium,2600.0,false,784017.95,5845892.94,-24.213333333333335,
bb_397c6d86,28800.0,pt,86,f,low,500.0,false,799547.12,5854528.42,-26.813333333333333,
bb_19b5ca63,28800.0,pt,4,m,low,2000.0,false,765840.31,5845005.29,-32.11333333333333,
bb_84d6c94a,28800.0,pt,60,m,medium,3000.0,false,799784.64,5809932.52,-14.813333333333334,
bb_1201ba4d,28800.0,pt,3,m,very_high,5600.0,false,813919.73,5844902.23,-22.813333333333336,
bb_93944ae4,28800.0,pt,12,m,very_high,5600.0,false,822372.0,5828321.29,-22.943333333333335,
bb_67e58706,28800.0,pt,43,f,high,3600.0,false,775712.52,5816735.27,-17.613333333333337,
bb_7e137708,28800.0,pt,97,f,medium,1500.0,true,800956.89,5852268.78,-78.81333333333336,
bb_637f299f,28800.0,pt,50,f,high,4600.0,false,783791.89,5841903.99,-16.21333333333333,
bb_5ef85758,28800.0,pt,53,f,medium,2000.0,false,780378.85,5836075.08,-16.113333333333333,
bb_5703beec,28800.0,pt,39,f,medium,3000.0,false,780073.66,5808160.16,-17.613333333333337,
bb_0c098ca0,28800.0,pt,49,f,low,1500.0,false,806353.96,5845811.84,-20.093333333333334,
bb_3c8133e3,28800.0,pt,73,m,medium,2000.0,false,792135.55,5854881.64,-28.213333333333342,
bb_99228e57,28800.0,pt,60,m,very_low,900.0,false,770311.17,5835388.42,-24.213333333333328,
bb_2bd9eef4,28800.0,pt,62,m,low,900.0,false,816527.85,5796692.95,-29.613333333333337,
bb_854e6403,28800.0,pt,34,m,medium,1500.0,false,781877.44,5810019.62,-17.613333333333337,
bb_232ee1d2,28800.0,pt,87,m,very_low,499.0,true,775744.2,5813969.37,-14.813333333333334,
bb_36f878f7,28800.0,pt,31,f,high,3600.0,false,777813.05,5810222.45,-17.613333333333337,
bb_c08e0a5c,28800.0,pt,25,m,high,4600.0,false,780601.04,5831279.23,-16.113333333333333,
bb_73da669d,28800.0,pt,37,m,high,4600.0,false,783874.79,5848703.09,-24.21333333333334,
bb_5ffe2765,28800.0,pt,45,f,medium,2600.0,false,784213.09,5836655.76,-15.726666666666667,
bb_50a47fcd,28800.0,pt,19,f,medium,4600.0,true,773178.46,5873070.6,-77.61333333333334,
bb_a10cdbd0,28800.0,pt,63,f,medium,2600.0,false,816915.1,5829478.02,-14.943333333333333,
bb_4f9c3daa,28800.0,pt,95,f,medium,2000.0,false,779927.27,5813382.35,-14.813333333333336,
bb_1e976d9a,28800.0,pt,43,f,medium,2000.0,false,811284.42,5846819.29,-22.813333333333336,
bb_2d62d11d,28800.0,pt,32,m,medium,2000.0,false,805512.93,5843020.97,-12.093333333333334,
bb_bbe46716,28800.0,pt,18,f,low,2000.0,true,779118.36,5812195.41,-12.213333333333335,
bb_cbe3119c,28800.0,pt,32,m,medium,3000.0,false,824618.77,5864040.93,-21.613333333333337,
bb_6d073b5a,28800.0,pt,30,m,low,2000.0,false,822693.93,5831100.0,-18.943333333333335,
bb_907ca0a8,28800.0,pt,33,m,medium,1500.0,false,806278.15,5841872.78,-20.093333333333337,
bb_5302d549,28800.0,pt,58,f,low,2000.0,false,780797.57,5832124.46,-23.713333333333335,
bb_b23f52d6,28800.0,pt,65,f,very_low,499.0,false,766313.22,5811619.56,-14.813333333333334,
bb_03d43fdb,28800.0,pt,46,m,medium,1500.0,false,800082.84,5807157.41,-18.813333333333336,
bb_3173ac21,28800.0,pt,25,f,high,4600.0,false,820194.2,5841753.46,-26.943333333333342,
bb_5ff167e6,28800.0,pt,65,f,very_low,500.0,false,807932.58,5846066.17,-16.093333333333334,
bb_afba10f3,28800.0,pt,43,f,high,4600.0,false,791316.96,5843211.12,-22.883333333333333,
bb_d10869ee,28800.0,pt,48,m,high,2600.0,false,737666.55,5838392.94,-38.91333333333334,
bb_b66e5fd9,28800.0,pt,27,f,very_low,2000.0,false,766805.49,5828677.55,-23.713333333333335,
bb_1f5045c6,28800.0,pt,72,m,medium,2000.0,false,781193.39,5810929.94,-12.213333333333335,
bb_c5169a85,28800.0,pt,17,m,medium,3000.0,false,821303.27,5832593.87,-34.943333333333335,
bb_9a1e333a,28800.0,pt,5,m,medium,3000.0,false,816201.35,5828354.4,-14.943333333333333,
bb_2719fb4a,28800.0,pt,63,m,very_low,500.0,true,801835.47,5854087.11,-22.81333333333333,
bb_72c7993e,28800.0,pt,91,f,low,900.0,false,775819.45,5832556.61,-16.113333333333333,
bb_aa423023,28800.0,pt,32,f,medium,3600.0,false,785310.37,5807201.53,-21.403333333333332,
bb_d1af60ce,28800.0,pt,91,f,very_high,5600.0,true,784713.38,5800900.25,-21.513333333333335,
bb_37dbebdd,28800.0,pt,19,f,very_high,5600.0,false,787577.79,5815769.63,-17.403333333333336,
bb_b07fd861,28800.0,pt,35,m,medium,3000.0,false,741684.6,5849422.98,-23.713333333333335,
bb_392f3a7c,28800.0,pt,62,f,low,1500.0,false,778756.77,5820817.86,-17.61333333333334,
bb_42d0e3ed,28800.0,pt,44,m,high,3600.0,false,817931.34,5867716.84,-21.613333333333337,
bb_548ad953,28800.0,pt,45,f,very_high,5600.0,false,816592.92,5829929.48,-18.943333333333335,
bb_4cec45f1,28800.0,pt,40,f,high,4600.0,false,778379.02,5812644.16,-12.213333333333335,
bb_40f33428,28800.0,pt,64,m,high,4600.0,false,775935.73,5813280.18,-14.813333333333334,
bb_61c689af,28800.0,pt,43,m,high,3600.0,false,774053.24,5814481.04,-14.813333333333334,
bb_b25fa5dc,28800.0,pt,67,f,low,900.0,true,823154.0,5819927.78,-16.043333333333337,
bb_1ce6cff1,28800.0,pt,59,f,high,4600.0,true,809971.55,5835369.92,-13.613333333333335,
bb_83851a1a,28800.0,pt,55,m,medium,1500.0,false,823640.47,5804584.25,-34.71333333333334,
bb_32d63449,28800.0,pt,50,m,high,2600.0,false,775910.62,5831015.51,-14.813333333333334,
bb_3f29194e,28800.0,pt,20,m,very_high,5600.0,false,784210.47,5842226.71,-16.21333333333333,
bb_1f4a4414,28800.0,pt,27,f,medium,2000.0,false,869099.49,5742337.31,-46.71333333333334,
bb_54a5c8d8,28800.0,pt,42,m,very_high,5600.0,false,766187.48,5844342.93,-32.11333333333333,
bb_8856f7cd,28800.0,pt,51,f,low,2000.0,false,778556.44,5810072.59,-17.613333333333337,
bb_aa07158f,28800.0,pt,38,f,high,4600.0,false,829601.22,5828503.24,-30.04333333333333,
bb_87b10a64,28800.0,pt,59,f,medium,2000.0,false,776243.27,5813809.5,-14.813333333333334,
bb_0932f897,28800.0,pt,52,m,medium,2000.0,false,783213.13,5849596.14,-24.213333333333335,
bb_6d794ab8,28800.0,pt,38,f,medium,3600.0,false,771764.79,5853671.5,-48.21333333333333,
bb_beac6f01,28800.0,pt,68,m,low,900.0,false,822728.49,5820357.09,-18.043333333333333,
bb_05d932da,28800.0,pt,43,m,high,4600.0,false,813919.99,5812635.18,-13.613333333333337,
bb_53eb211e,28800.0,pt,31,f,very_low,1500.0,false,774512.47,5812696.16,-14.813333333333334,
bb_5e70e9c4,28800.0,pt,74,m,medium,1500.0,true,776341.13,5813766.93,-14.813333333333334,
bb_099141b4,28800.0,pt,37,m,low,2000.0,false,775642.71,5831041.5,-14.813333333333334,
bb_40ce49bc,28800.0,pt,42,m,high,4600.0,false,774432.85,5804808.66,-17.613333333333337,
bb_79d5afd8,28800.0,pt,50,m,very_low,500.0,false,816167.15,5808863.41,-17.61333333333334,
bb_b979ed61,28800.0,pt,26,f,medium,3000.0,false,785120.48,5779562.53,-13.613333333333335,
bb_501c6b66,28800.0,pt,14,m,very_high,5600.0,false,808514.21,5842283.04,-17.913333333333334,
bb_785ea4fb,28800.0,pt,48,m,very_low,900.0,false,809492.98,5800069.23,-17.61333333333334,
bb_0641762f,28800.0,pt,27,f,very_low,1500.0,false,779368.69,5814395.7,-17.613333333333337,
bb_652c4d80,28800.0,pt,53,f,medium,3000.0,false,774481.7,5815585.16,-17.613333333333337,
bb_212e3f97,28800.0,pt,8,f,high,4600.0,false,792185.71,5793436.3,-85.61333333333334,
bb_d6030f33,28800.0,pt,9,f,medium,3000.0,false,816533.6,5840192.19,-13.613333333333335,
bb_c09509c9,28800.0,pt,39,m,high,3600.0,false,769979.45,5814006.21,-14.813333333333334,
bb_0e24d517,28800.0,pt,32,f,low,3000.0,false,783520.23,5850502.91,-24.213333333333335,
bb_2dcc111f,28800.0,pt,58,f,high,3600.0,false,818783.22,5796268.84,-22.71333333333333,
bb_8c86ab86,28800.0,pt,63,f,very_low,900.0,true,776565.0,5833186.96,-16.113333333333333,
bb_bab8a6ec,28800.0,pt,73,m,medium,2600.0,false,801730.7,5854617.32,-22.813333333333333,
bb_a6f77077,28800.0,pt,50,m,very_low,500.0,true,803215.82,5798392.05,-33.61333333333334,
bb_c02dce94,28800.0,pt,68,f,low,1500.0,false,777043.82,5829928.47,-14.813333333333334,
bb_a24b5149,28800.0,pt,63,m,very_low,500.0,false,766170.48,5811472.77,-14.813333333333334,
bb_983722be,28800.0,pt,74,m,low,1500.0,false,802923.04,5814969.38,-17.613333333333337,
bb_5c05bcc6,28800.0,pt,56,f,very_low,500.0,true,798806.33,5798488.72,-21.513333333333335,
bb_968f6d0c,28800.0,pt,98,f,low,900.0,true,784585.51,5837377.73,-16.21333333333333,
bb_817038d9,28800.0,pt,52,m,medium,2600.0,false,807270.48,5779301.18,-98.31333333333333,
bb_9cedd81f,28800.0,pt,50,m,medium,3600.0,false,774887.18,5815694.77,-17.613333333333337,
bb_0300f4c1,28800.0,pt,47,f,high,3600.0,false,796053.86,5850799.76,-19.68,
bb_63c9a137,28800.0,pt,17,f,very_high,5600.0,false,781575.73,5810926.4,-17.613333333333337,
bb_da408f2c,28800.0,pt,9,m,very_high,5600.0,false,795903.44,5845064.87,-19.68,
bb_411e0b3d,28800.0,pt,94,f,high,3600.0,true,808660.42,5842355.41,-17.913333333333334,
bb_1b0cf111,28800.0,pt,12,m,very_low,2000.0,false,772562.81,5817263.8,-17.613333333333337,
bb_56199bab,28800.0,pt,58,f,very_high,5600.0,false,775692.64,5829414.86,-13.313333333333334,
bb_59a60960,28800.0,pt,93,f,medium,2000.0,true,822837.28,5820315.74,-18.043333333333333,
bb_861a969d,28800.0,pt,96,f,very_high,5600.0,true,778892.99,5810164.76,-17.613333333333337,
bb_1a543480,28800.0,pt,59,m,low,900.0,false,827077.85,5823914.09,-26.943333333333335,
bb_b04288d5,28800.0,pt,18,f,high,4600.0,false,812712.52,5811258.17,-29.613333333333337,
bb_25de7624,28800.0,pt,86,f,medium,2600.0,true,779421.23,5807782.03,-17.613333333333337,
bb_307abed3,28800.0,pt,2,m,high,4600.0,false,800463.9,5808684.98,-18.813333333333336,
bb_268e95cc,28800.0,pt,46,f,medium,2000.0,true,779073.45,5812852.06,-14.813333333333334,
bb_94afeecb,28800.0,pt,59,f,very_low,500.0,false,802524.56,5858812.58,-22.813333333333333,
bb_1470d63c,28800.0,pt,77,f,low,1500.0,true,801816.86,5806336.56,-23.91333333333333,
bb_8557b1d0,28800.0,pt,2,m,high,4600.0,false,779164.63,5812332.14,-14.813333333333333,
bb_0c783bca,28800.0,pt,58,f,medium,2600.0,false,796871.11,5787454.93,-85.61333333333334,
bb_b861797b,28800.0,pt,67,m,medium,2600.0,false,820374.24,5812498.87,-22.51333333333334,
bb_cbfab968,28800.0,pt,1,f,very_high,5600.0,false,778310.14,5812216.88,-12.213333333333335,
bb_b6d733b0,28800.0,pt,46,f,medium,1500.0,false,818959.18,5824327.94,-20.043333333333337,
bb_b9d66bfd,28800.0,pt,29,m,medium,1500.0,false,819687.53,5812276.85,-22.513333333333335,
bb_34f8bd82,28800.0,pt,28,m,high,3000.0,false,778899.64,5810676.78,-17.613333333333344,
bb_937371e9,28800.0,pt,75,f,medium,3000.0,false,783594.72,5840744.96,-20.213333333333335,
bb_79cd8ab1,28800.0,pt,13,m,medium,2600.0,false,796391.91,5843425.28,-12.213333333333333,
bb_c0314a4d,28800.0,pt,70,f,medium,3000.0,false,821156.59,5806342.99,-22.71333333333333,
bb_bd51bbb6,28800.0,pt,2,f,medium,2600.0,false,809502.2,5802644.53,-22.713333333333328,
bb_6eda505c,28800.0,pt,4,m,medium,2600.0,false,790939.63,5813409.05,-12.213333333333335,
bb_936c55b9,28800.0,pt,53,f,medium,3600.0,false,751561.09,5805658.79,-24.21333333333334,
bb_16e61b32,28800.0,pt,48,m,very_low,1500.0,false,774600.46,5831331.48,-13.313333333333334,
bb_9c5d871b,28800.0,pt,68,f,low,900.0,false,795990.69,5867699.89,-41.61333333333334,
bb_5882091d,28800.0,pt,22,f,low,1500.0,false,810108.15,5846488.62,-16.093333333333334,
bb_96c992c3,28800.0,pt,57,m,high,3600.0,false,774582.61,5803164.9,-17.613333333333333,
bb_0db1995a,28800.0,pt,90,f,medium,1500.0,false,806510.2,5842473.78,-20.093333333333334,
bb_4f3648a1,28800.0,pt,58,f,medium,2000.0,false,772944.21,5815672.61,-17.613333333333337,
bb_51cc8912,28800.0,pt,5,f,medium,3600.0,false,787439.21,5807089.87,-29.403333333333332,
bb_bc2c7583,28800.0,pt,48,m,medium,3600.0,false,771497.73,5853459.88,-48.21333333333333,
bb_92b0a1de,28800.0,pt,1,f,low,2000.0,false,793818.99,5810617.65,-18.81333333333334,
bb_0f0ac569,28800.0,pt,51,f,high,4600.0,false,770431.24,5828365.65,-23.71333333333334,
bb_5e06be62,28800.0,pt,13,m,medium,3000.0,false,775865.42,5815868.53,-17.613333333333337,
bb_1509eaef,28800.0,pt,11,m,low,2000.0,false,818221.29,5828700.56,-16.943333333333335,
bb_d879e151,28800.0,pt,67,f,medium,1500.0,false,776608.65,5813835.72,-14.813333333333334,
bb_1d9178ce,28800.0,pt,77,f,medium,2600.0,false,773055.75,5799140.07,-17.613333333333333,
bb_0d8c6dbe,28800.0,pt,50,m,very_high,5600.0,false,820301.03,5828548.27,-18.943333333333335,
bb_2b5c6232,28800.0,pt,40,f,very_high,5600.0,false,800507.73,5856268.66,-22.813333333333336,
bb_3d9ab308,28800.0,pt,52,m,low,2600.0,false,823999.05,5820498.02,-23.913333333333338,
bb_7537d74c,28800.0,pt,2,m,medium,3600.0,false,821142.15,5841234.23,-26.943333333333335,
bb_b1d32bd9,28800.0,pt,48,m,very_low,2000.0,false,842890.64,5810531.1,-23.913333333333334,
bb_91cdf285,28800.0,pt,61,m,very_low,500.0,false,806485.26,5844363.23,-12.093333333333334,
bb_cc65d29d,28800.0,pt,38,f,low,2600.0,false,789548.02,5803868.4,-13.613333333333337,
bb_cc57d0cd,28800.0,pt,34,m,medium,3000.0,false,779025.54,5821013.55,-19.726666666666667,
bb_05e72cd0,28800.0,pt,3,m,medium,2000.0,false,785275.09,5853252.8,-24.21333333333334,
bb_929856b3,28800.0,pt,1,m,medium,2000.0,false,777394.52,5810916.68,-17.613333333333333,
bb_739d38b8,28800.0,pt,20,m,very_low,900.0,false,790169.33,5802886.28,-13.613333333333339,
bb_db8888a4,28800.0,pt,79,m,medium,1500.0,true,740044.14,5809148.28,-22.81333333333334,
bb_9774498e,28800.0,pt,2,m,very_high,5600.0,false,771260.04,5833446.82,-13.313333333333334,
bb_1af375cb,28800.0,pt,7,m,very_low,900.0,false,815533.17,5800814.51,-17.613333333333337,
bb_5c343c6f,28800.0,pt,51,m,medium,2600.0,false,781011.25,5809191.22,-17.613333333333337,
bb_1dc4efd5,28800.0,pt,61,f,very_low,500.0,true,816020.51,5830031.79,-18.943333333333335,
bb_5a5ac71c,28800.0,pt,93,f,low,1500.0,true,800788.99,5808055.35,-14.813333333333334,
bb_33b0bcf5,28800.0,pt,86,m,low,1500.0,false,779703.78,5830738.73,-13.313333333333333,
bb_497c8ab6,28800.0,pt,33,m,high,3600.0,false,819836.39,5829298.9,-18.943333333333335,
bb_9b4280d4,28800.0,pt,1,m,medium,3600.0,false,764411.63,5799763.94,-24.21333333333333,
bb_8ff6262a,28800.0,pt,58,m,low,900.0,false,780498.11,5792275.05,-37.61333333333333,
bb_c483b873,28800.0,pt,46,f,low,900.0,true,813541.64,5811724.5,-17.443333333333335,
bb_65d1188f,28800.0,pt,35,f,medium,3000.0,false,779087.3,5813405.52,-14.813333333333334,
bb_30e4074e,28800.0,pt,37,f,high,4600.0,false,814914.89,5812767.52,-17.443333333333335,
bb_355bc289,28800.0,pt,72,m,high,3000.0,false,803934.29,5802572.61,-35.91333333333333,
bb_282014b7,28800.0,pt,51,m,high,4600.0,false,789680.64,5804132.84,-13.613333333333337,
bb_685f7b1b,28800.0,pt,73,f,low,900.0,true,787330.72,5850354.11,-36.213333333333324,
bb_4a9bd2e2,28800.0,pt,45,m,medium,2000.0,false,817801.7,5802263.53,-22.713333333333335,
bb_8b5649ac,28800.0,pt,68,m,very_low,900.0,true,801306.76,5802691.87,-29.61333333333333,
bb_c2410e4d,28800.0,pt,33,f,medium,1500.0,false,806598.76,5846216.76,-20.093333333333334,
bb_aa1ff8ec,28800.0,pt,40,m,very_low,499.0,false,765563.49,5816117.55,-17.613333333333337,
bb_2b65502e,28800.0,pt,42,m,very_low,499.0,false,786633.15,5854156.45,-17.61333333333334,
bb_a7c9c030,28800.0,pt,86,m,medium,2000.0,true,770659.57,5833231.14,-13.313333333333334,
bb_ac46ce36,28800.0,pt,78,m,medium,2000.0,false,811115.25,5834343.76,-19.443333333333335,
bb_59b570aa,28800.0,pt,37,m,medium,2000.0,false,773324.88,5812416.33,-14.813333333333334,
bb_9cd186df,28800.0,pt,7,m,high,4600.0,false,777155.89,5804969.02,-17.613333333333333,
bb_bdb7ac3a,28800.0,pt,10,f,very_high,5600.0,false,773109.78,5836178.17,-94.85509708978174,
bb_2bf4f580,28800.0,pt,56,f,very_high,5600.0,false,783876.42,5840012.49,-16.21333333333333,
bb_2f8e98f1,28800.0,pt,92,f,low,900.0,true,792434.19,5793496.01,-85.61333333333334,
bb_52006e3e,28800.0,pt,22,m,very_low,2000.0,false,775371.74,5831411.89,-13.313333333333333,
bb_00dcc567,28800.0,pt,5,f,low,2000.0,false,773679.06,5812095.16,-14.813333333333334,
bb_bac591c9,28800.0,pt,40,m,medium,2000.0,false,817077.45,5789331.81,-29.613333333333326,
bb_5acdd6f1,28800.0,pt,55,m,very_high,4600.0,false,810580.59,5836441.25,-13.613333333333335,
bb_6bd8fa93,28800.0,pt,65,m,very_low,900.0,true,778222.97,5832845.37,-17.313333333333333,
bb_225533a6,28800.0,pt,29,m,medium,2000.0,false,846584.28,5829321.65,-24.513333333333332,
bb_44dc0595,28800.0,pt,43,f,high,4600.0,false,777652.18,5830387.44,-14.813333333333334,
bb_c10a0747,28800.0,pt,20,m,medium,3000.0,false,780095.42,5831377.36,-16.113333333333333,
bb_d8bbdb2c,28800.0,pt,13,m,medium,3600.0,false,773704.15,5814350.41,-17.613333333333337,
bb_19f70aae,28800.0,pt,88,f,very_high,5600.0,false,807422.85,5845255.45,-16.093333333333334,
bb_42dab43f,28800.0,pt,67,f,medium,1500.0,false,818128.29,5828111.47,-16.943333333333335,
bb_a2a83fce,28800.0,pt,71,m,high,4600.0,false,815350.19,5808531.4,-17.61333333333334,
bb_37593ce5,28800.0,pt,53,m,high,3600.0,false,809892.95,5852168.18,-26.813333333333333,
bb_11a85043,28800.0,pt,58,f,medium,2000.0,false,819214.01,5864567.07,-21.613333333333337,
bb_431e346b,28800.0,pt,89,m,medium,2600.0,false,799792.26,5806397.5,-25.613333333333337,
bb_8ed65e3b,28800.0,pt,51,m,very_low,1500.0,false,824556.46,5829999.52,-18.943333333333335,
bb_7b568a11,28800.0,pt,59,f,high,3600.0,true,799810.13,5810692.75,-14.813333333333334,
bb_41a9d168,28800.0,pt,91,f,medium,2000.0,true,762158.64,5834719.25,-20.213333333333335,
bb_b8c0bbbd,28800.0,pt,55,f,very_low,499.0,false,787424.49,5854431.97,-28.21333333333334,
bb_059e4b73,28800.0,pt,50,f,high,3600.0,false,786321.6,5814757.14,-17.403333333333336,
bb_bf66f1f6,28800.0,pt,25,f,very_low,1500.0,false,805048.52,5788867.59,-33.61333333333334,
bb_d4af769d,28800.0,pt,4,m,very_high,5600.0,false,832514.35,5840359.3,-34.943333333333335,
bb_bac0e7ae,28800.0,pt,62,m,very_high,5600.0,false,799410.23,5806989.93,-25.613333333333333,
bb_204616d7,28800.0,pt,7,m,very_low,499.0,false,791613.72,5815256.51,-13.613333333333335,
bb_a740d941,28800.0,pt,40,m,high,3600.0,false,780059.37,5835920.35,-16.113333333333333,
bb_962b0fe0,28800.0,pt,97,m,medium,2000.0,true,820735.37,5803648.2,-22.713333333333335,
bb_cc7fddfd,28800.0,pt,17,m,high,5600.0,false,813065.75,5791377.53,-17.613333333333337,
bb_8372bae3,28800.0,pt,1,m,very_high,5600.0,false,800780.98,5794202.64,-33.61333333333334,
bb_a0751482,28800.0,pt,19,m,low,1500.0,false,798168.79,5854194.18,-74.81333333333333,
bb_d63d3d16,28800.0,pt,52,m,medium,2600.0,false,785833.71,5811778.87,-17.403333333333336,
bb_42d79828,28800.0,pt,53,m,medium,2000.0,false,773005.01,5815414.46,-17.613333333333333,
bb_20e7c667,28800.0,pt,36,f,high,4600.0,false,779032.8,5813033.85,-14.81333333333333,
bb_756b38bd,28800.0,pt,81,f,very_low,500.0,false,784019.87,5840502.74,-16.21333333333333,
bb_88aa5c2b,28800.0,pt,44,m,medium,3600.0,false,813554.75,5824324.75,-17.613333333333333,
bb_d624b157,28800.0,pt,16,m,high,4600.0,false,763000.7,5835529.26,-20.21333333333334,
bb_d015e862,28800.0,pt,14,f,medium,3600.0,false,783917.8,5841142.34,-16.21333333333333,
bb_2509fe97,28800.0,pt,47,f,low,900.0,false,775295.75,5849896.06,-36.213333333333324,
bb_2932029c,28800.0,pt,32,f,very_low,900.0,true,801189.98,5842906.59,-19.68,
bb_34e86cd3,28800.0,pt,30,m,low,900.0,false,779809.99,5811952.9,-12.213333333333335,
bb_d53fe763,28800.0,pt,57,f,high,3600.0,true,794343.79,5802527.37,-73.61333333333334,
bb_594bc287,28800.0,pt,24,m,very_low,900.0,false,821672.42,5840994.55,-62.943333333333335,
bb_7fe26a60,28800.0,pt,2,f,high,3600.0,false,779443.0,5814017.67,-14.813333333333334,
bb_c47e405c,28800.0,pt,53,f,low,1500.0,false,774646.5,5829818.49,-16.113333333333333,
bb_55aa71de,28800.0,pt,83,m,medium,2000.0,false,764021.17,5839130.66,-32.11333333333333,
bb_b8401638,28800.0,pt,70,f,medium,2600.0,false,815341.56,5800986.4,-17.61333333333334,
bb_a679383c,28800.0,pt,27,f,very_high,5600.0,false,815048.35,5803435.71,-17.613333333333337,
bb_95764261,28800.0,pt,78,m,high,3600.0,false,769641.01,5814052.56,-17.613333333333337,
bb_1de150f9,28800.0,pt,43,f,very_low,1500.0,false,782330.83,5795128.72,-37.61333333333333,
bb_d37d98ee,28800.0,pt,40,f,very_high,5600.0,false,781795.09,5809498.21,-17.613333333333337,
bb_90c4a3d5,28800.0,pt,72,f,low,900.0,true,768443.72,5820894.0,-17.613333333333337,
bb_5be78ccd,28800.0,pt,64,m,high,3600.0,false,807218.61,5844005.99,-16.093333333333337,
bb_397d1833,28800.0,pt,62,m,very_low,500.0,true,766915.5,5812315.3,-14.813333333333334,
bb_6c6a4111,28800.0,pt,60,m,high,4600.0,false,770419.99,5835910.37,-24.213333333333328,
bb_ca4b72bd,28800.0,pt,1,m,very_high,5600.0,false,801441.34,5802225.09,-29.61333333333333,
bb_5a021580,28800.0,pt,45,m,very_low,499.0,false,770598.42,5828576.18,-23.713333333333335,
bb_93fa1ae3,28800.0,pt,14,f,very_high,5600.0,false,816614.24,5796228.68,-29.613333333333333,
bb_5c3cdcb6,28800.0,pt,63,m,low,1500.0,false,807033.37,5849216.89,-16.093333333333334,
bb_4afb5c74,28800.0,pt,64,m,very_low,500.0,false,796081.85,5850822.91,-19.68,
bb_b7f500e8,28800.0,pt,54,m,medium,3000.0,false,775378.31,5828472.96,-13.313333333333334,
bb_9efb1bb2,28800.0,pt,29,m,high,3600.0,false,784723.1,5869460.93,-29.613333333333333,
bb_003841e5,28800.0,pt,33,m,high,3600.0,false,776288.4,5815804.87,-17.61333333333334,
bb_0a8f8b64,28800.0,pt,41,m,medium,3000.0,false,750832.78,5843002.21,-23.713333333333335,
bb_574619cc,28800.0,pt,61,f,medium,2000.0,false,777423.08,5831431.15,-11.713333333333335,
bb_9fc1c2e0,28800.0,pt,12,f,medium,2000.0,false,782314.11,5795093.24,-37.61333333333333,
bb_a0ffa559,28800.0,pt,91,m,high,3000.0,false,820007.78,5828871.84,-18.943333333333335,
bb_75368ba8,28800.0,pt,58,f,very_low,500.0,true,821569.67,5841027.63,-62.943333333333335,
bb_8214badb,28800.0,pt,4,m,high,3000.0,false,782024.13,5810705.86,-17.613333333333337,
bb_5aac080e,28800.0,pt,67,f,medium,2000.0,false,789855.01,5811555.8,-13.613333333333337,
bb_2707f77e,28800.0,pt,28,f,very_low,900.0,false,826659.07,5823380.93,-26.943333333333335,
bb_95d94a59,28800.0,pt,75,m,very_high,5600.0,false,761067.57,5890047.75,-36.21333333333333,
bb_afd9bca7,28800.0,pt,47,m,medium,3600.0,false,775578.48,5798797.79,-108.91333333333334,
bb_d4b14996,28800.0,pt,43,f,medium,3600.0,false,775926.96,5812828.7,-14.813333333333334,
bb_79f29010,28800.0,pt,12,f,medium,3000.0,false,815854.64,5807886.65,-17.61333333333334,
bb_c0578ee0,28800.0,pt,3,f,medium,2600.0,false,800264.61,5809860.3,-14.813333333333334,
bb_5f9ef8e6,28800.0,pt,56,f,medium,2600.0,true,771101.06,5814440.01,-17.613333333333337,
bb_43664389,28800.0,pt,15,f,high,4600.0,true,775037.73,5829760.72,-13.313333333333334,
bb_d3822ba8,28800.0,pt,57,f,very_high,5600.0,false,779669.8,5807131.49,-17.613333333333333,
bb_47b01d62,28800.0,pt,27,f,medium,3000.0,false,778780.73,5820441.83,-19.726666666666667,
bb_b43b1f08,28800.0,pt,35,f,high,3000.0,false,779430.44,5813423.95,-14.813333333333334,
bb_082411ff,28800.0,pt,12,m,low,2000.0,false,808181.28,5808389.9,-21.613333333333326,
bb_461bab29,28800.0,pt,27,f,medium,2000.0,false,810510.35,5846575.97,-16.093333333333334,
bb_b8f7ea8c,28800.0,pt,60,f,very_low,500.0,false,820592.59,5828781.49,-18.943333333333335,
bb_221b16ae,28800.0,pt,56,m,high,3000.0,false,818245.37,5790621.52,-41.61333333333333,
bb_86ac2d72,28800.0,pt,43,f,medium,2600.0,false,793505.53,5812484.15,-18.813333333333336,
bb_b8f8ab14,28800.0,pt,58,m,high,4600.0,false,823683.12,5829632.25,-18.943333333333335,
bb_bdb1866e,28800.0,pt,38,f,very_high,5600.0,false,808156.73,5845117.81,-16.093333333333334,
bb_d52092df,28800.0,pt,56,f,high,4600.0,false,810049.65,5851763.11,-26.813333333333336,
bb_56722b33,28800.0,pt,65,f,very_low,900.0,false,776945.41,5840374.71,-23.713333333333335,
bb_d4f22216,28800.0,pt,55,m,high,3000.0,false,776247.34,5833921.14,-20.213333333333335,
bb_bafa9f8b,28800.0,pt,15,m,very_low,1500.0,false,780360.47,5836016.09,-16.113333333333337,
bb_63e65484,28800.0,pt,10,m,medium,2600.0,false,776156.46,5830502.36,-14.813333333333334,
bb_985d6242,28800.0,pt,63,f,very_low,500.0,false,801406.84,5853096.76,-22.813333333333336,
bb_ce612a21,28800.0,pt,76,f,low,900.0,false,793857.87,5839752.03,-22.813333333333336,
bb_616627dc,28800.0,pt,41,m,very_low,900.0,false,815957.73,5808241.0,-17.61333333333334,
bb_2ab916dd,28800.0,pt,27,f,high,4600.0,false,791580.91,5840407.79,-18.813333333333336,
bb_d43e6971,28800.0,pt,46,f,low,1500.0,false,808089.29,5837551.79,-16.093333333333334,
bb_5e83b5bd,28800.0,pt,36,m,very_low,500.0,false,815071.5,5806978.2,-17.61333333333334,
bb_d853fe46,28800.0,pt,53,m,very_low,499.0,false,821871.94,5804133.11,-22.513333333333335,
bb_5dbb3dae,28800.0,pt,34,m,medium,2000.0,false,805628.34,5843387.5,-16.093333333333334,
bb_32105edc,28800.0,pt,37,f,medium,3000.0,false,813976.96,5794759.91,-29.613333333333337,
bb_52caee9f,28800.0,pt,42,f,medium,3600.0,false,766252.82,5834208.5,-20.21333333333334,
bb_869922d8,28800.0,pt,3,m,medium,3000.0,false,780305.83,5831414.42,-16.113333333333333,
bb_4da82b3f,28800.0,pt,69,f,high,2600.0,false,773794.38,5811735.08,-14.813333333333334,
bb_a523c460,28800.0,pt,52,f,low,900.0,false,762938.31,5866421.01,-36.213333333333324,
bb_c2e869a9,28800.0,pt,67,m,medium,2000.0,false,771383.64,5795070.59,-24.213333333333335,
bb_a668240b,28800.0,pt,6,m,very_high,5600.0,false,775218.74,5832295.0,-13.313333333333334,
bb_a84ef3b8,28800.0,pt,40,m,high,3600.0,false,781977.41,5805874.05,-19.443333333333335,
bb_8caf8316,28800.0,pt,54,m,medium,2600.0,false,821841.33,5838425.83,-30.943333333333335,
bb_acbf1009,28800.0,pt,45,m,high,3600.0,false,774300.06,5851902.46,-36.213333333333324,
bb_c3186548,28800.0,pt,10,f,very_high,5600.0,false,815993.45,5798694.8,-17.613333333333337,
bb_726eab3a,28800.0,pt,69,m,medium,2600.0,false,783693.37,5803347.29,-29.613333333333333,
bb_82aa7f26,28800.0,pt,27,f,high,3600.0,false,824015.85,5817184.95,-23.913333333333334,
bb_5a28b5f1,28800.0,pt,45,m,high,3000.0,false,809393.62,5846177.75,-20.093333333333334,
bb_d0150d49,28800.0,pt,51,f,high,4600.0,false,768846.88,5816253.82,-17.613333333333337,
bb_40c1bc7c,28800.0,pt,64,m,medium,3000.0,false,800618.38,5811782.06,-14.813333333333334,
bb_01744633,28800.0,pt,41,m,high,3600.0,false,776470.57,5815858.47,-17.613333333333344,
bb_a2da7491,28800.0,pt,59,f,very_high,5600.0,false,791995.51,5839792.46,-14.813333333333333,
bb_982faceb,28800.0,pt,29,f,very_low,1500.0,false,777007.83,5814393.36,-14.813333333333334,
bb_3ec126a0,28800.0,pt,46,m,medium,3600.0,false,820098.05,5824956.6,-26.943333333333335,
bb_a631aeb0,28800.0,pt,83,f,medium,2000.0,false,787169.6,5854022.18,-17.613333333333337,
bb_06222a45,28800.0,pt,70,m,medium,2000.0,false,822384.94,5821648.83,-23.913333333333334,
bb_c63a772c,28800.0,pt,87,f,low,900.0,false,778879.87,5810900.54,-17.61333333333334,
bb_991b895a,28800.0,pt,74,f,medium,3000.0,false,781811.77,5809937.85,-17.613333333333337,
bb_516ecc6e,28800.0,pt,60,f,very_low,1500.0,false,771420.51,5795116.01,-24.213333333333335,
bb_3e5d41dc,28800.0,pt,30,f,medium,2000.0,true,764185.91,5836500.71,-23.713333333333335,
bb_104f9a0a,28800.0,pt,18,f,medium,2000.0,false,814821.06,5800399.42,-41.61333333333333,
bb_07846ec9,28800.0,pt,43,f,medium,3000.0,false,796217.1,5850746.17,-19.68,
bb_95058859,28800.0,pt,52,f,very_low,900.0,true,761530.87,5889127.27,-36.21333333333333,
bb_393f7bc2,28800.0,pt,82,f,low,1500.0,false,773082.08,5811994.41,-14.813333333333334,
bb_254f8c1c,28800.0,pt,63,f,low,1500.0,false,787898.64,5859056.08,-36.213333333333324,
bb_4c2eea5e,28800.0,pt,64,f,very_low,500.0,false,766681.52,5810951.22,-14.813333333333334,
bb_ab0ec56a,28800.0,pt,38,f,high,4600.0,false,815592.21,5812731.53,-26.043333333333337,
bb_88bdefee,28800.0,pt,21,f,medium,2600.0,false,775818.75,5815622.18,-17.613333333333337,
bb_8026d696,28800.0,pt,13,m,high,4600.0,false,794969.83,5846971.88,-19.680000000000003,
bb_01838f57,28800.0,pt,37,f,very_low,900.0,false,803617.71,5794213.83,-33.61333333333334,
bb_b1a0a8f2,28800.0,pt,96,f,medium,1500.0,false,802705.29,5802135.66,-45.31333333333333,
bb_d736210f,28800.0,pt,53,m,low,900.0,false,787210.94,5858132.67,-36.213333333333324,
bb_7b7c9043,28800.0,pt,63,f,medium,2600.0,false,816159.41,5802858.65,-17.613333333333337,
bb_a1af1000,28800.0,pt,26,m,high,3000.0,false,825816.6,5864678.89,-21.613333333333337,
bb_8ce31b76,28800.0,pt,89,m,medium,1500.0,false,799709.2,5809417.14,-18.813333333333336,
bb_921ff467,28800.0,pt,80,f,low,900.0,false,812800.99,5804298.84,-22.71333333333333,
bb_7a4af7f3,28800.0,pt,72,m,low,1500.0,true,826680.72,5822533.53,-30.043333333333337,
bb_8384ece5,28800.0,pt,36,m,high,4600.0,false,811381.81,5814527.53,-18.813333333333336,
bb_4ccf1d85,28800.0,pt,34,m,high,4600.0,false,766066.67,5823970.58,-23.713333333333335,
bb_9b01ef1f,28800.0,pt,53,f,very_low,500.0,true,760645.07,5811737.1,-22.813333333333336,
bb_8d0fdd37,28800.0,pt,33,m,medium,2600.0,false,815124.95,5802688.57,-17.61333333333334,
bb_9b3e3717,28800.0,pt,21,f,very_low,2000.0,false,779223.0,5831275.47,-13.313333333333333,
bb_3f588a5e,28800.0,pt,8,m,very_high,5600.0,false,784126.86,5841099.13,-16.21333333333333,
bb_9911a5fa,28800.0,pt,62,m,medium,2600.0,false,802058.89,5791608.83,-45.31333333333335,
bb_29ee7828,28800.0,pt,33,f,medium,3600.0,false,761469.24,5835920.67,-20.21333333333334,
bb_aaae3465,28800.0,pt,17,f,very_high,5600.0,false,773579.81,5831779.71,-17.313333333333336,
bb_7a68f560,28800.0,pt,33,m,medium,2000.0,false,811110.86,5868225.95,-45.31333333333333,
bb_c701bd60,28800.0,pt,54,f,very_high,4600.0,false,820575.85,5814970.32,-23.913333333333334,
bb_40179fa7,28800.0,pt,93,f,medium,1500.0,true,775482.89,5829072.87,-13.313333333333334,
bb_0083c29b,28800.0,pt,55,m,very_low,500.0,true,770182.15,5828747.02,-23.713333333333335,
bb_1223c097,28800.0,pt,56,f,very_high,5600.0,false,779226.18,5767212.65,-25.613333333333337,
bb_a7005f9c,28800.0,pt,8,f,high,4600.0,false,792275.8,5815418.43,-13.613333333333335,
bb_b48da07e,28800.0,pt,14,f,high,3000.0,false,820530.27,5815223.63,-23.913333333333334,
bb_45ef87b1,28800.0,pt,30,f,medium,2000.0,false,788976.21,5803761.07,-13.613333333333339,
bb_649d6adc,28800.0,pt,37,m,very_high,5600.0,false,806037.03,5842533.5,-16.093333333333334,
bb_5f589d31,28800.0,pt,1,f,very_low,2000.0,false,778534.26,5809249.95,-17.613333333333333,
bb_994668a6,28800.0,pt,15,m,very_low,1500.0,false,779688.06,5841257.22,-20.213333333333335,
bb_0ca82d97,28800.0,pt,63,f,very_high,5600.0,true,766239.49,5811646.62,-14.813333333333334,
bb_38e98e8c,28800.0,pt,50,m,high,3600.0,false,774523.86,5831845.9,-13.313333333333334,
bb_cf8d5375,28800.0,pt,64,f,low,900.0,false,775475.49,5814225.87,-14.813333333333334,
bb_d0b3909c,28800.0,pt,60,m,very_low,499.0,false,765217.86,5830172.39,-23.713333333333335,
bb_2d7ce50f,28800.0,pt,38,m,medium,2600.0,false,744077.68,5859840.8,-36.213333333333324,
bb_93e211b1,28800.0,pt,96,f,very_high,5600.0,true,783979.88,5842350.02,-16.21333333333333,
bb_d1146667,28800.0,pt,55,f,low,1500.0,false,732784.94,5831275.82,-38.91333333333333,
bb_76ad640a,28800.0,pt,60,f,low,900.0,true,794684.41,5809987.58,-57.61333333333335,
bb_14820c41,28800.0,pt,48,f,high,3600.0,false,767745.68,5820521.16,-17.613333333333333,
bb_5f408356,28800.0,pt,72,m,medium,2000.0,false,845889.63,5810928.67,-20.21333333333334,
bb_03970d75,28800.0,pt,60,m,very_low,499.0,true,784172.79,5839951.18,-16.21333333333333,
bb_6203f150,28800.0,pt,48,f,medium,3600.0,false,805754.96,5844933.98,-20.093333333333334,
bb_bfafb2e9,28800.0,pt,97,f,low,1500.0,true,780424.81,5848452.13,-36.213333333333324,
bb_40270bd7,28800.0,pt,63,m,medium,3000.0,false,772481.73,5821325.72,-17.61333333333334,
bb_3934437e,28800.0,pt,67,m,medium,2600.0,true,774160.67,5828542.21,-16.113333333333333,
bb_24b2f435,28800.0,pt,47,m,medium,2600.0,false,795754.28,5843752.42,-18.48,
bb_d6311216,28800.0,pt,66,f,high,3600.0,false,817473.7,5802805.31,-22.713333333333335,
bb_d9e87eec,28800.0,pt,65,m,high,3600.0,false,792542.75,5814880.37,-12.213333333333335,
bb_3b916d5b,28800.0,pt,30,f,very_low,500.0,false,831741.39,5832460.78,-24.513333333333332,
bb_bd9f4776,28800.0,pt,59,m,medium,1500.0,false,819767.53,5804999.23,-17.613333333333337,
bb_2659b085,28800.0,pt,46,f,very_low,1500.0,true,778711.85,5820847.49,-17.61333333333334,
bb_57e40d94,28800.0,pt,42,m,high,4600.0,false,886017.38,5754139.99,-34.71333333333334,
bb_11683ae1,28800.0,pt,42,m,high,3600.0,false,811611.96,5846190.13,-22.813333333333336,
bb_939413dd,28800.0,pt,42,f,high,5600.0,false,806133.24,5845201.56,-20.093333333333334,
bb_577b3dc0,28800.0,pt,63,f,high,3000.0,false,778988.98,5820891.93,-17.613333333333344,
bb_57676f27,28800.0,pt,44,f,very_high,5600.0,false,816670.54,5806529.75,-17.613333333333344,
bb_5c7e7d69,28800.0,pt,57,m,high,3600.0,true,820207.52,5834906.64,-18.943333333333335,
bb_353fbb5d,28800.0,pt,86,f,medium,1500.0,true,783673.61,5852819.38,-24.213333333333335,
bb_8ec4b9bc,28800.0,pt,68,f,medium,2000.0,true,807084.28,5848391.61,-16.093333333333334,
bb_87b6a88e,28800.0,pt,55,m,low,900.0,false,778304.66,5813297.39,-14.813333333333334,
bb_1ed9b1b6,28800.0,pt,25,f,low,900.0,false,781086.1,5812046.72,-12.213333333333335,
bb_819d85ad,28800.0,pt,52,f,very_high,5600.0,false,783689.32,5852583.87,-24.213333333333335,
bb_6b82f0d2,28800.0,pt,21,m,medium,2600.0,true,776769.66,5832361.36,-13.313333333333334,
bb_c1ab899e,28800.0,pt,32,f,high,3600.0,false,790724.59,5813857.0,-12.213333333333336,
bb_1693469b,28800.0,pt,7,f,medium,3600.0,false,780531.7,5811086.82,-12.213333333333336,
bb_3a7b1a3f,28800.0,pt,5,m,low,2000.0,false,788517.09,5844820.94,-16.21333333333333,
bb_1fbbf6da,28800.0,pt,62,f,very_low,500.0,false,777000.32,5832923.99,-20.213333333333335,
bb_14cde362,28800.0,pt,84,f,very_low,900.0,false,799525.81,5810628.69,-14.813333333333334,
bb_62c5a452,28800.0,pt,37,m,high,3000.0,false,789607.08,5844403.1,-14.813333333333334,
bb_b850e6df,28800.0,pt,65,m,high,4600.0,false,779790.48,5813166.95,-14.813333333333334,
bb_1a032d2f,28800.0,pt,37,f,medium,2600.0,false,760141.13,5822478.9,-53.61333333333334,
bb_1aa74bde,28800.0,pt,4,f,medium,3000.0,false,800206.07,5853806.62,-26.813333333333333,
bb_5632c738,28800.0,pt,30,m,high,3600.0,false,787593.91,5850756.95,-36.213333333333324,
bb_59d38b42,28800.0,pt,67,f,low,900.0,true,774553.05,5814853.49,-14.813333333333334,
bb_20bb9c29,28800.0,pt,72,f,very_low,900.0,true,807791.77,5815133.46,-16.043333333333337,
bb_58fd09dc,28800.0,pt,48,f,high,4600.0,false,820099.44,5828820.32,-18.943333333333335,
bb_3935636c,28800.0,pt,34,f,medium,2000.0,false,781349.71,5810981.82,-17.613333333333337,
bb_b98c352a,28800.0,pt,61,f,medium,2000.0,false,773651.67,5815222.53,-17.613333333333337,
bb_441d364d,28800.0,pt,47,m,medium,2000.0,true,820689.25,5841995.47,-26.943333333333335,
bb_87c89bd9,28800.0,pt,41,f,medium,3000.0,false,840720.22,5802201.54,-23.913333333333334,
bb_a99835a5,28800.0,pt,19,f,very_high,5600.0,false,787845.65,5844098.33,-22.813333333333333,
bb_ab904726,28800.0,pt,41,m,medium,2600.0,false,810080.5,5848753.18,-26.813333333333333,
bb_92e91736,28800.0,pt,62,f,very_high,5600.0,false,715079.24,5870873.19,-35.71333333333334,
bb_169fad9d,28800.0,pt,40,m,very_low,500.0,false,787519.31,5791675.34,-98.31333333333332,
bb_3551ef3e,28800.0,pt,5,f,very_low,1500.0,false,792116.57,5839977.52,-18.813333333333336,
bb_94a73227,28800.0,pt,57,f,low,900.0,false,777044.12,5831409.61,-11.713333333333335,
bb_2d032d36,28800.0,pt,35,m,high,2600.0,true,774402.55,5799829.05,-22.813333333333336,
bb_b8d31e22,28800.0,pt,23,f,very_low,2000.0,false,795917.85,5841108.16,-16.21333333333333,
bb_9debefde,28800.0,pt,11,f,high,4600.0,false,799934.1,5845789.09,-17.613333333333333,
bb_a94d581b,28800.0,pt,33,f,very_low,900.0,true,766398.29,5811310.98,-14.813333333333334,
bb_017d3608,28800.0,pt,35,m,medium,2600.0,false,812014.83,5842047.0,-26.813333333333333,
bb_11865672,28800.0,pt,36,f,high,3600.0,false,802106.09,5814411.6,-17.613333333333337,
bb_514b2cb2,28800.0,pt,57,m,medium,2000.0,false,818202.77,5830226.11,-18.943333333333335,
bb_9fea797f,28800.0,pt,50,m,low,900.0,false,822128.4,5804694.05,-17.613333333333337,
bb_366a55ae,28800.0,pt,64,m,medium,3000.0,false,785372.88,5856107.7,-28.92,
bb_c4cec1df,28800.0,pt,52,m,very_high,5600.0,false,836158.29,5764631.36,-22.71333333333334,
bb_2ec30360,28800.0,pt,61,m,medium,2000.0,false,811466.46,5846756.58,-22.813333333333336,
bb_170b4cf2,28800.0,pt,54,m,very_low,500.0,true,765446.01,5829857.1,-23.71333333333333,
bb_b71f3e7a,28800.0,pt,78,m,low,900.0,false,816533.79,5796148.24,-29.613333333333337,
bb_9c1cdbcb,28800.0,pt,46,m,medium,3600.0,false,799174.91,5805986.76,-25.613333333333337,
bb_833f7c04,28800.0,pt,68,m,medium,3000.0,false,778991.78,5813827.82,-14.813333333333334,
bb_61d192f5,28800.0,pt,50,f,low,2000.0,false,787053.21,5814383.56,-16.213333333333335,
bb_619dd983,28800.0,pt,44,m,very_high,5600.0,false,778434.18,5809496.98,-17.613333333333337,
bb_4dd02d88,28800.0,pt,27,f,very_high,5600.0,false,804080.01,5806626.68,-35.913333333333334,
bb_202e5567,28800.0,pt,82,m,low,900.0,true,779214.17,5831253.5,-13.313333333333333,
bb_b445895f,28800.0,pt,51,m,high,3600.0,false,789055.7,5844123.27,-14.813333333333333,
bb_c21e2e13,28800.0,pt,36,f,medium,2600.0,false,776707.86,5832603.83,-13.313333333333334,
bb_4a4cc521,28800.0,pt,55,m,medium,1500.0,false,806491.73,5841695.08,-22.813333333333333,
bb_5e47a33e,28800.0,pt,63,m,medium,2600.0,false,786247.04,5850172.28,-36.21333333333332,
bb_5f3db126,28800.0,pt,60,f,very_low,499.0,false,781578.3,5810007.91,-17.613333333333337,
bb_caa0eafe,28800.0,pt,58,m,very_low,500.0,true,800038.08,5807305.57,-18.813333333333336,
bb_0963ef37,28800.0,pt,15,m,very_low,1500.0,false,799918.92,5845733.87,-17.613333333333333,
bb_27c55669,28800.0,pt,7,f,very_high,5600.0,false,767987.15,5808824.03,-17.613333333333337,
bb_c059eced,28800.0,pt,9,f,high,4600.0,false,816169.55,5802936.04,-17.613333333333333,
bb_16cd2c91,28800.0,pt,20,f,low,2000.0,false,805071.65,5809714.74,-25.613333333333337,
bb_9d3624b5,28800.0,pt,90,m,medium,2000.0,false,830642.28,5836423.1,-18.943333333333335,
bb_a9b45876,28800.0,pt,32,f,very_high,5600.0,true,788298.89,5845192.88,-22.813333333333333,
bb_aa339869,28800.0,pt,32,f,very_high,5600.0,false,790482.03,5814057.18,-12.213333333333335,
bb_30049555,28800.0,pt,36,f,high,4600.0,false,783410.57,5780728.06,-25.613333333333337,
bb_a4af2b64,28800.0,pt,25,m,very_low,1500.0,false,815526.04,5807845.33,-17.61333333333334,
bb_55206167,28800.0,pt,53,f,very_low,900.0,true,765475.99,5798716.24,-24.21333333333333,
bb_32bd6fef,28800.0,pt,56,f,medium,1500.0,true,775452.68,5812899.89,-14.813333333333334,
bb_2b924939,28800.0,pt,67,m,high,4600.0,false,736146.99,5797495.12,-26.813333333333336,
bb_8792862f,28800.0,pt,44,f,high,3600.0,false,775534.85,5815653.34,-14.813333333333334,
bb_41ff8438,28800.0,pt,43,m,medium,2600.0,false,772493.17,5815829.03,-17.613333333333337,
bb_2f38df5d,28800.0,pt,24,m,medium,2600.0,false,822757.01,5770121.68,-34.71333333333334,
bb_d706da64,28800.0,pt,34,f,low,2000.0,false,755972.11,5817038.04,-17.613333333333337,
bb_a921f6c5,28800.0,pt,37,f,medium,2000.0,false,779362.07,5807590.36,-17.613333333333337,
bb_5596dac1,28800.0,pt,77,f,medium,1500.0,true,821256.2,5828339.4,-18.943333333333335,
bb_0df4a7a1,28800.0,pt,33,f,medium,2000.0,false,792602.4,5840575.54,-22.883333333333333,
bb_4de4fd74,28800.0,pt,63,f,medium,2000.0,false,802622.6,5801373.4,-35.91333333333334,
bb_243a54ab,28800.0,pt,47,f,low,1500.0,false,771898.75,5833717.73,-17.313333333333333,
bb_379c3841,28800.0,pt,59,f,very_high,5600.0,true,783766.64,5850059.01,-24.213333333333335,
bb_51b5735b,28800.0,pt,30,m,low,2000.0,false,756337.78,5817452.81,-17.613333333333337,
bb_8af9e706,28800.0,pt,56,m,very_low,499.0,true,766295.64,5808799.05,-17.61333333333334,
bb_a7837bb7,28800.0,pt,16,f,very_low,1500.0,false,776231.24,5812137.14,-14.813333333333334,
bb_75363a42,28800.0,pt,70,m,low,900.0,false,801992.12,5806358.08,-23.913333333333338,
bb_0de2e0f7,28800.0,pt,28,f,low,2000.0,true,815531.61,5807838.77,-17.613333333333337,
bb_cb95d7c9,28800.0,pt,33,f,medium,2000.0,false,789423.54,5803452.96,-13.613333333333337,
bb_966f4817,28800.0,pt,92,f,low,900.0,false,762697.94,5834770.27,-17.313333333333333,
bb_3696446c,28800.0,pt,19,f,low,2000.0,false,786934.21,5851982.18,-17.913333333333334,
bb_2db13c1f,28800.0,pt,21,m,low,3000.0,false,769560.62,5819282.94,-17.613333333333337,
bb_83d35e29,28800.0,pt,42,f,high,3000.0,true,803842.02,5797710.85,-21.513333333333335,
bb_23368375,28800.0,pt,5,m,medium,3000.0,false,802445.21,5802263.46,-29.61333333333333,
bb_1da2aa11,28800.0,pt,41,f,low,2000.0,false,816480.37,5830062.34,-18.943333333333335,
bb_ce017acf,28800.0,pt,56,f,low,900.0,true,807363.98,5836480.64,-16.093333333333334,
bb_bf473ee5,28800.0,pt,39,f,medium,3000.0,false,792915.85,5808674.02,-18.813333333333336,
bb_9b7458da,28800.0,pt,41,m,medium,2000.0,false,815457.38,5803353.99,-17.61333333333334,
bb_b140fcc2,28800.0,pt,73,m,high,3000.0,false,771563.02,5833419.4,-13.313333333333333,
bb_cbc436be,28800.0,pt,37,f,high,4600.0,false,799108.74,5806848.55,-25.613333333333337,
bb_6f407e33,28800.0,pt,84,f,medium,1500.0,false,817658.06,5804212.31,-17.613333333333337,
bb_1c4fd6ca,28800.0,pt,72,m,medium,2000.0,false,772614.79,5815547.34,-17.613333333333337,
bb_1cbd48b7,28800.0,pt,4,f,high,4600.0,false,789382.92,5803488.94,-13.613333333333339,
bb_8fab56a0,28800.0,pt,6,m,medium,2600.0,false,805615.51,5842732.41,-12.093333333333334,
bb_3ae189aa,28800.0,pt,37,m,very_high,5600.0,false,821619.58,5829102.45,-18.943333333333335,
bb_c49cd1ec,28800.0,pt,14,m,low,2000.0,false,788852.2,5849630.63,-14.813333333333333,
bb_8534276d,28800.0,pt,47,m,very_low,499.0,false,764613.84,5805961.04,-17.61333333333334,
bb_ce9e7e8c,28800.0,pt,57,f,medium,2000.0,false,781340.1,5804846.61,-17.613333333333333,
bb_9b9d3f91,28800.0,pt,65,f,low,1500.0,false,786456.03,5852689.99,-17.613333333333337,
bb_42809af5,28800.0,pt,4,f,very_low,900.0,false,790058.18,5813124.04,-18.813333333333336,
bb_a0e93a70,28800.0,pt,32,f,medium,2000.0,true,802238.24,5816227.52,-16.213333333333335,
bb_47471e45,28800.0,pt,44,f,medium,3600.0,false,779892.11,5813183.57,-14.813333333333336,
bb_54192df4,28800.0,pt,0,f,very_low,500.0,false,805717.5,5814320.09,-17.613333333333337,
bb_cbd25028,28800.0,pt,43,f,very_low,1500.0,false,819627.94,5829753.42,-18.943333333333335,
bb_5766eec3,28800.0,pt,0,m,high,4600.0,false,824255.58,5823888.21,-22.943333333333335,
bb_60e7a2de,28800.0,pt,44,f,very_low,500.0,false,793288.63,5853964.97,-28.213333333333335,
bb_da1da640,28800.0,pt,43,f,very_low,499.0,false,788674.93,5793810.69,-13.613333333333335,
bb_5c00aba7,28800.0,pt,39,f,high,4600.0,false,771883.08,5813711.65,-17.613333333333337,
bb_9d306577,28800.0,pt,56,m,high,4600.0,false,769831.68,5813855.43,-17.613333333333337,
bb_cf437430,28800.0,pt,10,m,low,2000.0,false,777170.04,5830241.7,-14.813333333333334,
bb_02cf8f3e,28800.0,pt,65,f,medium,2600.0,false,811409.27,5841249.56,-26.813333333333333,
bb_2ec844cb,28800.0,pt,63,m,high,3600.0,false,819501.44,5822478.1,-20.043333333333333,
bb_b80bfe6d,28800.0,pt,35,f,medium,2000.0,false,815973.31,5829567.96,-22.943333333333335,
bb_3e4628e8,28800.0,pt,93,m,very_low,900.0,true,784454.14,5837671.12,-16.213333333333335,
bb_24fbcd4a,28800.0,pt,26,f,medium,2600.0,false,790857.93,5812219.02,-21.443333333333335,
bb_c40ac624,28800.0,pt,36,m,very_low,900.0,false,766145.87,5810751.48,-17.61333333333334,
bb_a29b4562,28800.0,pt,61,f,medium,2000.0,true,784128.38,5841326.66,-16.21333333333333,
bb_27bc3614,28800.0,pt,63,f,medium,2000.0,false,802491.58,5797121.57,-21.513333333333332,
bb_d6f23624,28800.0,pt,45,m,medium,2000.0,false,772548.2,5858288.42,-72.21333333333332,
bb_0b165a41,28800.0,pt,53,m,high,3000.0,false,791966.92,5839926.28,-18.813333333333336,
bb_274ad3b3,28800.0,pt,14,m,medium,3000.0,false,776423.01,5832971.34,-16.113333333333333,
bb_363fea44,28800.0,pt,63,f,medium,2600.0,false,816935.77,5829486.4,-14.943333333333333,
bb_4dac56fd,28800.0,pt,62,m,very_low,500.0,false,777296.08,5840452.64,-23.713333333333335,
bb_d87f0aac,28800.0,pt,13,f,low,2000.0,false,771544.89,5795257.3,-24.213333333333335,
bb_644e46b4,28800.0,pt,25,f,low,900.0,false,783172.43,5840647.79,-24.213333333333335,
bb_d2f57c48,28800.0,pt,55,f,medium,3000.0,false,798037.18,5851593.91,-29.61333333333334,
bb_7f1c1612,28800.0,pt,16,m,low,3600.0,false,774433.99,5828455.77,-16.113333333333337,
bb_74bc0f2d,28800.0,pt,70,m,high,3600.0,true,811254.09,5834682.72,-26.813333333333336,
bb_44bffac9,28800.0,pt,3,f,high,3600.0,false,786233.46,5853464.38,-17.613333333333337,
bb_36b1b94a,28800.0,pt,55,m,high,3600.0,false,810455.56,5835063.02,-18.943333333333335,
bb_a96a602b,28800.0,pt,12,m,high,3600.0,false,814327.55,5803242.69,-17.613333333333337,
bb_12698bba,28800.0,pt,73,m,low,1500.0,false,807471.96,5843833.22,-16.093333333333334,
bb_d6836a55,28800.0,pt,55,f,high,2600.0,false,816615.42,5797456.81,-17.613333333333337,
bb_58e6aec2,28800.0,pt,23,m,very_high,5600.0,false,778598.76,5812659.84,-12.213333333333335,
bb_963ea156,28800.0,pt,38,m,high,3000.0,true,766074.92,5811110.94,-17.61333333333334,
bb_da8b472f,28800.0,pt,49,m,high,4600.0,false,822759.79,5814761.27,-23.91333333333333,
bb_8c1f0180,28800.0,pt,19,m,medium,2600.0,false,831778.12,5862804.57,-21.613333333333337,
bb_c7022051,28800.0,pt,94,f,high,3000.0,true,769900.79,5813828.77,-14.813333333333334,
bb_96a845d0,28800.0,pt,6,m,medium,3000.0,false,775793.14,5815580.56,-17.613333333333337,
bb_a8ae90d4,28800.0,pt,45,f,medium,1500.0,false,816596.38,5801289.19,-17.61333333333334,
bb_18625672,28800.0,pt,21,f,high,5600.0,false,775382.28,5813722.88,-14.813333333333334,
bb_c3cd1397,28800.0,pt,77,m,low,900.0,false,799002.59,5806768.05,-25.613333333333337,
bb_600e9504,28800.0,pt,53,m,medium,3600.0,false,786312.49,5812198.48,-17.403333333333336,
bb_0f265742,28800.0,pt,25,m,medium,2000.0,false,688732.21,5887311.32,-38.81333333333334,
bb_ca2ca8ab,28800.0,pt,66,f,high,3600.0,true,817176.68,5825886.69,-16.943333333333335,
bb_6634abd1,28800.0,pt,83,f,medium,2600.0,false,776761.95,5832699.68,-16.113333333333333,
bb_2acfa97d,28800.0,pt,57,f,medium,3000.0,false,824600.01,5831506.77,-18.943333333333335,
bb_b48c3882,28800.0,pt,79,m,medium,1500.0,false,789228.27,5843533.45,-14.813333333333333,
bb_522d6848,28800.0,pt,57,m,very_high,4600.0,false,800104.52,5808913.06,-18.813333333333336,
bb_6893f10b,28800.0,pt,56,f,very_low,500.0,true,787125.4,5854579.78,-17.613333333333337,
bb_9cb931d6,28800.0,pt,58,m,low,900.0,false,783543.25,5841769.71,-16.21333333333333,
bb_54ef03ea,28800.0,pt,96,m,medium,1500.0,false,818354.74,5829769.3,-14.943333333333333,
bb_c89a2e65,28800.0,pt,57,f,medium,3000.0,false,817590.06,5829169.05,-14.943333333333333,
bb_67470dbe,28800.0,pt,77,f,very_low,500.0,false,791777.08,5812904.0,-13.613333333333335,
bb_2ecfece5,28800.0,pt,48,f,high,2600.0,false,822096.05,5829309.05,-18.943333333333335,
bb_2d6dba5b,28800.0,pt,3,f,very_high,5600.0,false,785647.12,5851564.26,-36.213333333333324,
bb_9dfd6d66,28800.0,pt,92,m,low,1500.0,false,781440.59,5809330.59,-17.61333333333334,
bb_59a00939,28800.0,pt,68,f,medium,2000.0,false,823550.1,5820951.28,-23.913333333333334,
bb_4cf8daaf,28800.0,pt,75,f,medium,1500.0,false,783820.8,5841296.16,-16.21333333333333,
bb_74999eb6,28800.0,pt,77,m,low,900.0,true,773476.4,5820744.24,-17.61333333333334,
