personId,time,mode,age,sex,economic_status,carAvail,restricted_mobility,homeX,homeY,accessibility
berlin_00125af2,28800,teleportedWalk,62,f,low,always,FALSE,797786.5719259878,5829166.405,-11.38333333
berlin_00145301,28800,teleportedWalk,57,f,medium,always,FALSE,796674.5729565185,5829951.042851909,-8.206666667
berlin_001c00ac,28800,teleportedWalk,62,f,high,always,FALSE,798380.0138911689,5827009.956226131,-16.94
berlin_0028320c,28800,teleportedWalk,31,m,medium,always,FALSE,795234.8215011514,5832180.212396094,-17.88666667
berlin_002b6fab,28800,teleportedWalk,34,m,high,always,FALSE,796331.7696639078,5825545.833,-17.12
berlin_003f8d6d,28800,teleportedWalk,15,m,low,always,FALSE,793977.6156752359,5828500.765,-8.723333333
berlin_0069badb,28800,teleportedWalk,56,f,low,always,FALSE,796998.6614396118,5832700.055728974,-21.66
berlin_0072f557,28800,teleportedWalk,53,f,high,always,FALSE,797109.1270121298,5829132.788343149,-7.903333333
berlin_00877108,28800,teleportedWalk,62,f,very_low,always,FALSE,798045.9988806235,5830528.243,-15.53666667
berlin_00b33ee3,28800,teleportedWalk,54,f,very_high,always,FALSE,795462.7611745009,5830316.786013504,-8.123333333
berlin_00cf6b9c,28800,teleportedWalk,48,f,very_high,always,FALSE,796369.5134475443,5830940.218407932,-11.94333333
berlin_00cfc9e3,28800,teleportedWalk,52,m,high,always,FALSE,795384.4361070562,5832351.131,-18.69666667
berlin_00d9fedf,28800,teleportedWalk,24,f,high,always,FALSE,793647.9499639965,5831808.560980127,-18.90333333
berlin_00df5ae1,28800,teleportedWalk,82,m,low,always,FALSE,793544.3569386951,5832103.575826442,-20.48666667
berlin_00e0549c,28800,teleportedWalk,62,f,high,always,FALSE,795050.1423,5830989.346586703,-11.96333333
berlin_00e703b2,28800,teleportedWalk,48,f,high,always,FALSE,796793.2047373797,5831529.271180311,-15.59
berlin_00f9f618,28800,teleportedWalk,40,f,very_low,always,TRUE,795928.9950257532,5828990.248046721,-1.93
berlin_00fd989a,28800,teleportedWalk,29,f,medium,always,FALSE,797663.5983874258,5831412.881664422,-17.35
berlin_00fe3784,28800,teleportedWalk,38,f,very_high,always,FALSE,798172.7964344788,5827180.705067872,-15.55333333
berlin_012ab94f,28800,teleportedWalk,38,f,very_high,always,FALSE,793935.8262172064,5828420.959173549,-9.01
berlin_013399c8,28800,teleportedWalk,81,m,medium,always,FALSE,797144.5390839698,5828084.889505259,-8.606666667
berlin_0133ff41,28800,teleportedWalk,12,m,medium,never,FALSE,794948.2153187755,5829145.724397383,-4.083333333
berlin_0141e195,28800,teleportedWalk,54,f,low,always,FALSE,794496.0707525383,5831052.379247929,-13.29
berlin_0145ed18,28800,teleportedWalk,54,f,very_low,always,FALSE,794615.3908905329,5831442.336095568,-14.9
berlin_015dce0e,28800,teleportedWalk,26,m,low,always,FALSE,796091.2216071732,5831138.426570623,-12.57333333
berlin_017413df,28800,teleportedWalk,50,m,very_low,always,FALSE,793983.0351456152,5828500.211952408,-8.696666667
berlin_01a4e17c,28800,teleportedWalk,35,m,medium,always,FALSE,794802.5015889872,5830890.307986053,-11.87333333
berlin_01a5b16e,28800,teleportedWalk,28,m,very_low,always,FALSE,797756.7644917094,5828304.615056689,-11.29
berlin_01b4ec05,28800,teleportedWalk,32,m,medium,always,FALSE,793446.6592481304,5828922.096643775,-11.40666667
berlin_01b9b16d,28800,teleportedWalk,46,f,low,always,FALSE,799126.0142495052,5826796.889082291,-20.83666667
berlin_01c2682a,28800,teleportedWalk,38,f,medium,always,FALSE,797943.5773205594,5830279.578526777,-14.36
berlin_01e2ed4b,28800,teleportedWalk,88,m,very_low,always,TRUE,794830.3299,5831444.257130529,-14.55
berlin_020d91ae,28800,teleportedWalk,45,m,very_low,always,FALSE,799229.0723163865,5828828.974921092,-18.69333333
berlin_021f2754,28800,teleportedWalk,38,f,medium,always,FALSE,799010.5438316285,5827839.492,-18.2
berlin_0221c77a,28800,teleportedWalk,88,m,low,always,FALSE,797443.5313937449,5833031.094778146,-24.1
berlin_0234c320,28800,teleportedWalk,33,f,medium,always,FALSE,799025.7004853056,5828426.173924671,-17.72
berlin_023d9ea0,28800,teleportedWalk,32,m,high,always,FALSE,793556.2854018722,5828639.052578496,-10.82666667
berlin_023f0094,28800,teleportedWalk,85,m,very_high,always,FALSE,794272.7168939465,5831500.985569216,-15.89666667
berlin_0249febe,28800,teleportedWalk,46,m,medium,always,FALSE,794379.6510259233,5828289.234904969,-6.976666667
berlin_024c3a6c,28800,teleportedWalk,86,m,high,always,FALSE,795098.7938671713,5830064.333502795,-7.313333333
berlin_02691cd3,28800,teleportedWalk,42,f,high,always,FALSE,798015.0883667682,5830700.103256597,-15.95333333
berlin_0276ba83,28800,teleportedWalk,88,m,high,always,FALSE,795794.5610739738,5831232.894752046,-12.86333333
berlin_029072a1,28800,teleportedWalk,48,f,high,always,FALSE,798852.9938144565,5828898.523455044,-16.75
berlin_02a73824,28800,teleportedWalk,60,f,medium,always,FALSE,795742.4026351416,5828066.995,-3.663333333
berlin_02c7af46,28800,teleportedWalk,64,f,medium,always,FALSE,794209.3051191801,5828106.703846852,-8.16
berlin_02cc6f2d,28800,teleportedWalk,51,f,very_high,always,TRUE,796986.2107647911,5833130.120186664,-23.76666667
berlin_030c5ac4,28800,teleportedWalk,57,f,high,always,FALSE,797679.1388122332,5826605.382,-15.45666667
berlin_0315d2d1,28800,teleportedWalk,25,f,low,always,FALSE,793780.6625351016,5832200.345682144,-20.30333333
berlin_032bfceb,28800,teleportedWalk,32,f,very_high,always,FALSE,796315.8049520232,5831620.662004146,-15.27
berlin_0343f46a,28800,teleportedWalk,7,m,high,never,FALSE,793957.2505269236,5827957.83,-9.676666667
berlin_0349b2c2,28800,teleportedWalk,23,f,medium,always,FALSE,795029.2674381179,5828855.824921456,-3.183333333
berlin_03638376,28800,teleportedWalk,76,m,medium,always,TRUE,794502.6188110074,5831740.475769884,-16.56
berlin_036d1c47,28800,teleportedWalk,7,m,high,never,FALSE,796337.7011395774,5830275.335,-8.666666667
berlin_037a255d,28800,teleportedWalk,98,m,medium,always,FALSE,797823.6202925062,5830174.39,-13.54
berlin_037d9517,28800,teleportedWalk,17,m,very_high,never,FALSE,794025.5044440422,5828021.7419495685,-9.213333333
berlin_0390481e,28800,teleportedWalk,33,m,high,always,FALSE,796617.4238339568,5831984.977874957,-17.51
berlin_039b3bde,28800,teleportedWalk,49,f,low,always,FALSE,795505.4678988635,5831522.353382203,-14.36
berlin_03fff3f0,28800,teleportedWalk,27,f,medium,always,FALSE,794426.2499,5832503.134324785,-20.43333333
berlin_0404cd17,28800,teleportedWalk,56,f,low,always,FALSE,797865.8023454454,5827205.955656857,-14.15
berlin_04060af0,28800,teleportedWalk,56,f,medium,always,FALSE,797041.9338479796,5830957.066960521,-13.55
berlin_041397d2,28800,teleportedWalk,34,m,medium,always,FALSE,796982.2350605937,5832151.685,-18.95666667
berlin_0433b7e5,28800,teleportedWalk,75,m,medium,always,FALSE,799037.1289862454,5828755.5535463765,-17.69
berlin_04389740,28800,teleportedWalk,46,f,high,always,FALSE,796695.1727896637,5831492.552369478,-15.22333333
berlin_043a0542,28800,teleportedWalk,61,m,medium,always,FALSE,797600.3479338388,5828329.434864671,-10.46666667
berlin_047221e4,28800,teleportedWalk,43,f,low,always,FALSE,796044.7034567676,5829554.871821732,-4.633333333
berlin_04883a21,28800,teleportedWalk,54,m,high,always,FALSE,794087.1570408205,5828723.404897889,-8.046666667
berlin_04b5bfd1,28800,teleportedWalk,54,f,very_high,always,FALSE,795559.4370087285,5830663.607055133,-9.886666667
berlin_04b628e9,28800,teleportedWalk,30,m,very_high,always,FALSE,796636.9579467566,5831600.844809667,-62.86333333
berlin_04c293f5,28800,teleportedWalk,19,m,high,always,FALSE,796259.0915341094,5831263.418762585,-13.39666667
berlin_04fd7788,28800,teleportedWalk,89,m,medium,always,FALSE,794015.8404574026,5829089.310747068,-8.583333333
berlin_0502e857,28800,teleportedWalk,48,f,high,always,FALSE,795221.2201444883,5830237.330691275,-7.956666667
berlin_05108083,28800,teleportedWalk,52,f,high,always,FALSE,794658.7078623376,5831667.746068311,-15.93
berlin_05136ec8,28800,teleportedWalk,55,f,high,always,FALSE,795494.8508,5830168.963071645,-7.34
berlin_051d0232,28800,teleportedWalk,61,f,very_low,always,TRUE,797044.7498486752,5832211.547324839,-19.37
berlin_052a6cea,28800,teleportedWalk,39,f,very_high,always,FALSE,796766.9107374765,5830551.138,-11
berlin_0533e86b,28800,teleportedWalk,37,f,medium,always,FALSE,797414.7518667197,5831704.445982095,-17.87333333
berlin_053a08af,28800,teleportedWalk,4,m,medium,never,FALSE,794923.2062684025,5832078.708768469,-17.63
berlin_0547a1f1,28800,teleportedWalk,37,f,very_low,always,FALSE,795709.6755320744,5828261.189014403,-2.64
berlin_055510ac,28800,teleportedWalk,32,f,low,always,FALSE,795548.9371749354,5830310.169737938,-8.053333333
berlin_0569bb8f,28800,teleportedWalk,29,f,high,always,FALSE,799954.6111828391,5826543.954436113,-25.25333333
berlin_056b65a1,28800,teleportedWalk,27,f,high,always,FALSE,798224.9421275109,5830688.530543487,-16.78
berlin_056e3514,28800,teleportedWalk,63,f,low,always,TRUE,795489.9880054806,5831447.812310007,-13.97666667
berlin_05711d22,28800,teleportedWalk,47,m,medium,always,FALSE,794969.4115826946,5829989.960139291,-7.253333333
berlin_057a047f,28800,teleportedWalk,48,m,high,always,FALSE,796993.9577469472,5831272.5291139865,-14.83666667
berlin_0587e453,28800,teleportedWalk,61,m,very_high,always,FALSE,794866.0203759618,5827808.657169176,-6.373333333
berlin_058df6f7,28800,teleportedWalk,38,f,medium,always,FALSE,795632.2948707145,5830621.932235486,-9.66
berlin_05945432,28800,teleportedWalk,53,f,medium,always,FALSE,793373.1737300263,5828437.510147796,-11.88
berlin_05a38050,28800,teleportedWalk,88,m,low,always,FALSE,797104.3349607994,5831538.850498004,-16.32666667
berlin_05aa5681,28800,teleportedWalk,91,m,medium,always,FALSE,799767.9427020053,5826618.507552862,-24.21333333
berlin_05b2ccac,28800,teleportedWalk,37,m,medium,always,FALSE,795506.9287230929,5829203.654885421,-2.38
berlin_05c05ced,28800,teleportedWalk,46,f,very_high,always,FALSE,794731.1468305096,5828907.871974519,-4.756666667
berlin_05fb121d,28800,teleportedWalk,31,f,medium,always,FALSE,797783.5692610401,5832055.516033369,-20.44
berlin_06003a32,28800,teleportedWalk,29,m,high,always,FALSE,794006.1102602761,5831633.059312284,-17.15333333
berlin_060aedf3,28800,teleportedWalk,19,m,low,always,FALSE,793467.8377,5831992.710394172,-20.22
berlin_0620a4fa,28800,teleportedWalk,40,f,medium,always,FALSE,795263.6339,5830151.686736032,-7.47
berlin_062b28ac,28800,teleportedWalk,71,m,low,always,FALSE,795495.7371107403,5831477.278441142,-14.12666667
berlin_0634ef42,28800,teleportedWalk,60,m,medium,always,FALSE,795536.0388168634,5830499.467035557,-9.04
berlin_063c22bf,28800,teleportedWalk,1,m,high,never,FALSE,794008.0916100845,5828737.876592149,-8.456666667
berlin_063de430,28800,teleportedWalk,23,f,very_low,always,FALSE,796738.3181047308,5832504.573602879,-20.28
berlin_0662f9d9,28800,teleportedWalk,12,m,medium,never,FALSE,794093.0921323625,5830883.733086294,-13.63
berlin_0671e952,28800,teleportedWalk,34,f,medium,always,FALSE,797243.3982399718,5831788.420289258,-17.81333333
berlin_06788370,28800,teleportedWalk,98,m,very_low,always,TRUE,798916.7390441522,5828610.093,-17.08333333
berlin_0682d00a,28800,teleportedWalk,44,f,high,always,FALSE,796839.7846833039,5831265.139,-14.43666667
berlin_068b112b,28800,teleportedWalk,64,m,low,always,TRUE,795456.1340329798,5830231.583412818,-7.686666667
berlin_06a26716,28800,teleportedWalk,92,m,medium,always,FALSE,794005.2804246079,5831639.518582484,-17.18666667
berlin_072781c3,28800,teleportedWalk,51,m,medium,always,FALSE,794062.7138672825,5832003.6240312485,-18.72333333
berlin_0729aa32,28800,teleportedWalk,50,f,medium,always,FALSE,796972.4462870484,5826422.792649425,-14.02
berlin_0737db38,28800,teleportedWalk,32,f,medium,always,FALSE,798916.0692486532,5827004.093988602,-19.36
berlin_07389064,28800,teleportedWalk,51,f,low,always,FALSE,796514.9704150199,5825979.4589261105,-15.18333333
berlin_07463b6b,28800,teleportedWalk,62,m,medium,always,FALSE,797455.0962946876,5829950.581,-11.3
berlin_074c7af3,28800,teleportedWalk,82,m,high,always,FALSE,794721.3646115803,5827901.991,-6.526666667
berlin_075d5ad5,28800,teleportedWalk,60,f,medium,always,FALSE,793401.1109519632,5828631.090617273,-11.63333333
berlin_0792b026,28800,teleportedWalk,22,f,high,always,FALSE,796373.7074527987,5831164.107697462,-13.06
berlin_07967e19,28800,teleportedWalk,38,f,medium,always,FALSE,795556.2187214483,5830681.7291880455,-9.98
berlin_07ba6619,28800,teleportedWalk,9,m,medium,never,FALSE,798754.9569705026,5828606.110399601,-16.24333333
berlin_07c28d10,28800,teleportedWalk,37,f,high,always,FALSE,795649.3861700121,5829333.374660617,-2.96
berlin_07c68c22,28800,teleportedWalk,28,f,high,always,FALSE,794648.0547416082,5831390.642,-14.59
berlin_07e74e07,28800,teleportedWalk,34,f,low,always,FALSE,794613.9699545966,5828363.261966175,-5.7
berlin_080f30fb,28800,teleportedWalk,34,m,low,always,FALSE,798423.1696,5829926.037277182,-15.70666667
berlin_0824cd6a,28800,teleportedWalk,75,m,medium,always,TRUE,794677.4165234372,5828903.965988709,-5.03
berlin_082d7570,28800,teleportedWalk,11,m,high,never,FALSE,795108.0872372017,5828959.508752099,-2.92
berlin_0830f313,28800,teleportedWalk,37,f,very_low,always,FALSE,795245.8040565435,5828757.7259634035,-2.02
berlin_0839f8c1,28800,teleportedWalk,28,f,medium,always,FALSE,797616.2557986403,5828884.281826037,-10.32333333
berlin_083d0e9d,28800,teleportedWalk,68,m,medium,always,TRUE,794492.7253350314,5827342.449724359,-9.48
berlin_0852b4d2,28800,teleportedWalk,46,f,medium,always,FALSE,796961.0347605292,5832078.895228934,-18.56666667
berlin_08531aed,28800,teleportedWalk,21,f,medium,always,FALSE,797169.6437665485,5831330.537217907,-15.55
berlin_0867574b,28800,teleportedWalk,43,f,high,always,FALSE,795397.5864747561,5831186.730183422,-12.65666667
berlin_08708b78,28800,teleportedWalk,33,f,high,always,FALSE,798302.2858676217,5826906.251524295,-16.9
berlin_087740eb,28800,teleportedWalk,17,m,high,never,FALSE,795715.8282471867,5830743.2767305095,-10.3
berlin_089c235d,28800,teleportedWalk,32,m,very_low,always,FALSE,795777.4690734709,5828002.603629637,-4.026666667
berlin_08bfc29a,28800,teleportedWalk,55,f,medium,always,FALSE,799134.0894661408,5826924.661899415,-20.55666667
berlin_08d450e1,28800,teleportedWalk,75,m,medium,always,FALSE,797531.4182198723,5832111.921466111,-20.01
berlin_08d919c4,28800,teleportedWalk,80,m,medium,always,FALSE,799523.6916079614,5828726.058977101,-20.22333333
berlin_08e04ec2,28800,teleportedWalk,43,f,medium,always,TRUE,799661.0082588757,5826560.922355804,-23.86333333
berlin_08e4d299,28800,teleportedWalk,31,f,low,always,FALSE,798390.0030210374,5827062.204768427,-16.83666667
berlin_08f5be04,28800,teleportedWalk,25,f,very_high,always,FALSE,797838.9499082385,5830393.164,-14.25333333
berlin_09029c19,28800,teleportedWalk,55,f,high,always,FALSE,795087.8841989922,5828787.611420274,-2.843333333
berlin_0919469e,28800,teleportedWalk,18,m,very_high,always,FALSE,797231.5325,5831288.168,-15.53
berlin_093ec428,28800,teleportedWalk,7,m,medium,never,FALSE,794139.7947862255,5828924.901,-7.816666667
berlin_0958e00f,28800,teleportedWalk,50,f,low,always,FALSE,796938.6218062146,5826221.805630308,-14.85333333
berlin_0970bf47,28800,teleportedWalk,46,f,high,always,FALSE,798393.3762199443,5828445.579984286,-14.44
berlin_0979099a,28800,teleportedWalk,34,f,high,always,FALSE,792049.9702001546,5831362.042,-23.02
berlin_097d56f9,28800,teleportedWalk,3,m,medium,never,FALSE,795583.1291617104,5828244.716174409,-2.71
berlin_099117cf,28800,teleportedWalk,2,m,low,never,FALSE,795627.0883047825,5828445.160265751,-1.656666667
berlin_09968a54,28800,teleportedWalk,15,m,high,never,FALSE,792798.1583446728,5828800.8914236305,-14.75
berlin_09ae582b,28800,teleportedWalk,17,m,very_low,never,FALSE,798237.9501014433,5830545.510883741,-16.40333333
berlin_09cbad1f,28800,teleportedWalk,1,m,high,never,FALSE,799190.5257709018,5827071.7420728635,-20.47666667
berlin_09edaeab,28800,teleportedWalk,24,m,medium,always,FALSE,794796.1050903818,5829008.311060867,-4.54
berlin_09feb0a5,28800,teleportedWalk,18,m,low,always,FALSE,798083.6560053246,5828833.354611004,-12.74
berlin_0a023e3b,28800,teleportedWalk,79,m,medium,always,FALSE,793431.7152935455,5831942.422570187,-20.11
berlin_0a1d6b10,28800,teleportedWalk,43,f,low,always,FALSE,797761.2416,5830064.078,-12.96
berlin_0a5726e7,28800,teleportedWalk,18,f,medium,always,FALSE,796281.5180060002,5830647.462,-10.35666667
berlin_0a5f8236,28800,teleportedWalk,14,m,medium,never,FALSE,794707.6417324446,5828358.885957077,-5.26
berlin_0a66eab6,28800,teleportedWalk,83,m,very_low,always,TRUE,799528.6834797054,5827151.810181823,-21.91333333
berlin_0a68f03f,28800,teleportedWalk,24,m,high,always,FALSE,800200.6457468872,5827796.918,-24.26666667
berlin_0a73c8b6,28800,teleportedWalk,12,m,high,never,FALSE,795362.7450778437,5832406.3716600165,-18.99333333
berlin_0a791042,28800,teleportedWalk,46,f,medium,always,FALSE,799431.5966663008,5828818.1128603155,-19.74333333
berlin_0a84d6c6,28800,teleportedWalk,44,m,medium,always,FALSE,795828.6585,5831626.598533664,-14.92
berlin_0a863afc,28800,teleportedWalk,18,f,very_low,always,FALSE,798884.0724566553,5828628.202,-16.91
berlin_0aee5659,28800,teleportedWalk,43,f,low,always,TRUE,793597.8434325466,5828437.122474671,-10.72333333
berlin_0aefc116,28800,teleportedWalk,68,m,high,always,FALSE,798102.4955200804,5831025.841216854,-17.40666667
berlin_0afe2194,28800,teleportedWalk,25,f,low,always,FALSE,793911.5073312155,5831724.494354191,-17.81333333
berlin_0b1582a1,28800,teleportedWalk,5,m,low,never,FALSE,798168.2968,5830817.154822548,-16.95666667
berlin_0b1a0807,28800,teleportedWalk,30,m,low,always,FALSE,796264.5933,5831121.774856885,-12.69
berlin_0b239eb5,28800,teleportedWalk,27,f,medium,always,FALSE,796802.4776380585,5829759.176989697,-7.976666667
berlin_0b23e6aa,28800,teleportedWalk,86,m,very_high,always,FALSE,793919.6093673367,5829125.241035147,-9.113333333
berlin_0b6589c4,28800,teleportedWalk,91,m,high,always,FALSE,799612.4138845182,5827815.6649545245,-21.26333333
berlin_0b7d1b9b,28800,teleportedWalk,32,f,high,always,FALSE,799464.4004143903,5826539.356877131,-23.03
berlin_0b7fb1e0,28800,teleportedWalk,22,f,low,always,FALSE,794211.7103863508,5832054.375,-18.64
berlin_0bb4038b,28800,teleportedWalk,34,f,medium,always,FALSE,793432.6246363935,5828607.995335639,-11.47666667
berlin_0bb625f5,28800,teleportedWalk,23,m,high,always,FALSE,794559.5757,5831707.731157506,-16.29666667
berlin_0bb7b114,28800,teleportedWalk,24,f,very_low,always,FALSE,795466.6450473131,5830355.859,-8.323333333
berlin_0bc63181,28800,teleportedWalk,56,f,medium,always,FALSE,796288.314,5830971.344748109,-11.97
berlin_0bcb40f9,28800,teleportedWalk,67,m,high,always,FALSE,795840.8043238033,5825692.999923107,-16.00333333
berlin_0bd2d142,28800,teleportedWalk,26,m,high,always,FALSE,798927.2857079436,5828563.452,-17.15333333
berlin_0be9630c,28800,teleportedWalk,55,f,high,always,FALSE,797417.1455886604,5832870.176900664,-23.27666667
berlin_0bf2c0d7,28800,teleportedWalk,14,m,high,never,FALSE,795813.5537561865,5830682.341714348,-10.02
berlin_0bf784ad,28800,teleportedWalk,12,m,very_low,never,FALSE,794244.3465711367,5831890.7505738055,-17.79333333
berlin_0c07c1cd,28800,teleportedWalk,57,f,low,always,FALSE,793685.0511,5832322.178738925,-21.09666667
berlin_0c1baae8,28800,teleportedWalk,71,m,very_high,always,FALSE,795993.0589297108,5830860.652021465,-11.06
berlin_0c3b2846,28800,teleportedWalk,54,f,very_high,always,FALSE,794965.2988706715,5829926.039636112,-6.973333333
berlin_0c568963,28800,teleportedWalk,60,m,very_low,always,TRUE,799008.5578,5828550.027124169,-17.57666667
berlin_0c75b9f5,28800,teleportedWalk,6,m,very_low,never,FALSE,798090.0410171133,5828710.474156994,-12.77
berlin_0c7af35a,28800,teleportedWalk,44,m,very_low,always,FALSE,797652.9231369025,5831802.206843661,-18.96666667
berlin_0c7bdf82,28800,teleportedWalk,53,m,very_high,always,FALSE,794075.0972557804,5831422.176816709,-16.02666667
berlin_0c8da4c7,28800,teleportedWalk,52,m,high,always,FALSE,795492.9941435787,5830423.883697689,-8.663333333
berlin_0c8faf4f,28800,teleportedWalk,24,m,very_low,always,FALSE,795504.2053170674,5826170.694230617,-13.5
berlin_0c9c2c11,28800,teleportedWalk,18,f,medium,always,FALSE,798251.0813227524,5830309.441999497,-15.8
berlin_0ca32eb2,28800,teleportedWalk,23,m,medium,always,FALSE,798586.8645120418,5828761.8375141015,-15.35
berlin_0cad4edb,28800,teleportedWalk,23,m,high,always,FALSE,798925.2675061624,5827753.206056388,-17.89666667
berlin_0cb7420c,28800,teleportedWalk,35,f,low,always,FALSE,794562.9094428909,5831413.212348153,-14.86
berlin_0cd116c8,28800,teleportedWalk,40,m,medium,always,FALSE,794144.9728751964,5829117.510338323,-7.96
berlin_0cde9fba,28800,teleportedWalk,50,f,very_low,always,FALSE,797506.2266235042,5828300.728755524,-10.02333333
berlin_0ce8cf0c,28800,teleportedWalk,38,m,high,always,FALSE,796975.0552067326,5826494.664134915,-13.70333333
berlin_0cef042d,28800,teleportedWalk,37,f,very_low,always,FALSE,798465.6567681909,5828317.5644449415,-14.9
berlin_0d01faec,28800,teleportedWalk,68,m,medium,always,FALSE,796783.9938196831,5830867.654338454,-12.46333333
berlin_0d15a929,28800,teleportedWalk,39,m,medium,always,FALSE,796771.4086044016,5830548.630487954,-11.00333333
berlin_0d23903a,28800,teleportedWalk,49,f,medium,always,FALSE,797457.5974,5833062.480560425,-24.28
berlin_0d2d6d00,28800,teleportedWalk,27,f,high,always,FALSE,794640.1487167239,5828382.367682379,-5.536666667
berlin_0d37ec4d,28800,teleportedWalk,18,m,high,always,FALSE,794220.8179086074,5828483.9834059095,-7.493333333
berlin_0d3bcb34,28800,teleportedWalk,12,m,low,never,FALSE,798094.6136992322,5830408.712199728,-15.38666667
berlin_0d4128aa,28800,teleportedWalk,52,f,very_high,always,FALSE,794800.4783199978,5828996.572755023,-4.503333333
berlin_0d495c95,28800,teleportedWalk,19,m,high,always,FALSE,798754.4988,5829725.652824279,-16.97666667
berlin_0d64f75b,28800,teleportedWalk,7,m,low,never,FALSE,795510.1995132153,5831198.288666863,-12.67333333
berlin_0d6dfae4,28800,teleportedWalk,37,f,medium,always,FALSE,798083.7051800024,5829646.263,-13.53666667
berlin_0d846302,28800,teleportedWalk,1,m,medium,never,FALSE,799516.4163464647,5826958.510115519,-22.26
berlin_0d8951ab,28800,teleportedWalk,73,m,medium,always,FALSE,793842.2863513972,5827616.092462257,-11.06666667
berlin_0d8ad0f3,28800,teleportedWalk,84,m,low,always,TRUE,798886.7180666908,5827658.470353296,-17.86
berlin_0d9734ca,28800,teleportedWalk,68,m,low,always,FALSE,794300.6684454974,5828080.731973369,-7.79
berlin_0dd0ebe5,28800,teleportedWalk,14,m,low,never,FALSE,796796.9841380431,5832545.182308015,-20.57
berlin_0ddc78fc,28800,teleportedWalk,37,f,low,always,FALSE,796986.4679722541,5832009.853549505,-18.28333333
berlin_0dde1bec,28800,teleportedWalk,22,f,very_low,always,FALSE,797758.6771033681,5832205.639724884,-21.03
berlin_0df074fd,28800,teleportedWalk,48,f,very_low,always,FALSE,795187.3788343931,5828800.2633318445,-2.333333333
berlin_0e023502,28800,teleportedWalk,9,m,low,never,FALSE,798419.6486,5828362.102755083,-14.63
berlin_0e0529c9,28800,teleportedWalk,78,m,high,always,FALSE,799054.0119560917,5827888.705127888,-18.35333333
berlin_0e1ade38,28800,teleportedWalk,36,f,high,always,FALSE,798167.1154334912,5830162.165112782,-15.04
berlin_0e1be6f5,28800,teleportedWalk,15,m,high,never,FALSE,796963.8483306214,5832956.250162165,-22.87
berlin_0e463e7c,28800,teleportedWalk,62,f,medium,always,FALSE,794594.4615,5830915.750216331,-12.42666667
berlin_0e74f704,28800,teleportedWalk,39,m,medium,always,FALSE,796577.0809530912,5830200.625431742,-8.933333333
berlin_0e79e31c,28800,teleportedWalk,34,f,medium,always,FALSE,795840.1681501102,5830349.846,-8.316666667
berlin_0e842ccb,28800,teleportedWalk,24,f,medium,always,FALSE,794212.9998703247,5832231.273611506,-19.48666667
berlin_0e84a8a8,28800,teleportedWalk,43,f,very_low,always,FALSE,794690.6506,5831555.316891252,-15.32333333
berlin_0e939433,28800,teleportedWalk,22,f,medium,always,FALSE,795294.8872924268,5831381.526819687,-13.72333333
berlin_0e95ed6b,28800,teleportedWalk,20,m,medium,always,FALSE,796154.7203610736,5826085.578023236,-14.18333333
berlin_0eae4cbd,28800,teleportedWalk,97,m,high,always,TRUE,793765.9856,5828013.893027815,-10.47
berlin_0ebe64ed,28800,teleportedWalk,10,m,low,never,FALSE,794079.4028989113,5828711.720499524,-8.09
berlin_0ee73fc4,28800,teleportedWalk,31,f,medium,always,FALSE,798998.4680481509,5828729.410219558,-17.49
berlin_0ef2e39e,28800,teleportedWalk,38,m,low,always,FALSE,794639.8786944291,5829299.848099101,-5.873333333
berlin_0ef3776b,28800,teleportedWalk,18,m,high,always,FALSE,799137.8553,5828822.527131948,-18.21666667
berlin_0ef53baf,28800,teleportedWalk,46,f,medium,always,FALSE,795756.7859970155,5828075.546386038,-3.633333333
berlin_0f089f60,28800,teleportedWalk,7,m,very_high,never,FALSE,797677.6790651903,5828986.909835063,-10.68666667
berlin_0f296b48,28800,teleportedWalk,81,m,medium,always,FALSE,794088.3842787754,5832486.531100207,-20.96
berlin_0f69d722,28800,teleportedWalk,32,m,medium,always,FALSE,798718.9068918049,5827004.026256466,-18.46333333
berlin_0f733a6b,28800,teleportedWalk,56,f,medium,always,FALSE,797103.5299870064,5828352.661314812,-7.93
berlin_0f7bcc23,28800,teleportedWalk,30,f,very_low,always,FALSE,796623.8500169294,5831607.355243205,-15.65333333
berlin_0f872123,28800,teleportedWalk,25,f,high,always,FALSE,796381.3213501581,5831564.534687378,-15.07
berlin_0f8ffc60,28800,teleportedWalk,63,m,very_high,always,FALSE,797179.8514467289,5828089.981951687,-8.763333333
berlin_0f97895b,28800,teleportedWalk,18,f,medium,always,FALSE,795041.7380407989,5832068.0625856975,-17.45666667
berlin_0fa8c76c,28800,teleportedWalk,40,f,high,always,FALSE,797680.7033587401,5829315.022308458,-11.01666667
berlin_0fc6c11d,28800,teleportedWalk,46,f,high,always,FALSE,796032.9925767989,5831286.049548583,-13.27666667
berlin_0fd69d79,28800,teleportedWalk,55,f,low,always,FALSE,795181.6522028185,5826143.7477002675,-13.82333333
berlin_0ff97713,28800,teleportedWalk,3,m,very_low,never,FALSE,794766.6082829714,5829029.254571624,-4.72
berlin_10a0d684,28800,teleportedWalk,80,m,medium,always,FALSE,797406.2571613503,5831425.897116411,-16.62666667
berlin_10acd465,28800,teleportedWalk,17,m,medium,never,FALSE,793737.2323947282,5828943.564430022,-9.91
berlin_10b0b1aa,28800,teleportedWalk,2,m,low,never,FALSE,794882.7563162365,5830144.623,-8.173333333
berlin_10bbc211,28800,teleportedWalk,9,m,very_high,never,FALSE,794226.8338114342,5829061.429529299,-7.48
berlin_10c00d2c,28800,teleportedWalk,41,f,medium,always,FALSE,797740.3458,5826931.571842968,-14.51333333
berlin_10ce144d,28800,teleportedWalk,39,f,very_low,always,FALSE,795672.6292793888,5828299.924284907,-2.416666667
berlin_10cff6b1,28800,teleportedWalk,25,f,high,always,FALSE,796048.1284168877,5831576.618524122,-14.78333333
berlin_10e604d4,28800,teleportedWalk,33,f,medium,always,FALSE,794128.9948635026,5828927.466,-7.873333333
berlin_10e7537a,28800,teleportedWalk,92,m,medium,always,TRUE,799860.9583402132,5827875.470987691,-22.45666667
berlin_10f3d332,28800,teleportedWalk,9,m,medium,never,FALSE,798260.4076497871,5829883.572212941,-14.84333333
berlin_11250968,28800,teleportedWalk,38,m,high,always,FALSE,796181.93,5829631.315324543,-5.333333333
berlin_112b70b3,28800,teleportedWalk,64,f,very_high,always,TRUE,796851.1974210462,5832705.315949786,-21.45
berlin_1135bfe8,28800,teleportedWalk,37,f,very_high,always,FALSE,794330.7052,5828717.660986418,-6.783333333
berlin_11461c06,28800,teleportedWalk,62,m,low,always,FALSE,796798.4132294604,5829648.162855741,-7.6
berlin_114e0b42,28800,teleportedWalk,18,m,high,always,FALSE,797870.5053760413,5828987.283175059,-11.68333333
berlin_115f78c3,28800,teleportedWalk,28,m,medium,always,FALSE,794499.2426,5832265.918939159,-19.14333333
berlin_1166e7cf,28800,teleportedWalk,34,f,medium,always,FALSE,797182.9924705771,5827031.218089229,-12.08
berlin_1168ad27,28800,teleportedWalk,56,m,very_low,always,TRUE,793973.1240104719,5831440.471445223,-16.38
berlin_11727713,28800,teleportedWalk,93,m,medium,always,TRUE,793488.8855901416,5828751.317830852,-11.15666667
berlin_1173896e,28800,teleportedWalk,62,f,medium,always,FALSE,795069.7294301593,5830892.469180249,-11.45
berlin_11b8d0c6,28800,teleportedWalk,45,f,very_high,always,FALSE,796384.2238269475,5830538.840565247,-10.01666667
berlin_11b9189f,28800,teleportedWalk,52,f,high,always,FALSE,794323.1907747334,5828000.902905627,-7.886666667
berlin_11c9803a,28800,teleportedWalk,68,m,medium,always,FALSE,798048.8977546957,5830228.645864318,-14.68333333
berlin_11dbadf5,28800,teleportedWalk,49,f,medium,always,FALSE,794353.1955212196,5831739.2860781895,-16.84666667
berlin_11e66c52,28800,teleportedWalk,30,f,medium,always,FALSE,798778.1651304377,5829293.644107383,-16.57666667
berlin_11ed1272,28800,teleportedWalk,1,m,medium,never,FALSE,797233.2777097714,5829322.142319001,-8.803333333
berlin_12277680,28800,teleportedWalk,20,m,low,always,FALSE,796178.0271354666,5831055.117197739,-12.24333333
berlin_12304792,28800,teleportedWalk,2,m,low,never,FALSE,796867.0716608663,5831115.186154755,-13.80333333
berlin_123352c1,28800,teleportedWalk,14,m,medium,never,FALSE,796943.7448273511,5831350.865,-15.07666667
berlin_123e211e,28800,teleportedWalk,57,m,very_high,always,FALSE,797413.4255641878,5829893.079648588,-10.95333333
berlin_1240173a,28800,teleportedWalk,36,m,high,always,FALSE,795831.2985,5828369.876692523,-2.286666667
berlin_12459fad,28800,teleportedWalk,21,f,high,always,FALSE,799048.1995019293,5828456.665200264,-17.82
berlin_12617f48,28800,teleportedWalk,30,m,medium,always,FALSE,795024.0318,5828844.169539725,-3.2
berlin_12702464,28800,teleportedWalk,34,m,medium,always,FALSE,794831.4515,5830626.428732438,-10.54666667
berlin_12727ebc,28800,teleportedWalk,29,m,very_low,always,FALSE,797092.7719,5832192.018264614,-19.37
berlin_1290bb6e,28800,teleportedWalk,31,f,high,always,FALSE,798832.9308066578,5826833.927329335,-19.42333333
berlin_12959404,28800,teleportedWalk,64,m,high,always,FALSE,797049.7289657504,5832325.531,-19.92666667
berlin_12b69d42,28800,teleportedWalk,42,f,medium,always,FALSE,798041.1045122149,5828998.499635079,-12.57
berlin_12b8ede2,28800,teleportedWalk,9,m,medium,never,FALSE,795050.3345729455,5828703.809382761,-3.053333333
berlin_12bec6fe,28800,teleportedWalk,34,f,high,always,FALSE,797950.0120656141,5830355.888144922,-14.61
berlin_12d4eb67,28800,teleportedWalk,37,f,high,always,FALSE,795636.2006787469,5830477.615113254,-8.91
berlin_12f1fd7d,28800,teleportedWalk,54,f,medium,always,FALSE,799921.8123664171,5826545.691157687,-25.1
berlin_12f26736,28800,teleportedWalk,56,f,high,always,FALSE,798369.2311760176,5827310.503464911,-16.1
berlin_130b9c6c,28800,teleportedWalk,44,f,very_high,always,FALSE,797950.6804,5830078.343221433,-13.84666667
berlin_13189db4,28800,teleportedWalk,39,f,medium,always,FALSE,795793.1607090209,5828111.753040109,-3.486666667
berlin_1332ead5,28800,teleportedWalk,7,m,very_low,never,FALSE,793514.6838128597,5828261.637991947,-11.32666667
berlin_133fc3f4,28800,teleportedWalk,19,f,very_low,always,FALSE,795887.4683774735,5831314.564456282,-13.32666667
berlin_13416691,28800,teleportedWalk,33,f,very_low,always,FALSE,796716.2481289482,5831837.283982703,-16.94
berlin_1354277e,28800,teleportedWalk,1,m,very_low,never,FALSE,797850.1589,5832654.096769615,-23.28
berlin_1355d54c,28800,teleportedWalk,14,m,very_low,never,FALSE,796435.3426541573,5830198.301194529,-8.54
berlin_13617e84,28800,teleportedWalk,52,f,high,always,FALSE,797634.7271,5829003.94,-10.47333333
berlin_1374f755,28800,teleportedWalk,21,m,low,always,FALSE,795682.5570404348,5829362.103184316,-3.12
berlin_13bd003c,28800,teleportedWalk,19,m,very_low,always,FALSE,795155.1177127503,5826378.3002871955,-12.65
berlin_13e2f81c,28800,teleportedWalk,25,m,very_low,always,FALSE,792923.8367542281,5828606.617,-14.11666667
berlin_13f17411,28800,teleportedWalk,18,m,low,always,FALSE,796059.3528093412,5825659.693789542,-16.29
berlin_13fa896b,28800,teleportedWalk,3,m,high,never,FALSE,794355.6524176707,5832173.574976846,-18.93666667
berlin_13fee2a0,28800,teleportedWalk,17,m,high,never,FALSE,797177.1480412695,5832287.954264236,-20.00333333
berlin_140174f8,28800,teleportedWalk,7,m,high,never,FALSE,795566.9361522424,5828320.905536446,-2.326666667
berlin_1417e44d,28800,teleportedWalk,26,f,medium,always,FALSE,795053.0718208039,5826169.774301708,-13.82333333
berlin_14210799,28800,teleportedWalk,14,m,high,never,FALSE,797137.2598238064,5829422.956280418,-8.53
berlin_142ff133,28800,teleportedWalk,48,f,medium,always,FALSE,795803.4877302842,5830485.986904426,-8.996666667
berlin_143d0ddc,28800,teleportedWalk,31,f,medium,always,FALSE,800145.3767411816,5827986.319221878,-23.8
berlin_143d5630,28800,teleportedWalk,4,m,very_low,never,FALSE,795688.4555100871,5831494.803071743,-14.20333333
berlin_14455456,28800,teleportedWalk,75,m,medium,always,FALSE,798810.3670420505,5828475.282187388,-16.58
berlin_144e5a10,28800,teleportedWalk,38,f,medium,always,FALSE,798575.4628011031,5830096.617718798,-16.78666667
berlin_1453d094,28800,teleportedWalk,6,m,high,never,FALSE,795462.4209004741,5831242.857516717,-12.92
berlin_14585b28,28800,teleportedWalk,47,f,low,always,TRUE,794672.0804267132,5830992.729211169,-12.62333333
berlin_145c88c3,28800,teleportedWalk,8,m,medium,never,FALSE,799704.0687414658,5828045.855315149,-21.48666667
berlin_145ec722,28800,teleportedWalk,18,m,very_low,always,FALSE,798632.5020958683,5828665.590903032,-15.59666667
berlin_1466d8df,28800,teleportedWalk,19,m,very_high,always,FALSE,794845.1262,5829952.521242109,-7.42
berlin_146c4e46,28800,teleportedWalk,86,m,medium,always,FALSE,796099.2263869653,5832005.529098812,-17.02666667
berlin_14706633,28800,teleportedWalk,23,f,medium,always,FALSE,793341.2472,5828313.8428626545,-12.15
berlin_1486ebd1,28800,teleportedWalk,6,m,medium,never,FALSE,795528.7222375409,5830378.560979085,-8.413333333
berlin_14ab8b8c,28800,teleportedWalk,36,f,medium,always,FALSE,797495.7762590437,5829691.388432532,-10.81333333
berlin_14b1b13f,28800,teleportedWalk,41,f,low,always,FALSE,797090.2093172395,5833006.522071372,-23.32333333
berlin_14d56a78,28800,teleportedWalk,38,f,high,always,FALSE,794803.7668859942,5829387.170563634,-5.4
berlin_14e1f746,28800,teleportedWalk,37,f,very_high,always,FALSE,793972.6383561157,5828563.615362155,-8.703333333
berlin_14f67482,28800,teleportedWalk,40,m,medium,always,FALSE,796931.3085191203,5829815.858,-8.68
berlin_14ff2dd7,28800,teleportedWalk,34,f,medium,always,FALSE,798206.5004872496,5830582.9954977045,-16.38
berlin_1511e59f,28800,teleportedWalk,43,f,high,always,FALSE,795499.3689477379,5830567.651529045,-9.406666667
berlin_153ab98a,28800,teleportedWalk,62,f,medium,always,TRUE,795105.8366433431,5831128.236566501,-12.59666667
berlin_155c598c,28800,teleportedWalk,64,m,medium,always,FALSE,798020.7791007496,5828798.1722088875,-12.40666667
berlin_1580f00f,28800,teleportedWalk,47,m,medium,always,FALSE,799762.4674935187,5827170.82,-23.00666667
berlin_1588984a,28800,teleportedWalk,52,f,high,always,FALSE,796500.5985490817,5831595.682682656,-15.39666667
berlin_1591d433,28800,teleportedWalk,15,m,medium,never,FALSE,800084.2190115829,5826870.307,-25.14333333
berlin_15a337e9,28800,teleportedWalk,33,m,medium,always,FALSE,795813.5084545657,5828389.787547774,-2.153333333
berlin_15adc446,28800,teleportedWalk,97,m,low,always,TRUE,797005.5398799168,5831091.204741668,-14.04333333
berlin_15ea2eb2,28800,teleportedWalk,4,m,low,never,FALSE,797629.8133722083,5831741.350935208,-18.63666667
berlin_15f18def,28800,teleportedWalk,54,f,medium,always,FALSE,800231.0731391667,5827926.927319216,-24.29333333
berlin_15f254a5,28800,teleportedWalk,43,f,very_low,always,FALSE,797227.3895,5831351.472555516,-15.8
berlin_15f34e14,28800,teleportedWalk,5,m,high,never,FALSE,796736.5352493718,5832806.359715176,-21.78666667
berlin_15ff50d7,28800,teleportedWalk,37,f,high,always,FALSE,798333.6812341402,5830302.255968863,-16.15333333
berlin_160d682a,28800,teleportedWalk,93,m,medium,always,FALSE,795880.5192294773,5830983.859924592,-11.61333333
berlin_161ac74c,28800,teleportedWalk,78,m,high,always,FALSE,799797.2394750318,5827703.575560336,-22.33333333
berlin_161d65fb,28800,teleportedWalk,7,m,medium,never,FALSE,793439.1732938809,5828397.231837542,-11.57333333
berlin_162b7bb2,28800,teleportedWalk,67,m,low,always,FALSE,793693.1151071966,5832344.957480693,-21.18
berlin_16425fb5,28800,teleportedWalk,28,m,medium,always,FALSE,795137.5279972043,5829297.84,-3.793333333
berlin_164e4634,28800,teleportedWalk,31,m,medium,always,FALSE,797591.9443757138,5831693.798335038,-18.32
berlin_16713edd,28800,teleportedWalk,32,m,very_high,always,FALSE,796208.1762011626,5830656.624185024,-10.28333333
berlin_1672b51b,28800,teleportedWalk,90,m,medium,always,FALSE,795197.2919,5828525.274779193,-2.59
berlin_167de591,28800,teleportedWalk,40,m,very_low,always,FALSE,797175.5987707186,5831408.975932038,-15.91666667
berlin_16abb99f,28800,teleportedWalk,22,m,medium,always,FALSE,796729.9774438875,5829929.456537398,-8.316666667
berlin_16adc37d,28800,teleportedWalk,13,m,very_high,never,FALSE,798521.687,5828570.356213035,-15.04333333
berlin_16b12ea8,28800,teleportedWalk,54,m,low,always,FALSE,798683.0769185972,5829390.037478084,-16.18
berlin_16b670f3,28800,teleportedWalk,81,m,high,always,FALSE,795133.5796,5832338.117607467,-18.76666667
berlin_16b68338,28800,teleportedWalk,35,f,medium,always,FALSE,794178.3887126562,5828772.881500202,-7.57
berlin_16c40146,28800,teleportedWalk,30,f,high,always,FALSE,796853.9505561813,5826088.607757316,-15.28666667
berlin_16f099b1,28800,teleportedWalk,41,f,low,always,FALSE,795398.2281172036,5830335.471416832,-8.263333333
berlin_16f68588,28800,teleportedWalk,31,f,medium,always,FALSE,797121.6114405645,5829124.839513138,-7.956666667
berlin_16fe9c71,28800,teleportedWalk,29,m,very_low,always,FALSE,793992.5591342692,5827612.736807759,-10.42666667
berlin_17092da3,28800,teleportedWalk,14,m,high,never,FALSE,794024.2791588013,5828896.129402968,-8.4
berlin_171b151d,28800,teleportedWalk,44,m,low,always,FALSE,795077.5788107726,5829422.398626937,-34.18
berlin_172b1ec3,28800,teleportedWalk,18,f,low,always,FALSE,796333.2007459947,5831490.083818762,-14.63333333
berlin_17300148,28800,teleportedWalk,87,m,low,always,FALSE,793755.0604599651,5832411.3797990745,-21.33666667
berlin_1746360d,28800,teleportedWalk,51,m,high,always,FALSE,798561.6657541825,5830010.423115632,-16.54333333
berlin_174a5079,28800,teleportedWalk,35,m,high,always,FALSE,798401.4649855267,5827040.249147139,-16.95
berlin_1758d23c,28800,teleportedWalk,54,m,very_high,always,FALSE,796274.8855493986,5830698.103,-10.59333333
berlin_178fe34a,28800,teleportedWalk,94,m,low,always,FALSE,796123.6925404156,5831724.147541145,-15.6
berlin_1790e83b,28800,teleportedWalk,3,m,medium,never,FALSE,799983.3669498623,5826885.095634213,-24.63
berlin_17b4713b,28800,teleportedWalk,26,m,medium,always,FALSE,793654.1051,5828555.255488039,-10.35333333
berlin_17c9c57b,28800,teleportedWalk,31,f,medium,always,FALSE,797385.8223648502,5831778.439537334,-18.12666667
berlin_17e1c61f,28800,teleportedWalk,45,f,medium,always,FALSE,798912.4022980189,5826888.269763122,-19.63666667
berlin_17e35921,28800,teleportedWalk,63,f,very_high,always,FALSE,795709.5254014009,5831771.412677064,-15.64333333
berlin_17ea1bb8,28800,teleportedWalk,48,f,low,always,FALSE,799050.6199146488,5827690.289565749,-18.61666667
berlin_1806d8da,28800,teleportedWalk,34,m,high,always,FALSE,796289.1885464785,5830901.702211741,-11.62666667
berlin_180d8e85,28800,teleportedWalk,12,m,low,never,FALSE,794679.7615530613,5831101.782888237,-13.13
berlin_18167765,28800,teleportedWalk,28,f,high,always,FALSE,797058.5649113114,5829657.193111374,-8.74
berlin_181b89fc,28800,teleportedWalk,90,m,medium,always,TRUE,794700.9518305596,5830814.005533393,-11.71333333
berlin_1822c777,28800,teleportedWalk,56,f,high,always,FALSE,795490.5726,5830164.257413226,-7.32
berlin_183793a5,28800,teleportedWalk,63,f,medium,always,FALSE,794712.2784199163,5827817.1070632255,-6.87
berlin_18400a71,28800,teleportedWalk,12,m,high,never,FALSE,794546.5450889962,5828687.189740319,-5.67
berlin_184c5620,28800,teleportedWalk,33,f,high,always,FALSE,794645.4970498261,5832436.767137596,-19.78
berlin_1866a46f,28800,teleportedWalk,14,m,high,never,FALSE,793694.5287279212,5828882.926510532,-10.10666667
berlin_1871f6d0,28800,teleportedWalk,70,m,medium,always,TRUE,800334.5293066791,5826626.998613303,-26.84333333
berlin_189580b0,28800,teleportedWalk,31,f,medium,always,FALSE,794054.3328998853,5827573.1500793295,-10.28666667
berlin_18a71d95,28800,teleportedWalk,12,m,medium,never,FALSE,793419.6307843712,5828746.298728714,-11.51666667
berlin_18b49284,28800,teleportedWalk,35,f,high,always,FALSE,796490.9389428531,5830595.616966131,-10.51333333
berlin_18b5039e,28800,teleportedWalk,10,m,medium,never,FALSE,795125.8706562073,5828576.963756718,-2.816666667
berlin_18ba6e11,28800,teleportedWalk,35,f,high,always,FALSE,798466.1578022935,5828924.587253465,-14.74666667
berlin_18bf1fe8,28800,teleportedWalk,60,f,medium,always,FALSE,797119.0663389693,5829966.300771137,-9.933333333
berlin_18bfcf6d,28800,teleportedWalk,41,f,very_low,always,TRUE,799011.3641170061,5828979.592704718,-17.59333333
berlin_18cc94f9,28800,teleportedWalk,67,m,medium,always,TRUE,796585.6079659662,5826118.588044474,-14.61666667
berlin_18d5c159,28800,teleportedWalk,64,f,low,always,FALSE,798977.3329971812,5827015.135308675,-19.61333333
berlin_18d74212,28800,teleportedWalk,64,f,very_low,always,FALSE,794358.2662377132,5828780.431844371,-6.636666667
berlin_18f612c8,28800,teleportedWalk,44,f,medium,always,FALSE,795870.7039754009,5831420.948559542,-13.87
berlin_190dbe02,28800,teleportedWalk,11,m,low,never,FALSE,796604.3928600048,5830219.756138322,-9.096666667
berlin_1913ca91,28800,teleportedWalk,5,m,high,never,FALSE,797536.9489754728,5830261.760958357,-12.59
berlin_1915e324,28800,teleportedWalk,88,m,medium,always,TRUE,793696.2092103423,5828847.582098524,-10.08666667
berlin_191736be,28800,teleportedWalk,15,m,very_low,never,FALSE,797174.3242813759,5831191.274,-14.94666667
berlin_192de180,28800,teleportedWalk,53,f,medium,always,FALSE,796697.5387606646,5830504.003481913,-10.60333333
berlin_192f2b10,28800,teleportedWalk,31,f,medium,always,FALSE,796175.1023642501,5830893.948452228,-11.42666667
berlin_193a82f4,28800,teleportedWalk,31,m,very_high,always,FALSE,794294.8160924125,5828609.963212866,-43.76333333
berlin_1948b2dd,28800,teleportedWalk,16,m,very_high,never,FALSE,797851.3167419278,5830932.280734505,-16.12333333
berlin_196326e1,28800,teleportedWalk,21,m,very_low,always,FALSE,795725.3529139025,5831638.083062221,-14.95333333
berlin_19af773e,28800,teleportedWalk,55,m,low,always,FALSE,797331.2524713066,5832281.3587774355,-20.30666667
berlin_19bc9217,28800,teleportedWalk,25,f,low,always,FALSE,797768.9383,5830915.850745966,-15.76
berlin_1a011bbc,28800,teleportedWalk,8,m,medium,never,FALSE,796182.8138309655,5830332.670146718,-8.64
berlin_1a1541ca,28800,teleportedWalk,55,f,high,always,FALSE,798265.8730724315,5830766.109275774,-17.19333333
berlin_1a2f4716,28800,teleportedWalk,24,f,very_low,always,FALSE,798294.0088379328,5829590.732391628,-14.48
berlin_1a3714a7,28800,teleportedWalk,19,m,very_low,always,FALSE,793878.0401126255,5828276.524902398,-9.476666667
berlin_1a489757,28800,teleportedWalk,28,f,high,always,FALSE,794824.1457233466,5826176.130297914,-14.1
berlin_1a5c8745,28800,teleportedWalk,40,m,very_high,always,FALSE,799032.6228556151,5826658.5117096985,-20.78333333
berlin_1a5ecee9,28800,teleportedWalk,18,f,medium,always,FALSE,797255.0680438909,5832586.223212283,-21.58666667
berlin_1a65d906,28800,teleportedWalk,34,m,medium,always,FALSE,798669.2349732895,5829148.806563589,-15.90333333
berlin_1a72c329,28800,teleportedWalk,54,f,medium,always,FALSE,794278.8250424735,5832453.166585838,-20.43666667
berlin_1a75dddb,28800,teleportedWalk,65,m,medium,always,FALSE,795700.4517615702,5828235.561563719,-2.766666667
berlin_1a764bb9,28800,teleportedWalk,31,m,low,always,FALSE,794991.4056,5830938.267843541,-11.79
berlin_1a7d2bef,28800,teleportedWalk,35,m,high,always,FALSE,795463.3351906571,5831223.699624279,-12.82
berlin_1a87995e,28800,teleportedWalk,35,f,very_high,always,FALSE,796168.1439053658,5830833.9279640205,-11.11666667
berlin_1a8cce0b,28800,teleportedWalk,99,m,high,always,TRUE,794488.5893032746,5828294.497731082,-6.436666667
berlin_1aa3bd23,28800,teleportedWalk,57,f,high,always,FALSE,797589.8421067728,5828237.840869045,-10.52666667
berlin_1b0825c5,28800,teleportedWalk,53,f,high,always,FALSE,796973.0827088892,5832579.201569657,-21.02333333
berlin_1b1648fb,28800,teleportedWalk,2,m,high,never,FALSE,797062.9097500185,5828389.803588734,-7.676666667
berlin_1b1e4a0f,28800,teleportedWalk,27,m,very_low,always,FALSE,797053.5105249317,5832019.149952251,-18.46333333
berlin_1b28fed3,28800,teleportedWalk,2,m,very_low,never,FALSE,794171.4613392651,5828968.178,-7.68
berlin_1b4a2d6f,28800,teleportedWalk,59,m,very_low,always,FALSE,798681.1102923197,5829901.034576005,-16.90666667
berlin_1b5d366d,28800,teleportedWalk,27,f,medium,always,FALSE,795248.7451,5830069.923652319,-7.08
berlin_1b6ee4e2,28800,teleportedWalk,51,m,very_high,always,FALSE,796289.0454824206,5831245.315893352,-13.34333333
berlin_1b7271a4,28800,teleportedWalk,1,m,medium,never,FALSE,797647.8841,5830947.562096378,-15.44333333
berlin_1ba0bc54,28800,teleportedWalk,9,m,medium,never,FALSE,796217.1907143046,5831022.685982174,-12.13
berlin_1baff66b,28800,teleportedWalk,90,m,medium,always,FALSE,799510.1099501151,5827111.210209326,-21.90666667
berlin_1bda9cab,28800,teleportedWalk,54,f,high,always,FALSE,796897.3050378502,5833026.363154307,-23.11666667
berlin_1be86797,28800,teleportedWalk,21,m,medium,always,FALSE,794908.8873780814,5829337.990005935,-4.81
berlin_1bed85ca,28800,teleportedWalk,54,m,low,always,FALSE,793429.2549913742,5828659.3892985135,-11.48
berlin_1bfbad4e,28800,teleportedWalk,28,f,low,always,FALSE,796620.0774815138,5826136.204714876,-14.59
berlin_1c1914b6,28800,teleportedWalk,38,m,high,always,FALSE,796339.2269445388,5831756.190303513,-15.98333333
berlin_1c1af8a0,28800,teleportedWalk,42,f,medium,always,FALSE,797999.0381324184,5831079.721,-17.21
berlin_1c39cd51,28800,teleportedWalk,1,m,high,never,FALSE,798097.6372522343,5830210.029211557,-14.85
berlin_1c3ba9a6,28800,teleportedWalk,68,m,very_low,always,FALSE,795626.0545691344,5828282.824734097,-2.5
berlin_1c489187,28800,teleportedWalk,37,f,medium,always,FALSE,794014.1416613067,5829036.790941767,-8.543333333
berlin_1c547077,28800,teleportedWalk,98,m,medium,always,FALSE,794178.1426920379,5829050.691876043,-7.716666667
berlin_1c5afe6e,28800,teleportedWalk,51,m,very_high,always,FALSE,795740.8434818932,5831430.369912428,-13.87666667
berlin_1c616584,28800,teleportedWalk,22,f,very_high,always,FALSE,795006.0238022758,5829102.754256748,-3.713333333
berlin_1c7254b8,28800,teleportedWalk,21,f,medium,always,FALSE,796432.2001743222,5831834.421320493,-16.49666667
berlin_1c9d8e80,28800,teleportedWalk,54,m,very_low,always,FALSE,797153.427,5832191.551647351,-19.49333333
berlin_1ca5b820,28800,teleportedWalk,77,m,medium,always,FALSE,798437.0019862291,5828658.235732088,-14.58
berlin_1cafc297,28800,teleportedWalk,40,f,very_low,always,FALSE,794626.7172165625,5828310.338901613,-5.746666667
berlin_1cc1c68a,28800,teleportedWalk,69,m,very_high,always,FALSE,798250.1663066925,5831005.107357466,-17.91
berlin_1d19822e,28800,teleportedWalk,8,m,very_high,never,FALSE,795190.0782494694,5831119.521,-12.46333333
berlin_1d45fa6d,28800,teleportedWalk,19,f,low,always,FALSE,794662.9275038773,5827557.097965585,-8.053333333
berlin_1d56d466,28800,teleportedWalk,29,m,very_high,always,FALSE,799232.7204998524,5828675.902868858,-18.71333333
berlin_1d5bf1b6,28800,teleportedWalk,45,f,low,always,FALSE,800317.4568922081,5826621.779250384,-26.77666667
berlin_1d73ae03,28800,teleportedWalk,91,m,low,always,TRUE,796113.0828232537,5832058.341,-17.31
berlin_1d954a3d,28800,teleportedWalk,17,m,medium,never,FALSE,798190.9295523812,5829100.491422936,-13.40666667
berlin_1d9da21d,28800,teleportedWalk,91,m,medium,always,FALSE,794479.3334603583,5832378.447236705,-19.73
berlin_1db119ae,28800,teleportedWalk,91,m,low,always,FALSE,794092.8934145833,5828906.910544666,-8.05
berlin_1dc555cd,28800,teleportedWalk,56,m,high,always,FALSE,794074.8430571056,5827833.455810585,-9.443333333
berlin_1dcfe257,28800,teleportedWalk,1,m,medium,never,FALSE,797399.4514874441,5832257.756829385,-20.35333333
berlin_1ddd411e,28800,teleportedWalk,33,f,high,always,FALSE,797894.3672955835,5829990.332547853,-13.37
berlin_1df3d4e8,28800,teleportedWalk,18,f,low,always,FALSE,797550.5697402384,5831323.275479035,-16.62333333
berlin_1e29bf5e,28800,teleportedWalk,28,f,high,always,FALSE,795016.4108384666,5830987.829985816,-12.00333333
berlin_1eb57042,28800,teleportedWalk,2,m,high,never,FALSE,799110.8925,5826873.250931202,-20.57666667
berlin_1ebe97a7,28800,teleportedWalk,39,m,high,always,FALSE,796591.3081961574,5831738.408564109,-16.24666667
berlin_1edfcebf,28800,teleportedWalk,19,f,very_low,always,FALSE,796801.8002128869,5831176.567420734,-13.93666667
berlin_1ee4d1bf,28800,teleportedWalk,42,m,very_high,always,FALSE,794625.1727362415,5827413.559284969,-8.763333333
berlin_1ef221b9,28800,teleportedWalk,31,f,medium,always,FALSE,800266.2529547405,5828214.195356657,-24.25
berlin_1f174360,28800,teleportedWalk,75,m,high,always,FALSE,799226.7650502083,5828520.794956922,-18.72
berlin_1f2899cf,28800,teleportedWalk,35,m,medium,always,FALSE,792382.0333426003,5831215.661967514,-21.18
berlin_1f447afe,28800,teleportedWalk,46,f,high,always,FALSE,797291.5343993346,5831385.044601897,-16.12333333
berlin_1f44e3a8,28800,teleportedWalk,19,f,medium,always,FALSE,797355.5521269809,5831850.443,-18.37666667
berlin_1f58baa3,28800,teleportedWalk,19,f,high,always,FALSE,796074.4684930809,5831175.046301887,-12.74333333
berlin_1f983853,28800,teleportedWalk,32,f,high,always,FALSE,800023.2641038774,5826598.199207583,-25.44666667
berlin_1faf5cb5,28800,teleportedWalk,51,f,very_low,always,FALSE,796930.0143881377,5826218.547291181,-14.85
berlin_1fb16f82,28800,teleportedWalk,31,f,very_low,always,TRUE,799672.1359395653,5827838.219685605,-21.53666667
berlin_1fb591fd,28800,teleportedWalk,17,m,low,never,FALSE,795682.0737615183,5831125.2562566325,-12.28
berlin_1fc8707f,28800,teleportedWalk,55,f,high,always,FALSE,797720.5017382493,5832303.2999295825,-21.36333333
berlin_1fdc1927,28800,teleportedWalk,19,m,low,always,FALSE,797591.5938652472,5828204.168354666,-10.58333333
berlin_1fdcf4f7,28800,teleportedWalk,12,m,low,never,FALSE,795063.8379384719,5828934.999573886,-3.096666667
berlin_1fee80a4,28800,teleportedWalk,20,m,very_high,always,FALSE,798332.4852653481,5829086.476856461,-14.12666667
berlin_20113756,28800,teleportedWalk,52,m,very_high,always,FALSE,798353.7036111471,5830184.368939432,-15.95
berlin_20259f5b,28800,teleportedWalk,89,m,high,always,FALSE,797004.8412163567,5831582.904774515,-16.29666667
berlin_2040c10c,28800,teleportedWalk,69,m,high,always,FALSE,797736.0940738489,5829978.976764893,-12.62
berlin_205a9467,28800,teleportedWalk,41,f,very_low,always,FALSE,798157.5175515879,5829751.481975442,-14.08666667
berlin_2069af1e,28800,teleportedWalk,14,m,low,never,FALSE,794251.1973133619,5831375.531955635,-15.36666667
berlin_207fed15,28800,teleportedWalk,2,m,very_low,never,FALSE,794244.1746419282,5831764.043596006,-17.19333333
berlin_2082e9ac,28800,teleportedWalk,56,f,medium,always,FALSE,794215.1409160888,5827934.367098153,-8.546666667
berlin_208a7d01,28800,teleportedWalk,67,m,low,always,FALSE,794824.1155501865,5831619.978724112,-15.43666667
berlin_20b75961,28800,teleportedWalk,44,f,high,always,FALSE,794332.9184683783,5830898.062997625,-12.99666667
berlin_20b88ca5,28800,teleportedWalk,64,f,medium,always,FALSE,797640.6313393078,5829667.786586029,-11.44
berlin_20c69cd6,28800,teleportedWalk,52,m,medium,always,FALSE,796294.6284090674,5831454.465797118,-14.40333333
berlin_20f9bf3f,28800,teleportedWalk,47,m,very_high,always,FALSE,794485.5670954145,5831562.041471975,-15.73
berlin_20f9ff68,28800,teleportedWalk,64,m,medium,always,FALSE,798226.3631902197,5828439.052684442,-13.58
berlin_21019d93,28800,teleportedWalk,52,m,medium,always,FALSE,799841.2678889574,5826832.9266297575,-24.06666667
berlin_2107ebd3,28800,teleportedWalk,49,m,very_high,always,FALSE,798302.2787482566,5829828.786167212,-14.93333333
berlin_211060dc,28800,teleportedWalk,67,m,high,always,FALSE,799410.2785426356,5826545.062126536,-22.77
berlin_21256246,28800,teleportedWalk,34,f,low,always,FALSE,796429.8742551617,5831801.724903266,-16.32666667
berlin_2130c3f5,28800,teleportedWalk,49,f,very_high,always,FALSE,795548.7675665355,5828440.078843973,-1.74
berlin_213c9e7b,28800,teleportedWalk,37,m,medium,always,FALSE,795953.4623185473,5830569.500671781,-9.533333333
berlin_21400c50,28800,teleportedWalk,39,f,high,always,FALSE,797886.4577248164,5826780.902075939,-15.6
berlin_2159942a,28800,teleportedWalk,41,f,medium,always,FALSE,798176.3042649156,5826798.345259803,-16.70666667
berlin_21613074,28800,teleportedWalk,48,f,very_high,always,FALSE,797778.4481330733,5831621.592897222,-18.57666667
berlin_21656c86,28800,teleportedWalk,52,f,low,always,TRUE,797419.2825612766,5827717.212903215,-10.75666667
berlin_21842177,28800,teleportedWalk,45,f,medium,always,TRUE,799922.8323250914,5827642.245303913,-23.04666667
berlin_219cc368,28800,teleportedWalk,62,m,high,always,FALSE,794730.6016329143,5828412.394688759,-5.043333333
berlin_21ab2f0b,28800,teleportedWalk,40,f,very_low,always,FALSE,793415.5542659214,5828814.246044128,-11.54
berlin_21c286c6,28800,teleportedWalk,39,f,very_high,always,FALSE,799947.1889742459,5828393.462489061,-22.50666667
berlin_21cd5046,28800,teleportedWalk,20,m,high,always,FALSE,794108.5071737338,5831977.803135012,-18.5
berlin_21d493c4,28800,teleportedWalk,30,m,high,always,FALSE,792095.1940274618,5831254.137577121,-22.50333333
berlin_2208de04,28800,teleportedWalk,52,f,medium,always,TRUE,798787.1409732418,5826879.710015685,-19.09666667
berlin_2214321e,28800,teleportedWalk,18,m,low,always,FALSE,797583.4761590213,5828824.820476948,-10.13666667
berlin_22255cad,28800,teleportedWalk,17,m,medium,never,FALSE,798660.1921299798,5828692.245998088,-15.73666667
berlin_2230fbae,28800,teleportedWalk,59,m,very_low,always,FALSE,798054.9394593575,5829804.702834975,-13.7
berlin_2252a384,28800,teleportedWalk,25,f,very_high,always,FALSE,794124.9655764031,5832001.934726668,-18.57666667
berlin_2268278f,28800,teleportedWalk,49,f,medium,always,FALSE,793918.4870749649,5828497.4032473145,-9.03
berlin_2272b4e1,28800,teleportedWalk,99,m,high,always,FALSE,793862.4126,5827945.476593661,-10.15
berlin_22867206,28800,teleportedWalk,48,f,medium,always,FALSE,796929.1457305565,5831233.829345353,-14.5
berlin_228a0092,28800,teleportedWalk,10,m,low,never,FALSE,797709.4738813235,5828986.4864718225,-10.85
berlin_22a6616e,28800,teleportedWalk,46,f,high,always,FALSE,795982.7593465858,5830625.296677046,-9.846666667
berlin_22aa4b6c,28800,teleportedWalk,45,m,medium,always,FALSE,796903.7599,5832514.02,-20.58666667
berlin_22be9354,28800,teleportedWalk,32,m,medium,always,FALSE,794608.1358081042,5830957.738556122,-12.59333333
berlin_22cb5356,28800,teleportedWalk,54,f,medium,always,FALSE,794218.1951596693,5830690.284017616,-12.43333333
berlin_22d52bd6,28800,teleportedWalk,31,m,very_high,always,FALSE,797017.1658976241,5831998.612618012,-18.29
berlin_22d73396,28800,teleportedWalk,33,f,medium,always,FALSE,798627.8282440819,5828527.525279948,-15.61
berlin_22d750f1,28800,teleportedWalk,55,f,medium,always,FALSE,793656.4533081194,5828365.845913217,-10.49
berlin_22dbf010,28800,teleportedWalk,26,f,low,always,FALSE,793677.1911035312,5828216.3259836575,-10.56666667
berlin_22fae0cc,28800,teleportedWalk,75,m,very_high,always,TRUE,796879.1343140474,5831264.6934047565,-14.52333333
berlin_2300de3c,28800,teleportedWalk,51,m,very_low,always,FALSE,797121.4274873419,5832970.977875089,-23.20333333
berlin_230293ef,28800,teleportedWalk,33,m,very_low,always,TRUE,795169.028,5828111.693010692,-4.163333333
berlin_231ae359,28800,teleportedWalk,56,f,very_low,always,TRUE,798632.1615699771,5829870.949686578,-16.61333333
berlin_231da4f1,28800,teleportedWalk,28,f,medium,always,TRUE,799594.4005951013,5827147.262343643,-22.24
berlin_231e4e13,28800,teleportedWalk,48,f,low,always,FALSE,796069.8613451127,5832098.719519881,-17.48666667
berlin_23404819,28800,teleportedWalk,64,m,medium,always,FALSE,795717.0191932258,5828416.146017575,-1.856666667
berlin_235366e1,28800,teleportedWalk,59,m,high,always,FALSE,798201.5519834291,5830021.374,-14.86333333
berlin_236e8d4e,28800,teleportedWalk,41,f,medium,always,FALSE,798085.7171961374,5829256.657009413,-13
berlin_2375b051,28800,teleportedWalk,52,f,medium,always,FALSE,798382.9094812584,5830064.394876821,-15.81
berlin_237694b4,28800,teleportedWalk,22,f,medium,always,FALSE,794704.5594465102,5832216.769882004,-18.59333333
berlin_237a6e89,28800,teleportedWalk,12,m,high,never,FALSE,793386.5543073318,5828775.731846633,-11.69
berlin_23855932,28800,teleportedWalk,68,m,medium,always,FALSE,796350.4973714597,5831777.981414323,-16.11
berlin_238aa414,28800,teleportedWalk,53,f,low,always,FALSE,796259.5509,5826080.7333495775,-14.32333333
berlin_238d74c0,28800,teleportedWalk,17,m,very_high,never,FALSE,799697.2632740415,5827934.0774655705,-21.56
berlin_239509bc,28800,teleportedWalk,43,f,medium,always,TRUE,800337.9012927937,5826694.777734566,-26.71666667
berlin_239709c8,28800,teleportedWalk,22,m,medium,always,FALSE,794738.2559994285,5831297.6737859445,-13.97333333
berlin_23973ebd,28800,teleportedWalk,52,f,low,always,FALSE,795970.7368551726,5831607.0071220035,-14.88666667
berlin_23a52fdd,28800,teleportedWalk,29,m,high,always,FALSE,794590.6314025524,5830867.602148158,-12.21
berlin_23af8732,28800,teleportedWalk,18,m,medium,always,FALSE,799467.736,5828541.903525339,-19.96333333
berlin_23dd988d,28800,teleportedWalk,59,f,very_low,always,FALSE,796858.3926475407,5831977.007127013,-17.87666667
berlin_23de97c4,28800,teleportedWalk,4,m,very_high,never,FALSE,795715.9268941116,5831581.402517543,-14.65666667
berlin_23e8bd86,28800,teleportedWalk,64,f,very_low,always,FALSE,794899.6422022495,5830777.589032652,-11.14666667
berlin_23e98cce,28800,teleportedWalk,39,m,medium,always,FALSE,799731.4550008592,5826807.835698065,-23.60666667
berlin_23f13db5,28800,teleportedWalk,63,f,low,always,FALSE,795547.2412396385,5830940.606325385,-11.32666667
berlin_23fccc08,28800,teleportedWalk,29,f,low,always,FALSE,796809.9493867129,5832550.381515517,-20.61666667
berlin_2400c5f5,28800,teleportedWalk,46,f,medium,always,FALSE,795604.7036573865,5826582.822441447,-11.34
berlin_243c3fc7,28800,teleportedWalk,46,f,high,always,FALSE,797320.2037,5831837.471621589,-18.22666667
berlin_243d3cfb,28800,teleportedWalk,78,m,medium,always,FALSE,797597.8585061675,5830040.283249315,-12.17666667
berlin_2442ebe2,28800,teleportedWalk,52,m,high,always,FALSE,799183.7329290493,5827210.269,-20.14333333
berlin_245634cd,28800,teleportedWalk,41,m,low,always,FALSE,794704.3941210401,5828609.941847527,-4.9
berlin_245a4791,28800,teleportedWalk,25,f,low,always,FALSE,797649.6537171726,5832801.207353786,-23.46333333
berlin_245d1cba,28800,teleportedWalk,73,m,low,always,FALSE,793976.6812616574,5827785.782961979,-10.00666667
berlin_24624270,28800,teleportedWalk,20,m,very_low,always,FALSE,797837.4154040955,5828037.955668563,-12.06
berlin_2467a079,28800,teleportedWalk,39,f,medium,always,FALSE,797367.0940156071,5832545.464658207,-21.63
berlin_24ab0d76,28800,teleportedWalk,31,f,medium,always,FALSE,793640.9606065996,5831713.988783519,-18.51333333
berlin_24b165e5,28800,teleportedWalk,23,m,high,always,FALSE,794519.7569,5829106.4252952365,-6.063333333
berlin_24bc6905,28800,teleportedWalk,71,m,high,always,FALSE,794966.5948890188,5826269.6961660655,-13.42333333
berlin_24cf0d2d,28800,teleportedWalk,62,f,medium,always,FALSE,796316.8898,5831466.345798163,-14.49333333
berlin_24df142b,28800,teleportedWalk,7,m,very_low,never,FALSE,795641.4126545897,5830342.8080146285,-8.21
berlin_24e51417,28800,teleportedWalk,38,m,medium,always,FALSE,797854.0769559063,5828977.597295336,-11.59333333
berlin_24f41fec,28800,teleportedWalk,78,m,high,always,FALSE,798017.7243068141,5830526.679292959,-15.41333333
berlin_24fd6646,28800,teleportedWalk,30,f,high,always,FALSE,797198.8457758029,5827311.884511605,-11.09666667
berlin_250191d1,28800,teleportedWalk,13,m,medium,never,FALSE,796261.4425,5831132.339606707,-12.74
berlin_251c276a,28800,teleportedWalk,31,m,very_high,always,FALSE,796387.3807810135,5830540.128240903,-10.03
berlin_2521f84d,28800,teleportedWalk,17,m,very_high,never,FALSE,797965.7949803849,5828699.144165235,-12.12333333
berlin_2522d447,28800,teleportedWalk,9,m,low,never,FALSE,797554.4298,5832153.9565495625,-20.25666667
berlin_2535c3b4,28800,teleportedWalk,11,m,medium,always,FALSE,796728.4635859794,5831679.937824875,-16.19333333
berlin_25399f08,28800,teleportedWalk,27,f,high,always,FALSE,799180.4253454416,5827134.008443852,-20.29
berlin_25452dc8,28800,teleportedWalk,29,m,high,always,FALSE,797882.2543147414,5830141.783050365,-13.70666667
berlin_2546b614,28800,teleportedWalk,51,f,high,always,FALSE,795986.2562962756,5831442.675826911,-14.04666667
berlin_2574ad4b,28800,teleportedWalk,44,f,high,always,FALSE,798857.3086,5828862.5430242745,-16.76333333
berlin_2586893b,28800,teleportedWalk,31,f,medium,always,TRUE,796788.4297241645,5832732.443837033,-21.49
berlin_2587c273,28800,teleportedWalk,65,m,high,always,FALSE,797063.0977219361,5831277.872,-15.03333333
berlin_2589f096,28800,teleportedWalk,45,m,high,always,FALSE,793880.8374677664,5827998.687167213,-9.946666667
berlin_25a39df8,28800,teleportedWalk,58,f,medium,always,TRUE,797511.4195,5829580.479572112,-10.64
berlin_25b3963a,28800,teleportedWalk,41,f,medium,always,FALSE,794495.857,5829312.902461258,-6.573333333
berlin_25cf19f1,28800,teleportedWalk,26,m,medium,always,FALSE,798543.9412936502,5829687.9423295995,-15.87333333
berlin_25ea0e70,28800,teleportedWalk,17,m,very_low,never,FALSE,797389.4517131902,5829676.539103097,-10.28333333
berlin_263b5020,28800,teleportedWalk,23,f,low,always,FALSE,796323.1974674074,5831419.484045113,-14.26333333
berlin_2663da27,28800,teleportedWalk,87,m,medium,always,FALSE,794248.1575,5832296.748064645,-19.73333333
berlin_2669b532,28800,teleportedWalk,7,m,high,never,FALSE,796348.1728884602,5830483.938,-9.683333333
berlin_268418f8,28800,teleportedWalk,64,f,medium,always,FALSE,797567.4904510687,5828983.470706277,-10.11333333
berlin_269516cc,28800,teleportedWalk,22,f,medium,always,FALSE,798443.9572896855,5829564.842725207,-15.19
berlin_269b2c8c,28800,teleportedWalk,32,m,very_low,always,FALSE,797666.9642646434,5828576.437545776,-10.61
berlin_26b6947e,28800,teleportedWalk,43,f,medium,always,FALSE,796730.4223400839,5829058.605427978,-5.9
berlin_26be455f,28800,teleportedWalk,41,f,high,always,FALSE,793951.8085,5827966.968157541,-9.68
berlin_26c265e1,28800,teleportedWalk,85,m,medium,always,FALSE,797843.2077494836,5831259.8881317675,-17.33
berlin_26ea059d,28800,teleportedWalk,4,m,very_high,never,FALSE,795544.4467347761,5831473.224193177,-14.09666667
berlin_2702b7f8,28800,teleportedWalk,4,m,very_low,never,FALSE,796849.3164503993,5831243.455088036,-14.35666667
berlin_2713f727,28800,teleportedWalk,78,m,low,always,FALSE,799477.5588960767,5827058.627788299,-21.86
berlin_272d743e,28800,teleportedWalk,55,f,high,always,FALSE,795357.4670634823,5830927.044475605,-11.34
berlin_27430591,28800,teleportedWalk,31,f,very_low,always,FALSE,794974.5552970676,5828266.953610039,-4.293333333
berlin_274ee764,28800,teleportedWalk,52,f,very_low,always,FALSE,795301.6779624171,5827981.290505883,-4.42
berlin_2754dcd8,28800,teleportedWalk,53,f,high,always,FALSE,798419.6210842796,5827115.265426217,-16.82666667
berlin_275a25e9,28800,teleportedWalk,27,m,medium,always,FALSE,795476.8696037852,5830007.544855383,-6.516666667
berlin_275c75d8,28800,teleportedWalk,14,m,high,never,FALSE,796946.1828778997,5832585.726949473,-21.01
berlin_27693119,28800,teleportedWalk,32,f,medium,always,FALSE,799404.7971505849,5826527.068083136,-22.79333333
berlin_27723bf0,28800,teleportedWalk,72,m,high,always,FALSE,793909.1715082319,5828974.528314842,-9.036666667
berlin_27753ce6,28800,teleportedWalk,5,m,very_high,never,FALSE,795078.0823713646,5828845.561082467,-2.923333333
berlin_279e94b1,28800,teleportedWalk,34,m,very_low,always,FALSE,797899.1966557314,5829934.929790967,-13.25666667
berlin_27c1731c,28800,teleportedWalk,34,f,medium,always,FALSE,795120.2002366136,5828834.548194568,-2.7
berlin_27ce076f,28800,teleportedWalk,64,f,very_high,always,FALSE,798588.9418020959,5828761.136807243,-15.36
berlin_27e68732,28800,teleportedWalk,54,f,low,always,FALSE,796135.5603102001,5826053.468070883,-14.33
berlin_27ebd76d,28800,teleportedWalk,30,m,very_high,always,FALSE,797198.5545209334,5829909.197276246,-10.08
berlin_281e2942,28800,teleportedWalk,64,f,medium,always,TRUE,795468.4893537577,5830705.652,-10.13333333
berlin_281ebef3,28800,teleportedWalk,34,f,very_high,always,FALSE,796061.9741834376,5831031.801854462,-12
berlin_28554d0a,28800,teleportedWalk,44,f,medium,always,FALSE,794522.1603535158,5828482.192083398,-5.966666667
berlin_288e3cfb,28800,teleportedWalk,30,f,medium,always,FALSE,794933.9296941876,5829123.110103704,-4.093333333
berlin_28a64bf3,28800,teleportedWalk,7,m,medium,never,FALSE,794849.1394192198,5830774.724,-11.22333333
berlin_28ad4b13,28800,teleportedWalk,40,f,high,always,FALSE,797572.9350746355,5829781.879533107,-11.38333333
berlin_28ae949a,28800,teleportedWalk,47,f,very_high,always,FALSE,796937.3418066755,5833102.471364811,-23.55333333
berlin_28b35530,28800,teleportedWalk,26,m,medium,always,FALSE,796218.8388953351,5825781.948651436,-15.8
berlin_28f991db,28800,teleportedWalk,53,f,very_high,always,FALSE,799158.6799029087,5827296.119,-19.85
berlin_2900d0a8,28800,teleportedWalk,45,f,high,always,FALSE,793818.4879666865,5828508.774405861,-9.533333333
berlin_291625d7,28800,teleportedWalk,69,m,medium,always,FALSE,798076.9824966979,5830157.303025197,-14.62
berlin_29167909,28800,teleportedWalk,94,m,low,always,TRUE,795603.6185690244,5830599.172444545,-9.543333333
berlin_29225c0b,28800,teleportedWalk,61,f,medium,always,FALSE,793910.7706451085,5828332.464569946,-9.24
berlin_2922fcfb,28800,teleportedWalk,64,m,low,always,FALSE,796855.2319162557,5832740.766493278,-21.63
berlin_292f5f99,28800,teleportedWalk,26,m,high,always,FALSE,795773.5464342136,5828535.689581022,-1.386666667
berlin_293b434c,28800,teleportedWalk,46,f,very_high,always,FALSE,797074.1687460048,5828075.389,-8.296666667
berlin_29502e52,28800,teleportedWalk,20,m,medium,always,FALSE,797431.9599752187,5832246.968207321,-20.38
berlin_2951671c,28800,teleportedWalk,64,f,low,always,TRUE,793700.2978882497,5832209.312788883,-20.54666667
berlin_29542ba5,28800,teleportedWalk,53,m,very_high,always,FALSE,797565.9437821754,5831664.481127764,-18.12
berlin_29589974,28800,teleportedWalk,50,f,high,always,FALSE,798615.4619993116,5827330.902430362,-17.19666667
berlin_295f3e28,28800,teleportedWalk,36,f,very_high,always,FALSE,794244.9586708958,5831953.274127631,-18.09
berlin_296be3d9,28800,teleportedWalk,6,m,medium,never,FALSE,798156.3466780757,5829531.888911902,-13.70666667
berlin_29718eb0,28800,teleportedWalk,90,m,medium,always,FALSE,799332.3002914353,5827035.102836532,-21.22333333
berlin_299252e0,28800,teleportedWalk,53,m,very_low,always,FALSE,793939.5547509186,5828501.670116703,-8.916666667
berlin_299b688c,28800,teleportedWalk,50,f,high,always,FALSE,795410.2375202627,5830203.220006978,-7.573333333
berlin_299bded6,28800,teleportedWalk,43,f,medium,always,FALSE,795236.2435281312,5828586.233400171,-2.266666667
berlin_29b02aa2,28800,teleportedWalk,30,f,low,always,FALSE,794299.7891881268,5830914.143151002,-13.16
berlin_29bb903d,28800,teleportedWalk,92,m,very_low,always,FALSE,794826.0079,5828495.183054265,-4.43
berlin_29c9008a,28800,teleportedWalk,63,m,very_high,always,FALSE,795746.9052233405,5831399.588389895,-13.71666667
berlin_29cdc488,28800,teleportedWalk,90,m,medium,always,TRUE,798968.4329515839,5828813.317539922,-17.33666667
berlin_29d18e18,28800,teleportedWalk,57,f,low,always,FALSE,796497.6959044049,5826215.59,-13.98666667
berlin_29d6a841,28800,teleportedWalk,7,m,low,never,FALSE,796999.8095602759,5831191.619773515,-14.48333333
berlin_29e1de54,28800,teleportedWalk,52,f,medium,always,FALSE,794747.3723,5829277.622142496,-5.33
berlin_29e3816a,28800,teleportedWalk,53,f,high,always,FALSE,795468.5665830548,5830707.737425461,-10.14333333
berlin_29e9c2cc,28800,teleportedWalk,45,f,very_low,always,FALSE,798528.2225831605,5829649.378045041,-15.73333333
berlin_29f92edf,28800,teleportedWalk,57,f,very_low,always,TRUE,793776.9895229798,5831946.876200573,-19.16333333
berlin_2a093d2f,28800,teleportedWalk,62,m,very_high,always,FALSE,798600.1091701041,5830126.404412675,-16.97
berlin_2a2e4f48,28800,teleportedWalk,37,f,high,always,FALSE,796988.4193,5831372.568419327,-15.28333333
berlin_2a359039,28800,teleportedWalk,67,m,low,always,FALSE,793885.7520638562,5832325.355236976,-20.63
berlin_2a58ff0d,28800,teleportedWalk,66,m,low,always,FALSE,796418.0270704678,5829267.746888079,-4.843333333
berlin_2a62b0c2,28800,teleportedWalk,33,f,medium,always,FALSE,795440.6196515094,5830054.310658465,-6.783333333
berlin_2a7f90ff,28800,teleportedWalk,94,m,low,always,FALSE,796207.4353062126,5831005.008778452,-12.02666667
berlin_2a97fc62,28800,teleportedWalk,34,f,low,always,FALSE,797269.7654127163,5828375.606,-8.736666667
berlin_2aa88649,28800,teleportedWalk,46,m,medium,always,TRUE,797144.0168494375,5830132.441,-10.59333333
berlin_2ab71c73,28800,teleportedWalk,50,f,medium,always,TRUE,795080.4560937602,5828998.556244632,-3.126666667
berlin_2ab9a55a,28800,teleportedWalk,64,f,low,always,FALSE,797796.4355129455,5828982.1539495215,-11.29666667
berlin_2ad12158,28800,teleportedWalk,48,f,very_high,always,FALSE,797919.0522935357,5830001.098609202,-13.50666667
berlin_2ae73335,28800,teleportedWalk,43,f,medium,always,FALSE,796368.8792977578,5830441.339719162,-9.52
berlin_2af3106e,28800,teleportedWalk,85,m,medium,always,FALSE,799145.1014155033,5826806.374376125,-20.9
berlin_2afa76a9,28800,teleportedWalk,4,m,low,never,FALSE,797894.9702990693,5829725.970410134,-12.77333333
berlin_2b1f815c,28800,teleportedWalk,69,m,medium,always,FALSE,797739.6616719617,5830745.110143517,-15.03
berlin_2b23061e,28800,teleportedWalk,56,f,medium,always,TRUE,799790.9252485863,5826779.534571968,-23.94666667
berlin_2b663a72,28800,teleportedWalk,61,f,low,always,FALSE,796487.1452393171,5830009.795,-7.85
berlin_2b69b650,28800,teleportedWalk,93,m,medium,always,TRUE,793963.3982478995,5828124.124320556,-9.303333333
berlin_2b6c583c,28800,teleportedWalk,30,f,high,always,FALSE,794476.0530070753,5830826.019892074,-12.3
berlin_2b800761,28800,teleportedWalk,7,m,high,never,FALSE,797770.9713177682,5826601.051125277,-15.80666667
berlin_2ba60f70,28800,teleportedWalk,22,m,low,always,FALSE,797773.9012490052,5832772.406075723,-23.62666667
berlin_2bb6db17,28800,teleportedWalk,52,f,medium,always,FALSE,796383.0875823066,5831642.492999338,-15.46666667
berlin_2bb8ed96,28800,teleportedWalk,30,f,medium,always,FALSE,794433.5921165997,5828564.039272774,-6.33
berlin_2bbc9fbd,28800,teleportedWalk,22,f,low,always,FALSE,794110.6671438222,5828542.316845136,-8.006666667
berlin_2bc6d061,28800,teleportedWalk,60,f,low,always,TRUE,798726.4074319738,5826808.186577856,-19.02
berlin_2bdba300,28800,teleportedWalk,46,f,low,always,FALSE,795248.3106709067,5830171.642128274,-7.59
berlin_2bf94b78,28800,teleportedWalk,57,m,very_low,always,FALSE,798840.5605049969,5826761.411066422,-19.65333333
berlin_2c180260,28800,teleportedWalk,19,m,high,always,FALSE,797942.2909450848,5827440.713228942,-13.83
berlin_2c378ed8,28800,teleportedWalk,55,f,very_low,always,TRUE,795260.7866388964,5832254.271833483,-18.25333333
berlin_2c4bb5cd,28800,teleportedWalk,43,f,very_low,always,FALSE,795898.0247118438,5830521.971160693,-9.243333333
berlin_2c571371,28800,teleportedWalk,50,f,medium,always,FALSE,797755.9535832296,5830870.162115993,-15.54333333
berlin_2c57e8c4,28800,teleportedWalk,98,m,medium,always,TRUE,793719.5698022447,5832424.821823868,-21.48333333
berlin_2c5e70d1,28800,teleportedWalk,30,f,low,always,FALSE,793604.2570927639,5828549.965823622,-10.61333333
berlin_2c6ba21d,28800,teleportedWalk,40,f,high,always,FALSE,795353.4480040619,5828557.765061594,-1.81
berlin_2c77ec35,28800,teleportedWalk,41,f,high,always,FALSE,793928.9979453188,5831531.5855201315,-16.90333333
berlin_2c99b935,28800,teleportedWalk,27,m,very_low,always,FALSE,797645.4228839807,5830091.425601079,-12.52666667
berlin_2ca493fb,28800,teleportedWalk,52,f,medium,always,FALSE,795027.1486822797,5826163.747418276,-13.88333333
berlin_2cac21bc,28800,teleportedWalk,31,f,low,always,FALSE,799657.7638,5826551.160146394,-23.87333333
berlin_2cbdf772,28800,teleportedWalk,90,m,medium,always,TRUE,797284.7842530229,5829905.929544603,-10.43333333
berlin_2cc0c402,28800,teleportedWalk,47,f,high,always,FALSE,794920.3626993062,5831127.075457638,-12.83666667
berlin_2cc9eaf0,28800,teleportedWalk,25,m,very_low,always,FALSE,798241.7232736018,5828871.770499482,-13.56666667
berlin_2cd16121,28800,teleportedWalk,38,m,medium,always,FALSE,794699.3892324872,5830766.247339995,-11.49
berlin_2d2b4d09,28800,teleportedWalk,53,f,medium,always,FALSE,794069.4056,5828975.178798926,-8.21
berlin_2d3f2dec,28800,teleportedWalk,38,f,low,always,FALSE,797404.7449293104,5831391.510528181,-16.47333333
berlin_2d4fd78b,28800,teleportedWalk,39,f,medium,always,FALSE,794647.3876963344,5831241.314666387,-13.86666667
berlin_2d736d2e,28800,teleportedWalk,66,m,high,always,TRUE,796239.7939970905,5830783.373813324,-10.96333333
berlin_2d8372b0,28800,teleportedWalk,16,m,high,never,FALSE,793826.1655313986,5828339.293547714,-9.656666667
berlin_2da5aebf,28800,teleportedWalk,14,m,very_low,always,FALSE,797891.1627368921,5828414.309243471,-11.87333333
berlin_2dacf9af,28800,teleportedWalk,19,f,medium,always,FALSE,796919.9361182059,5831559.684767962,-16
berlin_2dae7681,28800,teleportedWalk,46,f,low,always,FALSE,798271.2267982797,5828905.225969232,-13.72666667
berlin_2db6bb78,28800,teleportedWalk,10,m,high,never,FALSE,796622.1146953383,5831600.9430703875,-15.62
berlin_2db8ce10,28800,teleportedWalk,54,f,medium,always,TRUE,795712.1971672622,5825881.836650695,-14.99
berlin_2dc1a4e9,28800,teleportedWalk,31,f,low,always,FALSE,794194.8578456423,5830768.176532462,-12.83
berlin_2dcdd838,28800,teleportedWalk,36,m,medium,always,FALSE,797143.0454210213,5826640.952297612,-13.54
berlin_2de5ba7a,28800,teleportedWalk,21,f,medium,always,FALSE,793991.3985532103,5831655.435562861,-17.29333333
berlin_2de89c63,28800,teleportedWalk,4,m,very_low,never,FALSE,795316.5765248523,5827777.576822228,-5.386666667
berlin_2dea6052,28800,teleportedWalk,59,f,very_high,always,FALSE,793424.3412624062,5829149.122285543,-11.66666667
berlin_2df73a20,28800,teleportedWalk,68,m,very_low,always,TRUE,796328.9824236545,5831505.862799566,-14.70666667
berlin_2df81c61,28800,teleportedWalk,50,f,low,always,FALSE,795949.4731,5826160.428427479,-13.63333333
berlin_2e152149,28800,teleportedWalk,43,m,medium,always,FALSE,794143.5227735008,5828969.223740959,-7.826666667
berlin_2e1de0eb,28800,teleportedWalk,34,m,medium,always,FALSE,796241.0434683283,5831131.251556949,-12.70666667
berlin_2e44f34a,28800,teleportedWalk,61,m,medium,always,FALSE,796956.9345399204,5831215.073738394,-14.48
berlin_2e656333,28800,teleportedWalk,46,f,medium,always,FALSE,799251.8594645637,5827056.995610755,-20.79666667
berlin_2e6e66a9,28800,teleportedWalk,7,m,medium,never,FALSE,794711.1291628804,5831181.163262216,-13.45333333
berlin_2e6f8130,28800,teleportedWalk,54,f,high,always,FALSE,799391.9008416471,5828834.6316821985,-19.54
berlin_2e750bfa,28800,teleportedWalk,33,m,high,always,FALSE,795034.7555802148,5828064.645792809,-4.79
berlin_2e82e060,28800,teleportedWalk,51,f,medium,always,FALSE,794380.1057,5829089.943808414,-6.74
berlin_2e9040fe,28800,teleportedWalk,62,m,low,always,FALSE,797880.9738,5829335.864020689,-12.05333333
berlin_2e92815a,28800,teleportedWalk,34,m,very_low,always,FALSE,794817.2930856105,5830636.266479478,-10.62333333
berlin_2ea461d8,28800,teleportedWalk,49,m,very_low,always,FALSE,796969.7339048699,5832055.514777302,-18.47
berlin_2ea75eed,28800,teleportedWalk,46,m,medium,always,FALSE,796022.7323820053,5831355.864,-13.62666667
berlin_2ea8a9ef,28800,teleportedWalk,58,f,very_low,always,FALSE,796655.0274601164,5832326.1259538205,-19.26666667
berlin_2efe6ed3,28800,teleportedWalk,32,f,medium,always,FALSE,794762.7582087537,5832172.749293369,-18.29666667
berlin_2f0788c9,28800,teleportedWalk,12,m,high,never,FALSE,796772.9914258551,5832965.153274922,-22.63333333
berlin_2f0b9172,28800,teleportedWalk,68,m,high,always,FALSE,794338.2313677833,5831571.351145278,-16.08
berlin_2f25d63f,28800,teleportedWalk,15,m,medium,never,FALSE,794977.6865,5828531.257315894,-3.623333333
berlin_2f32afc7,28800,teleportedWalk,5,m,very_high,never,FALSE,794856.0143859982,5828327.370662958,-4.64
berlin_2f3d3666,28800,teleportedWalk,63,m,very_low,always,FALSE,797948.2552455385,5829290.367586243,-12.33666667
berlin_2f63e4ed,28800,teleportedWalk,42,f,high,always,FALSE,798242.5520447675,5830804.522621419,-17.21666667
berlin_2f6c5e3f,28800,teleportedWalk,45,f,medium,always,FALSE,797389.5253795211,5832567.353104052,-21.78
berlin_2f8119fb,28800,teleportedWalk,16,m,very_low,never,FALSE,794821.9662615852,5829235.709820329,-4.886666667
berlin_2f866c56,28800,teleportedWalk,12,m,medium,never,FALSE,794581.1430049688,5831836.945639382,-16.89333333
berlin_2f9cc65c,28800,teleportedWalk,52,f,medium,always,FALSE,793448.1558269861,5829117.541265421,-11.51666667
berlin_2fb68deb,28800,teleportedWalk,25,m,medium,always,FALSE,796991.2768767435,5832713.330923849,-21.71333333
berlin_2fba062e,28800,teleportedWalk,34,m,high,always,FALSE,795008.5621698106,5829947.072235232,-6.96
berlin_2fc933dd,28800,teleportedWalk,40,f,high,always,FALSE,798192.1640932696,5826743.379413143,-16.94666667
berlin_2fd65a54,28800,teleportedWalk,59,f,medium,always,TRUE,799324.6561,5827043.184264186,-21.17
berlin_2feebf98,28800,teleportedWalk,2,m,high,never,TRUE,795578.3238198792,5830668.134539053,-9.906666667
berlin_2ffa9b1e,28800,teleportedWalk,45,f,medium,always,FALSE,799145.7548941756,5826530.574,-21.63666667
berlin_3008a2c9,28800,teleportedWalk,23,m,medium,always,FALSE,798270.9896962589,5828593.304228357,-13.73666667
berlin_300ccdc6,28800,teleportedWalk,31,m,high,always,FALSE,796600.4082,5832045.340027795,-17.78666667
berlin_301e507a,28800,teleportedWalk,60,m,high,always,FALSE,796720.5021133007,5832813.138322327,-21.8
berlin_30265c12,28800,teleportedWalk,54,f,medium,always,TRUE,795088.3650619085,5828761.838770268,-2.84
berlin_302d63ef,28800,teleportedWalk,45,f,low,always,FALSE,798709.2352352011,5829910.058497369,-17.06
berlin_302e84bf,28800,teleportedWalk,41,f,very_low,always,FALSE,794639.2034427156,5831058.306405536,-13.00333333
berlin_305d0c94,28800,teleportedWalk,14,m,very_high,never,FALSE,798562.0172869922,5828740.722702678,-15.22
berlin_30777aa1,28800,teleportedWalk,47,f,very_low,always,FALSE,798676.7272195513,5827319.023181219,-17.51
berlin_308e4fb4,28800,teleportedWalk,59,f,very_high,always,FALSE,797233.0565388347,5831554.072647311,-16.72
berlin_30d37e7e,28800,teleportedWalk,33,m,low,always,FALSE,793836.1989,5828208.064734719,-9.786666667
berlin_30da84d2,28800,teleportedWalk,57,f,high,always,FALSE,793599.5720504058,5828458.318168354,-10.7
berlin_30e15895,28800,teleportedWalk,84,m,low,always,FALSE,798902.9650181802,5827599.589070189,-18.04
berlin_30f03ca6,28800,teleportedWalk,46,m,low,always,FALSE,793498.2566378366,5831832.1867081905,-19.44
berlin_30f61a8b,28800,teleportedWalk,54,f,medium,always,TRUE,796484.9987259107,5826195.237308628,-14.06666667
berlin_30f63abf,28800,teleportedWalk,52,f,high,always,FALSE,795578.0559,5828023.226978022,-3.86
berlin_31084620,28800,teleportedWalk,73,m,very_low,always,FALSE,793696.0878991163,5829027.254,-10.17
berlin_310fd719,28800,teleportedWalk,60,f,low,always,FALSE,800256.1684305476,5828182.6190960575,-24.22
berlin_31311a1a,28800,teleportedWalk,56,f,low,always,FALSE,798749.4508713211,5826953.769104592,-18.73
berlin_313ee001,28800,teleportedWalk,18,f,medium,always,FALSE,797440.8160456708,5828125.180431266,-9.96
berlin_3143ac37,28800,teleportedWalk,17,m,low,never,FALSE,794447.6293855832,5828935.353388438,-6.233333333
berlin_316884f9,28800,teleportedWalk,19,f,low,always,FALSE,795572.2949226953,5825837.8486710265,-15.21666667
berlin_316a5919,28800,teleportedWalk,17,m,low,never,FALSE,797069.0813203517,5829269.917,-7.906666667
berlin_316d6fbf,28800,teleportedWalk,54,f,high,always,FALSE,796821.4429219973,5831157.815655519,-13.89333333
berlin_317e45c5,28800,teleportedWalk,38,m,high,always,FALSE,798749.3898,5829085.519559479,-16.28
berlin_3187b471,28800,teleportedWalk,65,m,very_low,always,TRUE,796632.6766146491,5831649.663502629,-15.87666667
berlin_318d09f2,28800,teleportedWalk,25,m,medium,always,FALSE,795716.8874202808,5830396.005216082,-8.496666667
berlin_319a386c,28800,teleportedWalk,28,m,very_low,always,FALSE,795339.4792,5830009.590716179,-6.656666667
berlin_319f8a0d,28800,teleportedWalk,20,f,very_high,always,FALSE,796945.368,5831793.381520256,-17.16333333
berlin_31acb21e,28800,teleportedWalk,19,f,medium,always,FALSE,793802.7950485355,5827605.599971165,-11.26666667
berlin_31b7b22d,28800,teleportedWalk,7,m,medium,never,FALSE,796833.7378796716,5831881.802653985,-17.37
berlin_31ba2129,28800,teleportedWalk,23,m,high,always,FALSE,797924.3802193464,5828452.613952818,-12.01333333
berlin_3201999e,28800,teleportedWalk,10,m,high,never,FALSE,794849.5346,5826207.011269996,-13.90666667
berlin_3223437c,28800,teleportedWalk,62,f,medium,always,FALSE,797748.0754977986,5826712.129442207,-15.31333333
berlin_32274556,28800,teleportedWalk,7,m,high,never,FALSE,795351.2332963662,5832217.519983148,-18.02
berlin_325a46eb,28800,teleportedWalk,24,f,medium,always,FALSE,795434.2137248542,5831092.076653695,-12.15
berlin_325dbaf0,28800,teleportedWalk,17,m,medium,never,FALSE,797644.2271292798,5832226.439870233,-20.81666667
berlin_326bbd4f,28800,teleportedWalk,1,m,high,never,TRUE,794066.0951200646,5828962.960829633,-8.22
berlin_32728a7a,28800,teleportedWalk,31,f,medium,always,FALSE,795894.0955826216,5830805.475989963,-10.7
berlin_328681f6,28800,teleportedWalk,94,m,medium,always,TRUE,796736.2748677405,5832552.685060217,-20.51666667
berlin_32a248a3,28800,teleportedWalk,93,m,medium,always,TRUE,797181.5066176548,5832062.3453360265,-18.94333333
berlin_32a8f9eb,28800,teleportedWalk,18,m,low,always,FALSE,792931.1851932914,5828773.793339945,-14.05666667
berlin_32aad0db,28800,teleportedWalk,43,m,medium,always,FALSE,796667.1819595969,5832139.526492861,-18.35666667
berlin_32b0b120,28800,teleportedWalk,3,m,high,never,FALSE,796973.5507221275,5831723.403941763,-16.89
berlin_32d39705,28800,teleportedWalk,26,f,very_low,always,FALSE,794551.9720384483,5832236.176742616,-18.91333333
berlin_32d64808,28800,teleportedWalk,2,m,very_high,never,FALSE,794214.3263070601,5832331.480862853,-19.96666667
berlin_32dd7f1b,28800,teleportedWalk,60,f,high,always,FALSE,793677.7948027928,5828843.174737849,-10.18333333
berlin_32e6aa8a,28800,teleportedWalk,32,f,high,always,FALSE,796704.8030997601,5832879.265058583,-22.11
berlin_33164c82,28800,teleportedWalk,5,m,high,never,FALSE,797533.6151355964,5832969.9351675315,-23.99666667
berlin_331a13fb,28800,teleportedWalk,5,m,medium,never,FALSE,795301.7195862893,5830335.672,-8.353333333
berlin_333a3f3e,28800,teleportedWalk,51,f,medium,always,FALSE,794156.1708631051,5832017.362637401,-18.58333333
berlin_3349ad20,28800,teleportedWalk,71,m,low,always,FALSE,796607.5401605519,5831725.871,-16.21
berlin_334a2804,28800,teleportedWalk,1,m,very_low,never,FALSE,797574.4639,5828872.451804921,-10.1
berlin_335de07a,28800,teleportedWalk,5,m,very_high,never,FALSE,799362.3824631533,5827067.169920167,-21.29666667
berlin_3379884e,28800,teleportedWalk,52,f,medium,always,FALSE,796484.0688538835,5831593.601391186,-15.36333333
berlin_3396b86a,28800,teleportedWalk,40,m,medium,always,FALSE,794142.2903,5828431.628745898,-7.95
berlin_33a7385b,28800,teleportedWalk,86,m,medium,always,TRUE,799116.3900815351,5827353.051,-19.53333333
berlin_33b0d118,28800,teleportedWalk,32,m,high,always,FALSE,796232.0524153542,5831747.816621053,-15.82333333
berlin_33cb1172,28800,teleportedWalk,59,f,medium,always,TRUE,799021.6655216094,5828683.673651567,-17.61666667
berlin_33ce0692,28800,teleportedWalk,11,m,low,never,FALSE,797492.6359976016,5828216.139635508,-10.07
berlin_33e59c1e,28800,teleportedWalk,62,m,high,always,FALSE,796262.5331193034,5830638.807933514,-10.28
berlin_33e8db84,28800,teleportedWalk,66,m,medium,always,TRUE,799255.8678522687,5827131.958509424,-20.65333333
berlin_33fe0a8f,28800,teleportedWalk,63,f,high,always,FALSE,797886.3245480937,5829040.188457923,-11.79666667
berlin_3406b9e5,28800,teleportedWalk,58,f,medium,always,FALSE,795174.6786,5829471.491625035,-4.386666667
berlin_3406d227,28800,teleportedWalk,64,f,low,always,FALSE,796853.6478834302,5832411.057986838,-19.99666667
berlin_34071590,28800,teleportedWalk,53,m,medium,always,FALSE,797839.1112162875,5828560.884,-11.51
berlin_3415b7bb,28800,teleportedWalk,46,f,low,always,FALSE,795609.8745585366,5832201.743203295,-17.87666667
berlin_34238e7e,28800,teleportedWalk,63,f,medium,always,FALSE,794096.9116524679,5831964.251395839,-18.46333333
berlin_34435d57,28800,teleportedWalk,84,m,low,always,FALSE,794927.7204046828,5830158.867474676,-8.13
berlin_344b8aae,28800,teleportedWalk,29,f,high,always,FALSE,795952.3295593214,5831528.304461772,-14.47
berlin_3453f023,28800,teleportedWalk,26,m,very_low,always,FALSE,798706.4619405918,5829591.123707845,-16.54
berlin_347c8267,28800,teleportedWalk,42,f,very_high,always,FALSE,796257.5565788054,5825617.902675284,-16.67333333
berlin_347e2738,28800,teleportedWalk,45,f,very_high,always,FALSE,795836.6523734183,5831194.380137472,-12.68
berlin_347eb18f,28800,teleportedWalk,64,m,low,always,FALSE,796374.1152047263,5825994.389406799,-14.90333333
berlin_3489570e,28800,teleportedWalk,4,m,high,never,FALSE,797552.1621109205,5829526.333013731,-10.73
berlin_348ce537,28800,teleportedWalk,70,m,low,always,FALSE,794088.1331776704,5828704.583896262,-8.046666667
berlin_34a17e53,28800,teleportedWalk,3,m,high,never,FALSE,793132.6793188181,5828308.793290803,-13.22333333
berlin_34ae88bc,28800,teleportedWalk,49,f,medium,always,FALSE,795899.4386,5831572.386868666,-14.66666667
berlin_34b19b88,28800,teleportedWalk,29,f,medium,always,FALSE,798360.6717775243,5830456.936919899,-16.68666667
berlin_34b1c114,28800,teleportedWalk,48,f,very_high,always,FALSE,799517.1772790467,5827135.724641698,-21.89
berlin_34b712bb,28800,teleportedWalk,43,f,medium,always,FALSE,797389.6837095697,5832256.490364967,-20.32333333
berlin_34b7c6ba,28800,teleportedWalk,21,m,very_low,always,FALSE,797100.4324698064,5832144.113887407,-19.15666667
berlin_34c78300,28800,teleportedWalk,70,m,medium,always,FALSE,798075.2304345391,5829033.374919533,-12.76666667
berlin_34f8e410,28800,teleportedWalk,34,f,medium,always,FALSE,795195.5699719753,5830885.353690307,-11.26333333
berlin_350bd7fc,28800,teleportedWalk,55,f,high,always,FALSE,793928.4958838869,5828595.189727737,-8.913333333
berlin_3515bd48,28800,teleportedWalk,46,f,high,always,FALSE,797045.4233095548,5828791.695436842,-7.336666667
berlin_3529272d,28800,teleportedWalk,26,f,very_high,always,FALSE,799263.6255103599,5826726.917233123,-21.63666667
berlin_353f5f39,28800,teleportedWalk,93,m,medium,always,TRUE,794693.8838288737,5826157.974558432,-14.40333333
berlin_35548650,28800,teleportedWalk,38,f,very_high,always,FALSE,794441.5406,5828410.348701742,-6.47
berlin_355b25ca,28800,teleportedWalk,6,m,medium,never,FALSE,797484.0829719629,5829055.666141141,-9.733333333
berlin_356a7fbc,28800,teleportedWalk,41,m,low,always,FALSE,799514.1839528218,5827146.935734954,-21.85333333
berlin_3577f7a1,28800,teleportedWalk,32,m,low,always,FALSE,794158.9839260367,5831355.067856368,-15.50333333
berlin_357b1e12,28800,teleportedWalk,48,m,very_low,always,FALSE,797443.5512,5831697.184776099,-17.92
berlin_3595d2b0,28800,teleportedWalk,60,f,medium,always,FALSE,794118.8756123761,5828635.192719107,-7.91
berlin_359fa5ff,28800,teleportedWalk,44,f,medium,always,FALSE,792939.2792987672,5831008.168,-18.23666667
berlin_35b964ab,28800,teleportedWalk,1,m,low,never,TRUE,799830.6195415147,5827821.174094348,-22.36
berlin_35efacc0,28800,teleportedWalk,13,m,medium,never,FALSE,793934.4557,5828990.024120279,-8.916666667
berlin_35efeba0,28800,teleportedWalk,31,m,medium,always,FALSE,794866.0841,5829335.054881578,-4.976666667
berlin_36071c5c,28800,teleportedWalk,22,f,low,always,FALSE,795315.0894200183,5828260.4830881795,-3.096666667
berlin_361d3823,28800,teleportedWalk,90,m,medium,always,FALSE,797551.1618384656,5831758.286298894,-18.48666667
berlin_3630ce15,28800,teleportedWalk,82,m,medium,always,TRUE,798627.9128320602,5829880.227927872,-16.61
berlin_36323d70,28800,teleportedWalk,39,f,very_low,always,TRUE,794973.7056326624,5829212.611892442,-4.153333333
berlin_36491c9a,28800,teleportedWalk,38,f,high,always,FALSE,795149.4465045067,5828933.135859256,-2.67
berlin_364c6179,28800,teleportedWalk,26,f,medium,always,FALSE,795498.3559030421,5830657.751469942,-9.873333333
berlin_3665a68f,28800,teleportedWalk,57,f,very_high,always,FALSE,794038.7635482191,5828603.416144951,-8.34
berlin_36b171da,28800,teleportedWalk,34,f,medium,always,FALSE,792689.9576480098,5828788.608661372,-15.31
berlin_36c731f3,28800,teleportedWalk,52,m,high,always,FALSE,798524.1266,5828574.828336776,-15.05666667
berlin_36dfa3e2,28800,teleportedWalk,14,m,medium,never,FALSE,799526.9465678395,5826585.278104306,-23.19333333
berlin_37055a4a,28800,teleportedWalk,54,f,medium,always,FALSE,794935.9754366593,5830911.499808913,-11.74333333
berlin_370fa256,28800,teleportedWalk,20,f,low,always,FALSE,796328.9859070978,5830349.395702532,-9
berlin_371d5e2d,28800,teleportedWalk,30,m,very_low,always,FALSE,796210.5757202966,5831110.822998928,-12.56666667
berlin_37372958,28800,teleportedWalk,69,m,medium,always,FALSE,799805.5648427934,5827931.502155937,-22.11333333
berlin_37450b89,28800,teleportedWalk,31,f,very_low,always,FALSE,798450.8228809847,5829944.453388989,-15.87666667
berlin_3745c59f,28800,teleportedWalk,18,f,very_low,always,FALSE,795382.4912692169,5830236.653238041,-7.77
berlin_3751da22,28800,teleportedWalk,53,f,high,always,FALSE,794965.2755,5830873.164465714,-11.50666667
berlin_3753778f,28800,teleportedWalk,45,f,very_high,always,FALSE,797532.4395364849,5828899.684037868,-9.893333333
berlin_376dd2b4,28800,teleportedWalk,31,m,very_high,always,FALSE,795885.5374017445,5830803.195636089,-10.68333333
berlin_377a262d,28800,teleportedWalk,26,f,medium,always,FALSE,792666.2225822496,5828705.728964054,-15.43666667
berlin_37826d21,28800,teleportedWalk,71,m,high,always,FALSE,799100.6882,5826905.064495263,-20.45
berlin_3792584f,28800,teleportedWalk,11,m,medium,never,FALSE,798187.6490588795,5830671.891955672,-16.57333333
berlin_37b87164,28800,teleportedWalk,11,m,medium,never,FALSE,795770.3959620462,5831409.130143067,-13.77333333
berlin_37c0cd50,28800,teleportedWalk,47,f,medium,always,FALSE,794768.1447,5830856.659199017,-11.77666667
berlin_37d490fe,28800,teleportedWalk,49,m,very_high,always,FALSE,797698.4664200642,5826703.345176246,-15.16333333
berlin_37d4ed92,28800,teleportedWalk,66,m,medium,always,FALSE,794840.9575288234,5831192.590211888,-13.28666667
berlin_38255061,28800,teleportedWalk,35,f,medium,always,FALSE,794612.6577560175,5830887.718291338,-12.25666667
berlin_382dae10,28800,teleportedWalk,21,f,low,always,FALSE,797524.8644349289,5832067.411781926,-19.79
berlin_383021d3,28800,teleportedWalk,54,f,very_low,always,FALSE,797782.4031879683,5830152.050894481,-13.29666667
berlin_3837104e,28800,teleportedWalk,60,f,high,always,TRUE,798256.7075,5829493.699842946,-14.15
berlin_383be88c,28800,teleportedWalk,52,f,high,always,FALSE,799061.3904778217,5828464.705193394,-17.88666667
berlin_3851bd62,28800,teleportedWalk,31,m,very_low,always,FALSE,797514.2356328095,5828986.253562736,-9.84
berlin_385b7159,28800,teleportedWalk,61,m,medium,always,FALSE,797396.7403810665,5828997.693400806,-9.24
berlin_385c9370,28800,teleportedWalk,4,m,very_low,never,FALSE,797846.3113621797,5829121.856868097,-11.65
berlin_3866c917,28800,teleportedWalk,63,f,medium,always,FALSE,798197.2266436117,5828619.6793160075,-13.34333333
berlin_3881f622,28800,teleportedWalk,1,m,medium,never,FALSE,793577.4887766417,5828173.285211476,-11.12666667
berlin_38925a99,28800,teleportedWalk,49,f,high,always,FALSE,798502.7419792286,5829600.558486673,-15.53333333
berlin_38b5ec14,28800,teleportedWalk,40,f,medium,always,FALSE,794447.8650484976,5832160.202,-18.70666667
berlin_38b9f265,28800,teleportedWalk,21,f,high,always,FALSE,795134.8787161387,5831205.515043791,-12.96
berlin_38bbd638,28800,teleportedWalk,49,f,high,always,FALSE,794029.9205495573,5828896.529313506,-8.37
berlin_38cf5d32,28800,teleportedWalk,62,f,high,always,FALSE,796308.1065661245,5826124.3322265865,-14.16333333
berlin_38e74f44,28800,teleportedWalk,8,m,high,never,FALSE,798330.2151730701,5829795.247102958,-15.00666667
berlin_38f1ee5f,28800,teleportedWalk,43,f,medium,always,FALSE,796414.2663570438,5831142.168256174,-13.01333333
berlin_38f98eb0,28800,teleportedWalk,39,m,medium,always,FALSE,793996.8391786058,5827960.045,-9.486666667
berlin_3918b6f1,28800,teleportedWalk,53,f,medium,always,FALSE,797085.6345,5833001.881865747,-23.29333333
berlin_392e4ae2,28800,teleportedWalk,64,f,medium,always,TRUE,795352.3335289264,5827822.038024086,-5.11
berlin_394468d9,28800,teleportedWalk,24,f,medium,always,FALSE,797710.1373100979,5827087.49,-13.87
berlin_3944e215,28800,teleportedWalk,46,m,high,always,FALSE,797147.2587867231,5831619.136148382,-16.8
berlin_39543a53,28800,teleportedWalk,42,f,high,always,FALSE,798116.8962893928,5829036.596735316,-12.98333333
berlin_3970b98a,28800,teleportedWalk,40,f,low,always,FALSE,795506.3250527675,5827663.452554758,-5.76
berlin_397ddad6,28800,teleportedWalk,20,m,low,always,FALSE,792886.4275688594,5828681.528068056,-14.29666667
berlin_397e0d51,28800,teleportedWalk,5,m,low,never,FALSE,797075.3575,5832952.762913571,-23.03333333
berlin_39a498a1,28800,teleportedWalk,37,f,low,always,FALSE,799694.0221101155,5826663.523687822,-23.76333333
berlin_39b081c6,28800,teleportedWalk,43,f,high,always,FALSE,797016.1938550624,5832891.742928825,-22.63333333
berlin_39c9395f,28800,teleportedWalk,55,m,medium,always,FALSE,795649.9421085054,5830410.853629103,-8.563333333
berlin_39f256b8,28800,teleportedWalk,13,m,very_high,never,FALSE,795472.1806548983,5830260.180321364,-7.826666667
berlin_3a108447,28800,teleportedWalk,43,m,medium,always,FALSE,796274.1625982821,5831497.907260888,-14.6
berlin_3a153459,28800,teleportedWalk,11,m,medium,always,FALSE,797882.2958732431,5830055.618,-13.48
berlin_3a17db79,28800,teleportedWalk,48,m,very_high,always,FALSE,794187.3631304032,5831638.329026056,-16.73333333
berlin_3a2c9d46,28800,teleportedWalk,30,f,medium,always,FALSE,797387.3921,5832220.853547193,-20.15333333
berlin_3a2fc002,28800,teleportedWalk,61,f,very_low,always,FALSE,796004.5814209335,5830925.562664555,-11.40333333
berlin_3a3cf27c,28800,teleportedWalk,3,m,medium,never,FALSE,797799.4154937547,5831691.641433346,-18.93333333
berlin_3a4b354f,28800,teleportedWalk,46,f,high,always,FALSE,800192.0075,5827558.398266468,-24.51
berlin_3a59dc21,28800,teleportedWalk,21,f,very_low,always,FALSE,795125.3556866521,5830834.965254543,-11.09
berlin_3a6dc147,28800,teleportedWalk,90,m,high,always,FALSE,794113.8807045524,5827211.0035058325,-11.3
berlin_3a8c903a,28800,teleportedWalk,54,m,low,always,TRUE,795521.3272348638,5827982.260704795,-4.103333333
berlin_3a978067,28800,teleportedWalk,36,f,medium,always,FALSE,795141.4080327381,5826225.576243567,-13.44333333
berlin_3a999649,28800,teleportedWalk,61,f,medium,always,TRUE,798584.8751,5829685.488674245,-16.07
berlin_3aa5fa1d,28800,teleportedWalk,38,m,high,always,FALSE,797055.3851803453,5831225.572002246,-14.78
berlin_3aaf58c4,28800,teleportedWalk,11,m,low,never,FALSE,794260.5644101214,5827977.4439990185,-8.23
berlin_3ab38aff,28800,teleportedWalk,19,m,medium,always,FALSE,795501.5375379815,5830689.102666967,-10.03333333
berlin_3ac2cd8c,28800,teleportedWalk,16,m,medium,never,FALSE,796274.8727648075,5831022.452964943,-12.20666667
berlin_3adea696,28800,teleportedWalk,44,m,very_high,always,FALSE,799038.6434,5828459.846268705,-17.77
berlin_3ae38168,28800,teleportedWalk,91,m,high,always,FALSE,795077.8573967172,5826214.405299134,-13.56666667
berlin_3ae5547e,28800,teleportedWalk,96,m,very_low,always,TRUE,793913.4747,5828733.234438871,-8.95
berlin_3aeb6fee,28800,teleportedWalk,59,f,high,always,FALSE,798399.6410358197,5829012.363682428,-14.43333333
berlin_3b04811b,28800,teleportedWalk,20,f,very_low,always,FALSE,796907.3160993287,5831188.699,-14.24
berlin_3b217c12,28800,teleportedWalk,2,m,high,never,FALSE,794136.2280824431,5831940.702683615,-18.26333333
berlin_3b2361ad,28800,teleportedWalk,52,f,high,always,FALSE,797302.0566883031,5831586.0307831075,-17.04333333
berlin_3b28cd3a,28800,teleportedWalk,52,f,medium,always,TRUE,795457.8775278622,5830576.566595361,-9.47
berlin_3b3533f8,28800,teleportedWalk,42,f,low,always,FALSE,793868.0107875997,5832063.420614552,-19.46
berlin_3b39e5df,28800,teleportedWalk,34,f,medium,always,FALSE,794179.4926586607,5828607.321583002,-7.61
berlin_3b56a638,28800,teleportedWalk,12,m,medium,always,FALSE,794144.2978663082,5831160.540499931,-14.67333333
berlin_3b5a7095,28800,teleportedWalk,8,m,high,never,FALSE,797752.6132690022,5829855.876770109,-12.39
berlin_3b5c1f58,28800,teleportedWalk,55,f,very_high,always,FALSE,799335.9901414013,5827002.8769257115,-21.31333333
berlin_3b761463,28800,teleportedWalk,21,f,medium,always,FALSE,797500.2826014946,5828208.992754328,-10.12
berlin_3b7cc2fb,28800,teleportedWalk,42,f,very_low,always,FALSE,794134.9808281986,5831967.1042794455,-18.39
berlin_3b8588aa,28800,teleportedWalk,24,f,high,always,FALSE,796135.9028000395,5826218.116793566,-13.49
berlin_3b8cf363,28800,teleportedWalk,35,m,low,always,FALSE,794867.4414523821,5829410.225700819,-5.216666667
berlin_3bcf2e73,28800,teleportedWalk,43,f,high,always,FALSE,798301.1076,5830266.837,-15.91666667
berlin_3bfc3730,28800,teleportedWalk,53,f,medium,always,FALSE,793456.6800983114,5828258.16,-11.62333333
berlin_3c16ddd4,28800,teleportedWalk,12,m,high,never,FALSE,793668.5756371159,5828220.278259998,-10.60666667
berlin_3c1b3994,28800,teleportedWalk,19,f,very_low,always,FALSE,797668.5234813371,5832055.394917468,-20.12
berlin_3c2ddb32,28800,teleportedWalk,51,f,high,always,FALSE,795672.7691618447,5827812.695602595,-4.946666667
berlin_3c6f8778,28800,teleportedWalk,28,m,medium,always,FALSE,797478.5806832011,5828561.328916143,-9.643333333
berlin_3c708ce1,28800,teleportedWalk,48,f,very_high,always,FALSE,798207.9171540986,5831146.462526308,-18.23333333
berlin_3c8a7c75,28800,teleportedWalk,9,m,very_low,never,FALSE,794674.5460879079,5829219.4041677825,-5.523333333
berlin_3c9ff548,28800,teleportedWalk,51,f,high,always,FALSE,797812.0383193719,5830885.123131487,-15.80666667
berlin_3cb993a5,28800,teleportedWalk,45,f,medium,always,FALSE,794993.8766205027,5830671.417237945,-10.46333333
berlin_3cbd862c,28800,teleportedWalk,21,m,very_low,always,FALSE,795268.7526490988,5828159.908691694,-3.67
berlin_3cc31ef0,28800,teleportedWalk,8,m,low,never,FALSE,795259.9716354003,5826122.683072166,-13.87
berlin_3cc5e22d,28800,teleportedWalk,72,m,low,always,FALSE,795902.6000885301,5830487.208768263,-9.066666667
berlin_3cd48892,28800,teleportedWalk,55,f,high,always,FALSE,800060.5569316228,5828275.146913599,-23.15333333
berlin_3cd5f901,28800,teleportedWalk,33,f,high,always,TRUE,796050.3322840852,5831897.958901967,-16.44
berlin_3d13c7ee,28800,teleportedWalk,44,f,medium,always,FALSE,794932.6940951005,5830113.180770319,-7.906666667
berlin_3d20c8dd,28800,teleportedWalk,14,m,low,never,FALSE,796258.3599,5831524.090177876,-14.71333333
berlin_3d3c7e2d,28800,teleportedWalk,28,f,high,always,FALSE,793701.7118509598,5829025.8147126725,-10.14
berlin_3d4554e5,28800,teleportedWalk,3,m,medium,never,FALSE,795555.1009381373,5828415.426632793,-1.856666667
berlin_3d53defa,28800,teleportedWalk,29,f,low,always,FALSE,798496.2381754704,5829607.007119709,-15.51
berlin_3d545f53,28800,teleportedWalk,32,f,low,always,FALSE,798101.4513,5826842.991455888,-16.25666667
berlin_3d6ca64b,28800,teleportedWalk,15,m,high,never,FALSE,799883.2652799297,5826814.820900525,-24.30333333
berlin_3d7837c5,28800,teleportedWalk,26,m,medium,always,FALSE,797530.1256382938,5831536.194055159,-17.46333333
berlin_3d820c03,28800,teleportedWalk,22,f,medium,always,FALSE,797073.8723207744,5831170.565132564,-14.58
berlin_3daa898f,28800,teleportedWalk,23,f,very_low,always,FALSE,794374.8495869022,5831474.156916524,-15.54
berlin_3db1aa7a,28800,teleportedWalk,49,f,high,always,FALSE,799614.8236530583,5827308.979993499,-22.03333333
berlin_3db3f55b,28800,teleportedWalk,64,f,high,always,FALSE,797099.8687081533,5831159.695310287,-14.60333333
berlin_3db48551,28800,teleportedWalk,21,f,high,always,FALSE,796566.5253,5825652.6647852445,-16.88666667
berlin_3dbfb4ff,28800,teleportedWalk,50,m,high,always,FALSE,793924.3703322283,5832037.235416982,-19.20333333
berlin_3dfa31e6,28800,teleportedWalk,58,m,low,always,FALSE,794986.5005143284,5828205.938463784,-4.443333333
berlin_3e106aaa,28800,teleportedWalk,43,f,low,always,FALSE,794009.7917731677,5829002.821951157,-8.54
berlin_3e281a3d,28800,teleportedWalk,18,m,very_low,always,FALSE,799543.1835739769,5826490.346558031,-23.51
berlin_3e3deefb,28800,teleportedWalk,55,f,very_high,always,FALSE,796676.1788262775,5829953.346230745,-8.22
berlin_3e42217d,28800,teleportedWalk,6,m,high,never,FALSE,794276.6451,5831616.254476992,-16.42666667
berlin_3e459de7,28800,teleportedWalk,4,m,very_low,never,FALSE,796783.8936567092,5832328.524853384,-19.47333333
berlin_3e52d13c,28800,teleportedWalk,23,f,very_low,always,FALSE,795769.3986190918,5825898.6955653755,-14.91333333
berlin_3e5d66b9,28800,teleportedWalk,35,f,medium,always,FALSE,794893.6651801285,5830059.908779923,-7.763333333
berlin_3e83d651,28800,teleportedWalk,9,m,low,never,TRUE,796295.6573987533,5831810.501,-16.21
berlin_3e85013b,28800,teleportedWalk,5,m,low,never,FALSE,794367.5630526254,5828263.027572301,-7.083333333
berlin_3e90afd3,28800,teleportedWalk,24,f,medium,always,FALSE,794181.3037156605,5828965.653570434,-7.626666667
berlin_3e99aece,28800,teleportedWalk,43,f,medium,always,FALSE,797173.1698229228,5830189.008633783,-10.90333333
berlin_3eae48ef,28800,teleportedWalk,45,f,low,always,FALSE,794408.0071,5831757.807131857,-16.82333333
berlin_3ebc3895,28800,teleportedWalk,36,f,high,always,FALSE,794709.5113089829,5827503.820812147,-8.126666667
berlin_3ec33edd,28800,teleportedWalk,62,f,high,always,FALSE,797064.8989839536,5829367.206448783,-8.07
berlin_3eccb440,28800,teleportedWalk,74,m,high,always,FALSE,799951.0658909352,5828468.786745761,-22.49666667
berlin_3ee2db0c,28800,teleportedWalk,7,m,very_high,never,FALSE,793804.2002948972,5828009.816315095,-10.29333333
berlin_3eea495f,28800,teleportedWalk,66,m,medium,always,FALSE,794163.6056205421,5831448.167504941,-15.91666667
berlin_3ef01fa1,28800,teleportedWalk,10,m,low,never,FALSE,794986.8487649114,5828863.578592928,-3.406666667
berlin_3f090e95,28800,teleportedWalk,29,m,medium,always,FALSE,795314.0322911534,5828386.566222218,-2.573333333
berlin_3f145fe7,28800,teleportedWalk,24,f,medium,always,FALSE,795183.3803765534,5832351.450410364,-18.8
berlin_3f25402e,28800,teleportedWalk,40,f,high,always,FALSE,796741.5940212675,5832925.161003149,-22.39
berlin_3f29b03f,28800,teleportedWalk,5,m,medium,never,FALSE,793812.1864461103,5831904.433236541,-18.88
berlin_3f3720c1,28800,teleportedWalk,46,f,high,always,FALSE,795709.0297580899,5825783.755250738,-15.5
berlin_3f3d215a,28800,teleportedWalk,61,f,high,always,FALSE,795413.4917197125,5829459.087085875,-3.793333333
berlin_3f5281bf,28800,teleportedWalk,37,f,very_low,always,FALSE,795969.0005030376,5830824.667495113,-10.85666667
berlin_3f6a5451,28800,teleportedWalk,22,f,very_low,always,TRUE,795454.3701082824,5830493.221022942,-9.04
berlin_3f6f6fc4,28800,teleportedWalk,21,f,very_low,always,FALSE,797099.8274808521,5832021.997494862,-18.57666667
berlin_3f769f33,28800,teleportedWalk,48,f,low,always,FALSE,797632.2307203457,5828768.298033485,-10.38666667
berlin_3f95b65d,28800,teleportedWalk,23,m,low,always,FALSE,794645.8832766506,5832426.474257342,-19.72666667
berlin_3fd1a984,28800,teleportedWalk,33,m,low,always,FALSE,796522.3505181388,5825760.090674939,-16.28666667
berlin_3fef1fed,28800,teleportedWalk,37,m,medium,always,FALSE,796131.7740770783,5830514.188767271,-9.46
berlin_3ffa2091,28800,teleportedWalk,21,m,low,always,FALSE,796368.4040318846,5825693.3379745195,-16.41333333
berlin_40020df1,28800,teleportedWalk,44,f,medium,always,FALSE,794398.3273749666,5832291.512542344,-19.43666667
berlin_4015497d,28800,teleportedWalk,60,m,medium,always,FALSE,799689.6511,5828614.8596940525,-21.1
berlin_401cb3ef,28800,teleportedWalk,40,f,medium,always,FALSE,793463.9956815906,5828872.318780321,-11.3
berlin_401d236f,28800,teleportedWalk,21,f,medium,always,FALSE,794313.9011733462,5827452.180492943,-9.676666667
berlin_4024311d,28800,teleportedWalk,54,f,medium,always,FALSE,798532.3644122409,5829209.394950645,-15.24333333
berlin_403a899b,28800,teleportedWalk,35,f,medium,always,FALSE,793583.6270425159,5831760.170295182,-18.88
berlin_4041e435,28800,teleportedWalk,50,f,high,always,FALSE,795904.5730196589,5830572.937774631,-9.51
berlin_405cbb4d,28800,teleportedWalk,55,f,high,always,FALSE,796327.5810988112,5825955.699755938,-15.03666667
berlin_4070b937,28800,teleportedWalk,28,f,medium,always,FALSE,795674.1915820336,5829288.105289158,-2.733333333
berlin_407fe81e,28800,teleportedWalk,57,f,high,always,TRUE,796478.1829840285,5826227.975220104,-13.89333333
berlin_408288d5,28800,teleportedWalk,27,f,medium,always,FALSE,795091.8017679644,5830773.129889804,-10.82333333
berlin_408492bd,28800,teleportedWalk,67,m,medium,always,FALSE,797847.2991,5830170.598563612,-13.63333333
berlin_408e841c,28800,teleportedWalk,59,m,very_high,always,TRUE,793358.6881236937,5828258.951407982,-12.12
berlin_40ab724d,28800,teleportedWalk,53,f,high,always,FALSE,797620.9374115397,5828776.778127884,-10.32666667
berlin_40be67f5,28800,teleportedWalk,18,f,very_low,always,FALSE,795884.6136443014,5830475.976697731,-8.996666667
berlin_40ce92a1,28800,teleportedWalk,87,m,very_high,always,FALSE,798934.8211783434,5828608.737128696,-17.17666667
berlin_40dad114,28800,teleportedWalk,8,m,high,never,FALSE,794902.0928307178,5830950.708561421,-11.99
berlin_40e7fd07,28800,teleportedWalk,60,f,low,always,FALSE,796420.2660228998,5831803.484997633,-16.32333333
berlin_40fafab3,28800,teleportedWalk,40,m,medium,always,FALSE,797782.1700897445,5828966.521442317,-11.21666667
berlin_41206257,28800,teleportedWalk,32,f,very_high,always,FALSE,793798.2961676379,5827922.184883246,-10.50333333
berlin_4123376c,28800,teleportedWalk,34,f,very_low,always,FALSE,799947.7227075922,5828458.403493488,-22.48333333
berlin_4139758c,28800,teleportedWalk,73,m,very_high,always,FALSE,800057.6188304028,5826695.317949076,-25.39
berlin_413cdd47,28800,teleportedWalk,42,m,very_high,always,FALSE,797481.4484,5831835.227277662,-18.63333333
berlin_413e0daf,28800,teleportedWalk,29,f,very_low,always,FALSE,795693.9830148623,5830670.746135298,-9.92
berlin_41764e22,28800,teleportedWalk,13,m,very_low,never,FALSE,797385.4891,5831495.73,-16.87333333
berlin_41871923,28800,teleportedWalk,13,m,very_high,never,FALSE,794580.4307707902,5828807.958571079,-5.486666667
berlin_41bbbdab,28800,teleportedWalk,67,m,medium,always,FALSE,798210.0016536912,5826736.519100763,-17.04
berlin_41ca89e1,28800,teleportedWalk,37,f,very_high,always,FALSE,797969.9462750016,5828950.724555748,-12.18
berlin_41d548bd,28800,teleportedWalk,68,m,medium,always,FALSE,797426.2268,5833000.845115956,-23.92
berlin_41e24e88,28800,teleportedWalk,38,m,medium,always,TRUE,797806.7225046509,5828757.028352222,-11.29333333
berlin_41e46087,28800,teleportedWalk,54,m,high,always,FALSE,796240.6842759121,5829227.211817812,-3.966666667
berlin_41ed675f,28800,teleportedWalk,51,f,medium,always,FALSE,798867.7001124119,5828575.903,-16.84
berlin_42006247,28800,teleportedWalk,75,m,very_high,always,FALSE,799190.2539060148,5826782.223912542,-21.16333333
berlin_423c1ee4,28800,teleportedWalk,93,m,medium,always,TRUE,799012.9085143827,5828485.775060812,-17.62333333
berlin_423d9c4c,28800,teleportedWalk,61,f,very_low,always,FALSE,797084.4886304802,5832193.667847099,-19.36333333
berlin_4261e89e,28800,teleportedWalk,38,m,very_high,always,FALSE,797287.4835331652,5832448.147828617,-20.99666667
berlin_4271f291,28800,teleportedWalk,17,m,low,never,FALSE,795608.1277356648,5829333.832595692,-2.966666667
berlin_428107d9,28800,teleportedWalk,65,m,very_low,always,TRUE,795635.7098395315,5830363.023103861,-8.313333333
berlin_429232f0,28800,teleportedWalk,16,m,very_high,never,FALSE,794001.3106252493,5827665.482687308,-10.23333333
berlin_42be9f11,28800,teleportedWalk,10,m,high,never,FALSE,795582.4754,5830277.741595219,-7.876666667
berlin_42ccee9b,28800,teleportedWalk,53,f,very_low,always,FALSE,795798.4544058193,5831531.213677497,-14.41333333
berlin_42d0cda6,28800,teleportedWalk,41,f,medium,always,FALSE,796249.6723,5828968.514873106,-3.37
berlin_42d596e9,28800,teleportedWalk,36,m,very_high,always,FALSE,797503.5181434278,5826843.075048876,-13.93333333
berlin_42efef8d,28800,teleportedWalk,1,m,very_low,never,FALSE,796930.4980338747,5832773.820420242,-21.91333333
berlin_42f4c873,28800,teleportedWalk,19,f,medium,always,FALSE,794074.5934,5827608.916989574,-10.09
berlin_4303d54e,28800,teleportedWalk,27,m,very_high,always,FALSE,795383.3413043742,5829994.284261431,-6.53
berlin_430e3976,28800,teleportedWalk,59,m,low,always,FALSE,799026.1583655507,5828504.557271006,-17.68666667
berlin_432ad996,28800,teleportedWalk,34,m,very_low,always,TRUE,798631.3677121048,5828525.309228298,-15.63
berlin_43473eca,28800,teleportedWalk,59,f,medium,always,FALSE,794257.9966859069,5832325.099,-19.85333333
berlin_435e48a5,28800,teleportedWalk,29,m,high,always,FALSE,794753.8514558782,5830847.512833485,-11.76333333
berlin_43885b26,28800,teleportedWalk,13,m,very_low,never,FALSE,798156.8433989915,5829201.306144898,-13.31
berlin_43911cc0,28800,teleportedWalk,19,f,low,always,FALSE,798785.9759226847,5829273.925452698,-16.6
berlin_43b7c16a,28800,teleportedWalk,45,f,medium,always,FALSE,794615.6829324763,5828375.246390144,-5.67
berlin_43c1ba4b,28800,teleportedWalk,23,m,medium,always,FALSE,795700.2358,5828223.209629905,-2.83
berlin_43fdfe33,28800,teleportedWalk,34,f,high,always,FALSE,797626.3774753679,5831731.723,-18.58333333
berlin_442ec4f5,28800,teleportedWalk,65,m,very_low,always,TRUE,798950.2219831309,5827660.709176329,-18.17
berlin_44412835,28800,teleportedWalk,56,f,high,always,FALSE,796246.1972004457,5831733.447875269,-15.76333333
berlin_445778fd,28800,teleportedWalk,23,m,medium,always,FALSE,795143.6262946229,5829069.478401093,-3.006666667
berlin_445f9c03,28800,teleportedWalk,19,f,medium,always,FALSE,793547.9606949132,5828653.012495034,-10.86333333
berlin_4467aa36,28800,teleportedWalk,41,f,low,always,FALSE,795498.2110462862,5830568.047149753,-9.406666667
berlin_44702afd,28800,teleportedWalk,52,m,high,always,FALSE,794872.4816698381,5830631.596986587,-10.49
berlin_447759ad,28800,teleportedWalk,35,f,medium,always,FALSE,798952.6463970554,5826926.155367309,-19.72
berlin_448230f2,28800,teleportedWalk,45,f,very_low,always,FALSE,798595.5766226028,5829196.574263314,-15.56
berlin_44883aa8,28800,teleportedWalk,99,m,high,always,TRUE,793500.8607158599,5828896.6038299715,-11.11666667
berlin_44db5010,28800,teleportedWalk,28,f,medium,always,FALSE,794595.9896473053,5831793.438,-16.65333333
berlin_44dd3e6b,28800,teleportedWalk,49,f,very_low,always,FALSE,797132.7218247277,5833092.810673587,-23.82
berlin_44e3c2f3,28800,teleportedWalk,44,m,very_low,always,FALSE,797466.5885,5831439.434670452,-16.86
berlin_4507a751,28800,teleportedWalk,40,f,very_high,always,FALSE,795948.3379430766,5831878.536714696,-16.27666667
berlin_4508b4fd,28800,teleportedWalk,59,m,very_low,always,FALSE,795498.8472575971,5830606.919955705,-9.61
berlin_45126b4c,28800,teleportedWalk,21,m,high,always,FALSE,794885.6787195373,5828327.914629635,-4.503333333
berlin_45168a4e,28800,teleportedWalk,56,f,low,always,FALSE,793332.2408087663,5828342.731128045,-12.17
berlin_4519b32c,28800,teleportedWalk,28,m,low,always,FALSE,797268.8280339979,5829315.463,-8.966666667
berlin_4520e3c7,28800,teleportedWalk,37,f,medium,always,FALSE,796069.8003452426,5831436.3130523795,-14.08
berlin_4555d7ce,28800,teleportedWalk,59,f,medium,always,FALSE,799806.2121674459,5827836.114915723,-22.22
berlin_4567f612,28800,teleportedWalk,20,f,high,always,FALSE,797608.3713783162,5828988.394847174,-10.32666667
berlin_457efbbb,28800,teleportedWalk,84,m,very_low,always,TRUE,794431.6789432237,5831744.815577809,-16.71333333
berlin_457f5ac0,28800,teleportedWalk,28,f,high,always,FALSE,796363.0682139085,5829094.808372331,-4.16
berlin_45826bf5,28800,teleportedWalk,67,m,high,always,FALSE,797287.4822448904,5829851.152984517,-10.28666667
berlin_45895a5f,28800,teleportedWalk,42,f,low,always,FALSE,794452.4329157883,5828396.913996857,-6.433333333
berlin_45ad1393,28800,teleportedWalk,64,m,very_high,always,FALSE,793805.3327854236,5828219.654,-9.923333333
berlin_45ae065f,28800,teleportedWalk,18,f,high,always,FALSE,797799.4881,5828083.759864697,-11.79666667
berlin_45b872f3,28800,teleportedWalk,77,m,high,always,FALSE,794884.9233336321,5830581.993072339,-10.22666667
berlin_45c99ec5,28800,teleportedWalk,43,f,medium,always,FALSE,794689.9893063672,5832278.278870253,-18.92333333
berlin_45e1a8aa,28800,teleportedWalk,80,m,low,always,FALSE,798165.4237328133,5828532.225700484,-13.21333333
berlin_45e1b431,28800,teleportedWalk,35,m,high,always,FALSE,797607.0288874335,5828990.884375307,-10.32333333
berlin_462c6a12,28800,teleportedWalk,14,m,medium,never,FALSE,799868.9561379377,5827180.838947149,-23.50333333
berlin_4634ca88,28800,teleportedWalk,26,f,very_high,always,FALSE,794639.5758772388,5831441.259054288,-14.85333333
berlin_4636ca63,28800,teleportedWalk,81,m,medium,always,FALSE,794431.0084584986,5832474.253342392,-20.28333333
berlin_4641bad0,28800,teleportedWalk,49,f,low,always,FALSE,793347.9738204619,5828466.796,-11.99
berlin_4642fcdf,28800,teleportedWalk,57,f,high,always,FALSE,797606.9267952207,5831576.386007259,-17.86
berlin_464b4bff,28800,teleportedWalk,16,m,high,never,FALSE,792943.6688851877,5828826.096646134,-13.99666667
berlin_464e94e6,28800,teleportedWalk,54,f,high,always,FALSE,796224.982,5831801.655583031,-16.09
berlin_46630b78,28800,teleportedWalk,21,m,very_high,always,FALSE,794617.1286,5831046.843962047,-12.99666667
berlin_4664bdde,28800,teleportedWalk,45,f,very_low,always,FALSE,795442.8168663799,5830265.426060108,-7.87
berlin_468ecc02,28800,teleportedWalk,25,f,very_low,always,FALSE,794031.1193794117,5828683.802001347,-8.346666667
berlin_46a37b39,28800,teleportedWalk,60,m,medium,always,FALSE,797714.6486,5829106.121519748,-10.96
berlin_46a6a75d,28800,teleportedWalk,55,f,high,always,FALSE,799162.2550472482,5828391.311,-18.44333333
berlin_46e56e54,28800,teleportedWalk,61,f,high,always,FALSE,795049.8300378957,5828534.166739706,-3.266666667
berlin_46e7afab,28800,teleportedWalk,31,m,high,always,FALSE,794197.4572162526,5831275.856164856,-15.04666667
berlin_4702a285,28800,teleportedWalk,34,f,medium,always,FALSE,797900.4056588034,5830451.410884903,-14.69
berlin_471d18ff,28800,teleportedWalk,26,m,medium,always,FALSE,794834.4639088924,5829218.562154957,-4.783333333
berlin_471e0d0e,28800,teleportedWalk,55,f,low,always,FALSE,795495.1652,5829512.0267940145,-3.956666667
berlin_4720b172,28800,teleportedWalk,4,m,very_high,never,FALSE,795773.4322,5831295.253778991,-13.18333333
berlin_4737bbf7,28800,teleportedWalk,35,m,medium,always,FALSE,799063.7318495773,5828885.272720785,-17.84
berlin_4791b2de,28800,teleportedWalk,29,m,medium,always,FALSE,797073.5824,5832169.677107462,-19.22333333
berlin_47a9079d,28800,teleportedWalk,85,m,medium,always,TRUE,800046.1921442049,5827845.507858996,-23.43
berlin_47ad9b9b,28800,teleportedWalk,5,m,high,never,FALSE,796413.2691,5830394.77,-9.396666667
berlin_47ae2e00,28800,teleportedWalk,62,f,low,always,TRUE,795076.5040982659,5828158.088039315,-4.28
berlin_47baad60,28800,teleportedWalk,56,f,very_high,always,TRUE,793599.0935554226,5828720.248449407,-10.58666667
berlin_47bb2e32,28800,teleportedWalk,29,f,high,always,FALSE,795287.8116012441,5828682.724283471,-1.85
berlin_47bb7aa4,28800,teleportedWalk,41,f,medium,always,FALSE,797956.7714584998,5830256.371563293,-14.35333333
berlin_47c43d8a,28800,teleportedWalk,19,f,very_low,always,FALSE,795672.4005547585,5826233.853633524,-13.15666667
berlin_47f6c8a0,28800,teleportedWalk,26,f,high,always,FALSE,794970.5181809099,5831063.872724377,-12.44666667
berlin_47fc07ea,28800,teleportedWalk,62,f,low,always,FALSE,797515.8158861042,5830198.750160885,-12.3
berlin_47fcb5db,28800,teleportedWalk,12,m,very_low,never,FALSE,795978.9832272581,5828935.788086454,-2
berlin_48014192,28800,teleportedWalk,15,m,very_low,never,FALSE,796005.1834922093,5828831.847463893,-1.956666667
berlin_480930b6,28800,teleportedWalk,7,m,very_high,never,FALSE,794155.8844534331,5827994.602546191,-8.666666667
berlin_4821aae5,28800,teleportedWalk,1,m,very_high,never,FALSE,796818.6046951483,5832738.676410852,-21.56666667
berlin_4822d936,28800,teleportedWalk,19,m,medium,always,FALSE,795640.6943655806,5830716.231954794,-10.15
berlin_48349fec,28800,teleportedWalk,49,f,high,always,FALSE,794907.4678905138,5828349.557197471,-4.35
berlin_485da406,28800,teleportedWalk,26,m,medium,always,FALSE,797730.0178008395,5831638.667706139,-18.49666667
berlin_486d653c,28800,teleportedWalk,18,f,very_low,always,FALSE,796236.9998986061,5829122.236364379,-3.643333333
berlin_4896b888,28800,teleportedWalk,44,m,high,always,FALSE,798064.3496778029,5830144.739290161,-13.07333333
berlin_48a656b8,28800,teleportedWalk,14,m,high,never,FALSE,798203.1603037082,5831116.415455009,-18.11
berlin_48b871d0,28800,teleportedWalk,88,m,low,always,TRUE,794405.1241917559,5829048.860935006,-6.56
berlin_48bbcea2,28800,teleportedWalk,88,m,medium,always,FALSE,792855.0654511187,5828796.555212254,-14.45333333
berlin_48e76a1b,28800,teleportedWalk,19,f,high,always,FALSE,793811.1445681422,5832407.408772452,-21.18666667
berlin_490a373c,28800,teleportedWalk,43,m,low,always,FALSE,793827.0188753705,5828660.924880135,-9.413333333
berlin_49111b17,28800,teleportedWalk,64,f,very_high,always,FALSE,800116.5442205709,5826465.863400677,-26.19
berlin_4913ab5c,28800,teleportedWalk,58,f,medium,always,FALSE,797487.4808885707,5831683.973,-17.98333333
berlin_497d44ea,28800,teleportedWalk,25,f,high,always,FALSE,797365.5214265259,5828266.713935873,-9.363333333
berlin_498b34e6,28800,teleportedWalk,81,m,medium,always,FALSE,797034.2567419233,5829429.838238439,-8.06
berlin_499b549b,28800,teleportedWalk,39,f,high,always,FALSE,795095.9262715699,5829269.282527402,-3.84
berlin_49b4fd59,28800,teleportedWalk,58,f,medium,always,FALSE,798267.3872,5828701.842709154,-13.69333333
berlin_49c29acc,28800,teleportedWalk,59,f,low,always,FALSE,794945.8282031552,5826129.823060373,-14.15666667
berlin_49ca692e,28800,teleportedWalk,46,f,low,always,FALSE,795036.3256832284,5828730.895127428,-3.113333333
berlin_49d73ce8,28800,teleportedWalk,7,m,low,never,FALSE,796876.1258105587,5832540.914018515,-20.67333333
berlin_49dbbede,28800,teleportedWalk,17,m,medium,never,FALSE,799941.2028804261,5827846.662,-22.89333333
berlin_49e6b755,28800,teleportedWalk,23,m,low,always,FALSE,794421.8860772473,5832248.560963596,-19.18666667
berlin_4a01c1f9,28800,teleportedWalk,53,f,very_high,always,FALSE,795737.1287000263,5828049.410972624,-3.75
berlin_4a09802f,28800,teleportedWalk,55,f,medium,always,FALSE,797830.3369910645,5832703.659126391,-23.45333333
berlin_4a09af41,28800,teleportedWalk,50,f,very_low,always,FALSE,795085.6290355215,5830065.747016032,-7.346666667
berlin_4a110ff5,28800,teleportedWalk,25,f,medium,always,TRUE,798349.9863,5827145.742148333,-16.43333333
berlin_4a40c841,28800,teleportedWalk,8,m,very_high,never,FALSE,794481.3326627044,5831660.409250525,-16.21
berlin_4a7bc9dd,28800,teleportedWalk,23,f,medium,always,FALSE,798106.2679708386,5829826.599037796,-13.99
berlin_4a937a63,28800,teleportedWalk,14,m,low,never,FALSE,796847.4166030874,5832223.798902828,-19.06333333
berlin_4a9a2653,28800,teleportedWalk,14,m,very_low,never,FALSE,795081.3252847278,5830084.481653546,-7.443333333
berlin_4aae3dce,28800,teleportedWalk,73,m,medium,always,FALSE,794543.5267185845,5830910.3587189205,-12.52
berlin_4ab55f88,28800,teleportedWalk,59,m,very_low,always,TRUE,795931.7806575497,5831092.681387579,-12.20666667
berlin_4abb8131,28800,teleportedWalk,37,f,medium,always,FALSE,794197.5477798783,5827657.741894139,-9.426666667
berlin_4ae67ec2,28800,teleportedWalk,7,m,high,never,FALSE,797443.5450666079,5829679.481353244,-10.54
berlin_4b0033af,28800,teleportedWalk,65,m,very_low,always,FALSE,794728.2119362063,5828647.853785969,-4.75
berlin_4b107087,28800,teleportedWalk,71,m,low,always,FALSE,794766.5956343812,5828474.733588896,-4.756666667
berlin_4b12c16c,28800,teleportedWalk,38,f,very_low,always,FALSE,799892.2224798616,5827761.863583979,-22.74333333
berlin_4b37f966,28800,teleportedWalk,37,f,high,always,FALSE,796341.4264465601,5830309.925337398,-8.84
berlin_4b4953b7,28800,teleportedWalk,61,m,high,always,FALSE,795092.2670078089,5828943.375408105,-2.97
berlin_4b51d8d8,28800,teleportedWalk,64,f,high,always,FALSE,793352.1511303353,5828711.065513341,-11.87
berlin_4b677ad2,28800,teleportedWalk,19,f,medium,always,FALSE,798057.0055636528,5828358.103647162,-12.77
berlin_4b6ea913,28800,teleportedWalk,30,f,low,always,FALSE,795499.9251331689,5830956.859854556,-11.42333333
berlin_4b7fc459,28800,teleportedWalk,32,f,high,always,FALSE,795593.7103279338,5830720.792017759,-10.17666667
berlin_4b82b383,28800,teleportedWalk,43,f,medium,always,FALSE,797795.5904753418,5830133.985989976,-13.30333333
berlin_4b96e927,28800,teleportedWalk,40,f,medium,always,FALSE,795521.7898681362,5829479.514294074,-3.766666667
berlin_4ba08c39,28800,teleportedWalk,52,m,very_low,always,TRUE,793802.8124740168,5828433.304977898,-9.676666667
berlin_4badf694,28800,teleportedWalk,16,m,low,never,FALSE,794234.2705396318,5831697.199830497,-16.9
berlin_4bb5faaf,28800,teleportedWalk,98,m,very_high,always,FALSE,798277.4674240024,5828477.984510128,-13.82
berlin_4bbb4d3e,28800,teleportedWalk,23,f,medium,always,FALSE,794820.9680165183,5828516.2467522165,-60.27666667
berlin_4bcfc3a9,28800,teleportedWalk,58,f,low,always,FALSE,793682.4824352439,5832406.4627118455,-21.49
berlin_4be62ade,28800,teleportedWalk,25,f,very_low,always,FALSE,798634.2963460665,5827317.023996278,-17.31666667
berlin_4c01f358,28800,teleportedWalk,32,f,medium,always,FALSE,793799.9166,5828662.181241976,-9.553333333
berlin_4c15ce42,28800,teleportedWalk,31,m,medium,always,FALSE,797302.8535490006,5831379.389,-16.13
berlin_4c2390a6,28800,teleportedWalk,34,f,very_high,always,FALSE,797685.6843541097,5830402.343479175,-13.65
berlin_4c308f15,28800,teleportedWalk,88,m,high,always,FALSE,797310.8944654544,5831487.984,-16.63
berlin_4c30c979,28800,teleportedWalk,36,m,high,always,FALSE,798243.8743,5829514.385826095,-14.11666667
berlin_4c34e6bf,28800,teleportedWalk,38,m,medium,always,FALSE,800349.4738420711,5826655.102535816,-26.85666667
berlin_4c46819f,28800,teleportedWalk,16,m,medium,never,FALSE,797480.214,5829970.131135458,-11.46333333
berlin_4c6f3343,28800,teleportedWalk,18,m,very_high,always,FALSE,793882.5000084408,5828374.130043848,-9.333333333
berlin_4c7dbdf1,28800,teleportedWalk,41,f,medium,always,FALSE,797978.2396757677,5830235.602037806,-14.39
berlin_4c8539a4,28800,teleportedWalk,78,m,low,always,TRUE,795567.1065302633,5827886.340075628,-4.573333333
berlin_4c9c6ba4,28800,teleportedWalk,41,f,very_high,always,FALSE,794423.4681015937,5831729.939029924,-16.66
berlin_4cb86eb5,28800,teleportedWalk,2,m,very_low,never,FALSE,798828.4258672021,5828601.587,-16.62666667
berlin_4ce3b26d,28800,teleportedWalk,2,m,high,never,FALSE,796690.2224379561,5826072.103011599,-15.03333333
berlin_4d0925a5,28800,teleportedWalk,14,m,medium,never,FALSE,799417.8586872411,5828811.212428074,-19.67333333
berlin_4d0b24bb,28800,teleportedWalk,63,f,medium,always,TRUE,800000.9193124578,5827868.442767028,-23.17666667
berlin_4d0bb6a7,28800,teleportedWalk,28,m,very_low,always,FALSE,796372.0243052999,5832359.517564286,-19.08666667
berlin_4d1cb3b1,28800,teleportedWalk,69,m,low,always,FALSE,794086.7052442317,5832066.540127223,-18.96666667
berlin_4d1fb0e2,28800,teleportedWalk,31,f,low,always,FALSE,798289.0811067331,5829665.030336431,-14.57666667
berlin_4d351222,28800,teleportedWalk,38,m,low,always,FALSE,798850.0859359952,5829640.149036269,-17.33
berlin_4d3f4bdb,28800,teleportedWalk,58,f,medium,always,FALSE,798378.1185904245,5829497.592822918,-14.76666667
berlin_4d5a6099,28800,teleportedWalk,78,m,medium,always,FALSE,799172.8560457932,5826823.582769343,-20.98
berlin_4d660b38,28800,teleportedWalk,29,f,medium,always,FALSE,793938.4959956659,5827962.564317451,-9.753333333
berlin_4d706dad,28800,teleportedWalk,59,f,very_low,always,FALSE,795417.8316434892,5830384.894612875,-8.503333333
berlin_4d71b8dc,28800,teleportedWalk,26,m,medium,always,FALSE,794098.6872113848,5828982.480664364,-8.066666667
berlin_4d7c71da,28800,teleportedWalk,64,f,high,always,FALSE,799266.0269785991,5828619.387505787,-18.89666667
berlin_4d8bd7c7,28800,teleportedWalk,33,m,high,always,FALSE,797876.4900584485,5830452.38,-14.59333333
berlin_4d8ca356,28800,teleportedWalk,22,f,high,always,FALSE,796784.199,5831590.3013408445,-15.86666667
berlin_4dab5d9a,28800,teleportedWalk,78,m,medium,always,TRUE,796648.7688263821,5831893.458604687,-17.10666667
berlin_4db4d178,28800,teleportedWalk,55,f,high,always,FALSE,794444.3457976326,5828418.627587062,-6.443333333
berlin_4dc5ca4d,28800,teleportedWalk,52,m,low,always,FALSE,796164.6035101637,5825577.957170858,-16.79333333
berlin_4dca01d5,28800,teleportedWalk,54,f,low,always,TRUE,795211.3471835081,5828074.8838477135,-4.203333333
berlin_4dd967cb,28800,teleportedWalk,44,m,medium,always,FALSE,797408.5504981555,5828072.201,-9.9
berlin_4dfef5ce,28800,teleportedWalk,30,m,very_low,always,FALSE,793513.4400238417,5831906.179427356,-19.71333333
berlin_4e102257,28800,teleportedWalk,9,m,high,never,FALSE,797812.9107750804,5828272.442621005,-11.61
berlin_4e2e3b16,28800,teleportedWalk,3,m,high,never,FALSE,797634.4669181677,5829733.182300552,-11.55333333
berlin_4e342822,28800,teleportedWalk,57,f,high,always,FALSE,799217.9228981305,5828654.842120551,-18.64
berlin_4e3716b9,28800,teleportedWalk,30,f,medium,always,FALSE,795116.1167722307,5829295.161188771,-3.86
berlin_4e3b6110,28800,teleportedWalk,34,m,high,always,FALSE,793689.8384576328,5828560.1019210415,-10.16666667
berlin_4e3fae05,28800,teleportedWalk,92,m,low,always,TRUE,796396.4404369274,5831912.997169793,-16.84666667
berlin_4e44a0c6,28800,teleportedWalk,48,m,very_low,always,FALSE,797309.3930101893,5827008.726381554,-12.61333333
berlin_4e465b42,28800,teleportedWalk,39,f,low,always,FALSE,798911.4829542737,5828557.344138523,-17.07333333
berlin_4e4fbaa6,28800,teleportedWalk,57,f,medium,always,FALSE,795962.2509909521,5830891.771035101,-11.19333333
berlin_4e51414e,28800,teleportedWalk,5,m,low,never,FALSE,793759.0491237341,5827695.089664848,-11.22333333
berlin_4e63074e,28800,teleportedWalk,18,m,medium,always,FALSE,796416.5516428845,5831239.685363031,-13.5
berlin_4e85dd73,28800,teleportedWalk,24,f,medium,always,FALSE,794284.0751286792,5828070.5004705675,-7.893333333
berlin_4e8d1dea,28800,teleportedWalk,43,f,high,always,FALSE,794684.8390187763,5832423.7565880595,-19.66
berlin_4e8e71bc,28800,teleportedWalk,15,m,very_high,never,FALSE,795411.6218862683,5831241.012630233,-12.93333333
berlin_4e929f7a,28800,teleportedWalk,10,m,high,never,FALSE,792820.2392875527,5828738.653479257,-14.63333333
berlin_4e938a65,28800,teleportedWalk,27,m,very_high,always,FALSE,798538.6195072327,5829210.147350745,-15.27666667
berlin_4eb11fb0,28800,teleportedWalk,36,f,medium,always,FALSE,797074.7237243068,5831268.294787543,-15.02
berlin_4eb4a34a,28800,teleportedWalk,37,m,low,always,TRUE,797457.8075,5832848.577884472,-23.26
berlin_4ec71117,28800,teleportedWalk,64,f,high,always,FALSE,797161.8676272014,5827262.660562671,-11.13333333
berlin_4ecef571,28800,teleportedWalk,43,f,medium,always,FALSE,798522.7997522714,5828647.146514922,-15.03
berlin_4ed052f9,28800,teleportedWalk,40,m,very_low,always,FALSE,795336.7379,5830955.9401438525,-11.50333333
berlin_4ef4f9b6,28800,teleportedWalk,33,f,high,always,FALSE,796180.7081505797,5831068.377828903,-12.31333333
berlin_4f1930ec,28800,teleportedWalk,68,m,medium,always,FALSE,797165.939,5830185.141522767,-10.86333333
berlin_4f1d3002,28800,teleportedWalk,74,m,medium,always,FALSE,797456.1042596736,5831683.597135885,-17.89333333
berlin_4f1f4ffb,28800,teleportedWalk,68,m,medium,always,FALSE,796373.9158,5830682.725471023,-10.69333333
berlin_4f2ed0e6,28800,teleportedWalk,37,f,low,always,FALSE,793775.1169920964,5832356.586165239,-21.03666667
berlin_4f2f401f,28800,teleportedWalk,18,f,medium,always,FALSE,796357.3075582478,5830944.584379357,-11.94666667
berlin_4f317815,28800,teleportedWalk,27,f,medium,always,FALSE,797243.1737,5833092.128087396,-24.01
berlin_4f3adbe5,28800,teleportedWalk,38,f,high,always,FALSE,796588.1729568292,5825956.410620704,-15.41666667
berlin_4f4ba752,28800,teleportedWalk,30,f,low,always,FALSE,794834.3746626475,5828389.013992291,-4.593333333
berlin_4f587288,28800,teleportedWalk,23,f,medium,always,FALSE,797802.2820916178,5828906.587063673,-11.29333333
berlin_4f619b5a,28800,teleportedWalk,55,f,medium,always,FALSE,795755.2757685257,5830641.415325727,-9.783333333
berlin_4f63e8e4,28800,teleportedWalk,57,f,very_high,always,FALSE,796210.0963654454,5831389.916,-13.98
berlin_4f670bf2,28800,teleportedWalk,55,m,high,always,FALSE,797316.3907815511,5831405.075891426,-16.28
berlin_4f68a2da,28800,teleportedWalk,10,m,very_high,never,FALSE,794743.4055035479,5829329.4290340915,-5.486666667
berlin_4f75585b,28800,teleportedWalk,46,f,very_high,always,FALSE,795704.4641268249,5830663.574731382,-9.883333333
berlin_4f883c92,28800,teleportedWalk,31,m,high,always,FALSE,793612.2381840099,5828821.1384115955,-10.52
berlin_4f9291f2,28800,teleportedWalk,45,f,low,always,FALSE,799052.4742957912,5828778.960063091,-17.77
berlin_4fba658e,28800,teleportedWalk,21,m,low,always,FALSE,795850.2796,5830254.819027143,-7.833333333
berlin_4fc9deb5,28800,teleportedWalk,93,m,medium,always,TRUE,799751.4512151813,5828021.589736456,-21.75
berlin_4fd4a9f7,28800,teleportedWalk,13,m,medium,always,FALSE,794497.2796,5831003.184920877,-13.06
berlin_4fd57d45,28800,teleportedWalk,42,m,high,always,FALSE,793922.7529567135,5828218.944497884,-9.34
berlin_4fe213a5,28800,teleportedWalk,33,f,very_high,always,FALSE,793718.3605913845,5829082.614,-10.1
berlin_4fe75747,28800,teleportedWalk,46,f,high,always,FALSE,794702.1814093429,5831175.003616549,-13.44333333
berlin_4ff27d10,28800,teleportedWalk,7,m,medium,never,FALSE,794988.2720970493,5829279.091062602,-4.296666667
berlin_50235616,28800,teleportedWalk,25,f,low,always,FALSE,796439.7934120295,5825779.929041908,-16.07
berlin_502490aa,28800,teleportedWalk,58,f,medium,always,FALSE,794770.0867680621,5831021.178756757,-12.57
berlin_50316678,28800,teleportedWalk,19,f,low,always,FALSE,794378.8920867785,5828662.147778975,-6.55
berlin_5049559a,28800,teleportedWalk,71,m,medium,always,FALSE,797521.7091331391,5829884.4285724675,-11.41
berlin_5057ad66,28800,teleportedWalk,53,f,medium,always,FALSE,794756.1349812974,5827910.323,-6.366666667
berlin_506a90ee,28800,teleportedWalk,34,m,high,always,FALSE,796943.1068085975,5832747.039682391,-21.8
berlin_5070c9a6,28800,teleportedWalk,89,m,very_low,always,FALSE,797235.1079386848,5830173.872900342,-11.09
berlin_508303a5,28800,teleportedWalk,15,m,very_high,never,FALSE,797640.3378023726,5832125.402821438,-20.35333333
berlin_50979974,28800,teleportedWalk,40,f,high,always,FALSE,799700.4665340991,5828092.693084887,-21.42666667
berlin_50b4f4f7,28800,teleportedWalk,63,f,high,always,FALSE,800010.9548887276,5828014.018,-23.08666667
berlin_50bdd941,28800,teleportedWalk,54,f,medium,always,FALSE,796461.8901265569,5830519.612741689,-10.09
berlin_50e9c664,28800,teleportedWalk,97,m,medium,always,TRUE,797092.1460494059,5831376.285037595,-15.55333333
berlin_50fb34d5,28800,teleportedWalk,89,m,medium,always,FALSE,794484.0129,5828474.492899134,-6.166666667
berlin_5109b839,28800,teleportedWalk,38,f,medium,always,FALSE,797337.9250011656,5831515.910257836,-16.83
berlin_5111568b,28800,teleportedWalk,40,f,medium,always,FALSE,795241.2033636016,5826098.892200447,-14.00666667
berlin_5119ca7b,28800,teleportedWalk,60,f,low,always,FALSE,795031.2658684459,5828002.153386866,-5.05
berlin_5128ebc3,28800,teleportedWalk,4,m,medium,never,FALSE,797668.7340690868,5832185.012237158,-20.69666667
berlin_51516d88,28800,teleportedWalk,33,f,very_high,always,FALSE,794714.5153285537,5831185.965313851,-13.47333333
berlin_51af35bb,28800,teleportedWalk,32,m,low,always,TRUE,799248.5492608675,5828780.155937338,-18.79
berlin_51cd6e79,28800,teleportedWalk,35,m,high,always,FALSE,796945.1710691093,5826221.919446122,-14.87
berlin_51ef6172,28800,teleportedWalk,62,f,high,always,FALSE,794059.8372957977,5831398.727807458,-15.96
berlin_5202a19c,28800,teleportedWalk,15,m,high,never,FALSE,793933.9651,5827961.253,-9.776666667
berlin_521cccde,28800,teleportedWalk,43,m,very_high,always,FALSE,796762.1365990696,5832527.5317720175,-20.43
berlin_5223c960,28800,teleportedWalk,64,f,medium,always,FALSE,800358.9049243224,5826934.398697588,-26.34333333
berlin_5234725f,28800,teleportedWalk,92,m,medium,always,FALSE,798628.8494957995,5830067.0784751745,-16.98
berlin_5235e7b8,28800,teleportedWalk,49,m,medium,always,FALSE,794826.0267119752,5829276.163384489,-4.976666667
berlin_52360936,28800,teleportedWalk,28,f,medium,always,FALSE,795393.4066799681,5831238.308764721,-12.92666667
berlin_5240ee81,28800,teleportedWalk,42,f,low,always,FALSE,795668.9773045784,5830602.029934253,-9.56
berlin_52495d33,28800,teleportedWalk,24,f,low,always,FALSE,796614.2575614087,5830337.209801905,-9.636666667
berlin_524dba18,28800,teleportedWalk,7,m,high,never,FALSE,795343.7445893679,5830164.572180643,-7.436666667
berlin_5265892a,28800,teleportedWalk,37,m,medium,always,FALSE,796748.7524,5831785.706040191,-16.74666667
berlin_5270c144,28800,teleportedWalk,30,f,very_high,always,FALSE,793794.0550928342,5829079.542213072,-9.71
berlin_5280607d,28800,teleportedWalk,48,f,high,always,FALSE,798174.7918,5829059.602381709,-13.29666667
berlin_529929d9,28800,teleportedWalk,64,f,very_high,always,FALSE,796995.1970475792,5832105.970111158,-18.76333333
berlin_52ae49df,28800,teleportedWalk,51,f,very_low,always,FALSE,797665.2367155174,5830795.443892569,-14.93666667
berlin_52c3a436,28800,teleportedWalk,55,f,very_high,always,FALSE,795536.3965305731,5831996.806484601,-16.81666667
berlin_52dea89d,28800,teleportedWalk,43,f,medium,always,FALSE,796957.7461366612,5829739.205676848,-8.546666667
berlin_52e1bc4e,28800,teleportedWalk,41,f,high,always,FALSE,799127.8330090691,5828591.487223773,-18.18666667
berlin_52eb25f5,28800,teleportedWalk,32,m,very_low,always,FALSE,796417.0674,5826175.274421567,-14.06
berlin_5323c9c0,28800,teleportedWalk,35,m,medium,always,FALSE,793615.0241111785,5831759.685,-18.78666667
berlin_5335bb9e,28800,teleportedWalk,35,f,low,always,FALSE,795777.7730013279,5830462.881425027,-8.866666667
berlin_5362bd0b,28800,teleportedWalk,78,m,low,always,TRUE,796299.0193591545,5831800.054740996,-16.16
berlin_536ad25d,28800,teleportedWalk,22,f,very_low,always,TRUE,799072.4156672289,5826549.814192606,-21.26
berlin_536c220a,28800,teleportedWalk,17,m,very_high,never,FALSE,795475.0880589334,5831155.2558803335,-12.46333333
berlin_53741087,28800,teleportedWalk,58,f,low,always,FALSE,794393.0433706769,5831600.347842885,-16.1
berlin_5374a013,28800,teleportedWalk,78,m,low,always,FALSE,796463.9166824094,5830443.376833751,-9.74
berlin_538fcf3f,28800,teleportedWalk,70,m,medium,always,FALSE,798138.0832,5828487.399868051,-13.09666667
berlin_53b43300,28800,teleportedWalk,97,m,very_high,always,TRUE,794672.3285376022,5828713.763872753,-5.01
berlin_53c1b795,28800,teleportedWalk,35,f,very_high,always,FALSE,795748.2566934333,5830243.451419898,-7.716666667
berlin_53c2db18,28800,teleportedWalk,21,m,high,always,FALSE,795355.2319610028,5830110.750352605,-7.153333333
berlin_53f71dce,28800,teleportedWalk,91,m,medium,always,FALSE,794388.3592454348,5828930.071643957,-6.536666667
berlin_540019ab,28800,teleportedWalk,24,f,low,always,FALSE,798797.1212134459,5828072.007255044,-16.83333333
berlin_54078dbf,28800,teleportedWalk,73,m,medium,always,TRUE,798673.9217083508,5827367.8754268885,-17.39
berlin_54336d99,28800,teleportedWalk,20,f,medium,always,FALSE,792329.2538115995,5831226.2666393155,-21.43333333
berlin_546824c0,28800,teleportedWalk,56,m,medium,always,FALSE,797332.5032160296,5831565.156500045,-17.03333333
berlin_546f52ed,28800,teleportedWalk,21,m,very_low,always,FALSE,793900.8652205507,5828257.898,-9.39
berlin_547eaa3d,28800,teleportedWalk,19,f,low,always,FALSE,795812.6442022666,5826085.46,-13.95666667
berlin_548a8412,28800,teleportedWalk,16,m,very_low,never,FALSE,798665.1946589999,5829488.406619988,-16.2
berlin_549c46f4,28800,teleportedWalk,29,f,high,always,FALSE,796676.2251116394,5832067.571605221,-18.01333333
berlin_54b81ad9,28800,teleportedWalk,61,m,very_high,always,TRUE,795818.1275599673,5831685.441915667,-15.22
berlin_54cba83f,28800,teleportedWalk,64,m,very_low,always,FALSE,797395.2705644693,5831603.204026157,-17.37
berlin_54dca1c6,28800,teleportedWalk,23,f,medium,always,FALSE,795721.1224938966,5831755.556008494,-15.56333333
berlin_54deb075,28800,teleportedWalk,78,m,very_low,always,TRUE,796320.1960506592,5831845.542066888,-16.41666667
berlin_54e53980,28800,teleportedWalk,28,f,very_low,always,FALSE,795696.0015866607,5831210.947347211,-12.72666667
berlin_54e9f5fe,28800,teleportedWalk,50,f,very_low,always,FALSE,796026.2480393276,5830325.805109143,-8.373333333
berlin_54ed197b,28800,teleportedWalk,44,m,very_high,always,FALSE,799550.2902125557,5826418.318539413,-23.73333333
berlin_54ee4350,28800,teleportedWalk,75,m,medium,always,FALSE,795323.7136425185,5825986.426068723,-14.53
berlin_54fb9b92,28800,teleportedWalk,1,m,very_low,never,FALSE,796456.6876530154,5831897.661386629,-16.84666667
berlin_55021c20,28800,teleportedWalk,38,m,high,always,FALSE,795336.9952266996,5830321.919791188,-8.246666667
berlin_55250c41,28800,teleportedWalk,58,m,high,always,FALSE,795886.3642472539,5831535.610523864,-14.47
berlin_55275ac7,28800,teleportedWalk,31,f,very_high,always,FALSE,795643.5541532829,5831208.874654215,-12.71333333
berlin_554500ba,28800,teleportedWalk,23,m,medium,always,FALSE,798900.2910342971,5829593.229,-17.52
berlin_555e7b7e,28800,teleportedWalk,24,m,very_low,always,FALSE,796393.5859855216,5830729.543323144,-10.95666667
berlin_555fa9e1,28800,teleportedWalk,28,f,low,always,FALSE,796330.5279410826,5831282.652925634,-13.58666667
berlin_5589bcfe,28800,teleportedWalk,88,m,medium,always,FALSE,794665.7423921318,5826080.813498099,-14.83
berlin_558bc391,28800,teleportedWalk,8,m,very_low,never,FALSE,795500.5592488052,5832217.125225476,-17.97
berlin_558e1089,28800,teleportedWalk,31,f,low,always,FALSE,794158.8544151225,5832076.603800587,-18.85666667
berlin_559a5e47,28800,teleportedWalk,64,m,medium,always,FALSE,795680.2207000465,5831735.472671159,-15.45333333
berlin_559c4f95,28800,teleportedWalk,19,m,very_low,always,FALSE,792733.0702593036,5828778.904353816,-15.08666667
berlin_55a17245,28800,teleportedWalk,57,f,low,always,TRUE,796981.2409780201,5831766.451272112,-17.11
berlin_55a4314d,28800,teleportedWalk,34,f,medium,always,FALSE,794997.4649914673,5830217.422003129,-8.253333333
berlin_55a91531,28800,teleportedWalk,60,m,high,always,TRUE,794658.7894393962,5831400.184702666,-14.61666667
berlin_55ad335f,28800,teleportedWalk,25,f,medium,always,FALSE,796705.6247134793,5832974.440867312,-22.59
berlin_55e9f044,28800,teleportedWalk,99,m,low,always,FALSE,793907.1666624765,5832431.576174303,-21.08
berlin_55f57f7e,28800,teleportedWalk,9,m,very_low,never,FALSE,793471.2387403366,5828565.143310417,-11.29666667
berlin_55f657d8,28800,teleportedWalk,55,f,low,always,FALSE,796403.8835307672,5830948.055673284,-12.04
berlin_560ba45c,28800,teleportedWalk,35,f,high,always,FALSE,795588.7480580944,5830475.868808472,-8.903333333
berlin_561371a2,28800,teleportedWalk,11,m,medium,never,FALSE,797553.6906,5829738.6223561885,-11.19
berlin_561c7682,28800,teleportedWalk,41,f,medium,always,FALSE,796208.7591502506,5826473.448175495,-12.27666667
berlin_561ebcca,28800,teleportedWalk,51,m,high,always,FALSE,797289.8804634765,5832564.427633791,-21.55333333
berlin_56311550,28800,teleportedWalk,62,f,high,always,TRUE,794066.5807381227,5827316.026392643,-11.09666667
berlin_5638ebfa,28800,teleportedWalk,26,m,medium,always,FALSE,796073.4737530153,5825613.774338611,-16.53666667
berlin_563fded1,28800,teleportedWalk,76,m,high,always,TRUE,797711.1254855222,5831580.835186034,-18.19666667
berlin_5642b5f9,28800,teleportedWalk,51,f,very_high,always,FALSE,794192.8168060645,5827978.075137003,-8.536666667
berlin_564496aa,28800,teleportedWalk,49,f,high,always,FALSE,796316.4347831758,5832053.993411685,-17.47
berlin_5668014b,28800,teleportedWalk,33,f,high,always,FALSE,792047.4085589435,5831320.970775547,-22.90666667
berlin_566a601a,28800,teleportedWalk,26,f,low,always,FALSE,797136.4525657161,5831547.805931332,-16.44666667
berlin_5671c165,28800,teleportedWalk,20,m,low,always,FALSE,794899.4873921454,5828350.951045867,-4.383333333
berlin_56735710,28800,teleportedWalk,8,m,medium,never,FALSE,797772.8511321327,5830405.4318198385,-14.01666667
berlin_56742045,28800,teleportedWalk,11,m,high,never,FALSE,796189.5869337963,5832145.564108491,-17.82
berlin_569d22d5,28800,teleportedWalk,57,m,medium,always,FALSE,794743.9141171377,5831048.9876262965,-12.75333333
berlin_56a164d1,28800,teleportedWalk,61,f,very_high,always,FALSE,794738.1190242692,5828542.968250202,-4.8
berlin_56b79a47,28800,teleportedWalk,41,m,high,always,FALSE,795984.8180979562,5830557.952726905,-9.503333333
berlin_56c86a75,28800,teleportedWalk,58,m,medium,always,FALSE,798205.8026602801,5826839.945409877,-16.69666667
berlin_56da45ca,28800,teleportedWalk,23,f,medium,always,FALSE,796854.3054194227,5829635.907746825,-7.796666667
berlin_5702ec11,28800,teleportedWalk,33,f,medium,always,FALSE,793701.9520356527,5828938.705398206,-10.09
berlin_57031680,28800,teleportedWalk,8,m,high,never,FALSE,794629.4289,5830871.720587246,-12.14333333
berlin_5704361e,28800,teleportedWalk,63,m,very_low,always,FALSE,795215.9514985124,5831284.439863051,-13.28666667
berlin_5708fcf9,28800,teleportedWalk,58,f,high,always,FALSE,794033.5684051675,5828494.390050275,-8.44
berlin_570a6f32,28800,teleportedWalk,30,f,low,always,FALSE,796514.2304927032,5825901.184831004,-15.57
berlin_570a850d,28800,teleportedWalk,62,f,high,always,FALSE,794941.2301747536,5830916.779049254,-11.76
berlin_570b29dc,28800,teleportedWalk,44,f,very_low,always,FALSE,798215.9125999731,5829988.27,-14.85333333
berlin_571a6a78,28800,teleportedWalk,3,m,very_high,never,FALSE,796924.9123117129,5833061.7,-23.33333333
berlin_5724dcbf,28800,teleportedWalk,64,f,very_low,always,TRUE,798721.3144083826,5827197.276583862,-17.99666667
berlin_572f35fa,28800,teleportedWalk,21,f,medium,always,FALSE,798147.5855574834,5829337.798167933,-13.40333333
berlin_57518c89,28800,teleportedWalk,19,f,very_low,always,FALSE,797465.0020501241,5831696.622993651,-17.97666667
berlin_575be736,28800,teleportedWalk,22,f,low,always,FALSE,794321.5018132892,5827994.6555264145,-7.91
berlin_576512f8,28800,teleportedWalk,39,f,very_high,always,FALSE,796803.1077159366,5830665.132558357,-11.60333333
berlin_577062ca,28800,teleportedWalk,1,m,medium,never,FALSE,797155.4292339189,5831114.679609452,-14.55666667
berlin_57c69c1e,28800,teleportedWalk,48,f,high,always,FALSE,798409.0419951531,5829166.733,-14.57666667
berlin_57c8558a,28800,teleportedWalk,78,m,low,always,FALSE,795106.7408744239,5831047.157322759,-12.18666667
berlin_57d7d42c,28800,teleportedWalk,46,f,high,always,FALSE,795229.7356254808,5831118.749829881,-12.42333333
berlin_57e7ba84,28800,teleportedWalk,77,m,medium,always,FALSE,798172.7149442782,5831145.707207688,-18.09666667
berlin_580055be,28800,teleportedWalk,62,f,high,always,FALSE,794238.2244,5832298.551274855,-19.76
berlin_580ff125,28800,teleportedWalk,53,f,medium,always,FALSE,795378.8456294092,5828386.202951748,-2.37
berlin_581b13da,28800,teleportedWalk,50,f,medium,always,FALSE,796285.4632750105,5831153.355601465,-12.87666667
berlin_584ae1ba,28800,teleportedWalk,97,m,low,always,TRUE,794695.3537718853,5827332.147289168,-8.903333333
berlin_58591eb4,28800,teleportedWalk,40,f,very_high,always,FALSE,794879.5783466313,5832178.412408657,-18.18333333
berlin_5859f2de,28800,teleportedWalk,45,m,high,always,FALSE,796966.8334295581,5829488.007926374,-7.883333333
berlin_585ccb04,28800,teleportedWalk,52,m,medium,always,FALSE,796252.5485479812,5832119.476731749,-17.74
berlin_587a3dce,28800,teleportedWalk,32,f,medium,always,FALSE,793275.4616705431,5829017.443829228,-12.33666667
berlin_5880d98a,28800,teleportedWalk,35,f,low,always,FALSE,798125.7808148488,5830337.626325031,-15.32
berlin_58959653,28800,teleportedWalk,4,m,medium,never,FALSE,797370.4484537174,5832706.631293341,-22.4
berlin_58a85bfc,28800,teleportedWalk,7,m,medium,never,FALSE,796669.3990732951,5825975.813814535,-15.46333333
berlin_58b2df8f,28800,teleportedWalk,30,f,low,always,FALSE,796207.3573813394,5832118.309952099,-17.69333333
berlin_58ce969c,28800,teleportedWalk,91,m,medium,always,TRUE,794608.3157913816,5827408.418197375,-8.84
berlin_590ed613,28800,teleportedWalk,39,f,very_high,always,FALSE,796378.0595868669,5831084.078232724,-12.66666667
berlin_5950410d,28800,teleportedWalk,65,m,low,always,FALSE,796244.2959158856,5829307.9953112705,-4.246666667
berlin_59b26227,28800,teleportedWalk,67,m,medium,always,FALSE,797853.8691793233,5830827.09,-15.75666667
berlin_59d327ad,28800,teleportedWalk,22,f,medium,always,FALSE,795887.7562286025,5830631.046279826,-9.796666667
berlin_59dca39b,28800,teleportedWalk,97,m,medium,always,TRUE,797843.2336174083,5830165.629,-13.6
berlin_59de54d4,28800,teleportedWalk,30,f,medium,always,FALSE,795013.1312683092,5828520.531816862,-3.47
berlin_59f0c969,28800,teleportedWalk,22,f,medium,always,FALSE,798398.7803418969,5826835.736946251,-17.52333333
berlin_5a333e98,28800,teleportedWalk,39,f,high,always,FALSE,795362.1446886326,5831173.801653954,-12.61
berlin_5a3b7774,28800,teleportedWalk,60,f,high,always,FALSE,795074.7908574617,5830752.487700037,-10.74333333
berlin_5a572aaf,28800,teleportedWalk,57,f,medium,always,FALSE,796235.1605067266,5831992.778,-17.07666667
berlin_5ac23397,28800,teleportedWalk,59,f,medium,always,FALSE,794941.9529714584,5830948.226409908,-11.91666667
berlin_5ac58533,28800,teleportedWalk,36,f,very_low,always,FALSE,794625.7976235107,5832287.690712044,-19.06
berlin_5aca16a5,28800,teleportedWalk,27,f,medium,always,FALSE,800048.1249926835,5826684.010427047,-25.37
berlin_5acfd476,28800,teleportedWalk,53,f,high,always,FALSE,795022.5254355619,5830983.157129642,-11.97
berlin_5adaa15a,28800,teleportedWalk,19,f,very_low,always,TRUE,793714.8862484922,5828755.692011797,-9.98
berlin_5adc92f3,28800,teleportedWalk,8,m,medium,never,FALSE,797603.9163697587,5830976.529872274,-15.4
berlin_5ae6f9ce,28800,teleportedWalk,62,f,medium,always,FALSE,796750.1822119032,5830241.682575296,-9.626666667
berlin_5ae81a41,28800,teleportedWalk,41,f,high,always,FALSE,799135.1839852626,5828692.130762257,-18.20333333
berlin_5aedf020,28800,teleportedWalk,66,m,medium,always,FALSE,797173.7808285148,5831859.392757954,-17.97666667
berlin_5b2356ca,28800,teleportedWalk,34,m,very_low,always,FALSE,798635.6043534502,5829509.614327979,-16.07666667
berlin_5b2af9eb,28800,teleportedWalk,8,m,low,never,FALSE,793473.6031282664,5828412.415013097,-11.38333333
berlin_5b35baad,28800,teleportedWalk,21,f,medium,always,FALSE,799140.9951103368,5827241.721662693,-19.87666667
berlin_5b4c43c8,28800,teleportedWalk,28,m,high,always,FALSE,797190.7542477674,5833066.583691091,-23.79
berlin_5b4c7554,28800,teleportedWalk,94,m,medium,always,TRUE,793774.9833018054,5828114.417277099,-10.24
berlin_5b89e114,28800,teleportedWalk,42,m,medium,always,FALSE,794729.3236490886,5831158.695488028,-13.31333333
berlin_5b9e8355,28800,teleportedWalk,59,f,low,always,FALSE,799014.9661328744,5827669.399,-18.47333333
berlin_5bce1fac,28800,teleportedWalk,33,m,very_low,always,FALSE,793650.7208279464,5828937.598961603,-10.35333333
berlin_5be9c0d7,28800,teleportedWalk,55,f,very_high,always,FALSE,795150.7240585606,5826200.318852889,-13.56333333
berlin_5bef86c8,28800,teleportedWalk,87,m,medium,always,FALSE,796010.9270109817,5830968.718350948,-11.63
berlin_5c2811d0,28800,teleportedWalk,64,f,medium,always,FALSE,794764.2824443377,5827920.543480503,-6.3
berlin_5c3a44d7,28800,teleportedWalk,98,m,medium,always,TRUE,797674.0741147918,5826609.630060913,-15.42333333
berlin_5c435bf7,28800,teleportedWalk,38,m,high,always,FALSE,797025.0964673872,5829507.3179403925,-8.196666667
berlin_5c6d65a5,28800,teleportedWalk,59,m,high,always,TRUE,794010.5818811521,5828101.129478746,-9.12
berlin_5c9ee23e,28800,teleportedWalk,51,f,medium,always,FALSE,795593.9689589301,5829435.974200509,-3.5
berlin_5cb668c7,28800,teleportedWalk,48,f,very_high,always,FALSE,797490.6887384395,5833007.968385758,-24.08666667
berlin_5cc370af,28800,teleportedWalk,39,m,high,always,FALSE,794998.9640988668,5828982.001095647,-3.493333333
berlin_5ccc2bc5,28800,teleportedWalk,8,m,very_high,never,FALSE,796933.7851588996,5831580.907531644,-16.13
berlin_5ccc7b92,28800,teleportedWalk,26,m,high,always,FALSE,794988.2693577916,5830918.902914426,-11.7
berlin_5cd458a4,28800,teleportedWalk,30,f,very_low,always,FALSE,796248.9983327729,5831825.855,-16.24
berlin_5cdd2c72,28800,teleportedWalk,28,f,high,always,FALSE,795626.0771106028,5830746.511,-10.31
berlin_5ceda5ae,28800,teleportedWalk,53,m,high,always,FALSE,798688.1230810727,5829327.450646967,-16.14333333
berlin_5cfd0604,28800,teleportedWalk,34,m,high,always,FALSE,795090.9434938191,5829000.826488017,-3.083333333
berlin_5d0ca71d,28800,teleportedWalk,28,f,medium,always,FALSE,794485.1053471372,5831808.980859761,-16.92333333
berlin_5d20ee7e,28800,teleportedWalk,18,m,very_low,always,FALSE,796219.3482783923,5832175.666745008,-18
berlin_5d23bf66,28800,teleportedWalk,69,m,medium,always,FALSE,796304.7295,5830413.975340429,-9.26
berlin_5d37dc61,28800,teleportedWalk,43,m,very_high,always,FALSE,795798.6666881226,5830459.601283685,-8.856666667
berlin_5d3d948d,28800,teleportedWalk,88,m,very_high,always,FALSE,796989.2031485987,5832873.2207182115,-22.5
berlin_5d5f3cfc,28800,teleportedWalk,56,f,medium,always,FALSE,800010.4400272892,5826686.766251957,-25.18666667
berlin_5d631942,28800,teleportedWalk,35,m,very_low,always,FALSE,796940.7445,5833051.429805453,-23.30666667
berlin_5d775c3c,28800,teleportedWalk,42,f,very_low,always,FALSE,798225.1079599177,5830099.904343785,-15.15666667
berlin_5dcbf6bd,28800,teleportedWalk,36,m,low,always,FALSE,796106.4359726787,5829409.528834705,-4.156666667
berlin_5dee6a21,28800,teleportedWalk,41,m,medium,always,FALSE,798088.9428912479,5826878.590173337,-16.09
berlin_5df401b1,28800,teleportedWalk,97,m,medium,always,TRUE,799238.6484355448,5827066.913269106,-20.71333333
berlin_5e14bba7,28800,teleportedWalk,45,f,high,always,FALSE,798230.9605595629,5830681.519229543,-16.78333333
berlin_5e1a48d4,28800,teleportedWalk,3,m,very_low,never,FALSE,796621.995,5831997.251183077,-17.58
berlin_5e1be716,28800,teleportedWalk,50,f,high,always,FALSE,800040.9977647536,5826848.134,-24.98333333
berlin_5e21bf48,28800,teleportedWalk,6,m,high,never,FALSE,797302.6424515295,5826954.016286047,-12.79666667
berlin_5e28ef9d,28800,teleportedWalk,39,f,very_high,always,FALSE,794555.2560162575,5832446.608059093,-19.95333333
berlin_5e5aa2c8,28800,teleportedWalk,54,f,low,always,FALSE,796282.4087198073,5831489.474833609,-14.56666667
berlin_5e6fcfc7,28800,teleportedWalk,27,m,low,always,FALSE,796718.0495378494,5832701.745959218,-21.23666667
berlin_5e9ee2d8,28800,teleportedWalk,26,f,medium,always,FALSE,798357.7513421181,5826919.370846877,-17.1
berlin_5ea386d9,28800,teleportedWalk,22,m,very_low,always,FALSE,794254.1135872288,5831576.902379672,-16.29333333
berlin_5eb05903,28800,teleportedWalk,64,f,high,always,FALSE,797084.1611212739,5832193.740979181,-19.36
berlin_5eb9155d,28800,teleportedWalk,51,f,very_high,always,FALSE,797122.1653200593,5832604.519799443,-21.41666667
berlin_5ebcdcec,28800,teleportedWalk,34,f,very_low,always,FALSE,795429.3655117262,5828065.051732732,-3.786666667
berlin_5ef4d08e,28800,teleportedWalk,6,m,high,never,FALSE,795182.1017547823,5826311.0855025705,-12.96666667
berlin_5efacf9d,28800,teleportedWalk,62,f,medium,always,FALSE,799714.5658,5827933.641177047,-21.65
berlin_5f0ea15d,28800,teleportedWalk,40,f,medium,always,FALSE,797765.3701301252,5831251.158644597,-17.03
berlin_5f276389,28800,teleportedWalk,88,m,high,always,TRUE,794990.9403302004,5828002.508798686,-5.183333333
berlin_5f28ad57,28800,teleportedWalk,64,f,medium,always,FALSE,798495.4936519883,5827195.071342495,-16.96333333
berlin_5f2febd3,28800,teleportedWalk,28,f,medium,always,FALSE,797711.2218242824,5828849.831146925,-10.80666667
berlin_5f3965fd,28800,teleportedWalk,19,m,high,always,FALSE,795811.5673677598,5831204.200841698,-12.72333333
berlin_5f3eaed8,28800,teleportedWalk,28,f,low,always,FALSE,796827.1971397076,5832493.142259163,-20.36
berlin_5f5c4f40,28800,teleportedWalk,43,f,low,always,FALSE,797652.8009295547,5829788.085112685,-11.76666667
berlin_5f67df69,28800,teleportedWalk,69,m,medium,always,FALSE,795711.6208126678,5831134.077511247,-12.33
berlin_5f692fdd,28800,teleportedWalk,26,m,medium,always,FALSE,796763.2826191017,5832790.460621913,-21.74333333
berlin_5f8ae3df,28800,teleportedWalk,36,f,high,always,FALSE,794133.5212224163,5829122.954,-8.023333333
berlin_5f935487,28800,teleportedWalk,26,m,medium,always,FALSE,795112.4379,5830268.618444539,-8.28
berlin_5f974911,28800,teleportedWalk,74,m,medium,always,FALSE,793308.3153738996,5828287.555753059,-12.34666667
berlin_5fefcb1d,28800,teleportedWalk,60,m,medium,always,FALSE,794499.8079,5828627.099159069,-5.943333333
berlin_60141429,28800,teleportedWalk,22,f,high,always,FALSE,798251.2985,5829834.279342503,-14.7
berlin_6030e145,28800,teleportedWalk,28,f,very_low,always,FALSE,795394.9045440855,5830131.3632382685,-7.22
berlin_603dea3f,28800,teleportedWalk,46,f,very_high,always,FALSE,796170.9561,5831071.864,-12.32
berlin_603f9d52,28800,teleportedWalk,52,m,very_high,always,FALSE,795718.0303144638,5829240.424921772,-2.513333333
berlin_6048da4a,28800,teleportedWalk,53,f,high,always,FALSE,795126.2559538013,5829091.583,-3.143333333
berlin_604a7595,28800,teleportedWalk,41,m,medium,always,FALSE,794666.5295082702,5828984.935791606,-5.163333333
berlin_604f4327,28800,teleportedWalk,35,m,medium,always,FALSE,798135.6884926739,5829107.096248239,-13.12666667
berlin_604f780e,28800,teleportedWalk,59,f,very_low,always,FALSE,795703.2040594331,5829346.7194124395,-3.05
berlin_6062f2a2,28800,teleportedWalk,7,m,low,never,TRUE,793733.3614994169,5828473.657346503,-10
berlin_6064eb51,28800,teleportedWalk,46,f,very_low,always,FALSE,794291.2477736911,5829211.770652184,-7.363333333
berlin_607b59eb,28800,teleportedWalk,55,m,medium,always,FALSE,797488.8538758061,5828840.326459472,-9.65
berlin_607f8eec,28800,teleportedWalk,17,m,medium,never,FALSE,798314.9985314015,5828989.468926827,-13.98666667
berlin_608a529e,28800,teleportedWalk,27,f,low,always,FALSE,794850.8444710954,5830113.207430768,-8.113333333
berlin_608e68ea,28800,teleportedWalk,14,m,very_high,never,FALSE,796268.8498966753,5832047.926469978,-17.39
berlin_608f3e32,28800,teleportedWalk,21,m,very_high,always,FALSE,794978.8759608995,5830710.633415469,-10.68
berlin_609301f5,28800,teleportedWalk,49,f,very_low,always,FALSE,795820.8123707594,5830878.512768087,-11.03666667
berlin_60a4a83f,28800,teleportedWalk,19,f,low,always,FALSE,797451.2862491588,5828887.958089266,-9.466666667
berlin_60ac3a75,28800,teleportedWalk,35,m,very_high,always,FALSE,795504.1625679733,5831193.355968954,-12.65
berlin_60edc11a,28800,teleportedWalk,28,f,very_low,always,FALSE,797669.7221361657,5832003.436001518,-19.89333333
berlin_60f06c92,28800,teleportedWalk,15,m,very_high,never,FALSE,794072.4246765708,5827770.520987687,-9.623333333
berlin_60f7003b,28800,teleportedWalk,51,f,very_high,always,FALSE,793912.6776621873,5832491.956942555,-21.35333333
berlin_6106223b,28800,teleportedWalk,89,m,low,always,FALSE,794348.4061779942,5831949.224472907,-17.86333333
berlin_6121e418,28800,teleportedWalk,31,f,high,always,FALSE,793772.5024367284,5827996.799373847,-10.47
berlin_6136297f,28800,teleportedWalk,61,f,high,always,FALSE,799407.0773828279,5826853.003929093,-21.98666667
berlin_613ece5d,28800,teleportedWalk,39,f,high,always,FALSE,794432.2307436966,5831619.544731616,-16.11
berlin_6141fe58,28800,teleportedWalk,64,m,high,always,TRUE,795711.4929703537,5829270.293029678,-2.663333333
berlin_61476156,28800,teleportedWalk,26,m,high,always,FALSE,793916.2934567123,5831987.146542043,-18.99333333
berlin_6149594a,28800,teleportedWalk,4,m,medium,never,FALSE,796923.5774837167,5831508.181028563,-15.76333333
berlin_61546d52,28800,teleportedWalk,67,m,medium,always,TRUE,799274.1549014209,5828622.134,-18.93666667
berlin_616a8b0d,28800,teleportedWalk,18,f,low,always,FALSE,798912.6835884997,5828162.836075362,-17.32666667
berlin_6174d7e2,28800,teleportedWalk,10,m,very_low,never,FALSE,797775.0508752645,5827436.318078489,-13.09666667
berlin_6182683b,28800,teleportedWalk,60,m,very_low,always,TRUE,794408.7888537231,5828827.037768058,-6.38
berlin_6191bf4e,28800,teleportedWalk,48,m,very_low,always,FALSE,797050.4389120543,5832159.340416761,-19.13
berlin_6194542a,28800,teleportedWalk,4,m,medium,never,FALSE,794307.6742,5831688.847,-16.7
berlin_619510c3,28800,teleportedWalk,21,m,very_low,always,FALSE,795674.6562270587,5829288.435293453,-2.733333333
berlin_61be44b0,28800,teleportedWalk,30,m,medium,always,FALSE,800207.4846582942,5826738.421131843,-26.00666667
berlin_61bebd81,28800,teleportedWalk,75,m,high,always,TRUE,798183.6466588217,5830316.044124563,-15.51666667
berlin_61c42f26,28800,teleportedWalk,64,m,high,always,FALSE,797087.7678295324,5832389.710850302,-20.31
berlin_61d4b9cb,28800,teleportedWalk,33,f,very_high,always,FALSE,798710.9388821753,5828438.891523586,-16.08333333
berlin_61e2e7f7,28800,teleportedWalk,51,f,low,always,FALSE,793522.4555,5828691.382886876,-10.98666667
berlin_61fee24d,28800,teleportedWalk,59,m,high,always,FALSE,798588.8913125468,5829563.806235316,-15.91333333
berlin_6226d15a,28800,teleportedWalk,75,m,low,always,TRUE,795810.3655968228,5831812.744834482,-15.88
berlin_62509528,28800,teleportedWalk,54,m,high,always,FALSE,794848.8828,5830700.338355154,-10.86666667
berlin_6250b991,28800,teleportedWalk,54,f,very_high,always,FALSE,797041.6486784739,5828792.274744539,-7.316666667
berlin_6257176a,28800,teleportedWalk,18,f,low,always,FALSE,798766.7275684705,5829431.462,-16.65
berlin_62615e5e,28800,teleportedWalk,26,m,high,always,FALSE,793776.4638496966,5828628.689164728,-9.686666667
berlin_6275d739,28800,teleportedWalk,18,m,high,always,FALSE,796252.9593537218,5830328.835428414,-8.75
berlin_628a4d77,28800,teleportedWalk,55,f,very_high,always,FALSE,796395.5881799737,5831900.692482041,-16.78333333
berlin_62948aa1,28800,teleportedWalk,62,m,medium,always,FALSE,795094.8273489147,5830256.011680316,-8.25
berlin_629e8095,28800,teleportedWalk,12,m,medium,never,FALSE,796418.6319017529,5831747.674694263,-16.04
berlin_629fb0aa,28800,teleportedWalk,52,m,medium,always,FALSE,797449.3756943054,5831349.410333132,-16.42333333
berlin_62b729ad,28800,teleportedWalk,61,f,high,always,FALSE,794686.5670869095,5831112.675363713,-13.17
berlin_62f8b779,28800,teleportedWalk,22,f,very_low,always,FALSE,794873.1667,5831118.881965737,-12.87
berlin_6303f437,28800,teleportedWalk,44,m,low,always,FALSE,797250.6428040338,5832581.595495356,-21.55666667
berlin_63088e45,28800,teleportedWalk,43,f,very_low,always,FALSE,794635.6123901845,5831781.877077821,-16.53
berlin_631c0b45,28800,teleportedWalk,7,m,very_high,never,FALSE,797265.1671946938,5829025.717719638,-8.586666667
berlin_63453f5a,28800,teleportedWalk,57,f,medium,always,FALSE,795305.3703,5832212.610984887,-18.01333333
berlin_635b7935,28800,teleportedWalk,76,m,medium,always,FALSE,798377.1458644185,5829107.154017921,-14.37
berlin_63655c67,28800,teleportedWalk,37,m,high,always,FALSE,798414.0534694723,5828368.255549336,-14.59666667
berlin_6384f3ff,28800,teleportedWalk,66,m,very_low,always,FALSE,799253.6162835914,5828568.242202954,-18.84333333
berlin_638d6450,28800,teleportedWalk,24,f,very_low,always,FALSE,797750.2408719172,5829857.587393902,-12.38333333
berlin_6392467d,28800,teleportedWalk,23,f,very_high,always,FALSE,794060.2144644475,5829209.918885787,-8.506666667
berlin_63c45499,28800,teleportedWalk,44,m,high,always,FALSE,794097.1784018537,5827942.785431126,-9.06
berlin_63d85752,28800,teleportedWalk,2,m,medium,never,FALSE,797955.7265419243,5832318.354,-22.07333333
berlin_63da9a10,28800,teleportedWalk,38,m,medium,always,FALSE,796656.4927,5829707.183218465,-7.23
berlin_63db4e36,28800,teleportedWalk,51,f,medium,always,FALSE,798471.0675453468,5829561.096115786,-15.32
berlin_63f794bd,28800,teleportedWalk,18,m,low,always,FALSE,794206.0215917277,5831245.173295478,-14.88666667
berlin_6412d9a9,28800,teleportedWalk,30,f,medium,always,FALSE,794936.6078,5829165.567736328,-4.186666667
berlin_641fa06a,28800,teleportedWalk,33,m,high,always,FALSE,797157.6164150739,5830025.208799033,-10.28333333
berlin_644ad96f,28800,teleportedWalk,22,f,very_low,always,FALSE,793529.0787533035,5832215.856445363,-21.02333333
berlin_6488d6dc,28800,teleportedWalk,8,m,medium,never,FALSE,793466.0048631397,5831994.094256664,-20.23
berlin_648a0f27,28800,teleportedWalk,80,m,very_low,always,FALSE,796839.4241189535,5832849.752396348,-22.15
berlin_648d459b,28800,teleportedWalk,45,f,medium,always,FALSE,797416.1029365599,5829985.306873154,-11.23
berlin_648dad9d,28800,teleportedWalk,40,f,medium,always,FALSE,794042.611,5829094.324281172,-8.453333333
berlin_64a8baac,28800,teleportedWalk,47,f,low,always,FALSE,795765.5709928772,5829247.983371668,-2.606666667
berlin_64afe8e0,28800,teleportedWalk,20,f,very_low,always,FALSE,796029.0058444988,5829553.292122827,-4.586666667
berlin_64b4d5db,28800,teleportedWalk,65,m,very_high,always,FALSE,795725.6567048358,5829321.482384786,-2.936666667
berlin_64c2cb97,28800,teleportedWalk,39,f,very_high,always,FALSE,795785.3630362048,5830458.221017804,-8.843333333
berlin_64d7fd46,28800,teleportedWalk,33,f,medium,always,FALSE,794190.0084719484,5827209.965,-11.03
berlin_64d98cc7,28800,teleportedWalk,55,m,medium,always,FALSE,795198.7643,5829061.921213439,-2.743333333
berlin_64dee0b3,28800,teleportedWalk,68,m,low,always,FALSE,796034.8769399817,5831184.3,-12.75666667
berlin_64ede453,28800,teleportedWalk,43,m,very_high,always,FALSE,798312.6614842348,5829710.617892322,-14.77
berlin_64f6aa53,28800,teleportedWalk,90,m,high,always,TRUE,796679.8169739033,5831407.364,-14.78
berlin_65061ce8,28800,teleportedWalk,43,f,medium,always,FALSE,796722.7737666697,5832902.850555402,-22.25333333
berlin_65288ef4,28800,teleportedWalk,16,m,very_high,never,FALSE,795728.8573,5831449.086835384,-13.97
berlin_653ba4cd,28800,teleportedWalk,5,m,medium,never,FALSE,794793.0952961893,5830500.756291652,-10.03666667
berlin_65496aea,28800,teleportedWalk,9,m,very_low,never,FALSE,797731.1999766717,5829847.794082209,-12.27
berlin_6550c0ca,28800,teleportedWalk,93,m,high,always,FALSE,796409.3188,5830862.381359561,-11.63
berlin_6599a114,28800,teleportedWalk,52,f,medium,always,FALSE,800146.1439763601,5827459.335578965,-24.42
berlin_65ab611f,28800,teleportedWalk,51,m,medium,always,FALSE,796507.6578070582,5830559.647007731,-10.38333333
berlin_65bf3bd2,28800,teleportedWalk,36,f,medium,always,FALSE,792795.9021857445,5828310.403380511,-14.94666667
berlin_65c2d524,28800,teleportedWalk,2,m,very_low,never,FALSE,793833.3369019157,5828953.252218168,-9.416666667
berlin_65d8d820,28800,teleportedWalk,76,m,low,always,TRUE,797336.9116742007,5831439.400081763,-16.49
berlin_65dd731a,28800,teleportedWalk,7,m,very_low,never,FALSE,794769.1307412048,5828999.473935082,-4.663333333
berlin_65ddbbaf,28800,teleportedWalk,36,f,medium,always,FALSE,798023.5625838847,5830778.572,-16.25
berlin_65e137c0,28800,teleportedWalk,31,f,high,always,FALSE,793555.2046,5831890.006216358,-19.52333333
berlin_65e5dc18,28800,teleportedWalk,32,f,high,always,FALSE,792891.6175846586,5828830.134530421,-14.26666667
berlin_65fb2c0a,28800,teleportedWalk,64,f,low,always,FALSE,795822.3978989644,5826181.880175587,-13.46
berlin_66078762,28800,teleportedWalk,61,m,low,always,TRUE,796990.8837182829,5832787.905684769,-22.08
berlin_6607985b,28800,teleportedWalk,59,f,high,always,FALSE,798055.8189509704,5830913.211379641,-16.83333333
berlin_660a1cf1,28800,teleportedWalk,44,f,high,always,FALSE,798196.7780782302,5829190.954663115,-13.50666667
berlin_661d4ca9,28800,teleportedWalk,12,m,high,never,FALSE,798447.6532655605,5830153.209244412,-16.31333333
berlin_6634695c,28800,teleportedWalk,31,f,very_low,always,FALSE,794265.2124286821,5828163.179178333,-7.773333333
berlin_664ce058,28800,teleportedWalk,40,f,high,always,FALSE,795843.4656844867,5831611.511683904,-14.84666667
berlin_66537a69,28800,teleportedWalk,14,m,medium,always,FALSE,798035.1551864832,5829006.491066734,-12.54333333
berlin_66608b81,28800,teleportedWalk,48,f,high,always,FALSE,794652.6287908214,5830872.942,-12.09666667
berlin_6663f88e,28800,teleportedWalk,31,f,high,always,FALSE,800220.7372858934,5828139.890462552,-24.06666667
berlin_6664b792,28800,teleportedWalk,94,m,low,always,FALSE,796442.2512693868,5830297.117631303,-9.01
berlin_6669cc81,28800,teleportedWalk,23,m,very_low,always,FALSE,797996.0689981416,5830177.878,-14.31
berlin_668e36d1,28800,teleportedWalk,4,m,very_high,never,FALSE,793865.7419422411,5828510.001092295,-9.29
berlin_66b2c274,28800,teleportedWalk,71,m,medium,always,FALSE,795071.2042104346,5828449.4404625865,-3.353333333
berlin_66d436b4,28800,teleportedWalk,64,f,high,always,FALSE,794989.5252,5828488.754167969,-3.643333333
berlin_66e89ad3,28800,teleportedWalk,10,m,low,never,FALSE,799040.6971706199,5827866.723523325,-18.31333333
berlin_66eb8670,28800,teleportedWalk,20,m,low,always,FALSE,794239.7749851358,5831693.219423368,-16.87
berlin_66f6f84f,28800,teleportedWalk,51,f,high,always,FALSE,797593.2121693648,5829031.928,-10.27666667
berlin_6737daed,28800,teleportedWalk,40,f,high,always,FALSE,798937.7068153273,5828452.036291469,-51.64333333
berlin_676700a4,28800,teleportedWalk,58,f,medium,always,FALSE,797987.4811663785,5829093.668091051,-12.35333333
berlin_677f0887,28800,teleportedWalk,41,f,medium,always,FALSE,798283.2957,5828897.925377448,-13.79
berlin_67a42b5e,28800,teleportedWalk,63,m,high,always,FALSE,795335.6771377132,5828170.126690774,-3.453333333
berlin_67b422ba,28800,teleportedWalk,43,f,medium,always,FALSE,797124.6666171554,5831564.601303965,-16.47666667
berlin_67b5c465,28800,teleportedWalk,36,f,medium,always,FALSE,794132.2131743756,5829150.696036006,-8.066666667
berlin_67d514d4,28800,teleportedWalk,51,m,low,always,FALSE,794921.4173903503,5829399.377922101,-4.966666667
berlin_67d566b7,28800,teleportedWalk,1,m,medium,never,FALSE,793634.1158226863,5828589.265,-10.44
berlin_67eb79bf,28800,teleportedWalk,62,m,high,always,FALSE,797459.9647293432,5831603.927554135,-17.55333333
berlin_67ec3c20,28800,teleportedWalk,19,f,high,always,FALSE,799896.1136335745,5828438.653913254,-22.22333333
berlin_67f11664,28800,teleportedWalk,17,m,medium,never,FALSE,797668.8244039016,5831548.371,-17.93
berlin_67f63dac,28800,teleportedWalk,52,m,high,always,FALSE,794737.6351594806,5831069.606443246,-12.86333333
berlin_67f8beb3,28800,teleportedWalk,28,m,medium,always,FALSE,798268.6867156347,5828435.589420197,-13.8
berlin_6812a549,28800,teleportedWalk,28,f,high,always,FALSE,794179.8134613729,5831902.815814869,-17.99
berlin_6815366d,28800,teleportedWalk,75,m,very_high,always,FALSE,795066.2888511561,5831070.591864774,-12.35333333
berlin_683c6a8e,28800,teleportedWalk,40,f,high,always,FALSE,796284.8361797478,5832095.793381336,-17.65333333
berlin_68446ca9,28800,teleportedWalk,33,f,medium,always,FALSE,796353.5580530158,5831049.312075188,-12.45666667
berlin_688c4972,28800,teleportedWalk,2,m,medium,never,FALSE,794809.7745644415,5831109.429,-12.92666667
berlin_688ce8bc,28800,teleportedWalk,57,m,medium,always,FALSE,796273.5472,5831408.072537501,-14.14333333
berlin_68a0621c,28800,teleportedWalk,23,f,very_low,always,FALSE,797452.9726171035,5831385.296571291,-16.59
berlin_68b2007e,28800,teleportedWalk,4,m,very_high,never,TRUE,798437.9644137786,5828882.160961752,-14.59
berlin_68b3ddfd,28800,teleportedWalk,22,f,low,always,FALSE,795435.7682936123,5830066.963322775,-6.853333333
berlin_68b72a1d,28800,teleportedWalk,43,m,medium,always,FALSE,795687.6325668523,5829280.849022772,-2.7
berlin_68b7cb4b,28800,teleportedWalk,40,f,very_low,always,FALSE,794562.5779596153,5830935.439574274,-12.59333333
berlin_68bfb16f,28800,teleportedWalk,8,m,medium,never,FALSE,797843.2774588097,5828355.919184993,-11.67666667
berlin_68c27cbc,28800,teleportedWalk,2,m,very_high,never,FALSE,797659.8307981979,5827367.305246074,-12.79
berlin_68c39a90,28800,teleportedWalk,8,m,medium,never,FALSE,796303.0743583998,5825977.512,-14.89666667
berlin_68d0818a,28800,teleportedWalk,82,m,high,always,FALSE,793713.8343046901,5832269.328,-20.78333333
berlin_68df8a55,28800,teleportedWalk,35,f,very_high,always,FALSE,798011.8658648531,5830394.541905604,-14.99
berlin_68e59af3,28800,teleportedWalk,59,f,high,always,FALSE,799246.7829442406,5828719.401534649,-18.78333333
berlin_68f69044,28800,teleportedWalk,80,m,low,always,TRUE,797851.2178460427,5830102.504465844,-13.46333333
berlin_6928aa21,28800,teleportedWalk,55,m,high,always,FALSE,797831.0250726033,5828977.001720327,-11.47333333
berlin_692c7c8c,28800,teleportedWalk,42,f,very_high,always,FALSE,796066.8066406555,5831186.5908617005,-12.79666667
berlin_692f330a,28800,teleportedWalk,41,m,very_high,always,FALSE,797883.8512984681,5832612.370400633,-23.17666667
berlin_693128a4,28800,teleportedWalk,46,f,high,always,FALSE,793856.6328951344,5827768.014322357,-10.59666667
berlin_6933cc8f,28800,teleportedWalk,68,m,medium,always,FALSE,799095.8416059874,5827367.489502074,-19.40666667
berlin_69582b6f,28800,teleportedWalk,91,m,medium,always,FALSE,799494.1236878212,5826356.828016133,-23.65
berlin_6970d880,28800,teleportedWalk,52,m,low,always,TRUE,794947.9324,5829355.406,-4.713333333
berlin_69726d27,28800,teleportedWalk,44,f,very_high,always,FALSE,793911.3211079926,5832039.672703309,-19.24666667
berlin_69a762f8,28800,teleportedWalk,13,m,medium,never,FALSE,798696.291,5829322.486622392,-16.18333333
berlin_69b88624,28800,teleportedWalk,53,f,low,always,TRUE,796342.1085668413,5830670.5319337575,-10.57333333
berlin_69c606f4,28800,teleportedWalk,30,f,medium,always,FALSE,799870.6749397247,5826779.319738064,-24.32333333
berlin_69c77ff8,28800,teleportedWalk,8,m,medium,never,FALSE,794534.2269916816,5832481.745569087,-20.16
berlin_69d48675,28800,teleportedWalk,63,f,medium,always,FALSE,794982.8486132894,5828240.717258281,-4.343333333
berlin_69efbebc,28800,teleportedWalk,22,f,high,always,FALSE,795769.3044241914,5830490.850905901,-9.006666667
berlin_69f478b2,28800,teleportedWalk,24,m,medium,always,TRUE,796338.3966570876,5831624.845737382,-15.32
berlin_69f83e21,28800,teleportedWalk,13,m,high,never,FALSE,797374.1786074089,5828974.348613448,-9.11
berlin_69fd78d8,28800,teleportedWalk,22,f,very_low,always,FALSE,795001.1801846793,5831102.205400287,-12.59666667
berlin_6a00e762,28800,teleportedWalk,29,m,medium,always,FALSE,795746.5192470052,5831464.811802431,-14.05666667
berlin_6a4c4a8b,28800,teleportedWalk,78,m,low,always,FALSE,795716.8563095118,5831184.763903477,-12.59333333
berlin_6a6c2ec8,28800,teleportedWalk,85,m,high,always,FALSE,798467.0925729804,5827206.957290639,-16.80666667
berlin_6a893a8c,28800,teleportedWalk,48,m,low,always,FALSE,795872.7948144977,5829059.708063271,-1.973333333
berlin_6a8db0f3,28800,teleportedWalk,31,m,high,always,FALSE,798124.2549504742,5830219.540233014,-14.99666667
berlin_6a920f0a,28800,teleportedWalk,59,f,high,always,FALSE,797730.489,5831807.810454428,-19.21666667
berlin_6a96e6b7,28800,teleportedWalk,87,m,medium,always,FALSE,797214.2451120955,5832288.747486145,-20.08333333
berlin_6a982a7d,28800,teleportedWalk,53,m,very_low,always,FALSE,798302.7753512035,5828482.484341885,-13.95
berlin_6aa879f9,28800,teleportedWalk,88,m,low,always,FALSE,796809.9318,5830743.753836622,-11.97
berlin_6ac207ac,28800,teleportedWalk,11,m,high,never,FALSE,793760.0057369771,5832481.1946195895,-21.64666667
berlin_6ace731d,28800,teleportedWalk,44,f,high,always,FALSE,795039.1562174819,5829092.66,-3.536666667
berlin_6adfbc90,28800,teleportedWalk,18,m,very_high,always,FALSE,796000.2466597864,5831262.709115581,-13.13
berlin_6b0d4110,28800,teleportedWalk,61,m,medium,always,FALSE,794921.4271670401,5829933.872607028,-7.123333333
berlin_6b0f02c9,28800,teleportedWalk,60,m,high,always,FALSE,796206.8249648148,5825705.6582572125,-16.17666667
berlin_6b320e7d,28800,teleportedWalk,94,m,low,always,TRUE,796202.3389746796,5826037.357380159,-14.48
berlin_6b36baa7,28800,teleportedWalk,9,m,very_high,never,FALSE,793475.0506121616,5828384.443431365,-11.4
berlin_6b395af5,28800,teleportedWalk,56,f,medium,always,TRUE,793800.6378810212,5827995.438110165,-10.33666667
berlin_6b4676fa,28800,teleportedWalk,54,f,medium,always,FALSE,797201.7018677783,5833104.288,-23.99666667
berlin_6b54ebb7,28800,teleportedWalk,45,m,low,always,FALSE,797510.6973760084,5828266.730454837,-10.09
berlin_6b66e5e4,28800,teleportedWalk,37,f,medium,always,FALSE,793917.4865,5828859.105611352,-8.94
berlin_6b72b463,28800,teleportedWalk,15,m,medium,never,FALSE,796323.6122999084,5831628.695318622,-15.32
berlin_6b78f8d0,28800,teleportedWalk,9,m,very_high,never,FALSE,794600.3021026375,5831157.952186581,-13.56
berlin_6b819e03,28800,teleportedWalk,2,m,high,never,FALSE,795643.6778939341,5830035.632379272,-6.613333333
berlin_6b86584c,28800,teleportedWalk,46,m,high,always,FALSE,796203.4239659982,5831788.93,-16.00333333
berlin_6b9877c4,28800,teleportedWalk,15,m,very_high,never,FALSE,795984.8595198495,5831063.810938001,-12.09666667
berlin_6ba7aef6,28800,teleportedWalk,33,f,high,always,FALSE,798926.2393,5828192.893258953,-17.37
berlin_6bab8f70,28800,teleportedWalk,62,f,high,always,FALSE,798609.2443,5826807.674181051,-18.51
berlin_6bd63c5a,28800,teleportedWalk,32,f,high,always,FALSE,794829.5283768291,5829208.368054606,-4.78
berlin_6bfc9a7c,28800,teleportedWalk,20,m,medium,always,FALSE,799051.9829334732,5828730.626306441,-17.77
berlin_6c170dd8,28800,teleportedWalk,38,f,high,always,FALSE,795011.9413386869,5829995.936121585,-7.176666667
berlin_6c705236,28800,teleportedWalk,42,m,high,always,FALSE,795799.1509432977,5830617.6430878965,-9.676666667
berlin_6c71cc5d,28800,teleportedWalk,24,f,medium,always,FALSE,798480.8936785148,5827148.977257294,-17.01333333
berlin_6c7a2a87,28800,teleportedWalk,41,f,medium,always,FALSE,796859.8275809742,5831154.969384126,-13.97
berlin_6c9dc5ef,28800,teleportedWalk,61,f,medium,always,FALSE,795093.2494831672,5828749.389739012,-2.813333333
berlin_6cb6d01c,28800,teleportedWalk,47,f,medium,always,FALSE,799370.7557339395,5827130.614261181,-21.2
berlin_6cc4e69e,28800,teleportedWalk,50,f,medium,always,FALSE,794954.3346132576,5831443.979848218,-15.59666667
berlin_6cd1ab16,28800,teleportedWalk,26,f,very_low,always,FALSE,800127.3194231743,5827975.925,-23.71666667
berlin_6cd3c131,28800,teleportedWalk,46,m,low,always,FALSE,795246.2032979385,5829464.235935006,-4.163333333
berlin_6cf9f2c5,28800,teleportedWalk,39,m,high,always,FALSE,794933.7701393159,5828991.0302034775,-3.83
berlin_6d29d79c,28800,teleportedWalk,39,f,very_high,always,FALSE,795844.5156435401,5831571.091899441,-14.63666667
berlin_6d300f7c,28800,teleportedWalk,53,m,medium,always,FALSE,797522.7503048044,5831531.049216849,-17.42
berlin_6d38fa6b,28800,teleportedWalk,52,f,high,always,FALSE,792919.0797745207,5828304.469304075,-14.32
berlin_6d450500,28800,teleportedWalk,5,m,very_low,never,FALSE,795581.7792149733,5831113.278561027,-12.22
berlin_6d54791b,28800,teleportedWalk,17,m,medium,never,FALSE,798773.0268897011,5829606.646,-16.89666667
berlin_6d5e5a02,28800,teleportedWalk,31,f,high,always,FALSE,793432.8357115613,5828957.804808459,-11.49333333
berlin_6d6e2f66,28800,teleportedWalk,54,m,very_high,always,FALSE,796833.0302271899,5829222.629757902,-6.67
berlin_6d73abee,28800,teleportedWalk,34,m,high,always,FALSE,797358.9192429981,5828996.670301022,-9.046666667
berlin_6d84de7c,28800,teleportedWalk,37,f,medium,always,FALSE,799916.2136,5827988.022439843,-22.62333333
berlin_6da2f87c,28800,teleportedWalk,63,f,medium,always,FALSE,796864.2134328958,5829809.481299637,-8.393333333
berlin_6daaaf07,28800,teleportedWalk,61,f,high,always,FALSE,794497.6381772163,5830772.6386775235,-12.00333333
berlin_6dab705d,28800,teleportedWalk,24,m,high,always,FALSE,796118.2067782991,5826045.965642319,-14.35333333
berlin_6dae107c,28800,teleportedWalk,62,f,low,always,FALSE,796952.4391,5831667.254981518,-16.58
berlin_6dbacfcf,28800,teleportedWalk,71,m,high,always,FALSE,798848.8221246556,5828662.969776874,-16.72
berlin_6dc3ac35,28800,teleportedWalk,40,f,high,always,FALSE,795597.8360635345,5826571.945148628,-11.39666667
berlin_6dce05ce,28800,teleportedWalk,28,m,low,always,FALSE,797214.2195733101,5831184.767344718,-15.03
berlin_6dd7661f,28800,teleportedWalk,33,m,very_high,always,FALSE,795570.1846037677,5825983.961973766,-14.45666667
berlin_6ddef36c,28800,teleportedWalk,63,f,medium,always,TRUE,795837.3975169858,5831617.072288892,-14.87333333
berlin_6de1bcaf,28800,teleportedWalk,27,m,medium,always,TRUE,793718.6866580006,5828528.980407176,-10.03666667
berlin_6e159574,28800,teleportedWalk,21,f,medium,always,FALSE,795654.5815,5828088.411896009,-3.51
berlin_6e29aaac,28800,teleportedWalk,25,f,high,always,FALSE,798294.6418386924,5830962.822920444,-17.94666667
berlin_6e2f9880,28800,teleportedWalk,52,f,medium,always,FALSE,795540.7407,5829448.933,-3.593333333
berlin_6e3b0959,28800,teleportedWalk,30,f,medium,always,FALSE,795247.2578918727,5826094.214053725,-14.02666667
berlin_6e641ee7,28800,teleportedWalk,74,m,low,always,FALSE,797046.6280752828,5828418.126769877,-7.556666667
berlin_6e73a78c,28800,teleportedWalk,62,f,low,always,FALSE,796945.5613707476,5830808.7567635765,-12.63
berlin_6e75ae8f,28800,teleportedWalk,11,m,very_high,never,TRUE,796637.9646668738,5825918.515184909,-15.68666667
berlin_6e946b57,28800,teleportedWalk,46,f,high,always,FALSE,794730.5625265008,5828706.775960468,-4.71
berlin_6ea7bacd,28800,teleportedWalk,42,f,medium,always,FALSE,796237.9183275356,5830795.149711463,-11.01666667
berlin_6eae2b24,28800,teleportedWalk,23,f,medium,always,FALSE,796934.4935343105,5832687.844735324,-21.49333333
berlin_6eaeb7d5,28800,teleportedWalk,34,f,medium,always,FALSE,794156.8306500063,5829087.192280644,-7.863333333
berlin_6ed60ff9,28800,teleportedWalk,64,f,low,always,FALSE,797497.2881550677,5828241.788271945,-10.05666667
berlin_6ee4cba0,28800,teleportedWalk,35,m,high,always,FALSE,794392.2620288691,5832419.055598955,-20.07333333
berlin_6f060b95,28800,teleportedWalk,24,f,medium,always,FALSE,795622.2055485551,5829202.657290052,-2.28
berlin_6f2db69f,28800,teleportedWalk,31,m,low,always,FALSE,793657.1790463311,5828809.266272356,-10.28333333
berlin_6f4f63ef,28800,teleportedWalk,30,f,medium,always,FALSE,795883.2086593399,5831709.580227044,-15.37
berlin_6f569d0b,28800,teleportedWalk,35,f,medium,always,FALSE,793357.6796951743,5828892.242,-11.85666667
berlin_6f639b77,28800,teleportedWalk,41,m,high,always,FALSE,795584.2207211106,5827855.495322044,-4.73
berlin_6f6a4def,28800,teleportedWalk,40,f,high,always,FALSE,795110.2481944542,5830170.307178236,-7.803333333
berlin_6f9005a5,28800,teleportedWalk,38,f,medium,always,FALSE,795606.8938066832,5827574.397900405,-6.183333333
berlin_6f98ef85,28800,teleportedWalk,32,f,high,always,FALSE,796898.3398243053,5832720.667227025,-21.59666667
berlin_6fa04d95,28800,teleportedWalk,60,f,low,always,FALSE,795064.8693141257,5828849.240646283,-2.993333333
berlin_6fbc836a,28800,teleportedWalk,42,m,very_high,always,FALSE,799044.5790683678,5828781.134485617,-17.73
berlin_6fbff8bd,28800,teleportedWalk,39,m,medium,always,FALSE,798249.9906457392,5830312.284,-15.80333333
berlin_6fd1bb6d,28800,teleportedWalk,26,f,high,always,FALSE,798089.5392,5828997.7557102395,-12.82333333
berlin_6fd81b08,28800,teleportedWalk,13,m,medium,never,FALSE,798844.4636194895,5828432.663785885,-16.77666667
berlin_6fda04e0,28800,teleportedWalk,21,m,very_low,always,FALSE,793765.7735592215,5828467.018129101,-9.836666667
berlin_70414c70,28800,teleportedWalk,51,m,high,always,FALSE,797093.6764314235,5828213.232053611,-8.106666667
berlin_70421e60,28800,teleportedWalk,24,f,high,always,FALSE,797735.7572080679,5829345.123402957,-11.33333333
berlin_706c377b,28800,teleportedWalk,20,f,very_low,always,FALSE,795298.7931992556,5832287.271446501,-18.40333333
berlin_7070a405,28800,teleportedWalk,75,m,low,always,FALSE,798750.6631625524,5827285.992060143,-17.93
berlin_707b2ae4,28800,teleportedWalk,7,m,high,never,FALSE,799716.0438,5827928.922992904,-21.66
berlin_707c94f3,28800,teleportedWalk,31,f,very_high,always,TRUE,798740.7555442022,5827295.080057503,-17.86333333
berlin_7082c592,28800,teleportedWalk,50,m,high,always,FALSE,800258.5070050268,5826870.808634309,-43.97
berlin_70909dea,28800,teleportedWalk,53,m,high,always,FALSE,794450.7441157704,5828878.102199129,-6.183333333
berlin_709b4e9f,28800,teleportedWalk,50,f,very_low,always,FALSE,793821.1895,5832185.284636986,-20.13333333
berlin_70b7f292,28800,teleportedWalk,74,m,low,always,FALSE,795312.1138,5830151.228527647,-7.406666667
berlin_70c1150c,28800,teleportedWalk,34,m,very_high,always,FALSE,798450.0562503913,5827202.152708724,-16.74
berlin_70c4fb23,28800,teleportedWalk,24,f,very_low,always,FALSE,795282.8329283348,5830903.526524941,-11.27333333
berlin_70dcc26b,28800,teleportedWalk,44,f,low,always,FALSE,793417.1983691512,5828815.005790248,-108.4633333
berlin_70e188a7,28800,teleportedWalk,53,f,low,always,FALSE,795041.7930855738,5829204.296166071,-3.84
berlin_70ec30d4,28800,teleportedWalk,23,f,medium,always,FALSE,798425.0835053468,5829651.608258646,-15.22666667
berlin_7110c83a,28800,teleportedWalk,38,f,high,always,FALSE,797332.7540326414,5829021.980068468,-8.93
berlin_7138737f,28800,teleportedWalk,61,m,medium,always,FALSE,795691.1434742493,5825838.460552467,-15.21333333
berlin_717244c4,28800,teleportedWalk,41,m,very_high,always,FALSE,798231.0132510588,5828620.908366027,-13.52
berlin_71887cc9,28800,teleportedWalk,62,m,medium,always,FALSE,794543.2760077566,5828682.668734733,-5.69
berlin_718c66ad,28800,teleportedWalk,44,m,medium,always,FALSE,794728.8425,5829300.865766379,-5.473333333
berlin_718eb2ca,28800,teleportedWalk,63,m,medium,always,FALSE,798343.5174379837,5829831.349964269,-15.14
berlin_7193436e,28800,teleportedWalk,75,m,medium,always,FALSE,799247.9505574558,5828624.0480723465,-18.8
berlin_719dcbfd,28800,teleportedWalk,47,f,very_high,always,FALSE,795798.4095430605,5830960.250930567,-11.45333333
berlin_71aff0a7,28800,teleportedWalk,64,m,medium,always,FALSE,794575.9789021765,5830797.590334362,-11.92
berlin_71b3cd20,28800,teleportedWalk,18,f,low,always,FALSE,794709.3030124347,5828384.144,-5.2
berlin_71c213d8,28800,teleportedWalk,69,m,medium,always,TRUE,795379.8924167181,5831463.8833449455,-14.1
berlin_71c348c4,28800,teleportedWalk,64,f,high,always,FALSE,800353.9434911982,5826650.523106097,-26.88666667
berlin_71d445fa,28800,teleportedWalk,47,m,very_high,always,FALSE,793792.7977942259,5831972.660943781,-19.23666667
berlin_71d70c82,28800,teleportedWalk,50,f,very_low,always,FALSE,796328.1811,5826012.267099795,-14.75333333
berlin_71f203c3,28800,teleportedWalk,23,f,low,always,FALSE,796242.3913456339,5830766.676256784,-10.88333333
berlin_7207e286,28800,teleportedWalk,30,m,medium,always,FALSE,794548.7945628772,5832312.3454656135,-19.29666667
berlin_721be545,28800,teleportedWalk,88,m,high,always,FALSE,797854.4915726313,5830495.895614785,-14.64
berlin_7223b840,28800,teleportedWalk,54,f,very_high,always,FALSE,794846.6479531475,5828483.856393439,-4.346666667
berlin_72265db7,28800,teleportedWalk,80,m,medium,always,FALSE,796239.9384963021,5831796.705496914,-16.08
berlin_722c5547,28800,teleportedWalk,4,m,medium,never,FALSE,797824.1688427555,5831893.3633266315,-19.86
berlin_723aa86e,28800,teleportedWalk,41,m,high,always,FALSE,796710.9829159519,5832929.458366381,-22.37
berlin_723ca525,28800,teleportedWalk,63,f,high,always,FALSE,798251.4596707106,5831028.2666348545,-17.99333333
berlin_72541bd6,28800,teleportedWalk,24,f,medium,always,FALSE,797529.4104171814,5829045.683845237,-9.96
berlin_72782802,28800,teleportedWalk,64,f,medium,always,FALSE,795183.2219,5828801.454,-2.353333333
berlin_727f491b,28800,teleportedWalk,40,f,medium,always,FALSE,795536.3525410807,5831448.755,-13.97
berlin_7294168f,28800,teleportedWalk,58,f,high,always,FALSE,797279.7891009699,5829295.424972491,-8.99
berlin_729bbcbe,28800,teleportedWalk,23,m,very_low,always,TRUE,795521.5018061663,5827980.407088713,-4.113333333
berlin_72c0a62a,28800,teleportedWalk,48,m,very_high,always,FALSE,793885.3643,5828157.193027433,-9.626666667
berlin_72d531c6,28800,teleportedWalk,53,f,high,always,FALSE,794416.5015085505,5828319.243659669,-6.74
berlin_72e0d94e,28800,teleportedWalk,57,f,low,always,FALSE,798380.4154825407,5829985.149113281,-15.62666667
berlin_730c6baf,28800,teleportedWalk,19,f,very_low,always,FALSE,795267.5400718183,5830225.192197839,-7.833333333
berlin_734b231f,28800,teleportedWalk,23,m,high,always,FALSE,795051.1762376539,5831077.899316967,-12.41
berlin_734e1dc2,28800,teleportedWalk,46,f,medium,always,FALSE,797550.7822750926,5830183.414907377,-12.4
berlin_735c544b,28800,teleportedWalk,41,f,very_high,always,FALSE,796360.5194882625,5831051.469376607,-12.48
berlin_735d0d98,28800,teleportedWalk,27,f,very_low,always,FALSE,799353.0616372172,5827057.524107941,-21.27333333
berlin_73813377,28800,teleportedWalk,89,m,medium,always,TRUE,799300.7220576222,5826806.796822007,-21.60666667
berlin_739b6b15,28800,teleportedWalk,35,f,medium,always,FALSE,797242.4706,5827288.340728754,-11.34666667
berlin_739cb0cc,28800,teleportedWalk,29,m,high,always,FALSE,793554.5971500622,5828644.245074267,-10.83333333
berlin_73a7e694,28800,teleportedWalk,16,m,low,never,FALSE,799992.4533803463,5826697.702349848,-25.07666667
berlin_73b495e6,28800,teleportedWalk,71,m,medium,always,FALSE,799611.5136081369,5827174.291330947,-22.27
berlin_73e97672,28800,teleportedWalk,18,f,low,always,FALSE,795731.6542294391,5830122.122598353,-7.08
berlin_73eb9f5c,28800,teleportedWalk,24,m,low,always,FALSE,795283.5549211431,5832163.9470881075,-17.77333333
berlin_73ff7049,28800,teleportedWalk,26,m,medium,always,FALSE,799573.4330781142,5827343.428,-21.77
berlin_74150fe5,28800,teleportedWalk,45,f,very_low,always,FALSE,797369.1862496613,5831550.075349039,-17.06666667
berlin_7433bd3b,28800,teleportedWalk,26,f,very_low,always,FALSE,795148.9923681152,5830760.471710803,-10.68333333
berlin_74425bd9,28800,teleportedWalk,31,f,medium,always,FALSE,796550.3853,5831736.161553887,-16.17333333
berlin_744d4c75,28800,teleportedWalk,38,m,high,always,FALSE,795277.7204860331,5825961.622276859,-14.68666667
berlin_7478501c,28800,teleportedWalk,36,f,medium,always,FALSE,794152.0571398896,5827948.092310231,-8.796666667
berlin_748ea0ff,28800,teleportedWalk,13,m,medium,never,FALSE,797478.8019757956,5828972.974780279,-9.65
berlin_74971795,28800,teleportedWalk,40,f,medium,always,FALSE,796584.6351955167,5832188.608924235,-18.48
berlin_7497d472,28800,teleportedWalk,18,f,very_low,always,FALSE,800384.2288,5826654.242,-27.02333333
berlin_749c18c7,28800,teleportedWalk,37,m,medium,always,FALSE,797962.7731430666,5830279.079541077,-14.44333333
berlin_749feb75,28800,teleportedWalk,52,m,low,always,FALSE,795236.4272690732,5828583.305858749,-2.273333333
berlin_74ac4cad,28800,teleportedWalk,47,f,high,always,TRUE,792749.9368,5828577.027134623,-15.03
berlin_74c0621d,28800,teleportedWalk,12,m,high,never,FALSE,798104.0646885893,5830943.288279429,-17.12666667
berlin_74d6d788,28800,teleportedWalk,43,m,high,always,FALSE,796249.5616776434,5829231.085508445,-4.013333333
berlin_74e399e8,28800,teleportedWalk,4,m,medium,never,FALSE,794184.4603497663,5828185.113905372,-8.116666667
berlin_74ec5b7d,28800,teleportedWalk,17,m,high,never,FALSE,794563.8104967166,5831110.395459928,-13.41
berlin_74f35779,28800,teleportedWalk,71,m,medium,always,FALSE,795730.7357398248,5829308.627667909,-2.876666667
berlin_7551f4f6,28800,teleportedWalk,41,m,high,always,FALSE,795916.0080262788,5829034.353284602,-2.026666667
berlin_75560fa4,28800,teleportedWalk,43,m,high,always,FALSE,795206.8823894449,5831133.728277794,-12.52
berlin_75572b78,28800,teleportedWalk,46,m,high,always,FALSE,795457.6238,5829940.695223421,-6.186666667
berlin_756fa345,28800,teleportedWalk,29,f,low,always,FALSE,797156.6139,5829162.931415265,-8.18
berlin_757f7c80,28800,teleportedWalk,78,m,medium,always,FALSE,795777.2546160866,5825909.404078736,-14.86
berlin_75b1561f,28800,teleportedWalk,45,f,high,always,FALSE,795451.2264912433,5831252.319652561,-12.97333333
berlin_75b9c85c,28800,teleportedWalk,27,f,medium,always,FALSE,796956.5696814557,5831700.955773387,-16.74666667
berlin_75bc7c22,28800,teleportedWalk,64,m,low,always,FALSE,798447.7930533998,5829474.844947595,-15.08666667
berlin_75cb7f42,28800,teleportedWalk,54,m,high,always,FALSE,796240.7076603924,5831295.744359241,-13.53666667
berlin_75e011d8,28800,teleportedWalk,27,f,medium,always,FALSE,796163.7603653935,5831753.753430065,-15.78666667
berlin_75f49a5f,28800,teleportedWalk,28,f,medium,always,FALSE,798784.403,5829548.012147193,-16.87666667
berlin_760f8079,28800,teleportedWalk,69,m,medium,always,FALSE,796921.7055013602,5832035.610278464,-18.28
berlin_7618b472,28800,teleportedWalk,39,f,very_low,always,FALSE,796595.9154324357,5831577.023321699,-15.45666667
berlin_7623855f,28800,teleportedWalk,31,f,medium,always,FALSE,797801.4954043403,5829152.693266962,-11.44666667
berlin_763a7ed3,28800,teleportedWalk,45,f,medium,always,FALSE,795876.6113571064,5830553.772997463,-9.39
berlin_764be80d,28800,teleportedWalk,46,f,high,always,FALSE,795302.2760866167,5828474.9568494465,-2.286666667
berlin_764d11ea,28800,teleportedWalk,64,f,medium,always,FALSE,797828.9161673712,5827220.710122918,-13.94666667
berlin_76537134,28800,teleportedWalk,82,m,low,always,FALSE,793757.9737145968,5832397.882848965,-21.26666667
berlin_765f7c8f,28800,teleportedWalk,37,m,high,always,FALSE,795750.0530585325,5830346.481312365,-8.25
berlin_7693c3b9,28800,teleportedWalk,99,m,low,always,TRUE,795501.2447307422,5826192.724864556,-13.38666667
berlin_76a80ec5,28800,teleportedWalk,51,f,low,always,FALSE,798970.6003904447,5827753.649349909,-18.12333333
berlin_76c01f6b,28800,teleportedWalk,18,m,medium,always,FALSE,799147.1955386748,5828509.211,-18.31
berlin_76e385da,28800,teleportedWalk,28,f,medium,always,FALSE,794514.6705,5828405.757202082,-6.113333333
berlin_7713b043,28800,teleportedWalk,75,m,medium,always,TRUE,795614.6150445906,5827970.088271242,-4.126666667
berlin_7714d79e,28800,teleportedWalk,77,m,high,always,FALSE,794761.6344,5828634.519150346,-4.586666667
berlin_77501dc9,28800,teleportedWalk,72,m,high,always,TRUE,794898.9979311738,5826076.856968883,-14.48333333
berlin_77555c14,28800,teleportedWalk,30,m,high,always,FALSE,798070.4553,5830754.759234633,-16.35666667
berlin_776aef7c,28800,teleportedWalk,32,f,medium,always,FALSE,799283.1304802904,5828580.123651674,-18.99333333
berlin_776def71,28800,teleportedWalk,93,m,medium,always,FALSE,794174.9861385914,5827820.478884506,-9.036666667
berlin_7785d3a8,28800,teleportedWalk,93,m,medium,always,FALSE,799584.1512357707,5827128.027177844,-22.22666667
berlin_77874777,28800,teleportedWalk,74,m,medium,always,FALSE,798838.5954615313,5826766.1890770085,-19.63333333
berlin_778ccdb9,28800,teleportedWalk,42,m,medium,always,FALSE,794918.9928090173,5829396.293232575,-4.966666667
berlin_7799e52c,28800,teleportedWalk,54,f,very_high,always,FALSE,794784.5017318797,5830636.1240271805,-10.69
berlin_77a9945b,28800,teleportedWalk,78,m,medium,always,FALSE,796199.9624615483,5826033.453148288,-14.49666667
berlin_77b0fbff,28800,teleportedWalk,51,f,medium,always,FALSE,797985.0017097192,5826744.125992073,-16.11333333
berlin_77c4887a,28800,teleportedWalk,55,f,low,always,FALSE,797607.1824084995,5831807.864632284,-18.86
berlin_77c52e37,28800,teleportedWalk,57,m,high,always,FALSE,793346.1023577228,5828718.807219611,-11.9
berlin_77db7459,28800,teleportedWalk,59,f,high,always,FALSE,796778.5309197706,5830731.262664131,-11.83333333
berlin_77f9cc95,28800,teleportedWalk,15,m,medium,never,FALSE,797661.9577767983,5828897.763589971,-10.56333333
berlin_780e971d,28800,teleportedWalk,24,f,low,always,FALSE,796514.7724,5831657.580666963,-15.72666667
berlin_783767e4,28800,teleportedWalk,51,m,high,always,FALSE,799143.5306753507,5828361.687055582,-18.36333333
berlin_7845b49f,28800,teleportedWalk,57,f,high,always,FALSE,793663.4603251647,5832065.337237194,-19.99333333
berlin_7846960b,28800,teleportedWalk,56,m,medium,always,FALSE,794187.6710125662,5831344.804478653,-15.38666667
berlin_7847870b,28800,teleportedWalk,28,m,high,always,FALSE,794176.9791257547,5828604.701579338,-7.623333333
berlin_784b75ac,28800,teleportedWalk,20,f,medium,always,FALSE,798016.2553483841,5830888.0266735945,-16.59333333
berlin_786bc4f3,28800,teleportedWalk,41,m,medium,always,FALSE,795718.6234956764,5830249.156836508,-7.733333333
berlin_786c05ad,28800,teleportedWalk,63,m,high,always,TRUE,793150.4863216894,5828542.095285522,-12.96666667
berlin_78717925,28800,teleportedWalk,26,m,low,always,FALSE,793477.4028666358,5828830.399014838,-11.22
berlin_78887b10,28800,teleportedWalk,39,f,high,always,FALSE,799917.2691932446,5827997.893601825,-22.62
berlin_788986a1,28800,teleportedWalk,58,m,low,always,FALSE,795627.3095218835,5831086.159311722,-12.07333333
berlin_78a640a3,28800,teleportedWalk,54,m,low,always,FALSE,798813.2925268323,5829568.108194887,-17.05
berlin_78c3a359,28800,teleportedWalk,53,m,low,always,FALSE,796584.3705,5832027.841894919,-17.67666667
berlin_78d532c1,28800,teleportedWalk,26,f,low,always,FALSE,796039.6355649543,5832132.126573883,-17.64
berlin_78d8836a,28800,teleportedWalk,54,f,high,always,FALSE,794977.6224521773,5830210.384331097,-8.26
berlin_78e24ebd,28800,teleportedWalk,62,m,high,always,FALSE,796729.7501670024,5830388.219324747,-10.18666667
berlin_78e34980,28800,teleportedWalk,93,m,medium,always,TRUE,796821.0987247252,5832641.798323035,-21.08666667
berlin_78fa7e7d,28800,teleportedWalk,83,m,medium,always,FALSE,797148.2324939704,5830200.670078964,-10.85
berlin_79272716,28800,teleportedWalk,62,m,low,always,FALSE,798387.4603040505,5829797.015800187,-15.28666667
berlin_792f8f0a,28800,teleportedWalk,96,m,medium,always,TRUE,794218.4756650042,5831592.230773623,-16.44666667
berlin_793ecc7d,28800,teleportedWalk,24,f,medium,always,FALSE,798940.0320097399,5826678.076457711,-20.32333333
berlin_794544c7,28800,teleportedWalk,62,m,very_high,always,FALSE,800284.8257064864,5826942.016582699,-25.97
berlin_794597ab,28800,teleportedWalk,43,m,medium,always,FALSE,794346.1017236616,5830912.811643095,-13.02666667
berlin_7948e862,28800,teleportedWalk,57,f,high,always,FALSE,798200.5822,5830818.681312741,-17.09333333
berlin_7952bf19,28800,teleportedWalk,43,f,medium,always,FALSE,798125.3999649141,5829722.880666879,-13.87666667
berlin_7956ee16,28800,teleportedWalk,60,m,low,always,TRUE,797268.1003024633,5832114.703980928,-19.38333333
berlin_79620f23,28800,teleportedWalk,35,m,low,always,FALSE,796988.2156631332,5828125.115,-7.78
berlin_796267b5,28800,teleportedWalk,24,f,medium,always,FALSE,796781.8078456747,5831787.387475209,-16.81333333
berlin_799b1825,28800,teleportedWalk,59,f,medium,always,FALSE,797519.1834528118,5831663.937076873,-17.98333333
berlin_79adf1e1,28800,teleportedWalk,52,f,medium,always,FALSE,797615.6966931382,5829098.616896983,-10.44666667
berlin_79bbdf55,28800,teleportedWalk,26,f,high,always,FALSE,798799.7011710138,5826704.149239638,-19.63333333
berlin_79c91f0a,28800,teleportedWalk,41,m,high,always,FALSE,796046.2759988757,5831414.042737178,-13.94666667
berlin_79cbc9c0,28800,teleportedWalk,35,f,medium,always,FALSE,800189.322,5826812.822894165,-25.76333333
berlin_79d242d3,28800,teleportedWalk,53,f,high,always,FALSE,798542.2356860742,5828408.890712794,-15.23
berlin_79dfd261,28800,teleportedWalk,50,m,very_low,always,FALSE,796233.6825624483,5830859.088221014,-11.33
berlin_79ed2174,28800,teleportedWalk,4,m,very_high,never,FALSE,797346.5894665895,5828245.730897371,-9.3
berlin_79f2ed88,28800,teleportedWalk,38,m,high,always,FALSE,796316.1205229507,5831589.772832894,-15.11333333
berlin_79f5d7d9,28800,teleportedWalk,43,f,very_low,always,FALSE,796121.3271560413,5825902.918740165,-15.09
berlin_79f5f766,28800,teleportedWalk,40,m,high,always,FALSE,795586.8880643422,5831192.228015856,-12.63
berlin_7a03a3cf,28800,teleportedWalk,11,m,low,never,FALSE,795787.7710728699,5826115.406978284,-13.79333333
berlin_7a0edade,28800,teleportedWalk,44,m,high,always,FALSE,794094.9697120811,5828426.981678862,-8.193333333
berlin_7a19dfd0,28800,teleportedWalk,11,m,low,never,FALSE,794862.5522210373,5830695.883536202,-10.81666667
berlin_7a2b4b93,28800,teleportedWalk,39,f,medium,always,FALSE,794610.5472936342,5831061.451418329,-13.08
berlin_7a38e76c,28800,teleportedWalk,44,m,high,always,FALSE,795654.0375069128,5831330.215792358,-13.34333333
berlin_7a3ab13c,28800,teleportedWalk,40,f,low,always,FALSE,795041.0895939639,5832428.765170317,-19.30333333
berlin_7a5176e0,28800,teleportedWalk,14,m,medium,never,FALSE,798358.2633983523,5830307.750408925,-16.28
berlin_7a5861c3,28800,teleportedWalk,57,m,medium,always,FALSE,793030.4460397589,5828559.067446515,-13.58333333
berlin_7a5ed859,28800,teleportedWalk,58,m,medium,always,FALSE,795186.5946213965,5827954.424,-4.81
berlin_7a771065,28800,teleportedWalk,72,m,medium,always,FALSE,798729.0099,5826770.0847895015,-19.14
berlin_7a7ad5e4,28800,teleportedWalk,59,m,high,always,FALSE,794715.9320587192,5829339.231748204,-5.636666667
berlin_7a89b138,28800,teleportedWalk,55,f,high,always,FALSE,795839.3853536511,5830570.315542233,-9.453333333
berlin_7a9c256c,28800,teleportedWalk,64,m,very_high,always,FALSE,796785.3179033485,5832681.712867588,-21.23333333
berlin_7aba6f18,28800,teleportedWalk,94,m,medium,always,TRUE,799793.5204377323,5827705.053512905,-22.31333333
berlin_7ac58133,28800,teleportedWalk,53,m,high,always,FALSE,795912.2239,5828822.723250575,-1.473333333
berlin_7ac8d343,28800,teleportedWalk,40,f,high,always,FALSE,795684.6674078008,5831283.885663841,-13.10666667
berlin_7acc4021,28800,teleportedWalk,58,m,high,always,FALSE,797550.4612571602,5828597.181086869,-9.996666667
berlin_7ad617ec,28800,teleportedWalk,82,m,low,always,TRUE,799286.6106917713,5827062.081135486,-20.95
berlin_7adad8e0,28800,teleportedWalk,12,m,high,never,FALSE,798533.2932008115,5828715.749210089,-15.07333333
berlin_7adb3ac7,28800,teleportedWalk,56,m,medium,always,FALSE,798504.1319119453,5829131.288248499,-15.04
berlin_7af285e2,28800,teleportedWalk,57,m,medium,always,FALSE,798268.0493966616,5830832.050112042,-17.41
berlin_7b2d79e9,28800,teleportedWalk,22,f,high,always,FALSE,797775.4665544871,5830764.296379236,-15.23333333
berlin_7b4311b8,28800,teleportedWalk,37,f,low,always,FALSE,795954.3615695946,5831280.950084793,-13.19333333
berlin_7b6690ec,28800,teleportedWalk,67,m,medium,always,FALSE,794540.632,5827381.886603735,-9.163333333
berlin_7b6729e0,28800,teleportedWalk,53,m,very_low,always,TRUE,795366.2450767665,5828461.345681775,-2.1
berlin_7b722ea9,28800,teleportedWalk,64,f,low,always,TRUE,793629.2008754786,5828592.2,-10.46333333
berlin_7b75131b,28800,teleportedWalk,62,f,low,always,FALSE,797116.7449254348,5829426.870925669,-8.44
berlin_7b788cad,28800,teleportedWalk,46,m,medium,always,FALSE,794017.4616325933,5828894.536690497,-8.436666667
berlin_7b79dd64,28800,teleportedWalk,50,m,very_high,always,FALSE,797018.1470534016,5831157.562453398,-14.37666667
berlin_7b81eb59,28800,teleportedWalk,67,m,medium,always,FALSE,799386.3818921266,5826895.966357971,-21.79
berlin_7b89cb7d,28800,teleportedWalk,29,f,very_low,always,FALSE,794768.6127970556,5831604.684412985,-15.44333333
berlin_7b8e42b6,28800,teleportedWalk,46,m,high,always,FALSE,798508.0299512814,5829437.107843386,-15.34333333
berlin_7b96c1d3,28800,teleportedWalk,26,m,medium,always,FALSE,798300.1996471283,5829567.434,-14.47666667
berlin_7bb434bc,28800,teleportedWalk,44,f,medium,always,FALSE,798058.5510558051,5830489.3637826005,-15.47
berlin_7bc21ef9,28800,teleportedWalk,47,f,high,always,FALSE,794651.7521,5828992.080612973,-5.246666667
berlin_7bcbca96,28800,teleportedWalk,19,m,very_low,always,FALSE,797740.1235926306,5831721.893,-18.88
berlin_7bf1e783,28800,teleportedWalk,9,m,very_low,never,FALSE,795621.1017728893,5828243.07,-2.706666667
berlin_7c1e8998,28800,teleportedWalk,28,f,very_low,always,FALSE,799596.7530510959,5827161.460130387,-22.22333333
berlin_7c1eddd7,28800,teleportedWalk,41,f,low,always,FALSE,797396.1231743478,5832745.152137954,-22.63666667
berlin_7c46db34,28800,teleportedWalk,2,m,medium,never,FALSE,797680.7529975146,5827016.801989408,-13.99
berlin_7c54f5c5,28800,teleportedWalk,1,m,high,never,FALSE,797204.0953035465,5830122.985555647,-10.79333333
berlin_7c5c5675,28800,teleportedWalk,96,m,medium,always,FALSE,798866.2113,5828144.609731494,-17.10666667
berlin_7c7266de,28800,teleportedWalk,47,f,very_low,always,FALSE,797025.5287624071,5831451.756430319,-15.73666667
berlin_7c7de46d,28800,teleportedWalk,93,m,high,always,FALSE,797318.9050197161,5829895.435310449,-10.55
berlin_7c81e98e,28800,teleportedWalk,18,f,very_low,always,FALSE,800344.5899116301,5826608.963568217,-26.93
berlin_7c8d3981,28800,teleportedWalk,59,f,high,always,FALSE,796846.2739638815,5832015.258936748,-18.04333333
berlin_7c9eaa3f,28800,teleportedWalk,58,f,medium,always,FALSE,799471.5989532325,5828710.547881119,-19.95333333
berlin_7ca569cb,28800,teleportedWalk,76,m,low,always,TRUE,795301.7274911202,5830242.686215315,-7.88
berlin_7ca9d1ce,28800,teleportedWalk,52,f,high,always,FALSE,796337.4012720166,5826191.516517749,-13.86333333
berlin_7cab3631,28800,teleportedWalk,39,m,medium,always,FALSE,798008.5988621423,5827444.25,-14.12
berlin_7cc379dd,28800,teleportedWalk,40,m,high,always,FALSE,796136.2182324077,5829641.938073387,-5.256666667
berlin_7cd8523d,28800,teleportedWalk,52,f,high,always,FALSE,798112.1594053633,5828659.605911049,-12.89333333
berlin_7d06a364,28800,teleportedWalk,20,f,high,always,TRUE,796273.2526964671,5832086.069134399,-17.59
berlin_7d352a41,28800,teleportedWalk,19,m,high,always,FALSE,796343.5886229505,5826248.890939856,-13.58666667
berlin_7d536f74,28800,teleportedWalk,31,m,high,always,FALSE,798876.5685552564,5828147.843375494,-17.15666667
berlin_7d548703,28800,teleportedWalk,43,m,medium,always,FALSE,793962.4962947201,5828133.5,-9.29
berlin_7d6a8177,28800,teleportedWalk,53,f,high,always,FALSE,794500.7942,5828409.923881846,-6.173333333
berlin_7d6e7e5d,28800,teleportedWalk,50,f,medium,always,FALSE,798825.7115097218,5829699.517724391,-17.29
berlin_7d6f21da,28800,teleportedWalk,18,m,low,always,FALSE,796691.9981639801,5830285.284562628,-9.633333333
berlin_7da4ff89,28800,teleportedWalk,70,m,medium,always,FALSE,799566.0115051568,5826503.036279094,-23.58
berlin_7db303e1,28800,teleportedWalk,12,m,medium,never,FALSE,796243.4661577793,5832244.179210283,-18.37
berlin_7db882c2,28800,teleportedWalk,6,m,low,never,FALSE,797850.1937259189,5829344.115897949,-11.90666667
berlin_7dba9a18,28800,teleportedWalk,39,f,very_high,always,FALSE,795158.1116236087,5830266.881797209,-8.196666667
berlin_7dc4a2ac,28800,teleportedWalk,48,m,very_high,always,FALSE,792754.2991647972,5828310.672179814,-15.16
berlin_7dc8e3e7,28800,teleportedWalk,51,f,high,always,FALSE,793738.5285,5828014.828715397,-10.6
berlin_7dd53391,28800,teleportedWalk,63,f,very_low,always,FALSE,794645.7104097102,5827876.974603311,-6.906666667
berlin_7deb5d98,28800,teleportedWalk,4,m,high,never,FALSE,798691.9800102646,5829122.116551491,-16.00666667
berlin_7df706d1,28800,teleportedWalk,15,m,very_low,never,FALSE,797825.1945650671,5830546.476327333,-14.68333333
berlin_7e04ae52,28800,teleportedWalk,83,m,medium,always,FALSE,794593.6883,5830808.1664861115,-11.92666667
berlin_7e0fe729,28800,teleportedWalk,99,m,medium,always,TRUE,798180.1446564945,5829883.209312826,-14.46
berlin_7e2340bc,28800,teleportedWalk,59,f,medium,always,FALSE,794258.6742012799,5827879.490259517,-8.503333333
berlin_7e2ad75d,28800,teleportedWalk,8,m,high,never,FALSE,794648.5266228118,5828967.154180388,-5.233333333
berlin_7e3d505c,28800,teleportedWalk,34,f,low,always,FALSE,796306.7627789613,5831352.898007552,-13.90666667
berlin_7e3eb963,28800,teleportedWalk,46,m,very_high,always,FALSE,800126.2604569828,5826533.929936178,-26.07333333
berlin_7e40d23a,28800,teleportedWalk,46,f,medium,always,FALSE,794919.6378803719,5830179.677505719,-8.246666667
berlin_7e427ddc,28800,teleportedWalk,44,f,medium,always,FALSE,796555.3480890875,5829428.015401448,-5.903333333
berlin_7e4fda6b,28800,teleportedWalk,30,f,very_high,always,FALSE,794091.4830839967,5831568.967,-16.64666667
berlin_7e6e9642,28800,teleportedWalk,1,m,low,never,FALSE,798680.7080764225,5829046.226991305,-15.90666667
berlin_7e8d1b73,28800,teleportedWalk,3,m,medium,never,FALSE,794641.9672,5829351.426485518,-5.996666667
berlin_7e903870,28800,teleportedWalk,26,f,high,always,FALSE,793392.9908753843,5828635.847457151,-11.67333333
berlin_7e9cd445,28800,teleportedWalk,79,m,medium,always,FALSE,799779.9629585517,5828054.781928432,-21.86666667
berlin_7ec12e79,28800,teleportedWalk,7,m,very_high,never,FALSE,798727.7453109896,5828545.274502952,-16.12333333
berlin_7ece4716,28800,teleportedWalk,43,f,medium,always,FALSE,797939.6314539097,5829777.363,-13.09333333
berlin_7ef9bd3d,28800,teleportedWalk,36,f,medium,always,FALSE,794171.2429907485,5828423.596,-7.81
berlin_7f24fb97,28800,teleportedWalk,1,m,high,never,FALSE,796258.5453450656,5831099.264205316,-12.57
berlin_7f3576e8,28800,teleportedWalk,49,f,medium,always,FALSE,793515.2205931122,5832255.096822699,-21.23666667
berlin_7f3a0eae,28800,teleportedWalk,39,m,high,always,FALSE,794041.9090787948,5828529.043162086,-8.37
berlin_7f413d85,28800,teleportedWalk,57,m,medium,always,FALSE,794737.5782230729,5829070.8670045985,-4.93
berlin_7f4e3b29,28800,teleportedWalk,33,f,very_high,always,FALSE,795107.0193760307,5830781.067720253,-10.84
berlin_7f588514,28800,teleportedWalk,14,m,very_low,never,FALSE,796552.8129698464,5832277.296031297,-18.88333333
berlin_7f6c2520,28800,teleportedWalk,69,m,medium,always,FALSE,795399.5403679819,5830641.890030376,-9.84
berlin_7f8fb5ad,28800,teleportedWalk,12,m,high,never,FALSE,798610.6930674657,5828520.171037335,-15.52666667
berlin_7f99dfb1,28800,teleportedWalk,57,m,high,always,FALSE,794681.1217377766,5828875.298389624,-4.99
berlin_7fc5ace8,28800,teleportedWalk,40,f,high,always,FALSE,795260.1853934895,5831327.921824926,-13.47333333
berlin_7fea52b4,28800,teleportedWalk,21,f,medium,always,FALSE,795630.0523,5830690.516122158,-10.01666667
berlin_7ffe3250,28800,teleportedWalk,63,f,medium,always,FALSE,795996.5005135235,5832021.018968549,-17.04
berlin_800c83c1,28800,teleportedWalk,91,m,very_low,always,FALSE,798702.0054562917,5830017.1501375735,-17.23
berlin_801b7783,28800,teleportedWalk,26,f,very_low,always,FALSE,796249.5889691443,5831481.2343127765,-14.48666667
berlin_802b64a5,28800,teleportedWalk,1,m,high,never,FALSE,798738.3510967807,5829286.76,-16.36666667
berlin_804622d3,28800,teleportedWalk,4,m,low,never,FALSE,795723.7796733716,5831796.687,-15.77666667
berlin_8050ad73,28800,teleportedWalk,18,m,medium,always,FALSE,795449.9069109408,5830109.171343829,-7.06
berlin_8085d53f,28800,teleportedWalk,58,f,very_low,always,FALSE,796978.5831073752,5832005.761017329,-18.24666667
berlin_809990f4,28800,teleportedWalk,2,m,very_low,never,FALSE,795480.5858061945,5830420.9208286125,-8.653333333
berlin_80ab7ef0,28800,teleportedWalk,36,m,medium,always,FALSE,796700.2721,5832484.687746156,-20.12666667
berlin_80b0bd67,28800,teleportedWalk,3,m,very_low,never,FALSE,793734.2643,5828028.393922998,-10.59333333
berlin_80b7eda3,28800,teleportedWalk,35,f,low,always,FALSE,793460.6992943219,5828228.614560053,-11.64
berlin_80c36799,28800,teleportedWalk,39,f,low,always,FALSE,795634.1896,5831041.585401967,-11.84333333
berlin_80d0384a,28800,teleportedWalk,38,m,high,always,FALSE,795923.5801177401,5830462.773188238,-8.96
berlin_80d6c7d7,28800,teleportedWalk,39,f,high,always,FALSE,796602.2202,5825980.933315368,-15.32
berlin_80dec3a7,28800,teleportedWalk,52,f,medium,always,FALSE,796380.3218383112,5830919.243650279,-11.86
berlin_810930ed,28800,teleportedWalk,57,m,very_high,always,FALSE,794560.0507837278,5830854.797861198,-12.22333333
berlin_81157cf6,28800,teleportedWalk,24,m,medium,always,FALSE,794494.5482700316,5830711.7565425895,-11.73666667
berlin_811ad416,28800,teleportedWalk,34,f,low,always,FALSE,794131.4501194898,5832080.636,-18.93333333
berlin_81437367,28800,teleportedWalk,48,f,medium,always,FALSE,794500.8725018483,5832268.656200442,-19.15333333
berlin_81501663,28800,teleportedWalk,22,f,low,always,FALSE,797868.0996884377,5828570.029800528,-11.65666667
berlin_815d23a1,28800,teleportedWalk,23,m,low,always,FALSE,793777.5991086257,5828466.487149782,-9.776666667
berlin_81749a7d,28800,teleportedWalk,83,m,very_low,always,FALSE,795530.7628819249,5831613.250817811,-14.82666667
berlin_819172f9,28800,teleportedWalk,42,f,medium,always,FALSE,795103.6579405426,5828467.131,-3.16
berlin_819d06f5,28800,teleportedWalk,82,m,medium,always,FALSE,799166.2220865658,5828501.948101355,-18.41333333
berlin_81b6e9c6,28800,teleportedWalk,3,m,medium,never,FALSE,793395.6482130641,5828266.672030613,-11.92333333
berlin_81bc8dc1,28800,teleportedWalk,19,m,medium,always,FALSE,800077.2805972986,5826707.433,-25.45333333
berlin_81cd363d,28800,teleportedWalk,25,f,medium,always,FALSE,793975.1567,5828690.5372180315,-8.636666667
berlin_81dedb7d,28800,teleportedWalk,38,f,high,always,FALSE,799594.4162307172,5826628.526,-23.39333333
berlin_81fcd355,28800,teleportedWalk,15,m,medium,always,FALSE,795959.4728927917,5828619.525070834,-1.846666667
berlin_821c191c,28800,teleportedWalk,21,f,medium,always,TRUE,799893.9322643012,5827782.205230332,-22.72666667
berlin_8224670e,28800,teleportedWalk,26,f,medium,always,FALSE,796087.0225886711,5831374.672712056,-13.77666667
berlin_825ecacc,28800,teleportedWalk,59,f,medium,always,FALSE,795228.9132950401,5828785.043616446,-2.11
berlin_8261adb9,28800,teleportedWalk,45,m,medium,always,FALSE,795247.1831557665,5830292.034700253,-8.196666667
berlin_82653669,28800,teleportedWalk,12,m,high,never,FALSE,795798.7813668478,5831801.825368869,-15.82
berlin_826f1d4d,28800,teleportedWalk,60,f,medium,always,TRUE,794590.7289565874,5827638.251264296,-7.98
berlin_827238ef,28800,teleportedWalk,28,f,medium,always,FALSE,794826.3108744472,5826159.788639147,-14.17666667
berlin_82861673,28800,teleportedWalk,52,f,high,always,FALSE,798802.1504907866,5827309.607783862,-18.12333333
berlin_828d3610,28800,teleportedWalk,20,f,very_low,always,TRUE,796118.3620351234,5830919.510638297,-11.48666667
berlin_82b6321a,28800,teleportedWalk,26,m,medium,always,FALSE,795800.958,5830262.237815491,-7.84
berlin_82b8ee21,28800,teleportedWalk,41,f,very_high,always,FALSE,799053.4275310896,5828944.548851646,-17.8
berlin_82d1c448,28800,teleportedWalk,41,m,high,always,FALSE,797739.0403329732,5829318.388389091,-11.31333333
berlin_82dddc14,28800,teleportedWalk,11,m,high,never,FALSE,797380.4229404356,5829835.216533031,-10.65
berlin_82e4a61b,28800,teleportedWalk,19,f,very_low,always,FALSE,797853.7348878691,5830157.615642183,-13.62666667
berlin_82e8431d,28800,teleportedWalk,14,m,medium,never,FALSE,798047.9088663305,5830327.739617401,-14.95333333
berlin_82f0eb6f,28800,teleportedWalk,55,m,high,always,FALSE,796352.4378080567,5830436.393387703,-9.463333333
berlin_82fa24f8,28800,teleportedWalk,49,f,medium,always,FALSE,797454.5962141665,5831957.666174209,-19.11333333
berlin_8337692b,28800,teleportedWalk,36,f,high,always,FALSE,797258.0085669215,5831235.766104841,-15.37666667
berlin_833ab1f9,28800,teleportedWalk,60,m,very_low,always,FALSE,797367.1051470918,5829047.040742795,-9.126666667
berlin_83428382,28800,teleportedWalk,41,f,low,always,FALSE,796201.6281033857,5832077.284557541,-17.48
berlin_834bc3f1,28800,teleportedWalk,49,f,medium,always,FALSE,794891.1464896474,5830175.424150484,-8.293333333
berlin_83528caa,28800,teleportedWalk,33,f,very_low,always,FALSE,797052.9633546253,5832979.571358679,-23.12666667
berlin_835a788b,28800,teleportedWalk,24,f,high,always,FALSE,794973.0979272837,5830050.922,-7.523333333
berlin_835d120f,28800,teleportedWalk,40,m,very_low,always,FALSE,795066.4780002937,5830116.559476146,-7.626666667
berlin_8363e8b2,28800,teleportedWalk,28,f,medium,always,FALSE,793913.0411078236,5828145.3079111865,-9.51
berlin_83828f79,28800,teleportedWalk,13,m,low,never,FALSE,795069.6418330211,5831095.308187994,-12.47333333
berlin_83934b54,28800,teleportedWalk,15,m,medium,never,FALSE,797233.9840166344,5828996.391246919,-8.403333333
berlin_839c717d,28800,teleportedWalk,67,m,low,always,FALSE,793441.5409,5828865.535779099,-11.41333333
berlin_83b1daf7,28800,teleportedWalk,56,m,medium,always,FALSE,794168.506,5829116.177550758,-7.84
berlin_83b95f7d,28800,teleportedWalk,41,f,very_high,always,FALSE,798629.0997,5829286.281183122,-15.80333333
berlin_83bb39fa,28800,teleportedWalk,41,m,medium,always,FALSE,797979.0401772897,5830289.495470228,-14.54333333
berlin_83bcf9d4,28800,teleportedWalk,98,m,very_high,always,TRUE,799066.3583,5828855.087648736,-17.85
berlin_83d72858,28800,teleportedWalk,6,m,medium,never,FALSE,797270.6525181764,5828123.091617341,-9.133333333
berlin_83e6a543,28800,teleportedWalk,62,f,medium,always,FALSE,792326.1107338923,5831214.333906116,-21.40666667
berlin_83efe974,28800,teleportedWalk,71,m,medium,always,FALSE,794834.6021875674,5827808.429205331,-6.476666667
berlin_83f877ee,28800,teleportedWalk,55,f,medium,always,FALSE,795472.5545,5830715.924240357,-10.18333333
berlin_83fc7dee,28800,teleportedWalk,17,m,very_high,never,FALSE,797207.3747729564,5831515.270391077,-16.48
berlin_840466c8,28800,teleportedWalk,52,f,medium,always,FALSE,796999.9899620411,5826425.650211479,-14.07666667
berlin_8411b372,28800,teleportedWalk,36,f,low,always,FALSE,796861.8127945047,5831567.735188681,-15.91333333
berlin_8425aaac,28800,teleportedWalk,42,m,very_high,always,FALSE,796720.8447260007,5832660.637661172,-21.03333333
berlin_8434b2d5,28800,teleportedWalk,25,f,very_low,always,FALSE,797438.4925936777,5832313.653558708,-20.70333333
berlin_843de030,28800,teleportedWalk,19,m,very_low,always,FALSE,799205.8135685122,5826684.454,-21.48666667
berlin_84642862,28800,teleportedWalk,56,f,low,always,FALSE,797007.1592266029,5833049.585865186,-23.4
berlin_84874744,28800,teleportedWalk,43,f,low,always,FALSE,797678.0181626853,5828894.029947319,-10.64666667
berlin_848b057e,28800,teleportedWalk,52,f,medium,always,FALSE,799715.5162985107,5826605.189541293,-24.00333333
berlin_8497f941,28800,teleportedWalk,8,m,low,never,FALSE,794261.1005919984,5828915.778383012,-7.183333333
berlin_849e1494,28800,teleportedWalk,24,f,high,always,FALSE,794333.4457525235,5828217.939924044,-7.336666667
berlin_84a7ccaf,28800,teleportedWalk,1,m,medium,never,FALSE,796362.6275090897,5829383.868,-4.97
berlin_84b34c8a,28800,teleportedWalk,34,f,low,always,TRUE,796710.6903754307,5832631.125138743,-20.87333333
berlin_84b482a2,28800,teleportedWalk,33,m,low,always,FALSE,796449.5035079463,5830054.818,-7.936666667
berlin_84c5ac15,28800,teleportedWalk,72,m,high,always,FALSE,799689.1723445666,5828086.960666813,-21.37333333
berlin_84cdc0d5,28800,teleportedWalk,47,m,very_high,always,TRUE,798996.1930565892,5828663.671802181,-17.48666667
berlin_84fab084,28800,teleportedWalk,35,m,medium,always,FALSE,794765.6794,5831698.169151182,-15.91333333
berlin_850cc59b,28800,teleportedWalk,55,m,high,always,FALSE,797577.7497481708,5828876.7734550685,-10.12
berlin_8515eb67,28800,teleportedWalk,35,m,medium,always,FALSE,798302.8711069261,5830412.433669219,-16.30666667
berlin_852bb4f8,28800,teleportedWalk,45,f,very_low,always,FALSE,797393.8675724133,5832539.611700135,-21.66
berlin_852d0ac0,28800,teleportedWalk,38,f,high,always,FALSE,799705.3850558479,5828555.031274748,-21.19333333
berlin_8563ca7f,28800,teleportedWalk,26,f,low,always,FALSE,798524.9487125238,5828374.675688772,-15.16333333
berlin_85655ca6,28800,teleportedWalk,31,f,low,always,FALSE,794583.0862681752,5831432.621999041,-14.91333333
berlin_858baf9e,28800,teleportedWalk,48,m,medium,always,FALSE,793778.0711,5832129.280851246,-19.98666667
berlin_858d1930,28800,teleportedWalk,74,m,medium,always,TRUE,797655.3641255999,5831663.067854704,-18.37666667
berlin_85901343,28800,teleportedWalk,50,f,medium,always,FALSE,798599.4405,5830079.120710047,-16.86333333
berlin_85a16fd2,28800,teleportedWalk,20,f,very_low,always,FALSE,794881.9315341236,5831209.274334223,-13.30333333
berlin_85a3c69e,28800,teleportedWalk,23,f,very_low,always,FALSE,796737.1488152572,5831497.589,-15.32666667
berlin_85c137b1,28800,teleportedWalk,18,m,very_low,always,FALSE,794800.7389646266,5826032.019921505,-14.85
berlin_85cf2647,28800,teleportedWalk,40,f,high,always,FALSE,793528.0748189434,5828370.9046571795,-11.14
berlin_85f835ae,28800,teleportedWalk,28,f,high,always,FALSE,797005.0268091286,5831180.604502055,-14.44666667
berlin_8629d8fc,28800,teleportedWalk,20,f,very_low,always,FALSE,797862.6002451864,5830947.293323331,-16.22
berlin_8643e8b5,28800,teleportedWalk,61,f,high,always,FALSE,798221.0188,5828765.042946233,-13.44666667
berlin_8655ca87,28800,teleportedWalk,45,m,very_high,always,FALSE,794139.1974178806,5827332.533477385,-10.76333333
berlin_865d527e,28800,teleportedWalk,34,f,medium,always,FALSE,797108.3898346892,5829126.328824956,-7.89
berlin_866b46f5,28800,teleportedWalk,18,m,low,always,FALSE,793861.6937062775,5828586.648939333,-9.263333333
berlin_867bbf02,28800,teleportedWalk,2,m,medium,never,FALSE,794451.8438622754,5832294.609066353,-19.36
berlin_86a1ccf6,28800,teleportedWalk,99,m,medium,always,TRUE,799286.1318073901,5826771.671599494,-21.62666667
berlin_86a2bb2b,28800,teleportedWalk,18,f,high,always,FALSE,799159.4893440452,5828659.252728161,-18.33666667
berlin_86a3622a,28800,teleportedWalk,60,f,high,always,FALSE,798973.5221892158,5828843.964881347,-17.36666667
berlin_86aa0845,28800,teleportedWalk,18,m,very_high,always,FALSE,794317.1721457368,5828619.017901856,-59.20333333
berlin_86b074ea,28800,teleportedWalk,32,f,medium,always,FALSE,800247.8227652248,5826849.196808112,-25.97
berlin_86b798bc,28800,teleportedWalk,18,m,medium,always,FALSE,797259.4699333922,5832387.928,-20.65
berlin_86caab66,28800,teleportedWalk,19,f,medium,always,FALSE,796798.096,5830812.593368212,-12.25
berlin_8719a547,28800,teleportedWalk,33,f,very_high,always,FALSE,797896.0062306538,5830363.4590310985,-14.40333333
berlin_871a29ce,28800,teleportedWalk,60,m,medium,always,TRUE,796363.1047163836,5831154.425152083,-12.99333333
berlin_87241e75,28800,teleportedWalk,37,f,medium,always,FALSE,795891.2144168875,5828631.814521302,-1.5
berlin_8748b70b,28800,teleportedWalk,27,f,very_low,always,FALSE,797141.8287038277,5831216.849206545,-14.97
berlin_874a4c63,28800,teleportedWalk,42,m,medium,always,FALSE,796899.8574438649,5832415.192446842,-20.09333333
berlin_8767c95d,28800,teleportedWalk,23,f,high,always,FALSE,799284.4348681461,5828901.177,-18.99
berlin_876cba2c,28800,teleportedWalk,37,f,medium,always,FALSE,794337.2990693293,5829179.713,-7.083333333
berlin_876ced6c,28800,teleportedWalk,27,f,very_high,always,FALSE,794508.2677814839,5828330.256626922,-6.273333333
berlin_8796ac8a,28800,teleportedWalk,51,f,very_low,always,FALSE,794388.7490573425,5829148.797762761,-6.78
berlin_87a6eb01,28800,teleportedWalk,36,f,high,always,FALSE,797517.0832720071,5831766.704335499,-18.42666667
berlin_87d651bf,28800,teleportedWalk,34,f,very_high,always,FALSE,793887.2599328323,5827822.202,-10.32
berlin_88080820,28800,teleportedWalk,42,m,high,always,FALSE,796463.9653003635,5830164.478607516,-8.463333333
berlin_8837da19,28800,teleportedWalk,54,f,high,always,FALSE,794190.9321712474,5828887.612481719,-7.533333333
berlin_885adde7,28800,teleportedWalk,15,m,very_high,never,FALSE,796837.7044016436,5832906.508714045,-22.43
berlin_8865bf17,28800,teleportedWalk,62,f,medium,always,FALSE,794938.5136039944,5830426.502156215,-9.373333333
berlin_8874ff0b,28800,teleportedWalk,37,m,medium,always,FALSE,797525.7581128525,5831598.2140395595,-17.71666667
berlin_88800425,28800,teleportedWalk,96,m,medium,always,FALSE,798284.7102081503,5829707.946415159,-14.62666667
berlin_88975241,28800,teleportedWalk,37,f,high,always,FALSE,799902.0621,5827750.580180348,-22.80666667
berlin_88e4a0e8,28800,teleportedWalk,40,f,low,always,FALSE,797644.0737363219,5831711.985643886,-18.55
berlin_88e56b81,28800,teleportedWalk,34,f,medium,always,FALSE,796299.7152083728,5829639.396070783,-5.716666667
berlin_88e8595f,28800,teleportedWalk,62,f,high,always,FALSE,796878.6124496933,5832162.017591282,-18.81666667
berlin_88effcac,28800,teleportedWalk,39,f,high,always,FALSE,796979.7830744206,5833027.375415738,-23.24666667
berlin_88f10fd9,28800,teleportedWalk,41,f,medium,always,FALSE,795057.8571380025,5826171.408423013,-13.80666667
berlin_8902561d,28800,teleportedWalk,15,m,high,never,FALSE,795685.9633839357,5829285.21,-2.723333333
berlin_8925a544,28800,teleportedWalk,74,m,medium,always,FALSE,794302.4535941388,5831646.298028518,-16.51
berlin_895c9192,28800,teleportedWalk,50,f,high,always,FALSE,796423.3939171562,5830354.524041512,-9.23
berlin_8973bd44,28800,teleportedWalk,51,f,high,always,FALSE,793331.7052994887,5828655.718030434,-11.98666667
berlin_897f468d,28800,teleportedWalk,7,m,medium,never,FALSE,796004.9391242564,5831552.046,-14.62333333
berlin_898a1bf6,28800,teleportedWalk,17,m,low,never,FALSE,799975.7344584998,5826580.357451807,-25.26666667
berlin_899b7f87,28800,teleportedWalk,58,f,medium,always,FALSE,799054.4062285096,5827694.632853383,-18.63
berlin_89a0003a,28800,teleportedWalk,24,f,medium,always,FALSE,796305.1441,5825846.229391783,-15.56333333
berlin_89a7e967,28800,teleportedWalk,20,f,low,always,FALSE,797320.5721590957,5828131.520791106,-9.36
berlin_89d9f40b,28800,teleportedWalk,85,m,medium,always,TRUE,793637.5272979985,5828630.155792327,-10.40666667
berlin_89e9feda,28800,teleportedWalk,98,m,medium,always,TRUE,792794.6680972312,5828804.085650807,-14.76666667
berlin_89f9517a,28800,teleportedWalk,46,f,medium,always,FALSE,794856.8076,5831498.080191797,-14.78
berlin_89fee967,28800,teleportedWalk,47,f,very_high,always,FALSE,797521.6321075801,5831592.527,-17.68
berlin_8a1c8bcf,28800,teleportedWalk,46,m,very_low,always,FALSE,799271.5762525315,5828630.175543099,-18.92333333
berlin_8a309fde,28800,teleportedWalk,78,m,high,always,TRUE,795124.9409727723,5828603.543,-2.776666667
berlin_8a416c44,28800,teleportedWalk,58,f,medium,always,FALSE,798181.6208,5829212.290655053,-13.44666667
berlin_8a459297,28800,teleportedWalk,52,f,high,always,TRUE,798006.1329,5829848.224,-13.56
berlin_8a7ae150,28800,teleportedWalk,88,m,low,always,FALSE,797053.0268815027,5831658.265551328,-16.76
berlin_8a862408,28800,teleportedWalk,64,f,very_high,always,FALSE,796246.2358019976,5832127.969881011,-17.78
berlin_8aab2258,28800,teleportedWalk,69,m,high,always,FALSE,797503.8563592862,5829957.618372277,-11.53333333
berlin_8ab1b79a,28800,teleportedWalk,36,f,low,always,FALSE,793797.8468550448,5827977.347754477,-10.38666667
berlin_8abc927f,28800,teleportedWalk,20,m,medium,always,FALSE,796923.9550135399,5829188.938,-7.056666667
berlin_8ac4aae4,28800,teleportedWalk,51,f,low,always,TRUE,798122.0252750551,5829649.738898772,-13.73
berlin_8ada8cd0,28800,teleportedWalk,49,f,medium,always,FALSE,797315.9561538333,5831670.857178398,-17.46
berlin_8ae7f2f7,28800,teleportedWalk,49,f,medium,always,FALSE,797561.3779971264,5829732.674227442,-11.21333333
berlin_8aeb2f69,28800,teleportedWalk,39,f,low,always,FALSE,795733.1905961165,5826192.576350391,-13.37666667
berlin_8b0556a1,28800,teleportedWalk,29,f,medium,always,FALSE,794610.0148248386,5831010.133221898,-12.83666667
berlin_8b068f21,28800,teleportedWalk,41,f,high,always,FALSE,798455.355,5829939.005543731,-15.88666667
berlin_8b1a01dc,28800,teleportedWalk,6,m,medium,never,FALSE,797882.4344695471,5830063.353200389,-13.5
berlin_8b3f24f4,28800,teleportedWalk,64,f,very_low,always,FALSE,793484.7224388728,5828387.338630966,-11.34666667
berlin_8b404432,28800,teleportedWalk,50,f,very_high,always,FALSE,795538.2238572927,5827811.817778588,-4.973333333
berlin_8b6812c9,28800,teleportedWalk,56,f,high,always,FALSE,795963.9163610769,5830789.511571194,-10.67
berlin_8b70925c,28800,teleportedWalk,57,f,high,always,FALSE,797949.8850233958,5828702.036639176,-12.04333333
berlin_8b7c588c,28800,teleportedWalk,65,m,very_low,always,FALSE,796007.0566249571,5831693.008762076,-15.35333333
berlin_8b9d341d,28800,teleportedWalk,50,f,medium,always,TRUE,797749.1867944782,5830995.541598152,-15.98666667
berlin_8b9e3836,28800,teleportedWalk,33,f,medium,always,FALSE,797937.7359951693,5828937.453,-12.01
berlin_8bb384a4,28800,teleportedWalk,46,f,high,always,FALSE,795659.5544800108,5831225.254499225,-33.24
berlin_8bbcf26a,28800,teleportedWalk,35,f,medium,always,FALSE,796812.9120472085,5831956.18,-17.69333333
berlin_8bc44fd1,28800,teleportedWalk,38,f,high,always,FALSE,800224.8676332925,5826860.452126413,-25.83666667
berlin_8bcf834d,28800,teleportedWalk,56,f,medium,always,FALSE,795622.1418345456,5830388.910181957,-8.45
berlin_8be93749,28800,teleportedWalk,4,m,very_low,never,FALSE,797018.2045748822,5832006.151940169,-18.33
berlin_8c0b3577,28800,teleportedWalk,39,m,very_low,always,FALSE,794345.1424,5831506.532069534,-15.76
berlin_8c106c6d,28800,teleportedWalk,22,f,low,always,FALSE,800039.6820107664,5826880.437071807,-24.91
berlin_8c1a59e3,28800,teleportedWalk,3,m,medium,never,FALSE,794728.2067237967,5828716.121242004,-4.716666667
berlin_8c1e587e,28800,teleportedWalk,96,m,high,always,FALSE,798192.3206008908,5830208.862491352,-15.27333333
berlin_8c22e6fc,28800,teleportedWalk,61,f,medium,always,TRUE,796804.7371049946,5832904.251703027,-22.37333333
berlin_8c4854b4,28800,teleportedWalk,85,m,very_high,always,FALSE,796991.7906674912,5829472.370549999,-7.96
berlin_8caae9e5,28800,teleportedWalk,46,m,medium,always,FALSE,795031.8963776311,5832153.328171382,-17.9
berlin_8cb371bd,28800,teleportedWalk,44,m,medium,always,FALSE,795097.3469080913,5830770.348012091,-10.8
berlin_8cc1425f,28800,teleportedWalk,61,f,medium,always,FALSE,794900.0760270476,5831107.656658127,-12.77
berlin_8cce2b24,28800,teleportedWalk,19,f,low,always,FALSE,797010.6969577267,5832992.348274285,-23.12333333
berlin_8ced334a,28800,teleportedWalk,30,f,medium,always,FALSE,799275.0292,5826554.383,-22.14333333
berlin_8cf6fcf4,28800,teleportedWalk,47,f,low,always,FALSE,797989.3700252543,5830741.370080696,-15.99
berlin_8cfd3296,28800,teleportedWalk,33,f,high,always,FALSE,795458.8164063834,5830707.225879746,-10.14666667
berlin_8d2c15ee,28800,teleportedWalk,61,m,high,always,FALSE,795491.7702,5830278.566658336,-7.91
berlin_8d46054a,28800,teleportedWalk,45,m,medium,always,FALSE,795843.4578609014,5830656.521,-9.9
berlin_8d4c04f6,28800,teleportedWalk,36,f,very_low,always,FALSE,798067.6546813806,5830228.833459037,-14.76666667
berlin_8d4cd315,28800,teleportedWalk,55,f,high,always,FALSE,794643.5155702196,5829323.091347663,-5.916666667
berlin_8d51d23f,28800,teleportedWalk,45,f,low,always,FALSE,795210.4279628736,5828619.285507706,-2.33
berlin_8d669f0c,28800,teleportedWalk,61,m,medium,always,TRUE,797854.7853816452,5830913.084241295,-16.06666667
berlin_8d719db3,28800,teleportedWalk,29,m,low,always,FALSE,798158.1183473297,5831038.513943076,-17.66333333
berlin_8d865b85,28800,teleportedWalk,17,m,high,never,FALSE,797135.6146312479,5829154.461575771,-8.063333333
berlin_8d948533,28800,teleportedWalk,1,m,medium,never,FALSE,796362.4357104304,5830801.030987458,-11.24666667
berlin_8d96e81a,28800,teleportedWalk,29,f,low,always,FALSE,794337.7976745516,5830963.5034635365,-13.27666667
berlin_8da38fa7,28800,teleportedWalk,41,f,low,always,FALSE,797638.0225209947,5831689.273486506,-18.43666667
berlin_8dba786b,28800,teleportedWalk,2,m,very_low,never,FALSE,796156.1305463859,5831625.056241598,-15.12333333
berlin_8dc4b708,28800,teleportedWalk,48,m,high,always,FALSE,795098.0483632637,5825969.310635803,-14.79333333
berlin_8dd6f830,28800,teleportedWalk,50,f,medium,always,FALSE,794219.2816639612,5828150.653229089,-8.02
berlin_8de0b630,28800,teleportedWalk,33,f,medium,always,FALSE,795185.0891378864,5826310.430479976,-12.96666667
berlin_8de44a24,28800,teleportedWalk,40,f,low,always,FALSE,799734.8640476069,5828063.217124515,-21.63
berlin_8dfa9d47,28800,teleportedWalk,52,f,low,always,FALSE,794124.5294866478,5830920.954912351,-13.69
berlin_8e0c3969,28800,teleportedWalk,12,m,high,never,FALSE,793756.1632247565,5828636.91,-9.79
berlin_8e142709,28800,teleportedWalk,21,f,medium,always,FALSE,793618.1804599711,5828158.6481624795,-10.94666667
berlin_8e1e2edb,28800,teleportedWalk,61,m,medium,always,FALSE,794355.9030963127,5828925.668975199,-6.7
berlin_8e386933,28800,teleportedWalk,63,f,medium,always,FALSE,796832.6051,5832253.7507096315,-19.18666667
berlin_8e3c1ed4,28800,teleportedWalk,54,f,medium,always,TRUE,799624.9931877505,5827320.253447455,-22.06333333
berlin_8e4db4d9,28800,teleportedWalk,40,f,medium,always,FALSE,793979.4241444434,5828737.787188742,-8.606666667
berlin_8e4f9d34,28800,teleportedWalk,28,f,medium,always,FALSE,795270.9819958077,5830256.796,-7.99
berlin_8e50a4fd,28800,teleportedWalk,50,f,very_low,always,FALSE,798219.2304118162,5830623.430005493,-16.55666667
berlin_8e5339bf,28800,teleportedWalk,55,m,high,always,FALSE,799460.3172793604,5826535.079287726,-23.02
berlin_8e5b9e9b,28800,teleportedWalk,17,m,medium,never,FALSE,793875.8646299824,5832067.882083746,-19.46333333
berlin_8e6966c6,28800,teleportedWalk,27,f,medium,always,TRUE,794696.0349839767,5829278.8670298075,-5.566666667
berlin_8e722aa8,28800,teleportedWalk,58,f,low,always,TRUE,796792.9542176756,5830006.440928057,-8.833333333
berlin_8e7c6b0c,28800,teleportedWalk,33,m,medium,always,FALSE,795295.0440267646,5830311.170823161,-8.236666667
berlin_8eb7986a,28800,teleportedWalk,64,m,medium,always,TRUE,796070.3419646102,5831078.410555643,-12.24666667
berlin_8ec95208,28800,teleportedWalk,26,m,low,always,FALSE,796908.7741,5832858.116840235,-22.29666667
berlin_8ecb27cc,28800,teleportedWalk,28,f,high,always,FALSE,794376.0447006889,5831420.190673425,-15.28333333
berlin_8ecf4b2d,28800,teleportedWalk,20,f,low,always,FALSE,795100.7797776926,5826211.484198673,-13.55666667
berlin_8edc0e79,28800,teleportedWalk,41,f,very_high,always,FALSE,796358.8791095959,5830248.524882532,-8.59
berlin_8ee3bf13,28800,teleportedWalk,62,f,high,always,FALSE,793904.7299791831,5828356.618490764,-9.24
berlin_8effe034,28800,teleportedWalk,23,f,medium,always,FALSE,796425.2233,5831789.686030194,-16.26
berlin_8f13b830,28800,teleportedWalk,23,m,medium,always,FALSE,797827.2060502726,5829128.982704929,-11.55666667
berlin_8f197562,28800,teleportedWalk,25,f,medium,always,FALSE,798347.2506436225,5827114.689,-16.50666667
berlin_8f784939,28800,teleportedWalk,75,m,medium,always,FALSE,797239.8226,5829945.501677332,-10.36333333
berlin_8f9a9b4b,28800,teleportedWalk,29,m,very_low,always,FALSE,796562.6217688399,5825591.864758565,-17.18333333
berlin_8f9c214c,28800,teleportedWalk,36,m,very_low,always,FALSE,793718.5708748391,5828219.463404248,-10.35666667
berlin_8fb7a270,28800,teleportedWalk,56,m,medium,always,FALSE,794538.5587851116,5830815.381867023,-12.09333333
berlin_8fc64f6c,28800,teleportedWalk,34,f,high,always,FALSE,796737.5205378318,5831986.785742474,-17.71333333
berlin_8fd2b88e,28800,teleportedWalk,8,m,high,never,FALSE,794012.4520537965,5828741.835698148,-8.433333333
berlin_8fe61a1e,28800,teleportedWalk,59,m,high,always,FALSE,800108.4791887647,5826859.903951944,-25.28
berlin_8ff314fa,28800,teleportedWalk,37,f,medium,always,FALSE,797950.7278302159,5830380.073903517,-14.68333333
berlin_8ffddde3,28800,teleportedWalk,14,m,very_low,never,FALSE,798160.3306809722,5830709.339250347,-16.57666667
berlin_8ffe5b64,28800,teleportedWalk,31,f,low,always,FALSE,797773.9103007847,5831880.2033070065,-19.65333333
berlin_9008ab39,28800,teleportedWalk,93,m,medium,always,TRUE,797194.0594512688,5831862.409417319,-18.03666667
berlin_900e12bf,28800,teleportedWalk,28,f,very_low,always,FALSE,796785.3628731808,5832104.925750474,-18.37333333
berlin_90136812,28800,teleportedWalk,37,f,very_high,always,FALSE,797335.2446660891,5831545.166265373,-61.62
berlin_90245304,28800,teleportedWalk,54,f,very_high,always,FALSE,798314.8942318935,5830513.757495716,-16.64333333
berlin_90321367,28800,teleportedWalk,38,f,high,always,FALSE,798381.2983415504,5827142.917566447,-16.58333333
berlin_90451b7b,28800,teleportedWalk,35,f,high,always,FALSE,798746.9034552812,5827255.656593601,-17.98333333
berlin_904d04c8,28800,teleportedWalk,55,f,medium,always,TRUE,794693.9765842924,5828607.074843976,-4.956666667
berlin_904f96fd,28800,teleportedWalk,64,f,medium,always,FALSE,798260.1434855671,5830173.144400696,-15.49333333
berlin_9052ce63,28800,teleportedWalk,39,f,very_low,always,FALSE,796425.5806429023,5829002.280784418,-4.293333333
berlin_9075c03f,28800,teleportedWalk,44,m,very_low,always,TRUE,799578.1846857741,5826548.968682018,-23.51666667
berlin_90b33391,28800,teleportedWalk,25,f,medium,always,FALSE,794265.8546084089,5827515.901579659,-9.63
berlin_90cda91e,28800,teleportedWalk,17,m,medium,never,FALSE,799181.7364231865,5828904.379270015,-18.45666667
berlin_90d74de4,28800,teleportedWalk,29,f,very_high,always,FALSE,793448.8196,5831875.8125154935,-19.77333333
berlin_90e3d479,28800,teleportedWalk,30,f,high,always,FALSE,798356.9032740879,5828726.399,-14.15666667
berlin_90f4aa18,28800,teleportedWalk,60,m,medium,always,FALSE,796814.9630308347,5826864.593771695,-11.62666667
berlin_91013872,28800,teleportedWalk,9,m,medium,never,FALSE,799454.2912570811,5826772.054029131,-22.4
berlin_911c0d2f,28800,teleportedWalk,51,m,medium,always,FALSE,795443.4474635699,5831243.826773695,-12.93333333
berlin_911c34f5,28800,teleportedWalk,63,m,medium,always,TRUE,795533.0858519142,5829526.909001971,-4.003333333
berlin_914e8e3f,28800,teleportedWalk,46,m,medium,always,FALSE,797294.8052826475,5829450.381360209,-9.34
berlin_9168ad72,28800,teleportedWalk,41,f,high,always,FALSE,797195.0744045248,5831373.074962074,-15.80666667
berlin_916a999e,28800,teleportedWalk,30,f,high,always,FALSE,797534.6461232931,5828658.588383736,-9.893333333
berlin_9178f05e,28800,teleportedWalk,32,m,very_low,always,FALSE,793996.3667788028,5832023.5930317035,-18.97
berlin_91943a41,28800,teleportedWalk,8,m,high,never,FALSE,797334.2542407871,5831850.374692945,-18.32
berlin_919e28ce,28800,teleportedWalk,89,m,high,always,FALSE,794307.7073434687,5831465.716397078,-15.65
berlin_91a9766e,28800,teleportedWalk,26,m,low,always,FALSE,794826.8556,5830058.076,-7.933333333
berlin_91ad8938,28800,teleportedWalk,55,f,medium,always,FALSE,796470.8904401618,5831634.205425952,-15.54666667
berlin_91ad8b70,28800,teleportedWalk,62,f,high,always,FALSE,795335.3172158159,5830262.048802905,-7.943333333
berlin_91ae8384,28800,teleportedWalk,64,f,medium,always,FALSE,798197.7953696912,5829939.682646834,-14.66333333
berlin_91b7c1fe,28800,teleportedWalk,5,m,very_high,never,FALSE,797961.1912587718,5830386.731630677,-14.75
berlin_91bb8d14,28800,teleportedWalk,47,f,low,always,FALSE,797952.6119,5830032.642578541,-13.74
berlin_91bd2a0b,28800,teleportedWalk,98,m,medium,always,TRUE,794221.2742894664,5827258.1796291545,-10.73666667
berlin_91d23f5f,28800,teleportedWalk,52,f,medium,always,FALSE,797130.3454882985,5829538.198164604,-8.756666667
berlin_91d4ef75,28800,teleportedWalk,24,f,low,always,FALSE,798230.9489928208,5831130.4337664675,-18.26666667
berlin_91d8d97f,28800,teleportedWalk,47,f,low,always,FALSE,798513.3924430097,5828535.142961879,-15.01333333
berlin_91d9a85b,28800,teleportedWalk,98,m,medium,always,TRUE,796960.4523734534,5832904.832481243,-22.61
berlin_91dfcc6a,28800,teleportedWalk,44,f,high,always,FALSE,794257.5108819494,5827161.655650679,-10.98333333
berlin_920be74a,28800,teleportedWalk,28,m,medium,always,FALSE,796176.1839125587,5831770.5081651285,-15.88666667
berlin_922d59b9,28800,teleportedWalk,58,f,medium,always,FALSE,794747.5001326685,5832421.137418981,-19.56666667
berlin_924e39c4,28800,teleportedWalk,86,m,very_high,always,FALSE,797104.6607606863,5832955.357,-23.09666667
berlin_9265d23a,28800,teleportedWalk,28,f,medium,always,FALSE,796861.0777947864,5831417.656,-15.2
berlin_9288f297,28800,teleportedWalk,9,m,very_low,never,FALSE,798885.1079958135,5827117.333916658,-18.94666667
berlin_92de1cda,28800,teleportedWalk,21,f,high,always,FALSE,794827.3410368911,5831056.063681009,-12.63666667
berlin_92dfdb90,28800,teleportedWalk,53,f,medium,always,FALSE,794299.0553987863,5829247.393927231,-7.383333333
berlin_92fc484a,28800,teleportedWalk,43,m,medium,always,FALSE,799753.2782606389,5826710.958826032,-23.92666667
berlin_930a65ef,28800,teleportedWalk,19,f,very_low,always,FALSE,798680.5903674755,5829884.739662917,-16.87666667
berlin_9323f7ef,28800,teleportedWalk,59,f,high,always,FALSE,794104.9836419082,5827671.129643844,-9.773333333
berlin_932b80a3,28800,teleportedWalk,26,f,medium,always,FALSE,794585.8101,5828822.227229651,-5.46
berlin_935789b0,28800,teleportedWalk,94,m,low,always,TRUE,799052.0430899488,5827050.077480639,-19.87666667
berlin_9359c800,28800,teleportedWalk,32,f,medium,always,FALSE,794400.1170358547,5828815.758939213,-6.423333333
berlin_935f2c4a,28800,teleportedWalk,52,f,medium,always,TRUE,796304.2676009136,5831838.418549332,-16.36
berlin_93798cd2,28800,teleportedWalk,14,m,low,always,FALSE,796191.4130609697,5830792.276977039,-10.93666667
berlin_9385ee45,28800,teleportedWalk,47,m,low,always,FALSE,793059.4229857181,5828578.456402445,-13.42333333
berlin_9386e2c6,28800,teleportedWalk,57,m,medium,always,FALSE,794947.8272216052,5828968.067,-3.723333333
berlin_938dc4f9,28800,teleportedWalk,8,m,medium,never,FALSE,795047.0113016296,5828540.390005611,-3.266666667
berlin_93940344,28800,teleportedWalk,36,m,low,always,FALSE,795647.8856356913,5829341.737,-3.003333333
berlin_93a8a94d,28800,teleportedWalk,44,f,very_low,always,FALSE,794203.7661507062,5828625.183768234,-7.473333333
berlin_93b0f0cd,28800,teleportedWalk,14,m,low,never,FALSE,797566.1151,5832274.606929306,-20.83666667
berlin_93b6a7d1,28800,teleportedWalk,64,f,medium,always,TRUE,797621.1886591483,5829736.675650893,-11.5
berlin_93c7bc1d,28800,teleportedWalk,64,m,high,always,FALSE,795842.5534906087,5826197.219331028,-13.38666667
berlin_93cfe265,28800,teleportedWalk,11,m,high,never,FALSE,798212.2845504622,5829289.304,-13.67666667
berlin_93e3f83b,28800,teleportedWalk,27,m,medium,always,FALSE,798973.0234,5828289.691627539,-17.53333333
berlin_941b5a7e,28800,teleportedWalk,29,f,medium,always,FALSE,793918.0583002807,5828763.436363791,-8.923333333
berlin_941f272b,28800,teleportedWalk,13,m,very_low,never,FALSE,798105.7580526618,5829191.192259298,-13.04
berlin_942cb0e1,28800,teleportedWalk,25,f,medium,always,FALSE,797994.8585793388,5831081.7828715835,-17.2
berlin_94315ab0,28800,teleportedWalk,29,m,high,always,FALSE,797404.9519,5828176.841307601,-9.696666667
berlin_9437dc15,28800,teleportedWalk,18,f,very_low,always,FALSE,798672.1885,5826769.980307861,-18.89333333
berlin_944ebab0,28800,teleportedWalk,35,m,low,always,FALSE,797187.1819890507,5827236.707015688,-11.32333333
berlin_94542e1f,28800,teleportedWalk,28,f,medium,always,FALSE,797726.8669468691,5830109.906357841,-12.93666667
berlin_9488af2c,28800,teleportedWalk,29,f,low,always,FALSE,795705.6704175267,5830386.100859737,-8.443333333
berlin_949b4a87,28800,teleportedWalk,34,f,high,always,FALSE,793727.6586454757,5827939.418488464,-10.8
berlin_949f0bb8,28800,teleportedWalk,65,m,very_low,always,FALSE,794453.5368,5828095.893038051,-7.053333333
berlin_94a03e39,28800,teleportedWalk,59,f,medium,always,FALSE,793326.2767233227,5828809.054500821,-12.00333333
berlin_94a7e386,28800,teleportedWalk,59,m,very_high,always,FALSE,795595.4749,5831204.0424896395,-12.69
berlin_94adf639,28800,teleportedWalk,17,m,very_low,never,FALSE,798647.9513434819,5829171.339537036,-15.81
berlin_94bdfca8,28800,teleportedWalk,30,m,low,always,FALSE,798474.7462282858,5829715.179638896,-15.57333333
berlin_94c7a3b3,28800,teleportedWalk,66,m,medium,always,FALSE,794132.7640136663,5828478.201160213,-7.946666667
berlin_94cabf03,28800,teleportedWalk,80,m,high,always,FALSE,794179.2747603895,5831973.599820659,-18.32666667
berlin_94cf6db6,28800,teleportedWalk,52,m,high,always,FALSE,797586.5611161651,5828247.681835567,-10.49666667
berlin_94dc2176,28800,teleportedWalk,29,f,high,always,FALSE,795808.9231135342,5831187.006084701,-12.63333333
berlin_94dfdfd9,28800,teleportedWalk,81,m,medium,always,FALSE,795967.5716890682,5828605.987900151,-1.913333333
berlin_94e81b5a,28800,teleportedWalk,29,f,very_low,always,FALSE,796787.6563965984,5832616.330107367,-20.91
berlin_94f34a77,28800,teleportedWalk,52,f,medium,always,FALSE,798088.9812198046,5830485.673240837,-15.59
berlin_950c393e,28800,teleportedWalk,4,m,very_high,never,FALSE,796343.6173,5831613.670134325,-15.27
berlin_95211071,28800,teleportedWalk,4,m,very_low,never,FALSE,797981.4424038011,5830038.019017477,-13.88333333
berlin_9523e72e,28800,teleportedWalk,3,m,medium,never,FALSE,795433.5119136996,5831077.605112397,-12.07666667
berlin_952be2cb,28800,teleportedWalk,53,f,high,always,FALSE,797603.8184757299,5830971.439376586,-15.38
berlin_95473dec,28800,teleportedWalk,47,f,low,always,FALSE,792835.8045172588,5828822.549723517,-14.55666667
berlin_9556b5a6,28800,teleportedWalk,53,f,very_low,always,FALSE,796020.6806,5830695.713,-10.24333333
berlin_9558a933,28800,teleportedWalk,31,f,medium,always,FALSE,794361.3823778518,5831434.505968793,-15.38333333
berlin_957b3f5e,28800,teleportedWalk,67,m,medium,always,FALSE,796017.8687528698,5830521.616924299,-9.353333333
berlin_958302f8,28800,teleportedWalk,31,f,very_high,always,FALSE,798192.1317855367,5830578.965156441,-16.30666667
berlin_959b5ed2,28800,teleportedWalk,28,m,low,always,FALSE,799951.0388946072,5826610.693,-25.08
berlin_959c31c2,28800,teleportedWalk,39,f,very_high,always,FALSE,794797.1778518476,5828323.873050269,-4.916666667
berlin_95ca9a91,28800,teleportedWalk,22,f,low,always,FALSE,795851.4644653327,5831537.622219241,-14.46666667
berlin_95ceca14,28800,teleportedWalk,30,m,very_low,always,TRUE,796297.4885481179,5831338.846581257,-13.82666667
berlin_95d59c2a,28800,teleportedWalk,53,f,very_high,always,FALSE,793843.6642191146,5828574.489809759,-9.363333333
berlin_95e41f3a,28800,teleportedWalk,58,f,very_high,always,TRUE,794750.9207942056,5830681.5951773655,-10.98
berlin_95ef18e3,28800,teleportedWalk,91,m,low,always,FALSE,797965.1086222514,5830992.018665948,-16.76333333
berlin_9632fc9e,28800,teleportedWalk,1,m,very_high,never,FALSE,794626.8706062955,5826142.678434966,-14.6
berlin_966032e8,28800,teleportedWalk,24,f,medium,always,FALSE,799174.0692158752,5826930.886168088,-20.72333333
berlin_9664ed57,28800,teleportedWalk,18,f,high,always,FALSE,796842.3289873506,5832048.718260884,-18.19666667
berlin_96787336,28800,teleportedWalk,21,f,low,always,FALSE,795469.5407128038,5831508.741437084,-14.29666667
berlin_967a4c01,28800,teleportedWalk,19,f,low,always,FALSE,796115.5990346463,5830941.929479991,-11.59666667
berlin_96825412,28800,teleportedWalk,54,m,very_high,always,FALSE,796807.7757311028,5832642.455100035,-21.07
berlin_968c3d6a,28800,teleportedWalk,57,f,high,always,FALSE,800242.222,5828133.5049301395,-24.18
berlin_969579e2,28800,teleportedWalk,86,m,medium,always,FALSE,799068.6328301528,5828489.767,-17.91333333
berlin_96af7671,28800,teleportedWalk,48,f,very_high,always,FALSE,794794.0930130492,5830801.180842828,-11.46
berlin_96cb6ade,28800,teleportedWalk,88,m,very_high,always,FALSE,794538.2172587095,5831053.432380564,-13.2
berlin_96d12769,28800,teleportedWalk,17,m,low,never,FALSE,798545.1687476195,5829131.574980617,-15.25333333
berlin_96f14665,28800,teleportedWalk,42,f,very_high,always,FALSE,797150.4924235068,5828167.596327656,-8.47
berlin_96f3863b,28800,teleportedWalk,51,f,medium,always,FALSE,793652.6755921522,5831803.561510592,-18.87
berlin_9705e08d,28800,teleportedWalk,57,f,very_high,always,FALSE,793848.1287012021,5828731.323272872,-9.29
berlin_9729929a,28800,teleportedWalk,67,m,medium,always,FALSE,793618.3186394869,5828217.124117674,-10.86
berlin_9737c9c9,28800,teleportedWalk,40,m,medium,always,FALSE,796936.9751678066,5832432.359308914,-20.24
berlin_974c7144,28800,teleportedWalk,39,f,high,always,FALSE,794428.6657181383,5829174.311722318,-6.623333333
berlin_97571dc5,28800,teleportedWalk,45,f,very_high,always,FALSE,796359.3778941943,5830906.860922282,-11.76333333
berlin_978095b2,28800,teleportedWalk,52,f,high,always,FALSE,794374.6824640736,5831570.001215716,-15.99333333
berlin_9784a256,28800,teleportedWalk,39,f,very_low,always,TRUE,799019.2511813723,5827038.114225117,-19.75333333
berlin_9794da46,28800,teleportedWalk,30,m,medium,always,FALSE,798833.0316628185,5826912.873244946,-19.21333333
berlin_979b1d6e,28800,teleportedWalk,59,f,high,always,FALSE,797104.2958672429,5831138.278784666,-14.52
berlin_97a36945,28800,teleportedWalk,57,m,high,always,FALSE,796146.1253648775,5831802.272028587,-16.02
berlin_97a40935,28800,teleportedWalk,42,f,very_high,always,FALSE,797056.8689362642,5831245.964675764,-14.87333333
berlin_97a4d193,28800,teleportedWalk,61,f,very_high,always,FALSE,797839.9882580735,5830200.463,-13.68666667
berlin_97a62f60,28800,teleportedWalk,51,m,low,always,TRUE,795626.1005622484,5827777.198068032,-5.13
berlin_97b1002b,28800,teleportedWalk,51,m,low,always,FALSE,793890.0381995251,5828500.475819752,-9.173333333
berlin_97b268ef,28800,teleportedWalk,76,m,low,always,FALSE,794865.9168147657,5830860.330976957,-11.61
berlin_97b38982,28800,teleportedWalk,50,f,low,always,FALSE,796053.2674581592,5831334.042743125,-13.54
berlin_97b40cf1,28800,teleportedWalk,12,m,high,always,FALSE,800054.9224932708,5828016.868886685,-23.31
berlin_97c3fe54,28800,teleportedWalk,64,f,medium,always,FALSE,798368.9402042627,5827082.456350839,-16.69
berlin_97c86102,28800,teleportedWalk,58,f,very_high,always,FALSE,797236.7838331435,5829322.976951707,-8.823333333
berlin_97dfad35,28800,teleportedWalk,49,f,very_high,always,FALSE,797451.6401717418,5831635.585615568,-17.67
berlin_980d469a,28800,teleportedWalk,33,f,medium,always,FALSE,793764.1309846712,5828413.097063319,-9.893333333
berlin_982c1097,28800,teleportedWalk,59,f,medium,always,FALSE,794285.5992851494,5832149.694963683,-18.95
berlin_9832c039,28800,teleportedWalk,9,m,medium,never,FALSE,797457.9164702184,5832652.625743822,-22.33333333
berlin_9840a173,28800,teleportedWalk,90,m,medium,always,FALSE,800243.3641820822,5828223.085439826,-24.12666667
berlin_98427126,28800,teleportedWalk,89,m,high,always,TRUE,794680.2834168429,5828534.2106194245,-5.103333333
berlin_985c18ab,28800,teleportedWalk,18,f,high,always,FALSE,795072.2954266008,5828397.785453007,-3.486666667
berlin_986b1581,28800,teleportedWalk,23,f,high,always,FALSE,796369.9761999589,5830425.531496669,-9.446666667
berlin_98750f52,28800,teleportedWalk,12,m,low,never,FALSE,799607.3922252378,5827826.506120601,-21.22333333
berlin_98a4b2e5,28800,teleportedWalk,67,m,medium,always,FALSE,797864.3192028825,5828043.794,-12.18333333
berlin_98ab309c,28800,teleportedWalk,53,f,high,always,FALSE,798401.0377,5827036.939140891,-16.95666667
berlin_98b4009f,28800,teleportedWalk,55,f,very_low,always,FALSE,797747.9388117325,5831668.034467652,-18.67666667
berlin_98b5875f,28800,teleportedWalk,36,m,medium,always,FALSE,796339.4808062227,5831017.453963302,-12.27666667
berlin_98c91109,28800,teleportedWalk,47,m,high,always,FALSE,794770.2477760699,5830784.689536903,-11.42666667
berlin_98e58f13,28800,teleportedWalk,43,m,medium,always,FALSE,797680.5055,5829021.807696756,-10.72
berlin_98e7c8da,28800,teleportedWalk,28,m,low,always,FALSE,796067.6527842727,5830408.654472599,-8.843333333
berlin_98f4853a,28800,teleportedWalk,40,f,very_high,always,FALSE,797310.1642218591,5828892.085268148,-8.736666667
berlin_9905de58,28800,teleportedWalk,52,f,very_low,always,TRUE,794600.5973181615,5830942.024213841,-12.53666667
berlin_990a8fdb,28800,teleportedWalk,92,m,medium,always,FALSE,798692.7919986339,5828740.855194726,-15.9
berlin_991d76fc,28800,teleportedWalk,36,m,low,always,FALSE,798680.8229169404,5829860.863813973,-16.83333333
berlin_992a0767,28800,teleportedWalk,35,m,very_low,always,FALSE,797061.1527037323,5830197.629306472,-10.51666667
berlin_992d183f,28800,teleportedWalk,57,f,medium,always,FALSE,794669.7454,5830561.492965165,-10.60666667
berlin_993cfc06,28800,teleportedWalk,58,m,high,always,FALSE,796198.0458434368,5831791.032944748,-16.01
berlin_994239a2,28800,teleportedWalk,41,m,high,always,FALSE,799805.9725770802,5826773.255209907,-24.03333333
berlin_9949c250,28800,teleportedWalk,13,m,high,never,FALSE,799940.5236,5826776.542189335,-24.66
berlin_99588211,28800,teleportedWalk,9,m,low,never,FALSE,799908.8866754028,5828208.869392749,-22.41
berlin_9958c4f5,28800,teleportedWalk,22,f,very_low,always,FALSE,794082.3873666234,5828736.405727453,-8.07
berlin_995ac336,28800,teleportedWalk,73,m,low,always,FALSE,798839.4665330267,5826750.190913994,-19.68
berlin_999f9716,28800,teleportedWalk,18,m,very_low,always,FALSE,799017.8165521609,5827348.823730433,-19.06666667
berlin_99b035f2,28800,teleportedWalk,2,m,medium,never,FALSE,794481.8622532758,5829052.3144242335,-6.176666667
berlin_99b4d852,28800,teleportedWalk,41,m,very_low,always,TRUE,793598.9976974428,5828929.742318106,-10.62
berlin_99b74eb2,28800,teleportedWalk,54,m,medium,always,FALSE,796099.5812567906,5831137.667163485,-12.57666667
berlin_99c86e62,28800,teleportedWalk,61,m,very_low,always,FALSE,794556.0008475331,5831403.075,-14.82333333
berlin_99d015ad,28800,teleportedWalk,39,f,very_high,always,FALSE,794720.7002839462,5830565.560169491,-10.50333333
berlin_99e44a59,28800,teleportedWalk,52,f,medium,always,FALSE,797241.1084889672,5828903.324,-7.793333333
berlin_99f52a02,28800,teleportedWalk,33,m,medium,always,TRUE,794508.8255035453,5828744.8510471685,-5.853333333
berlin_99fb7286,28800,teleportedWalk,53,f,high,always,FALSE,795520.1726766566,5830153.166,-7.246666667
berlin_9a03f6e4,28800,teleportedWalk,14,m,high,never,FALSE,795463.9713610496,5830212.028405924,-7.58
berlin_9a0abe12,28800,teleportedWalk,26,m,low,always,FALSE,797061.8284165685,5829442.120304341,-8.216666667
berlin_9a0c9be2,28800,teleportedWalk,39,f,medium,always,FALSE,796846.1851392058,5831346.306401757,-14.83333333
berlin_9a181ec4,28800,teleportedWalk,63,m,high,always,FALSE,794784.3178760963,5829208.285659576,-4.986666667
berlin_9a27f412,28800,teleportedWalk,85,m,medium,always,FALSE,794313.3097626369,5828954.5601949375,-6.94
berlin_9a2d0223,28800,teleportedWalk,20,m,medium,always,FALSE,798312.5079785748,5827049.3588767825,-16.53333333
berlin_9a2e9b3c,28800,teleportedWalk,52,m,very_high,always,FALSE,794645.9062831416,5829238.741708455,-5.703333333
berlin_9a345bab,28800,teleportedWalk,25,m,low,always,FALSE,797268.7982818688,5832318.697957375,-20.34333333
berlin_9a40bef5,28800,teleportedWalk,3,m,medium,never,FALSE,795435.1101158083,5829974.856004834,-6.38
berlin_9a471e44,28800,teleportedWalk,38,f,medium,always,FALSE,797035.4338308768,5833130.036658465,-23.84333333
berlin_9a564aea,28800,teleportedWalk,98,m,very_high,always,TRUE,795227.1048839921,5828207.942592068,-3.583333333
berlin_9a5efb83,28800,teleportedWalk,56,m,medium,always,FALSE,797672.9909309237,5831520.685,-17.82666667
berlin_9a769318,28800,teleportedWalk,41,f,low,always,FALSE,799889.552,5826805.069425231,-24.35666667
berlin_9a7784e8,28800,teleportedWalk,64,f,high,always,FALSE,794903.3712082428,5830929.592448225,-11.88666667
berlin_9a882dde,28800,teleportedWalk,37,m,very_low,always,TRUE,796210.3716612906,5830651.011831415,-10.26
berlin_9a8cf715,28800,teleportedWalk,68,m,high,always,FALSE,794674.3897583327,5829222.364109861,-5.533333333
berlin_9abefc2f,28800,teleportedWalk,38,f,medium,always,FALSE,798423.4232527753,5830070.594608835,-16.01333333
berlin_9b00c1e5,28800,teleportedWalk,46,f,very_high,always,FALSE,794907.0014851976,5830500.409345255,-9.79
berlin_9b0e8c69,28800,teleportedWalk,12,m,high,never,FALSE,794708.3514571546,5828919.752084299,-4.883333333
berlin_9b17800c,28800,teleportedWalk,34,f,medium,always,FALSE,797748.6824,5828304.453707521,-11.24666667
berlin_9b184562,28800,teleportedWalk,46,f,medium,always,FALSE,794628.3416831994,5829251.489628836,-5.813333333
berlin_9b378e6e,28800,teleportedWalk,32,f,medium,always,FALSE,797979.2637884158,5830369.224639283,-14.77333333
berlin_9b37f95b,28800,teleportedWalk,32,f,medium,always,FALSE,793791.7022,5832431.831045257,-21.34333333
berlin_9b5c8496,28800,teleportedWalk,45,m,medium,always,FALSE,796267.9759,5831829.657403313,-16.27666667
berlin_9b694791,28800,teleportedWalk,62,f,high,always,FALSE,799115.5841775984,5828734.470953249,-18.1
berlin_9b6fd27b,28800,teleportedWalk,41,f,high,always,FALSE,798212.6794725506,5829244.801118249,-13.63666667
berlin_9b7bd700,28800,teleportedWalk,95,m,medium,always,TRUE,795859.6492018866,5831229.482739013,-12.87333333
berlin_9b8c47e8,28800,teleportedWalk,98,m,medium,always,TRUE,797496.1127,5829698.075729054,-10.83
berlin_9b9354cc,28800,teleportedWalk,22,m,low,always,FALSE,799106.4439183227,5828546.835590351,-18.08666667
berlin_9b939ebf,28800,teleportedWalk,31,f,medium,always,FALSE,797322.5089896421,5832562.799332533,-21.61666667
berlin_9b9ad9d0,28800,teleportedWalk,14,m,high,never,FALSE,796700.4749467496,5832624.146413206,-20.82333333
berlin_9ba586b4,28800,teleportedWalk,25,f,high,always,FALSE,795737.4063438259,5826260.7139141485,-13.02666667
berlin_9ba7c751,28800,teleportedWalk,61,f,high,always,FALSE,799206.1733172771,5828812.562369066,-18.57333333
berlin_9bb58175,28800,teleportedWalk,40,f,very_low,always,FALSE,797578.3641387578,5829534.443161361,-10.87
berlin_9bc4f431,28800,teleportedWalk,58,f,medium,always,TRUE,796835.0819645697,5832636.596414068,-21.08333333
berlin_9bc7ee1c,28800,teleportedWalk,23,f,high,always,FALSE,796580.8338864767,5831828.855680907,-16.68
berlin_9bc9ed10,28800,teleportedWalk,7,m,medium,never,FALSE,795536.1020271344,5830345.579270522,-8.24
berlin_9bcee7eb,28800,teleportedWalk,34,f,medium,always,FALSE,795231.4376587761,5828570.626413116,-2.323333333
berlin_9bd12107,28800,teleportedWalk,24,m,low,always,FALSE,797543.7668,5830205.881339517,-12.44
berlin_9bd44316,28800,teleportedWalk,27,m,medium,always,FALSE,795762.3814215751,5827656.980316457,-5.793333333
berlin_9bd8b847,28800,teleportedWalk,51,f,very_low,always,FALSE,799533.0094019747,5828648.4900013935,-20.28
berlin_9bdfcd2f,28800,teleportedWalk,37,m,medium,always,FALSE,794391.2301745779,5831437.1854107715,-15.33
berlin_9c0d78ee,28800,teleportedWalk,43,f,high,always,FALSE,795209.0846160967,5828446.931159441,-2.756666667
berlin_9c13ce30,28800,teleportedWalk,29,f,low,always,FALSE,798757.7638069661,5829375.240427335,-16.54666667
berlin_9c36c8f5,28800,teleportedWalk,91,m,medium,always,TRUE,796664.4655414652,5829909.029791606,-8.006666667
berlin_9c3ba199,28800,teleportedWalk,46,m,medium,always,FALSE,799736.3308200238,5826950.740602861,-23.31666667
berlin_9c493e49,28800,teleportedWalk,5,m,very_low,never,FALSE,797327.8803,5831851.531,-18.31
berlin_9c5b2a53,28800,teleportedWalk,51,m,medium,always,TRUE,796277.4194138849,5830689.877274993,-10.55666667
berlin_9c64d92f,28800,teleportedWalk,11,m,low,never,FALSE,797179.1100919391,5829887.016133962,-9.93
berlin_9c6d137f,28800,teleportedWalk,52,f,medium,always,FALSE,795898.4313753617,5830685.520799951,-10.08666667
berlin_9c81d52d,28800,teleportedWalk,58,f,medium,always,TRUE,793466.1337319736,5828296.812221361,-11.53333333
berlin_9c857477,28800,teleportedWalk,47,f,medium,always,FALSE,797797.8162960965,5829155.259226126,-11.43
berlin_9c892d13,28800,teleportedWalk,2,m,very_high,never,FALSE,795882.055,5831203.247782358,-12.75
berlin_9c8d6ba5,28800,teleportedWalk,28,m,medium,always,FALSE,799040.1469113828,5826592.444941808,-21
berlin_9c946016,28800,teleportedWalk,47,m,high,always,FALSE,794401.6939,5832431.814,-20.12
berlin_9cae2002,28800,teleportedWalk,36,f,medium,always,FALSE,798984.6836623163,5828659.558624606,-17.42666667
berlin_9cb3bbcf,28800,teleportedWalk,58,f,very_high,always,FALSE,794493.2174979827,5827297.735616246,-9.66
berlin_9cbaeee7,28800,teleportedWalk,18,m,very_high,always,FALSE,794016.1946742398,5828708.862636945,-8.42
berlin_9cc40362,28800,teleportedWalk,20,f,medium,always,FALSE,797501.0335964898,5829830.023661218,-11.17666667
berlin_9cc7f3f1,28800,teleportedWalk,18,f,high,always,FALSE,795205.6766414768,5828680.508661785,-2.27
berlin_9ccfd2bd,28800,teleportedWalk,16,m,medium,never,FALSE,799978.4609716062,5826579.7007419225,-25.28
berlin_9cd18270,28800,teleportedWalk,84,m,high,always,TRUE,797206.9321100784,5831964.365772957,-18.54
berlin_9cd95815,28800,teleportedWalk,33,m,high,always,FALSE,795024.7099956945,5829242.475169242,-4.03
berlin_9cfca7fe,28800,teleportedWalk,51,m,medium,always,FALSE,793936.3806493785,5828354.174308072,-9.083333333
berlin_9d07db31,28800,teleportedWalk,3,m,medium,never,FALSE,799012.4024836769,5826611.396725447,-20.82666667
berlin_9d0b6917,28800,teleportedWalk,27,f,medium,always,FALSE,795481.0745280825,5830497.466117157,-9.05
berlin_9d123c37,28800,teleportedWalk,94,m,medium,always,TRUE,795687.8501,5831761.781155358,-15.59
berlin_9d3be3ea,28800,teleportedWalk,53,f,medium,always,FALSE,798521.3245810802,5830012.875823001,-16.35333333
berlin_9d4d7c2f,28800,teleportedWalk,36,f,medium,always,FALSE,795171.7451,5830740.794,-10.55666667
berlin_9d647569,28800,teleportedWalk,3,m,very_low,never,FALSE,794931.7256,5828976.0350664845,-3.816666667
berlin_9d725f21,28800,teleportedWalk,52,m,low,always,TRUE,795432.0516129639,5831496.636,-14.25
berlin_9d7cf66c,28800,teleportedWalk,19,f,low,always,FALSE,794064.7607370943,5832112.779938197,-19.23333333
berlin_9d81bc14,28800,teleportedWalk,23,f,high,always,FALSE,796424.1058731173,5831610.709,-15.36
berlin_9d81e064,28800,teleportedWalk,29,f,medium,always,FALSE,797285.2085386657,5831309.005556015,-15.77333333
berlin_9d8ee159,28800,teleportedWalk,25,m,very_high,always,FALSE,800162.7866716713,5826816.417365415,-25.63
berlin_9dc5a716,28800,teleportedWalk,57,f,medium,always,FALSE,796090.3914361326,5831317.401522088,-13.48666667
berlin_9ddb495a,28800,teleportedWalk,43,f,high,always,FALSE,794421.2744984459,5832389.234135645,-19.88
berlin_9def9106,28800,teleportedWalk,30,m,high,always,FALSE,796432.2135271762,5831613.6948434245,-15.38666667
berlin_9df5cf5c,28800,teleportedWalk,45,f,high,always,FALSE,798964.6237010827,5828429.641157047,-17.4
berlin_9e12542e,28800,teleportedWalk,1,m,high,never,FALSE,797556.1448297831,5831836.574,-18.84333333
berlin_9e19f6a5,28800,teleportedWalk,52,f,low,always,FALSE,798107.9564797475,5826824.831334864,-16.34
berlin_9e1b8859,28800,teleportedWalk,39,f,high,always,FALSE,793918.2286013745,5828433.503495945,-9.086666667
berlin_9e1cbc35,28800,teleportedWalk,35,f,high,always,FALSE,797861.9683250409,5829764.370297563,-12.69666667
berlin_9e1e12ad,28800,teleportedWalk,43,f,very_low,always,FALSE,796404.3615013759,5825834.860242162,-15.74666667
berlin_9e36ece5,28800,teleportedWalk,22,m,low,always,FALSE,793452.6498938294,5828768.646125948,-11.34333333
berlin_9e4c42be,28800,teleportedWalk,39,f,medium,always,FALSE,795851.1809523411,5830858.927814184,-10.95
berlin_9e50b9a0,28800,teleportedWalk,45,m,low,always,FALSE,794906.2806816266,5830054.120574354,-7.703333333
berlin_9e521486,28800,teleportedWalk,52,m,high,always,FALSE,794925.5752832624,5830178.334444057,-8.226666667
berlin_9e5616f1,28800,teleportedWalk,14,m,high,never,FALSE,797981.6156559582,5830025.458163721,-13.85333333
berlin_9e5628fa,28800,teleportedWalk,63,f,very_low,always,TRUE,793826.8763721718,5828456.211633512,-9.533333333
berlin_9e6852a7,28800,teleportedWalk,46,f,very_low,always,FALSE,796782.5635879175,5831891.316171686,-17.32333333
berlin_9e815e4c,28800,teleportedWalk,17,m,medium,never,FALSE,795684.4111099613,5830586.412664049,-9.48
berlin_9e84e5cd,28800,teleportedWalk,33,f,high,always,FALSE,795059.1257998621,5830728.5930200545,-10.64333333
berlin_9e8eb722,28800,teleportedWalk,56,m,medium,always,FALSE,794723.9283116865,5830788.390900734,-11.54333333
berlin_9e933bb1,28800,teleportedWalk,33,m,high,always,FALSE,793529.4515883978,5828474.529820015,-11.04666667
berlin_9ea38667,28800,teleportedWalk,20,m,low,always,FALSE,795474.5519691545,5830497.032834269,-9.05
berlin_9eb30953,28800,teleportedWalk,50,m,medium,always,FALSE,795494.3159698239,5829921.757757372,-6.063333333
berlin_9ed70733,28800,teleportedWalk,29,f,high,always,FALSE,797052.3066053425,5832966.489387663,-23.06333333
berlin_9ed9511b,28800,teleportedWalk,11,m,high,never,FALSE,795822.3505337561,5830822.475186051,-10.74666667
berlin_9f0551dc,28800,teleportedWalk,75,m,very_low,always,FALSE,794286.6417242093,5827998.610112201,-8.06
berlin_9f152be1,28800,teleportedWalk,41,m,very_low,always,FALSE,795150.9149025907,5829475.4667778155,-4.473333333
berlin_9f23b134,28800,teleportedWalk,96,m,high,always,FALSE,795997.9953345212,5828816.383276238,-1.906666667
berlin_9f30ace6,28800,teleportedWalk,24,m,medium,always,FALSE,798021.1764208958,5830884.419273293,-16.6
berlin_9f3cc419,28800,teleportedWalk,88,m,very_high,always,FALSE,794898.2920693136,5831235.788234264,-13.41
berlin_9f5fbd29,28800,teleportedWalk,8,m,medium,never,FALSE,797414.6124713586,5828966.921421316,-9.313333333
berlin_9f73c0b6,28800,teleportedWalk,60,f,medium,always,FALSE,796768.0935855748,5830373.336559471,-10.23666667
berlin_9f7987b0,28800,teleportedWalk,55,f,very_low,always,FALSE,794492.2700712974,5828125.124579171,-6.803333333
berlin_9f834430,28800,teleportedWalk,30,m,very_low,always,TRUE,796763.1477,5831466.330003315,-15.22666667
berlin_9f9e954b,28800,teleportedWalk,41,f,medium,always,FALSE,799741.3506699123,5828019.251341485,-21.7
berlin_9f9f31e6,28800,teleportedWalk,35,f,low,always,FALSE,798512.0251141747,5829146.249122409,-15.09333333
berlin_9fe932f5,28800,teleportedWalk,48,f,medium,always,FALSE,799275.6245195861,5828896.977725359,-18.94333333
berlin_9ff0f052,28800,teleportedWalk,40,f,very_high,always,FALSE,798280.4989156917,5826870.587182186,-16.91666667
berlin_a0272d8d,28800,teleportedWalk,6,m,medium,never,FALSE,794565.3639595625,5831510.500754565,-15.32666667
berlin_a035c59f,28800,teleportedWalk,55,m,low,always,FALSE,798796.3207649167,5829747.730934524,-17.21666667
berlin_a0400228,28800,teleportedWalk,81,m,medium,always,FALSE,794972.2140570993,5828883.712,-3.5
berlin_a041bade,28800,teleportedWalk,91,m,medium,always,FALSE,800059.4013129369,5828015.434172656,-23.33333333
berlin_a048fad3,28800,teleportedWalk,46,m,high,always,FALSE,798087.9876865875,5829433.904889293,-13.22333333
berlin_a049af6f,28800,teleportedWalk,38,f,low,always,FALSE,798163.5069148773,5829707.585960183,-14.03333333
berlin_a0613bc3,28800,teleportedWalk,38,f,low,always,FALSE,795029.7718395533,5828764.939914562,-3.143333333
berlin_a0664947,28800,teleportedWalk,53,f,high,always,FALSE,794350.3662886999,5831377.7438565735,-15.14333333
berlin_a06763de,28800,teleportedWalk,30,f,very_high,always,FALSE,797524.3748148675,5829761.1181712635,-11.11
berlin_a076dc13,28800,teleportedWalk,40,m,medium,always,FALSE,796508.6367387113,5831571.7952220775,-15.29
berlin_a07b5491,28800,teleportedWalk,14,m,medium,never,FALSE,794858.8829178036,5830562.195,-10.18333333
berlin_a07bb413,28800,teleportedWalk,56,m,high,always,FALSE,795397.1886,5829964.925205039,-6.366666667
berlin_a086050a,28800,teleportedWalk,40,f,medium,always,FALSE,793763.9953976884,5828542.217975436,-9.793333333
berlin_a092e232,28800,teleportedWalk,25,f,low,always,FALSE,796993.9602,5831663.294358723,-16.65
berlin_a093836f,28800,teleportedWalk,96,m,medium,always,TRUE,795862.5390041785,5830370.171392439,-8.436666667
berlin_a0d9dc2c,28800,teleportedWalk,24,m,medium,always,FALSE,796031.3618375817,5828843.129259231,-2.103333333
berlin_a0dcb3e5,28800,teleportedWalk,29,f,very_low,always,FALSE,795018.1860680783,5830144.402907661,-7.86
berlin_a0ed577f,28800,teleportedWalk,59,f,very_high,always,FALSE,794215.2460904713,5831852.849404895,-17.67666667
berlin_a0eef32a,28800,teleportedWalk,22,m,very_low,always,FALSE,793764.6826533219,5828817.031544605,-9.726666667
berlin_a1033569,28800,teleportedWalk,5,m,medium,never,FALSE,795062.8465035467,5828672.511,-3.01
berlin_a10a4cc0,28800,teleportedWalk,42,f,medium,always,FALSE,795034.9384118498,5831036.299684535,-12.22
berlin_a11818aa,28800,teleportedWalk,81,m,very_low,always,TRUE,793710.0993908381,5832418.548221685,-21.47666667
berlin_a1265dc8,28800,teleportedWalk,30,f,high,always,FALSE,795442.3018541349,5830254.374995525,-7.813333333
berlin_a129bf8a,28800,teleportedWalk,51,f,medium,always,FALSE,798814.5758235601,5828865.369393124,-16.54333333
berlin_a14206de,28800,teleportedWalk,42,f,medium,always,FALSE,798370.5861366385,5829889.793676252,-15.38333333
berlin_a144193f,28800,teleportedWalk,51,f,medium,always,TRUE,795053.5702574681,5830857.153562419,-11.29666667
berlin_a15bb37a,28800,teleportedWalk,34,f,medium,always,FALSE,798052.5558397975,5830262.719334831,-14.79
berlin_a16603cc,28800,teleportedWalk,64,m,very_low,always,FALSE,794248.5434329932,5832210.092065618,-19.31333333
berlin_a16d3fa2,28800,teleportedWalk,46,f,high,always,FALSE,796396.7920585915,5831392.354270219,-14.23
berlin_a18d47d6,28800,teleportedWalk,12,m,very_low,never,FALSE,797164.8708285304,5831841.816,-17.87333333
berlin_a1b014f5,28800,teleportedWalk,68,m,high,always,FALSE,796945.1720501805,5826237.698687274,-14.79666667
berlin_a1c8af9d,28800,teleportedWalk,24,f,medium,always,FALSE,797379.8738128647,5831728.837826106,-17.89
berlin_a1d6596f,28800,teleportedWalk,19,f,very_low,always,FALSE,796048.1511292825,5831589.3561965525,-14.84666667
berlin_a1de4396,28800,teleportedWalk,39,f,low,always,FALSE,797384.1135073465,5829021.088261522,-9.193333333
berlin_a1f871e8,28800,teleportedWalk,41,f,very_high,always,FALSE,794909.6032,5830738.585505463,-10.93666667
berlin_a20274a1,28800,teleportedWalk,21,f,medium,always,FALSE,794990.8518678315,5828816.154,-3.356666667
berlin_a210363f,28800,teleportedWalk,1,m,medium,never,FALSE,795657.2258,5825795.057216847,-15.43666667
berlin_a21dd5f7,28800,teleportedWalk,40,f,very_high,always,FALSE,796750.4191702781,5829954.493,-8.483333333
berlin_a23f2c1a,28800,teleportedWalk,76,m,very_high,always,FALSE,799035.4931,5827250.969278759,-19.35333333
berlin_a2527d05,28800,teleportedWalk,46,m,very_low,always,FALSE,796924.7930369303,5832733.590176952,-21.70333333
berlin_a27e7f60,28800,teleportedWalk,54,m,high,always,FALSE,795083.4917440413,5826166.192303499,-13.80666667
berlin_a280f965,28800,teleportedWalk,46,f,high,always,FALSE,794415.6,5830892.029864231,-12.75333333
berlin_a2875118,28800,teleportedWalk,34,f,high,always,FALSE,795625.8539272263,5830758.103303639,-10.37
berlin_a2b005ad,28800,teleportedWalk,17,m,low,never,FALSE,795099.6959268494,5832190.750409382,-18.03333333
berlin_a2e053dd,28800,teleportedWalk,2,m,medium,never,FALSE,796203.2109177336,5832056.976976167,-17.37666667
berlin_a2e8f2b1,28800,teleportedWalk,7,m,low,never,FALSE,797830.5034620579,5830722.792115005,-15.3
berlin_a2f63800,28800,teleportedWalk,63,f,low,always,FALSE,794767.2537072414,5826043.341,-14.84666667
berlin_a2fd2c13,28800,teleportedWalk,36,f,medium,always,FALSE,793379.7796058785,5828800.256319346,-11.72666667
berlin_a323137e,28800,teleportedWalk,63,m,high,always,FALSE,796399.3992274262,5831556.239007692,-15.05333333
berlin_a3402c37,28800,teleportedWalk,37,f,high,always,FALSE,798157.7708425259,5829660.964845483,-13.92333333
berlin_a342764d,28800,teleportedWalk,32,f,medium,always,FALSE,797006.2996545017,5831534.332651161,-16.07333333
berlin_a34a578b,28800,teleportedWalk,62,m,high,always,FALSE,794536.7734466549,5827776.004996154,-7.676666667
berlin_a35711e6,28800,teleportedWalk,46,f,medium,always,FALSE,796776.4653871746,5832036.848424504,-18.02333333
berlin_a3691707,28800,teleportedWalk,34,f,high,always,FALSE,796348.9139082956,5826208.967977728,-13.79333333
berlin_a37a8379,28800,teleportedWalk,62,m,medium,always,FALSE,797295.0078958888,5831842.231,-18.18666667
berlin_a37c37cf,28800,teleportedWalk,81,m,low,always,TRUE,794525.4354838401,5832462.150126395,-20.07666667
berlin_a3838a5f,28800,teleportedWalk,45,f,very_low,always,FALSE,796302.5240006559,5831199.423639348,-13.13
berlin_a38da903,28800,teleportedWalk,40,m,medium,always,FALSE,796358.7863041342,5831180.079113375,-13.11666667
berlin_a39a45a0,28800,teleportedWalk,53,f,very_low,always,FALSE,797891.3663,5829154.308450891,-11.90666667
berlin_a3a0c320,28800,teleportedWalk,81,m,high,always,TRUE,794845.2024304746,5827949.263357042,-5.896666667
berlin_a3b0e1b8,28800,teleportedWalk,14,m,very_high,never,FALSE,795258.9177379012,5831309.154552926,-13.37666667
berlin_a3b24e78,28800,teleportedWalk,57,f,high,always,FALSE,795565.0566268929,5829544.007109536,-4.073333333
berlin_a3bdd076,28800,teleportedWalk,42,m,medium,always,FALSE,794139.588,5831848.971572049,-17.82666667
berlin_a3c254ba,28800,teleportedWalk,45,f,medium,always,FALSE,797745.7813521333,5826960.6,-14.43666667
berlin_a3ce3f5d,28800,teleportedWalk,17,m,very_high,never,FALSE,799698.8882496079,5826660.815437344,-23.79333333
berlin_a3e59d77,28800,teleportedWalk,53,m,high,always,FALSE,796392.3538934996,5831571.953,-15.12333333
berlin_a42b8540,28800,teleportedWalk,5,m,medium,never,FALSE,795527.1192053527,5828381.797662424,-2.06
berlin_a45667d4,28800,teleportedWalk,8,m,very_high,never,FALSE,798647.5100246759,5828734.861232997,-15.66666667
berlin_a475b05a,28800,teleportedWalk,64,f,low,always,FALSE,800115.9891299065,5826609.099702039,-25.85333333
berlin_a4790da1,28800,teleportedWalk,14,m,low,never,FALSE,798939.5642378759,5828549.901525537,-17.22
berlin_a48581d3,28800,teleportedWalk,25,f,very_low,always,FALSE,794115.9695389741,5828410.492467895,-8.106666667
berlin_a48fc59e,28800,teleportedWalk,39,f,very_high,always,FALSE,793711.6491916982,5828673.786803126,-10.01
berlin_a49c220d,28800,teleportedWalk,42,m,medium,always,FALSE,796428.7593040592,5828999.452179315,-4.306666667
berlin_a49d2405,28800,teleportedWalk,9,m,medium,never,FALSE,793768.3310939565,5827709.412195768,-11.14333333
berlin_a4e5ce5b,28800,teleportedWalk,56,f,high,always,FALSE,798453.5668,5830034.557744893,-16.07666667
berlin_a4f4af8a,28800,teleportedWalk,86,m,medium,always,FALSE,797020.6216122303,5830121.641894727,-10.08666667
berlin_a4f6e0e9,28800,teleportedWalk,88,m,medium,always,FALSE,794719.1304739437,5827609.6706948085,-7.66
berlin_a4fc4895,28800,teleportedWalk,18,m,very_low,always,FALSE,798248.5199178009,5830997.145661214,-17.87666667
berlin_a4fcc17c,28800,teleportedWalk,23,m,low,always,FALSE,796148.5700683219,5830273.559044622,-8.293333333
berlin_a5091361,28800,teleportedWalk,68,m,medium,always,FALSE,799103.5706716671,5828517.678682412,-18.08333333
berlin_a50e43f7,28800,teleportedWalk,60,f,low,always,TRUE,800008.7871480181,5827868.525941292,-23.21666667
berlin_a516e808,28800,teleportedWalk,38,f,low,always,FALSE,795326.9541550827,5828105.4703840455,-3.776666667
berlin_a53fd6f0,28800,teleportedWalk,31,f,high,always,FALSE,797396.3167298806,5829748.534986561,-10.49333333
berlin_a5482af0,28800,teleportedWalk,20,f,very_low,always,FALSE,796438.1780993217,5831564.203027107,-15.15
berlin_a54c9f3c,28800,teleportedWalk,46,f,medium,always,FALSE,794529.2827523134,5828966.716437885,-5.843333333
berlin_a55a8c11,28800,teleportedWalk,41,f,very_low,always,FALSE,797143.4897438867,5830273.948068075,-11.1
berlin_a5654243,28800,teleportedWalk,33,f,medium,always,FALSE,794604.0474729991,5828248.528116607,-5.99
berlin_a59099f9,28800,teleportedWalk,55,f,medium,always,FALSE,792753.6591551234,5828612.620655967,-15
berlin_a5a8df7d,28800,teleportedWalk,51,f,very_high,always,FALSE,792892.8438522202,5828766.62,-14.25666667
berlin_a5bdd2cc,28800,teleportedWalk,30,f,medium,always,FALSE,796087.9473639298,5830879.893,-11.25333333
berlin_a5bef763,28800,teleportedWalk,8,m,high,never,FALSE,794855.4692397395,5828316.437709712,-4.67
berlin_a5c0a810,28800,teleportedWalk,35,f,very_low,always,FALSE,796283.8432606512,5831985.075731365,-17.08666667
berlin_a5c6674d,28800,teleportedWalk,62,m,high,always,FALSE,798205.1929076201,5830327.472698066,-15.64333333
berlin_a5cb900e,28800,teleportedWalk,68,m,medium,always,FALSE,797481.9778,5832250.004,-20.51333333
berlin_a5cd2eb4,28800,teleportedWalk,65,m,very_low,always,FALSE,798999.6736127913,5827022.702105756,-19.7
berlin_a5cdc14f,28800,teleportedWalk,39,f,very_high,always,FALSE,794198.8581869307,5828999.899657086,-7.563333333
berlin_a5dcfc97,28800,teleportedWalk,33,f,medium,always,FALSE,797416.2926902679,5831305.411,-16.14
berlin_a5eabdf7,28800,teleportedWalk,20,f,low,always,FALSE,794099.7640017336,5830933.815244565,-13.82
berlin_a5f9f206,28800,teleportedWalk,91,m,low,always,FALSE,798014.2364832186,5826605.7935468415,-16.70333333
berlin_a5ff1425,28800,teleportedWalk,82,m,medium,always,FALSE,794503.6860175617,5828114.445304223,-6.78
berlin_a6162810,28800,teleportedWalk,45,f,medium,always,FALSE,797807.6204391492,5831751.525868608,-19.21
berlin_a62f4a44,28800,teleportedWalk,78,m,high,always,FALSE,798222.9411970936,5828611.708075324,-13.48
berlin_a6399a16,28800,teleportedWalk,66,m,low,always,FALSE,796119.6215,5831315.328829272,-13.50333333
berlin_a63bce59,28800,teleportedWalk,45,m,medium,always,FALSE,799454.0408430861,5828682.115500929,-19.86333333
berlin_a6438d10,28800,teleportedWalk,71,m,medium,always,FALSE,795188.2993116367,5826312.767000246,-12.95333333
berlin_a650b519,28800,teleportedWalk,24,f,low,always,FALSE,795511.8967281708,5830272.801951978,-7.87
berlin_a656b0bd,28800,teleportedWalk,69,m,medium,always,FALSE,794944.3747819886,5829953.302048507,-7.15
berlin_a65ad543,28800,teleportedWalk,8,m,high,never,FALSE,796422.4135188889,5831684.612184024,-15.73
berlin_a67bf62c,28800,teleportedWalk,91,m,low,always,TRUE,794187.4722693308,5827333.683971647,-10.57666667
berlin_a68476c8,28800,teleportedWalk,67,m,medium,always,FALSE,793270.5721126061,5828549.2819110695,-12.34333333
berlin_a6987633,28800,teleportedWalk,41,f,low,always,FALSE,795114.1422147211,5826030.984928944,-14.46333333
berlin_a6bac969,28800,teleportedWalk,54,m,high,always,FALSE,796338.9886,5831603.049353421,-15.21
berlin_a6bf0db5,28800,teleportedWalk,41,m,medium,always,FALSE,795351.5464,5831032.634677745,-11.88666667
berlin_a6c3a351,28800,teleportedWalk,24,f,high,always,FALSE,794116.9634504442,5831184.817308521,-14.85666667
berlin_a6c941fc,28800,teleportedWalk,22,m,low,always,FALSE,796363.1418266922,5831424.431535492,-14.34333333
berlin_a6da761e,28800,teleportedWalk,3,m,medium,never,FALSE,794292.3076540227,5831687.3950434625,-16.72666667
berlin_a6ec9061,28800,teleportedWalk,57,f,very_low,always,TRUE,794106.0713272452,5831204.750053475,-14.97333333
berlin_a6f8403b,28800,teleportedWalk,33,f,high,always,FALSE,794906.5366452151,5831138.829105924,-12.91666667
berlin_a7003270,28800,teleportedWalk,79,m,very_low,always,TRUE,794165.6237597559,5828162.873919304,-8.25
berlin_a71f516f,28800,teleportedWalk,19,f,medium,always,FALSE,798401.1235509827,5828736.934774419,-14.38333333
berlin_a7402fe0,28800,teleportedWalk,22,m,low,always,FALSE,799285.7902798237,5826636.186226031,-21.97333333
berlin_a75bda97,28800,teleportedWalk,33,f,medium,always,FALSE,793354.9315351475,5829080.051,-11.96666667
berlin_a76645d7,28800,teleportedWalk,58,m,medium,always,TRUE,797571.6264283891,5829948.432589286,-11.80666667
berlin_a77f449f,28800,teleportedWalk,92,m,low,always,TRUE,793849.3096470044,5828743.423972887,-9.283333333
berlin_a79973dd,28800,teleportedWalk,11,m,medium,never,FALSE,795374.0053076313,5831376.321751155,-13.65
berlin_a7a440a7,28800,teleportedWalk,40,f,medium,always,FALSE,797952.8277548184,5830040.414670851,-13.76
berlin_a7be2fe7,28800,teleportedWalk,67,m,very_low,always,FALSE,798152.2346272622,5828579.961177295,-13.12333333
berlin_a7bf3df0,28800,teleportedWalk,13,m,high,never,FALSE,796791.2055771821,5832304.074599836,-19.36666667
berlin_a7e914ef,28800,teleportedWalk,20,m,very_low,always,FALSE,792405.2699441763,5831181.02,-20.97333333
berlin_a7fcfa81,28800,teleportedWalk,4,m,medium,never,FALSE,794617.1847920734,5831054.482,-13.03333333
berlin_a80cdfeb,28800,teleportedWalk,26,f,high,always,FALSE,794281.8275174911,5828073.004880063,-7.896666667
berlin_a81bb035,28800,teleportedWalk,29,f,high,always,FALSE,794428.1658417918,5832424.9923374625,-20.04333333
berlin_a830b2f7,28800,teleportedWalk,42,f,very_high,always,FALSE,799452.4859788409,5827140.378050729,-21.57
berlin_a84c9ae4,28800,teleportedWalk,55,f,medium,always,FALSE,797152.5353493738,5827299.919699762,-10.96333333
berlin_a86491d9,28800,teleportedWalk,32,f,very_low,always,FALSE,796313.0452314783,5831527.273656393,-14.79666667
berlin_a868143e,28800,teleportedWalk,85,m,medium,always,TRUE,795990.8402,5830798.596151622,-10.74
berlin_a880546b,28800,teleportedWalk,37,f,medium,always,FALSE,796034.726,5832138.607381271,-17.67
berlin_a89fef26,28800,teleportedWalk,22,f,low,always,FALSE,795334.5145132751,5828617.183524161,-1.736666667
berlin_a8a243a0,28800,teleportedWalk,2,m,low,never,FALSE,794972.6534667247,5830127.459728133,-7.88
berlin_a8a69ff4,28800,teleportedWalk,25,f,medium,always,FALSE,793669.0941421296,5832067.032340869,-19.98666667
berlin_a8bc6aa5,28800,teleportedWalk,61,m,low,always,FALSE,795063.6180030991,5826062.249957531,-14.35666667
berlin_a8c17a4f,28800,teleportedWalk,95,m,medium,always,TRUE,794657.0639824847,5827592.264831564,-7.933333333
berlin_a8dc11ef,28800,teleportedWalk,57,f,low,always,TRUE,797118.6084871131,5830049.266880114,-10.20666667
berlin_a8eff386,28800,teleportedWalk,26,m,high,always,FALSE,794075.6965850645,5829125.636496202,-8.32
berlin_a9033aff,28800,teleportedWalk,33,m,medium,always,FALSE,798573.0113927375,5829980.954990077,-16.53666667
berlin_a90512cf,28800,teleportedWalk,78,m,medium,always,TRUE,795919.3802700096,5830789.887,-10.63666667
berlin_a90de984,28800,teleportedWalk,51,m,high,always,FALSE,798653.6997553883,5829940.433191078,-16.84666667
berlin_a9498062,28800,teleportedWalk,24,f,low,always,FALSE,795384.9178299437,5832196.112829117,-17.89333333
berlin_a95b9f9d,28800,teleportedWalk,64,f,medium,always,FALSE,793767.0353938241,5828791.455430548,-9.71
berlin_a961c164,28800,teleportedWalk,10,m,medium,never,FALSE,798356.4482056561,5829418.607,-14.55666667
berlin_a9631e5c,28800,teleportedWalk,44,f,very_high,always,FALSE,796102.6855343999,5825676.291000948,-16.23666667
berlin_a968caa3,28800,teleportedWalk,51,f,medium,always,TRUE,797824.3824692764,5828681.201,-11.39333333
berlin_a969591d,28800,teleportedWalk,88,m,medium,always,FALSE,797891.3297173785,5830828.827072329,-15.90333333
berlin_a969be5e,28800,teleportedWalk,58,f,high,always,FALSE,799190.6439,5827124.082,-20.36
berlin_a97e05a5,28800,teleportedWalk,48,f,high,always,FALSE,797271.8792044963,5830117.728326162,-11.04666667
berlin_a9824c2a,28800,teleportedWalk,61,f,high,always,FALSE,795273.3017581934,5830915.085903871,-11.34333333
berlin_a98df7aa,28800,teleportedWalk,12,m,very_low,never,FALSE,794620.3503,5831413.451698881,-14.75333333
berlin_a9929581,28800,teleportedWalk,10,m,very_high,never,FALSE,796758.1179252265,5831328.005715873,-14.55666667
berlin_a9980d51,28800,teleportedWalk,44,m,high,always,FALSE,797808.3914272406,5829352.051662904,-11.71
berlin_a9ab7b39,28800,teleportedWalk,51,m,high,always,FALSE,799955.2791234972,5827736.814859167,-23.09
berlin_a9ba84c5,28800,teleportedWalk,46,f,medium,always,FALSE,797222.6157508858,5832220.643287153,-19.78
berlin_a9c00246,28800,teleportedWalk,39,f,high,always,FALSE,797085.1542896274,5832392.506,-20.32
berlin_a9c153e0,28800,teleportedWalk,38,f,medium,always,FALSE,795702.9021745715,5829391.188865413,-3.28
berlin_a9c33945,28800,teleportedWalk,9,m,very_high,never,FALSE,795516.9199499849,5827625.746874483,-5.946666667
berlin_a9da3cf7,28800,teleportedWalk,19,f,low,always,FALSE,795285.8105296844,5831238.377518384,-12.99333333
berlin_a9dbc13b,28800,teleportedWalk,14,m,high,never,FALSE,794340.6203525984,5830766.046459532,-12.39666667
berlin_a9f48d51,28800,teleportedWalk,84,m,medium,always,TRUE,795597.5177355248,5825928.105409442,-14.74333333
berlin_a9fa856f,28800,teleportedWalk,28,f,high,always,FALSE,797151.5086139422,5832977.252926911,-23.28666667
berlin_aa02dfa9,28800,teleportedWalk,38,f,very_low,always,FALSE,793498.7327557731,5828705.234492059,-11.11
berlin_aa07d875,28800,teleportedWalk,37,f,very_high,always,FALSE,800258.1604004425,5826878.704752674,-25.96333333
berlin_aa2bea3b,28800,teleportedWalk,48,f,medium,always,FALSE,796284.4416095603,5830713.352991245,-10.68333333
berlin_aa2ca923,28800,teleportedWalk,55,f,medium,always,FALSE,796361.8209,5826104.451253033,-14.33333333
berlin_aa33f2b5,28800,teleportedWalk,38,f,high,always,FALSE,796040.7421515116,5831688.696234501,-15.35333333
berlin_aa3f95e3,28800,teleportedWalk,19,f,medium,always,FALSE,794549.8595438165,5830780.547888141,-11.90666667
berlin_aa5af6ee,28800,teleportedWalk,46,m,medium,always,FALSE,794579.2536062975,5831392.458528033,-14.72666667
berlin_aaab12c8,28800,teleportedWalk,63,f,low,always,FALSE,799328.6607069247,5826896.169,-21.52333333
berlin_aada0a63,28800,teleportedWalk,18,f,high,always,FALSE,793653.0527515064,5828869.014,-10.31666667
berlin_aaefd9b2,28800,teleportedWalk,54,f,medium,always,FALSE,796984.5869340312,5832128.417828583,-18.85
berlin_aaf0e3f5,28800,teleportedWalk,60,m,low,always,TRUE,797647.3332237779,5831518.6966061285,-17.74
berlin_ab268ae0,28800,teleportedWalk,22,m,medium,always,FALSE,795564.0247537044,5831636.543904869,-14.94
berlin_ab32a43c,28800,teleportedWalk,51,f,very_low,always,FALSE,795183.5516064514,5828716.399395877,-2.356666667
berlin_ab88eb9b,28800,teleportedWalk,28,f,medium,always,FALSE,800109.2298134875,5826859.936368017,-25.28333333
berlin_ab94e954,28800,teleportedWalk,46,f,high,always,FALSE,795914.4876161623,5831305.9998287745,-13.29666667
berlin_ab97c6e4,28800,teleportedWalk,51,f,very_high,always,FALSE,794211.8872973765,5829090.244726413,-7.59
berlin_aba8bb79,28800,teleportedWalk,52,m,low,always,FALSE,793934.4734062968,5831939.558376331,-18.73
berlin_abb02dc4,28800,teleportedWalk,27,f,medium,always,FALSE,794876.8044657668,5829400.319510378,-5.143333333
berlin_abbc82f6,28800,teleportedWalk,32,f,medium,always,FALSE,795100.6509851117,5829265.257051731,-3.806666667
berlin_abd26ef1,28800,teleportedWalk,51,f,medium,always,FALSE,797473.6552411622,5828860.473683016,-9.573333333
berlin_abe623d7,28800,teleportedWalk,4,m,medium,never,FALSE,797849.1786995244,5832534.077474243,-22.73666667
berlin_abedadad,28800,teleportedWalk,41,f,medium,always,FALSE,793824.5924689859,5828614.240232012,-9.443333333
berlin_ac049d8a,28800,teleportedWalk,9,m,medium,never,FALSE,795507.0903977829,5827948.572131749,-4.29
berlin_ac0fd9f6,28800,teleportedWalk,38,f,low,always,FALSE,798716.4260445319,5829371.573746571,-16.33333333
berlin_ac1545f8,28800,teleportedWalk,60,f,low,always,FALSE,795059.1752068874,5825991.412249777,-14.72333333
berlin_ac199f5e,28800,teleportedWalk,80,m,low,always,FALSE,794025.5385546788,5827677.143811609,-10.09333333
berlin_ac3c26a0,28800,teleportedWalk,41,f,low,always,FALSE,797823.3351570289,5828937.189,-11.41666667
berlin_ac4286c1,28800,teleportedWalk,31,f,high,always,TRUE,797603.3574669894,5828836.702488242,-10.24333333
berlin_ac448f6f,28800,teleportedWalk,67,m,medium,always,FALSE,799294.7195260515,5828823.458129043,-19.03333333
berlin_ac4b392b,28800,teleportedWalk,41,f,medium,always,FALSE,796068.7526405511,5829325.403191984,-3.69
berlin_ac574a7f,28800,teleportedWalk,21,f,medium,always,FALSE,796166.8754242917,5829280.057871893,-3.853333333
berlin_ac65dfe4,28800,teleportedWalk,86,m,very_high,always,FALSE,795997.7492495377,5831528.294804121,-14.49666667
berlin_ac6880c7,28800,teleportedWalk,53,m,very_high,always,FALSE,797490.9407,5830102.433,-11.9
berlin_ac6d5208,28800,teleportedWalk,19,m,medium,always,FALSE,796163.8207861843,5832006.5961866705,-17.08333333
berlin_ac895f7d,28800,teleportedWalk,99,m,low,always,TRUE,795857.4102,5831630.743457877,-14.95333333
berlin_ac95ad71,28800,teleportedWalk,38,f,medium,always,TRUE,799470.8454205375,5828682.230456028,-19.95
berlin_aca05e19,28800,teleportedWalk,82,m,low,always,FALSE,799566.4538415484,5826518.219923244,-23.54333333
berlin_aca818f0,28800,teleportedWalk,5,m,medium,never,FALSE,798217.7398773448,5830266.606267281,-15.54
berlin_acc2ef99,28800,teleportedWalk,64,m,very_low,always,TRUE,796425.8197963047,5828969.647675008,-4.25
berlin_ace6f079,28800,teleportedWalk,14,m,very_low,never,FALSE,794152.6989232486,5827182.690964959,-11.26666667
berlin_acfa794f,28800,teleportedWalk,6,m,medium,never,FALSE,794806.7174822823,5830778.299,-11.32333333
berlin_ad00abd6,28800,teleportedWalk,34,m,very_high,always,FALSE,794030.4051091461,5828898.427797607,-8.37
berlin_ad362fe3,28800,teleportedWalk,48,m,medium,always,FALSE,794568.1823004597,5829026.485372342,-5.71
berlin_ad70c112,28800,teleportedWalk,11,m,low,never,FALSE,794986.9329837912,5829032.8346210625,-3.646666667
berlin_ad7bbea6,28800,teleportedWalk,32,m,high,always,TRUE,795445.8547876053,5830271.273776235,-7.9
berlin_ad7e9571,28800,teleportedWalk,74,m,medium,always,TRUE,797129.1867175598,5831313.303262546,-15.36666667
berlin_ad9901b7,28800,teleportedWalk,5,m,very_low,never,FALSE,795811.7782542217,5828424.164337992,-1.99
berlin_adb44f96,28800,teleportedWalk,56,f,medium,always,FALSE,797984.0978251984,5828713.094294271,-12.22
berlin_adbe6348,28800,teleportedWalk,33,m,very_high,always,FALSE,794915.7323241489,5828441.403915416,-4.096666667
berlin_adcd4b24,28800,teleportedWalk,36,f,very_low,always,TRUE,798492.0476772947,5829154.557847357,-14.99666667
berlin_ade55c81,28800,teleportedWalk,62,m,very_low,always,TRUE,799469.3765034418,5826356.202301508,-23.54333333
berlin_ae070947,28800,teleportedWalk,56,f,medium,always,FALSE,794348.1081406387,5828303.158119032,-7.103333333
berlin_ae08f756,28800,teleportedWalk,19,f,high,always,FALSE,794056.7591515498,5828763.958981449,-8.203333333
berlin_ae0b35c0,28800,teleportedWalk,55,f,high,always,FALSE,797917.6068596182,5830896.636346621,-16.24333333
berlin_ae121afe,28800,teleportedWalk,24,m,high,always,FALSE,796450.1661376614,5830455.308,-9.763333333
berlin_ae2b7658,28800,teleportedWalk,22,m,high,always,FALSE,793938.3863547777,5832578.358066917,-21.70666667
berlin_ae320e76,28800,teleportedWalk,67,m,medium,always,TRUE,800099.7915165671,5827977.207,-23.57333333
berlin_ae402d30,28800,teleportedWalk,37,f,high,always,FALSE,797180.1040699064,5828339.909438383,-8.33
berlin_ae467ce9,28800,teleportedWalk,55,m,medium,always,TRUE,798908.3009445949,5828987.655658382,-17.06
berlin_ae4f8d31,28800,teleportedWalk,14,m,high,never,FALSE,793826.1612070918,5829079.345848392,-9.543333333
berlin_ae568bb0,28800,teleportedWalk,35,f,high,always,FALSE,797639.9241,5832932.818241304,-24.05333333
berlin_ae73a070,28800,teleportedWalk,24,m,medium,always,TRUE,797740.5525930375,5831811.311259227,-19.26
berlin_ae8159b9,28800,teleportedWalk,65,m,very_low,always,FALSE,795681.1006326803,5832109.3017463675,-17.39666667
berlin_ae8dd449,28800,teleportedWalk,25,f,low,always,FALSE,798000.8990535005,5826948.583277737,-15.50666667
berlin_ae8f246b,28800,teleportedWalk,63,f,very_high,always,TRUE,798792.4717304175,5829409.762820059,-16.76
berlin_aea9f4eb,28800,teleportedWalk,39,f,very_high,always,FALSE,797274.4637310327,5826991.804203294,-12.55333333
berlin_aeb35958,28800,teleportedWalk,30,f,low,always,FALSE,792761.2065297489,5828658.837754152,-14.95
berlin_aebe1dc3,28800,teleportedWalk,63,m,very_high,always,FALSE,796816.5751747177,5831221.742033602,-14.18
berlin_aec62695,28800,teleportedWalk,2,m,medium,never,FALSE,795482.6957530982,5830727.888333733,-10.24333333
berlin_aec69b36,28800,teleportedWalk,64,f,high,always,FALSE,795169.2033191822,5828537.276316393,-2.69
berlin_aecc25bf,28800,teleportedWalk,75,m,medium,always,FALSE,795064.6793758143,5826133.770133743,-13.99
berlin_aed0dc4d,28800,teleportedWalk,52,f,low,always,FALSE,795063.9083956785,5829433.372,-4.573333333
berlin_aed111a2,28800,teleportedWalk,30,f,high,always,FALSE,793396.7831419895,5829004.385486653,-11.70333333
berlin_aedfb36b,28800,teleportedWalk,5,m,medium,never,FALSE,796608.0602851121,5825974.489572083,-15.36
berlin_af0b18fa,28800,teleportedWalk,23,f,low,always,FALSE,796339.1537847193,5831111.970994448,-12.74666667
berlin_af17dc30,28800,teleportedWalk,43,m,high,always,FALSE,796138.2535701441,5831804.407911152,-16.02666667
berlin_af1b064c,28800,teleportedWalk,19,f,low,always,FALSE,794758.6411,5831122.320295967,-13.08
berlin_af303990,28800,teleportedWalk,56,f,medium,always,FALSE,797203.7038,5831709.518636402,-17.35333333
berlin_af400a85,28800,teleportedWalk,67,m,medium,always,FALSE,797156.0773476991,5830265.847262944,-11.11666667
berlin_af4d114b,28800,teleportedWalk,43,m,high,always,FALSE,797470.6620869387,5828749.487974807,-9.546666667
berlin_af4de44d,28800,teleportedWalk,45,m,medium,always,FALSE,796215.6323446163,5831821.034332445,-16.18
berlin_af50f67d,28800,teleportedWalk,90,m,medium,always,FALSE,796429.5106795367,5831754.648353182,-16.09
berlin_af614938,28800,teleportedWalk,29,f,medium,always,FALSE,794936.2715613653,5828445.626749411,-3.99
berlin_af67c4ce,28800,teleportedWalk,24,f,low,always,FALSE,799632.5318340482,5827185.313726335,-22.35
berlin_af778524,28800,teleportedWalk,63,f,medium,always,FALSE,796295.8546906934,5831330.855940877,-13.78333333
berlin_af8b6453,28800,teleportedWalk,49,f,high,always,FALSE,796552.7863,5829703.831581279,-6.83
berlin_afbff816,28800,teleportedWalk,15,m,medium,never,FALSE,796877.8983082636,5829183.813058245,-6.823333333
berlin_afc24500,28800,teleportedWalk,24,f,medium,always,FALSE,794002.2915757216,5827781.338675153,-9.906666667
berlin_afd408f2,28800,teleportedWalk,72,m,low,always,FALSE,799900.1551,5827770.208592804,-22.77333333
berlin_afd72e6f,28800,teleportedWalk,47,f,high,always,FALSE,796407.3191098175,5830211.683923723,-8.533333333
berlin_afebd304,28800,teleportedWalk,53,m,low,always,TRUE,796259.7587107725,5831104.949834176,-12.6
berlin_b00262a3,28800,teleportedWalk,19,f,very_low,always,FALSE,796671.9640400859,5832105.423900182,-18.19333333
berlin_b0062887,28800,teleportedWalk,93,m,medium,always,TRUE,799687.4602777901,5826545.187389607,-24.02333333
berlin_b0071f35,28800,teleportedWalk,39,m,medium,always,FALSE,793809.0817025383,5828411.591,-9.666666667
berlin_b015ddde,28800,teleportedWalk,13,m,very_high,never,FALSE,794700.3718952439,5828492.023571314,-5.056666667
berlin_b017a8f0,28800,teleportedWalk,24,f,high,always,FALSE,799893.4136,5827778.546043699,-22.73
berlin_b03f99ea,28800,teleportedWalk,9,m,medium,never,FALSE,793315.6986130135,5828504.451768974,-12.13333333
berlin_b051c796,28800,teleportedWalk,31,f,very_low,always,FALSE,799181.2308169169,5827125.427461441,-20.31333333
berlin_b0701143,28800,teleportedWalk,40,m,medium,always,FALSE,794243.9169936461,5828229.611599256,-7.746666667
berlin_b083542b,28800,teleportedWalk,22,f,low,always,FALSE,797663.3889971934,5832189.367653952,-20.7
berlin_b088845c,28800,teleportedWalk,1,m,medium,never,FALSE,795661.0824778122,5828254.929,-2.646666667
berlin_b093c599,28800,teleportedWalk,62,f,high,always,TRUE,798663.7440160189,5829703.784655698,-16.49
berlin_b09e98d3,28800,teleportedWalk,6,m,low,never,FALSE,795708.9568844286,5827852.713272567,-4.75
berlin_b0a2a308,28800,teleportedWalk,10,m,medium,never,FALSE,798526.6747331156,5829686.382490309,-15.78333333
berlin_b0ce42d0,28800,teleportedWalk,64,f,low,always,TRUE,795117.1511456703,5830234.370011259,-8.106666667
berlin_b0ce7970,28800,teleportedWalk,35,f,very_low,always,FALSE,794069.7814,5828568.919864938,-8.2
berlin_b0d615e0,28800,teleportedWalk,45,m,very_high,always,FALSE,795003.3967371518,5830712.275938932,-10.65
berlin_b0ee08fe,28800,teleportedWalk,49,m,low,always,FALSE,797871.1317,5829143.17,-11.79333333
berlin_b0fc14b3,28800,teleportedWalk,47,f,very_low,always,FALSE,796297.2050546757,5831238.885032387,-13.32333333
berlin_b0fff0fb,28800,teleportedWalk,93,m,very_low,always,TRUE,799078.2202509118,5828900.642741276,-17.92
berlin_b10099bc,28800,teleportedWalk,2,m,very_low,never,FALSE,793406.6075103149,5828983.158455032,-11.64
berlin_b110d8f7,28800,teleportedWalk,33,m,high,always,FALSE,792922.4286419726,5828373.225971812,-14.24666667
berlin_b11f6055,28800,teleportedWalk,19,f,low,always,FALSE,794621.7609686507,5831332.686233162,-14.35666667
berlin_b143fe3a,28800,teleportedWalk,57,f,high,always,TRUE,794421.6023669326,5831537.775615747,-15.74333333
berlin_b14f5237,28800,teleportedWalk,64,f,high,always,FALSE,797840.2646411038,5829862.068492359,-12.81
berlin_b16182e5,28800,teleportedWalk,23,m,medium,always,FALSE,795856.5384711592,5831718.897015622,-15.41
berlin_b1aa3118,28800,teleportedWalk,61,m,very_high,always,FALSE,796081.2443509412,5830880.538981066,-11.24666667
berlin_b1bdfa12,28800,teleportedWalk,80,m,low,always,FALSE,794755.0544,5826166.486405562,-14.25666667
berlin_b1ccbc96,28800,teleportedWalk,19,f,very_low,always,FALSE,794848.3777,5828487.807172777,-4.33
berlin_b1cddcec,28800,teleportedWalk,13,m,medium,never,FALSE,796289.1743541647,5831521.2055020165,-14.73666667
berlin_b1dbf473,28800,teleportedWalk,58,f,very_high,always,TRUE,793738.2099474503,5828471.038,-9.976666667
berlin_b1ec2c40,28800,teleportedWalk,7,m,medium,never,FALSE,798284.7512314869,5830771.108203876,-17.28666667
berlin_b1fd54db,28800,teleportedWalk,50,f,high,always,FALSE,795890.7001429647,5830416.461,-8.696666667
berlin_b212a91e,28800,teleportedWalk,21,f,medium,always,FALSE,796782.0998151193,5829800.125319446,-8.04
berlin_b21801d0,28800,teleportedWalk,35,f,very_low,always,FALSE,793458.6378714752,5828496.408570917,-11.4
berlin_b223c34c,28800,teleportedWalk,50,f,medium,always,TRUE,795742.4074372081,5831630.013499033,-14.91333333
berlin_b2274371,28800,teleportedWalk,42,f,medium,always,FALSE,797790.4424090076,5829356.753,-11.62333333
berlin_b22cd594,28800,teleportedWalk,59,f,low,always,FALSE,797669.0901758154,5829870.408730484,-12.04
berlin_b2802081,28800,teleportedWalk,38,m,low,always,FALSE,797450.9857584728,5829700.471051437,-10.62666667
berlin_b29bc272,28800,teleportedWalk,76,m,very_high,always,FALSE,795628.6200639545,5827609.453840788,-6
berlin_b2b8dbdd,28800,teleportedWalk,45,f,medium,always,FALSE,799830.8757393092,5828039.137,-22.14333333
berlin_b2c1798a,28800,teleportedWalk,9,m,medium,never,FALSE,797036.1988723543,5832408.411723739,-20.30333333
berlin_b2cf8fa7,28800,teleportedWalk,47,m,very_high,always,FALSE,800016.5417018649,5826936.464623484,-24.68666667
berlin_b2d4f891,28800,teleportedWalk,98,m,high,always,FALSE,794834.1085,5830442.396,-9.67
berlin_b2e65724,28800,teleportedWalk,62,f,high,always,FALSE,798694.2911089659,5829615.069101426,-16.51333333
berlin_b2ee9762,28800,teleportedWalk,98,m,medium,always,FALSE,798923.0248966143,5826918.936078601,-19.60666667
berlin_b300e67a,28800,teleportedWalk,24,f,low,always,FALSE,794187.8451530789,5831194.182081709,-14.70666667
berlin_b30380d9,28800,teleportedWalk,73,m,medium,always,FALSE,797983.8496328518,5827407.013237841,-14.10666667
berlin_b30e1460,28800,teleportedWalk,74,m,medium,always,FALSE,794688.0271817818,5831285.018983932,-14.00333333
berlin_b3118b1f,28800,teleportedWalk,40,f,medium,always,FALSE,795272.0627334409,5828296.861635074,-3.073333333
berlin_b3326756,28800,teleportedWalk,65,m,very_low,always,FALSE,795997.5175,5828406.851,-2.643333333
berlin_b335cded,28800,teleportedWalk,47,f,high,always,FALSE,798661.3254643664,5828484.264414946,-15.80333333
berlin_b3462736,28800,teleportedWalk,75,m,high,always,FALSE,795622.6704475856,5828372.957985486,-2.03
berlin_b354f89c,28800,teleportedWalk,14,m,high,never,FALSE,796226.9073069242,5832094.528732636,-17.59
berlin_b38491fd,28800,teleportedWalk,29,f,medium,always,FALSE,794778.0917629332,5831219.710148406,-13.52333333
berlin_b3a1f97b,28800,teleportedWalk,44,f,very_low,always,FALSE,794725.5673900674,5828730.916776769,-4.73
berlin_b3abde64,28800,teleportedWalk,21,m,very_low,always,FALSE,793417.5076491343,5828294.0952758975,-11.78333333
berlin_b3b60146,28800,teleportedWalk,17,m,high,never,FALSE,797746.7568376281,5828715.600219739,-10.98333333
berlin_b3d611e9,28800,teleportedWalk,49,m,medium,always,FALSE,797973.8644487709,5829806.733112005,-13.31666667
berlin_b3d82ecc,28800,teleportedWalk,43,f,medium,always,FALSE,794949.5989593191,5830097.625928372,-7.796666667
berlin_b3e946b2,28800,teleportedWalk,95,m,medium,always,TRUE,796920.3535858007,5826803.138111789,-12.19
berlin_b3ff592c,28800,teleportedWalk,30,f,low,always,FALSE,798937.8285180328,5828938.760558511,-17.2
berlin_b40d8cfd,28800,teleportedWalk,93,m,medium,always,TRUE,796067.6489667775,5825945.753155463,-14.82333333
berlin_b42c314d,28800,teleportedWalk,45,m,high,always,FALSE,793427.2643995723,5828703.516086896,-11.48
berlin_b4361012,28800,teleportedWalk,40,f,very_high,always,FALSE,798294.6749362543,5828479.649704862,-13.91
berlin_b438bf48,28800,teleportedWalk,84,m,medium,always,FALSE,795150.3934922994,5828612.5642437935,-2.636666667
berlin_b43c9c46,28800,teleportedWalk,26,m,medium,always,FALSE,794378.1881612849,5828655.048409791,-6.556666667
berlin_b44f443f,28800,teleportedWalk,25,f,low,always,FALSE,796245.5281995073,5831856.511587525,-16.39
berlin_b4506754,28800,teleportedWalk,52,m,low,always,FALSE,797629.1003234059,5832242.102939171,-20.84666667
berlin_b46a10f3,28800,teleportedWalk,57,f,medium,always,TRUE,794896.6493510136,5830530.853038717,-9.956666667
berlin_b4739ad1,28800,teleportedWalk,62,m,very_high,always,FALSE,798744.8846583464,5829288.148054558,-16.4
berlin_b47abe5c,28800,teleportedWalk,58,f,low,always,FALSE,799784.1433,5826666.011109313,-24.17666667
berlin_b483e16e,28800,teleportedWalk,91,m,very_high,always,FALSE,795796.4158,5830725.508101814,-10.23333333
berlin_b484d9cd,28800,teleportedWalk,48,m,medium,always,FALSE,795350.3892653199,5830139.443841151,-7.303333333
berlin_b48a6d82,28800,teleportedWalk,88,m,low,always,FALSE,794306.1191509648,5829077.218212386,-7.096666667
berlin_b48f7c97,28800,teleportedWalk,29,m,very_low,always,TRUE,794581.1415875056,5829118.512315991,-5.78
berlin_b49207a0,28800,teleportedWalk,42,m,medium,always,FALSE,794295.9877795643,5828885.592003809,-6.986666667
berlin_b49a5425,28800,teleportedWalk,56,f,high,always,FALSE,796195.7497004743,5831991.31,-17.03333333
berlin_b4a6c2de,28800,teleportedWalk,77,m,low,always,FALSE,794809.8518309863,5830690.103900183,-10.89333333
berlin_b4b1ea29,28800,teleportedWalk,54,m,high,always,FALSE,797574.2425173798,5828217.246011151,-10.47666667
berlin_b4b640ab,28800,teleportedWalk,75,m,high,always,FALSE,798065.1738532137,5830350.161195846,-15.09
berlin_b4bd0303,28800,teleportedWalk,18,f,high,always,FALSE,798405.2712937058,5828747.304589942,-14.40666667
berlin_b4c21cc1,28800,teleportedWalk,24,f,low,always,FALSE,797456.3070544221,5832058.209997452,-19.57333333
berlin_b4cea765,28800,teleportedWalk,20,m,medium,always,FALSE,797236.4579236116,5829286.760950122,-8.76
berlin_b4dbb0ec,28800,teleportedWalk,13,m,medium,never,FALSE,796347.8135,5831174.112133442,-13.07
berlin_b4e0ab05,28800,teleportedWalk,26,m,high,always,FALSE,798711.1507283084,5829990.461595153,-17.22
berlin_b4e4a02a,28800,teleportedWalk,56,f,high,always,FALSE,797075.4092472733,5833133.531036989,-23.92333333
berlin_b50dad71,28800,teleportedWalk,48,m,medium,always,FALSE,795581.7698,5830555.959910221,-9.323333333
berlin_b5216434,28800,teleportedWalk,33,f,very_high,always,FALSE,796695.5611284906,5826046.363146353,-15.16666667
berlin_b527e089,28800,teleportedWalk,17,m,high,never,FALSE,796161.7667189861,5832144.580218459,-17.79
berlin_b5389d58,28800,teleportedWalk,34,f,medium,always,FALSE,797602.2210403022,5830258.925945962,-12.85
berlin_b550ea1e,28800,teleportedWalk,22,f,high,always,FALSE,794224.1294,5829170.39,-7.633333333
berlin_b562883e,28800,teleportedWalk,33,f,medium,always,FALSE,797331.2531482861,5831712.540107147,-17.69
berlin_b5644e1f,28800,teleportedWalk,65,m,very_low,always,FALSE,798685.7224511437,5828728.182757282,-15.86666667
berlin_b58ba4b1,28800,teleportedWalk,40,f,very_high,always,FALSE,793697.3276101267,5831983.190994632,-19.53666667
berlin_b5981a01,28800,teleportedWalk,80,m,medium,always,FALSE,793973.9187137594,5832502.627934148,-21.27333333
berlin_b5afa23b,28800,teleportedWalk,36,f,high,always,FALSE,798651.9686217679,5827294.069197644,-17.45
berlin_b5b5f164,28800,teleportedWalk,37,f,very_low,always,FALSE,797274.5084224826,5828142.8683534255,-9.116666667
berlin_b5bf52b6,28800,teleportedWalk,31,m,very_low,always,FALSE,795774.7433403393,5831598.640490759,-14.75666667
berlin_b5c55d57,28800,teleportedWalk,43,f,high,always,FALSE,798941.3105585049,5827563.833127412,-18.29
berlin_b5cd808c,28800,teleportedWalk,14,m,medium,never,FALSE,797895.2836358002,5829978.978684198,-13.34333333
berlin_b5da5aef,28800,teleportedWalk,45,f,low,always,FALSE,796859.6132393472,5832802.049213015,-21.94333333
berlin_b5de42b3,28800,teleportedWalk,2,m,high,never,FALSE,793945.7084,5826897.997,-13.08333333
berlin_b5f01510,28800,teleportedWalk,63,m,very_high,always,FALSE,795070.4408274195,5829400.6713314485,-4.423333333
berlin_b5fe55b2,28800,teleportedWalk,65,m,low,always,FALSE,796010.2895128257,5831342.833633982,-13.55
berlin_b6056d2c,28800,teleportedWalk,32,f,high,always,FALSE,793540.5506598491,5828940.378150623,-10.92666667
berlin_b60e6a3d,28800,teleportedWalk,9,m,medium,never,FALSE,796708.5604767799,5832801.807163422,-21.72666667
berlin_b612e46a,28800,teleportedWalk,19,f,very_low,always,FALSE,794578.3672449037,5831608.718933759,-15.78
berlin_b6193952,28800,teleportedWalk,86,m,high,always,FALSE,795293.4240342563,5828679.013817561,-1.826666667
berlin_b6384e72,28800,teleportedWalk,46,f,high,always,FALSE,796296.2387,5829170.6846541595,-4.036666667
berlin_b65572db,28800,teleportedWalk,35,m,medium,always,FALSE,794924.5990151197,5831157.459832713,-12.98333333
berlin_b65efd49,28800,teleportedWalk,36,m,high,always,FALSE,796227.9221608636,5831035.643531266,-12.21
berlin_b66cae54,28800,teleportedWalk,20,m,high,always,FALSE,797883.9565121625,5827321.609969028,-13.89333333
berlin_b66f0aa7,28800,teleportedWalk,29,m,very_high,always,FALSE,794766.9672263823,5829204.248100597,-5.06
berlin_b67a6d85,28800,teleportedWalk,59,f,medium,always,FALSE,794842.2537295525,5828515.489810761,-4.316666667
berlin_b67c9f96,28800,teleportedWalk,26,f,high,always,FALSE,798423.7297086183,5829740.266,-15.36333333
berlin_b6a17de9,28800,teleportedWalk,35,m,very_low,always,FALSE,796188.4491119807,5831741.941192757,-15.75
berlin_b6a7d984,28800,teleportedWalk,45,f,very_low,always,FALSE,797433.9779940305,5827709.488318617,-10.84333333
berlin_b6a859b8,28800,teleportedWalk,43,f,very_high,always,FALSE,798069.7404454713,5829464.716057898,-13.17666667
berlin_b6add5d3,28800,teleportedWalk,62,f,high,always,FALSE,795693.7362495381,5830714.788348028,-10.15
berlin_b6bf83c3,28800,teleportedWalk,47,m,high,always,FALSE,796932.7893639635,5831141.938576569,-14.08666667
berlin_b6c0a64b,28800,teleportedWalk,8,m,medium,never,FALSE,793424.1995639312,5828815.840436156,-11.49666667
berlin_b6da260c,28800,teleportedWalk,39,f,high,always,FALSE,797812.6395350747,5829166.729766304,-11.51666667
berlin_b705eb48,28800,teleportedWalk,5,m,medium,never,FALSE,794714.5806212341,5832376.640031486,-19.38666667
berlin_b70e3857,28800,teleportedWalk,54,m,high,always,FALSE,798160.7418149596,5829442.6511586765,-13.6
berlin_b715565d,28800,teleportedWalk,12,m,medium,never,FALSE,798729.4689656356,5828441.801938748,-16.17666667
berlin_b7174499,28800,teleportedWalk,31,f,medium,always,FALSE,794063.3250795412,5827529.7270642575,-10.38666667
berlin_b720d770,28800,teleportedWalk,42,m,medium,always,FALSE,793779.2441533147,5828330.099853291,-9.906666667
berlin_b722b6ac,28800,teleportedWalk,3,m,very_high,never,FALSE,796231.5471018404,5831464.764471849,-14.38333333
berlin_b73021f4,28800,teleportedWalk,19,f,medium,always,FALSE,798366.8122632378,5827308.674729926,-16.09333333
berlin_b73cd73a,28800,teleportedWalk,46,f,low,always,FALSE,798647.8579251436,5829501.184122974,-16.13
berlin_b748f80c,28800,teleportedWalk,62,f,medium,always,TRUE,799327.9018289709,5826457.231,-22.64
berlin_b75a450b,28800,teleportedWalk,31,m,very_low,always,FALSE,796297.6998881833,5831604.95,-15.17
berlin_b76d99f6,28800,teleportedWalk,15,m,high,never,FALSE,796770.1771944205,5832494.223,-20.27666667
berlin_b76db271,28800,teleportedWalk,81,m,very_high,always,FALSE,794241.6751842287,5831691.991814781,-16.86
berlin_b7715182,28800,teleportedWalk,58,m,medium,always,FALSE,798338.6709183853,5830029.138135477,-15.52333333
berlin_b7bb98f7,28800,teleportedWalk,21,m,very_high,always,FALSE,798553.5934,5829596.611,-15.78333333
berlin_b7d97e63,28800,teleportedWalk,53,f,medium,always,FALSE,798462.5597607784,5827119.848025663,-17.00666667
berlin_b8533b22,28800,teleportedWalk,42,f,high,always,FALSE,794797.5082156153,5826127.569,-14.38
berlin_b857df11,28800,teleportedWalk,44,f,medium,always,FALSE,796402.8956121578,5826072.810214913,-14.55
berlin_b879563d,28800,teleportedWalk,40,m,medium,always,FALSE,794983.3974704649,5828820.1525723515,-3.396666667
berlin_b8808504,28800,teleportedWalk,36,f,high,always,FALSE,798166.5263522858,5829445.674510549,-13.63333333
berlin_b88455c4,28800,teleportedWalk,54,f,very_high,always,FALSE,795424.9702939631,5825873.181495362,-15.07
berlin_b896be04,28800,teleportedWalk,69,m,high,always,FALSE,794555.0630203378,5830868.121990511,-12.29666667
berlin_b89a5fa4,28800,teleportedWalk,64,f,low,always,FALSE,794087.1438901261,5831442.726443048,-16.08666667
berlin_b89d4dc4,28800,teleportedWalk,24,f,very_low,always,FALSE,796630.9444790238,5831774.999386229,-16.49333333
berlin_b8c2d639,28800,teleportedWalk,52,f,medium,always,FALSE,794979.4518,5828416.080973062,-3.856666667
berlin_b8ef2f84,28800,teleportedWalk,39,f,medium,always,FALSE,798821.9815625378,5828636.365359048,-16.58666667
berlin_b8f864b5,28800,teleportedWalk,52,f,very_low,always,FALSE,793572.5200957521,5829043.2791310325,-10.82
berlin_b9009579,28800,teleportedWalk,30,m,high,always,FALSE,796725.6084106939,5832268.412334641,-19.08666667
berlin_b9263a95,28800,teleportedWalk,57,f,very_high,always,FALSE,799283.2294361927,5826543.485288693,-22.20666667
berlin_b93446b7,28800,teleportedWalk,58,f,medium,always,TRUE,797883.0818120529,5830626.201530769,-15.18
berlin_b94be71e,28800,teleportedWalk,20,m,very_low,always,FALSE,796530.6500001271,5825626.122602926,-16.96666667
berlin_b971773c,28800,teleportedWalk,51,f,low,always,FALSE,794425.6339254982,5828393.565544314,-6.573333333
berlin_b981c399,28800,teleportedWalk,38,f,high,always,FALSE,798423.4319553251,5828598.707744977,-14.52666667
berlin_b9bb1356,28800,teleportedWalk,24,f,low,always,FALSE,795114.1123931602,5825966.973071914,-14.79
berlin_b9c14e53,28800,teleportedWalk,22,m,very_low,always,FALSE,795007.8249297175,5829347.683310454,-4.453333333
berlin_b9cd2c13,28800,teleportedWalk,38,f,high,always,FALSE,796072.0657440177,5831350.113575672,-13.64
berlin_b9de6fe7,28800,teleportedWalk,20,f,very_low,always,FALSE,798738.2562438549,5829760.970382547,-16.95
berlin_b9e13408,28800,teleportedWalk,14,m,very_high,never,FALSE,796964.7876721383,5831836.6937208045,-17.41
berlin_b9e85d54,28800,teleportedWalk,6,m,very_high,never,FALSE,798349.9771,5829129.799038098,-14.24666667
berlin_b9ebdbd1,28800,teleportedWalk,8,m,high,never,FALSE,796447.5813937433,5832354.990457021,-19.14666667
berlin_b9f3f37f,28800,teleportedWalk,24,f,very_low,always,FALSE,795458.4539858324,5831909.1324011525,-16.38
berlin_b9f591a4,28800,teleportedWalk,42,f,low,always,FALSE,798286.7473201985,5829847.981630755,-14.89666667
berlin_ba25c93f,28800,teleportedWalk,64,m,very_high,always,FALSE,798878.1264,5827121.442774599,-18.90333333
berlin_ba5899e1,28800,teleportedWalk,31,f,high,always,FALSE,796711.4174442454,5830514.390979864,-10.68666667
berlin_ba62b706,28800,teleportedWalk,48,f,medium,always,TRUE,800132.2397300313,5826540.163486691,-26.08666667
berlin_ba814996,28800,teleportedWalk,15,m,low,never,FALSE,797686.5494315142,5830754.492930861,-14.86333333
berlin_ba8703c6,28800,teleportedWalk,35,m,medium,always,FALSE,794664.3064,5831296.550237969,-14.10333333
berlin_ba92eaf3,28800,teleportedWalk,53,f,high,always,FALSE,793869.0521161248,5828218.787638313,-9.606666667
berlin_ba939a6e,28800,teleportedWalk,7,m,high,never,FALSE,797896.0717462946,5829034.954327767,-11.84333333
berlin_baa2867c,28800,teleportedWalk,41,f,medium,always,FALSE,798044.0016315796,5831120.733359216,-17.52666667
berlin_bab2b9f4,28800,teleportedWalk,43,f,high,always,FALSE,799771.7698533245,5826628.147577393,-24.21
berlin_bac04eff,28800,teleportedWalk,41,m,high,always,FALSE,794682.2912828461,5827865.269,-6.806666667
berlin_bac29eab,28800,teleportedWalk,77,m,medium,always,FALSE,797325.5237892474,5828134.534890741,-9.38
berlin_bacb63fd,28800,teleportedWalk,24,m,high,always,FALSE,794217.2342,5828834.262693214,-7.376666667
berlin_bada4af6,28800,teleportedWalk,73,m,medium,always,FALSE,796162.1085908208,5831318.449343679,-13.56333333
berlin_baee39ae,28800,teleportedWalk,36,m,high,always,FALSE,797031.3965061309,5830105.525462271,-10.07
berlin_bb05ad47,28800,teleportedWalk,41,m,very_high,always,FALSE,795541.7431,5830436.464962513,-8.71
berlin_bb0ba35e,28800,teleportedWalk,17,m,low,never,FALSE,794999.7461453938,5828748.245316178,-3.3
berlin_bb1357fc,28800,teleportedWalk,45,m,high,always,FALSE,793351.8439636711,5828975.992475163,-11.92
berlin_bb3cdbba,28800,teleportedWalk,52,f,medium,always,FALSE,793932.5466427861,5828631.062126252,-8.876666667
berlin_bb484815,28800,teleportedWalk,22,m,very_low,always,FALSE,798683.0595412669,5829535.084763294,-16.35
berlin_bb5aa5dd,28800,teleportedWalk,52,m,very_low,always,FALSE,793877.7038748094,5831813.465889463,-18.3
berlin_bb5b4a89,28800,teleportedWalk,7,m,medium,never,FALSE,798205.0051320514,5830243.457471145,-15.42
berlin_bb79752b,28800,teleportedWalk,7,m,medium,never,FALSE,795836.8019750754,5831588.316971423,-14.72333333
berlin_bb8bd124,28800,teleportedWalk,58,f,high,always,FALSE,798341.0806590454,5826878.7190147005,-17.15
berlin_bbb372e6,28800,teleportedWalk,25,f,low,always,FALSE,799692.0501170866,5827985.421446817,-21.48
berlin_bbc3ffad,28800,teleportedWalk,17,m,high,never,FALSE,794445.6749278044,5828950.969293214,-6.256666667
berlin_bbd03be7,28800,teleportedWalk,58,f,high,always,FALSE,795195.4117563188,5828522.888332041,-2.603333333
berlin_bbd5499f,28800,teleportedWalk,7,m,low,never,FALSE,793767.9275928052,5828438.402292316,-9.85
berlin_bbf51147,28800,teleportedWalk,49,f,high,always,FALSE,794763.2751945654,5827634.592311658,-7.413333333
berlin_bbfe2449,28800,teleportedWalk,21,f,low,always,FALSE,797282.1694316654,5827120.990273839,-12.09666667
berlin_bbfe8ad6,28800,teleportedWalk,54,m,high,always,FALSE,797619.4646903528,5832950.758488728,-24.09333333
berlin_bc1aaa7b,28800,teleportedWalk,41,f,medium,always,FALSE,797237.2857458144,5832360.063518923,-20.47333333
berlin_bc3b8a11,28800,teleportedWalk,39,f,high,always,FALSE,799260.3284,5827175.219222007,-20.58333333
berlin_bc4af247,28800,teleportedWalk,28,m,low,always,FALSE,798338.5170384451,5830419.674097907,-16.48666667
berlin_bc54922c,28800,teleportedWalk,12,m,high,never,FALSE,798722.8265,5829733.037,-16.83
berlin_bc5e8a30,28800,teleportedWalk,7,m,very_high,never,FALSE,798765.0866103102,5828716.195726299,-16.28
berlin_bc85e3af,28800,teleportedWalk,18,f,very_low,always,FALSE,794535.9169103713,5830845.624550419,-12.24
berlin_bc9cb1fd,28800,teleportedWalk,57,f,high,always,TRUE,798613.0847278482,5828688.148932982,-15.49
berlin_bc9f7e16,28800,teleportedWalk,35,m,high,always,FALSE,799361.5496980867,5827640.638740654,-20.24
berlin_bcac2cc7,28800,teleportedWalk,33,f,very_high,always,FALSE,793472.0899,5831807.5270245755,-19.41333333
berlin_bcd96c9e,28800,teleportedWalk,41,f,high,always,FALSE,795307.7207,5832379.556183656,-18.87666667
berlin_bce985ec,28800,teleportedWalk,59,f,very_high,always,FALSE,799000.6135305652,5828934.923761205,-17.52333333
berlin_bcf79a3c,28800,teleportedWalk,4,m,very_high,never,FALSE,795275.4828101997,5832457.329851388,-19.29666667
berlin_bcf90b24,28800,teleportedWalk,34,f,medium,always,FALSE,798042.4899535081,5829837.533993343,-13.70666667
berlin_bd2fdcd9,28800,teleportedWalk,63,m,very_high,always,FALSE,799492.4511,5826551.688294878,-23.12333333
berlin_bd491575,28800,teleportedWalk,48,f,very_low,always,FALSE,796305.3569330585,5831533.954714845,-14.82
berlin_bd541231,28800,teleportedWalk,67,m,medium,always,FALSE,800064.5569,5827877.522972832,-23.49
berlin_bd5d9bb7,28800,teleportedWalk,21,f,high,always,FALSE,797286.0937017878,5827159.715759119,-11.97
berlin_bd60a563,28800,teleportedWalk,19,f,medium,always,FALSE,796841.2247525132,5832991.604474118,-22.86
berlin_bd91b1de,28800,teleportedWalk,40,m,high,always,FALSE,794745.5292319049,5830713.858507415,-11.14333333
berlin_bda922b3,28800,teleportedWalk,59,f,high,always,FALSE,798925.6165653435,5828563.353410776,-17.14333333
berlin_bdb2ebe6,28800,teleportedWalk,4,m,low,never,FALSE,795516.7415582209,5827723.218,-5.443333333
berlin_bdd7d1c4,28800,teleportedWalk,40,f,medium,always,FALSE,797392.7167845084,5833094.102762579,-24.3
berlin_bdde6b40,28800,teleportedWalk,94,m,medium,always,FALSE,794799.8787605143,5827964.880642235,-6.006666667
berlin_bded9f1f,28800,teleportedWalk,41,f,low,always,FALSE,794898.5130369344,5829179.286146534,-4.393333333
berlin_bdf09bbd,28800,teleportedWalk,19,m,very_low,always,FALSE,797865.3577424446,5830962.047080477,-16.28333333
berlin_be141ed5,28800,teleportedWalk,53,f,medium,always,FALSE,795062.6901075375,5828568.704730187,-3.14
berlin_be1bcebb,28800,teleportedWalk,4,m,high,never,FALSE,796061.7008782234,5830544.746358836,-9.523333333
berlin_be25957b,28800,teleportedWalk,30,f,very_high,always,FALSE,797287.5325257778,5827094.1173349405,-12.21666667
berlin_be32519b,28800,teleportedWalk,31,m,medium,always,FALSE,795696.2283142328,5831153.775998533,-12.43
berlin_be50c1be,28800,teleportedWalk,23,m,high,always,FALSE,797510.6124332949,5831722.764083889,-18.21666667
berlin_be52a636,28800,teleportedWalk,51,m,medium,always,FALSE,797149.6825056792,5831146.381768555,-14.68
berlin_be8471d8,28800,teleportedWalk,27,f,low,always,FALSE,798392.9908795587,5830002.2581005925,-15.72
berlin_be84c031,28800,teleportedWalk,24,m,very_low,always,FALSE,797071.6084436877,5832165.163418148,-19.2
berlin_be8afe4e,28800,teleportedWalk,29,f,medium,always,FALSE,797055.6908146907,5832933.013365765,-22.90333333
berlin_be90f674,28800,teleportedWalk,79,m,low,always,FALSE,796385.9094690331,5825860.793057821,-15.59
berlin_be91fa1b,28800,teleportedWalk,12,m,high,never,FALSE,800027.7484849684,5827801.905048359,-23.38333333
berlin_be98bd29,28800,teleportedWalk,3,m,medium,never,FALSE,795668.4300291524,5828293.547948961,-2.45
berlin_bea27824,28800,teleportedWalk,9,m,high,never,FALSE,800305.0992303255,5826594.091785137,-26.77666667
berlin_beac3113,28800,teleportedWalk,63,f,medium,always,FALSE,797337.6243002338,5831968.965400696,-18.87333333
berlin_beadb7a3,28800,teleportedWalk,5,m,very_low,never,FALSE,795180.6205,5828679.866578383,-2.4
berlin_bec7a13a,28800,teleportedWalk,46,f,medium,always,FALSE,795574.4032678974,5827844.703536196,-4.786666667
berlin_bed0fa43,28800,teleportedWalk,17,m,high,never,FALSE,797958.3570286012,5826928.515622861,-15.39666667
berlin_bed1c32f,28800,teleportedWalk,66,m,medium,always,TRUE,795666.6356842419,5832291.809648535,-18.34666667
berlin_bedae315,28800,teleportedWalk,33,f,medium,always,FALSE,793839.6357015843,5832345.896082662,-20.83333333
berlin_befda426,28800,teleportedWalk,4,m,medium,never,TRUE,794192.3583984713,5828268.100929688,-7.93
berlin_beffbb71,28800,teleportedWalk,38,f,low,always,FALSE,795914.4548771458,5831044.371720612,-11.94666667
berlin_bf14c979,28800,teleportedWalk,55,f,very_high,always,FALSE,798139.0523482175,5831141.303633432,-17.95666667
berlin_bf1731b0,28800,teleportedWalk,82,m,medium,always,FALSE,793911.8507294382,5832316.503417891,-20.53
berlin_bf3cb0db,28800,teleportedWalk,50,f,very_low,always,FALSE,794122.3089789741,5831917.074101935,-18.18333333
berlin_bf439962,28800,teleportedWalk,34,f,medium,always,FALSE,797112.4736842017,5831478.099395069,-16.07
berlin_bf443698,28800,teleportedWalk,28,m,medium,always,FALSE,795480.0698,5830337.714154415,-8.223333333
berlin_bf6b622f,28800,teleportedWalk,3,m,very_high,never,FALSE,796506.2880592755,5829932.695,-7.58
berlin_bf9b1965,28800,teleportedWalk,50,m,medium,always,FALSE,798844.7129455642,5828503.426122016,-16.74666667
berlin_bfa2c262,28800,teleportedWalk,9,m,medium,never,FALSE,797413.8461268276,5832464.560544006,-21.35
berlin_bfa4ee3c,28800,teleportedWalk,7,m,high,never,FALSE,797273.3693020539,5829304.120370112,-8.97
berlin_bfa8e0f4,28800,teleportedWalk,1,m,very_high,never,FALSE,796743.3804944799,5831973.845442792,-17.66
berlin_bfaa2078,28800,teleportedWalk,11,m,very_high,never,FALSE,795664.6277161827,5828320.731289165,-2.306666667
berlin_bfbcde80,28800,teleportedWalk,32,m,medium,always,FALSE,795568.4150859688,5828062.137087843,-3.663333333
berlin_bff1d05a,28800,teleportedWalk,7,m,high,never,FALSE,796436.8403189182,5828962.752018727,-4.296666667
berlin_c01dea05,28800,teleportedWalk,44,m,high,always,FALSE,799577.9505662756,5826948.591443659,-22.57
berlin_c01e86f9,28800,teleportedWalk,16,m,very_low,never,FALSE,798942.3742,5827341.11,-18.72333333
berlin_c028e97a,28800,teleportedWalk,93,m,very_low,always,TRUE,793814.4742195996,5827621.769448025,-11.17333333
berlin_c02e3a23,28800,teleportedWalk,42,f,very_high,always,FALSE,795149.9944331488,5830861.697240621,-11.19666667
berlin_c03a98e9,28800,teleportedWalk,49,f,medium,always,FALSE,794513.2834649817,5829146.974939352,-6.16
berlin_c03b556b,28800,teleportedWalk,59,f,low,always,FALSE,796401.0289940094,5830906.516685425,-11.83333333
berlin_c03e3427,28800,teleportedWalk,35,m,medium,always,FALSE,797686.1237640397,5829279.636671523,-10.99666667
berlin_c051646f,28800,teleportedWalk,77,m,low,always,FALSE,799011.1537163169,5828271.826858194,-17.74
berlin_c0625812,28800,teleportedWalk,51,f,medium,always,FALSE,794601.5900649353,5830978.184447993,-12.70333333
berlin_c0767834,28800,teleportedWalk,44,f,very_high,always,FALSE,795742.1484068646,5830801.7673682375,-10.61
berlin_c092d936,28800,teleportedWalk,61,m,high,always,FALSE,797655.8604571114,5832682.932621718,-22.93
berlin_c09f2118,28800,teleportedWalk,69,m,high,always,FALSE,796179.8725,5831181.163,-12.88333333
berlin_c0a26439,28800,teleportedWalk,28,f,very_high,always,FALSE,795913.0605522075,5825739.406791766,-15.79
berlin_c0b81b01,28800,teleportedWalk,22,m,high,always,FALSE,796265.8497038253,5825915.452615811,-15.17
berlin_c0c9619b,28800,teleportedWalk,59,m,high,always,TRUE,795989.5811081128,5831163.067471216,-12.61
berlin_c0cb9b26,28800,teleportedWalk,36,f,low,always,FALSE,797859.9563030903,5830565.886906353,-14.89
berlin_c0d22525,28800,teleportedWalk,58,m,high,always,FALSE,794778.4339,5828335.950345477,-4.976666667
berlin_c0d340df,28800,teleportedWalk,61,f,low,always,FALSE,794282.3203821868,5827883.5500600105,-8.39
berlin_c0df21b7,28800,teleportedWalk,18,f,medium,always,FALSE,798242.1766220841,5829132.645638525,-13.69333333
berlin_c0e5785d,28800,teleportedWalk,59,f,very_high,always,FALSE,797171.8519337286,5829209.912147525,-8.323333333
berlin_c0eb241d,28800,teleportedWalk,11,m,low,never,FALSE,794800.7431063841,5827873.644256965,-6.34
berlin_c11cc29a,28800,teleportedWalk,40,m,medium,always,FALSE,798999.3146054163,5826629.601120046,-20.71666667
berlin_c123d34b,28800,teleportedWalk,63,f,high,always,FALSE,798160.4288339394,5830801.412496634,-16.87333333
berlin_c1508642,28800,teleportedWalk,41,f,high,always,FALSE,794135.7605577428,5831281.730244957,-15.23666667
berlin_c1618258,28800,teleportedWalk,43,f,very_high,always,FALSE,797402.1146847131,5829678.739694925,-10.34666667
berlin_c162f2d9,28800,teleportedWalk,41,f,medium,always,FALSE,792859.7009856573,5828847.461102523,-14.43333333
berlin_c17fecda,28800,teleportedWalk,53,m,very_high,always,FALSE,794346.9867,5830762.449216616,-12.36333333
berlin_c1868170,28800,teleportedWalk,42,f,low,always,FALSE,796477.4181730982,5829982.015552135,-7.7
berlin_c18c8428,28800,teleportedWalk,42,m,medium,always,FALSE,793978.8076971003,5827753.518892314,-10.08333333
berlin_c191f1ac,28800,teleportedWalk,44,f,very_high,always,FALSE,797126.3631021837,5829192.068830429,-8.07
berlin_c193b356,28800,teleportedWalk,54,m,high,always,TRUE,794215.6289,5827815.831,-8.873333333
berlin_c1942399,28800,teleportedWalk,64,f,medium,always,FALSE,795672.2397943321,5828473.430639315,-1.52
berlin_c1a22a2a,28800,teleportedWalk,88,m,medium,always,TRUE,794850.8362,5831137.348983095,-12.99666667
berlin_c1ada298,28800,teleportedWalk,44,m,medium,always,FALSE,799306.861,5828858.791441797,-19.1
berlin_c1b8171c,28800,teleportedWalk,84,m,medium,always,FALSE,797171.3848752275,5832126.517,-19.22333333
berlin_c1dfe2e6,28800,teleportedWalk,13,m,medium,never,FALSE,797799.7316958986,5831757.959294217,-19.21333333
berlin_c1e4b665,28800,teleportedWalk,58,m,very_high,always,FALSE,795338.2252134294,5828549.043716048,-1.9
berlin_c2137873,28800,teleportedWalk,14,m,high,never,FALSE,796592.6483630829,5825962.970610886,-15.39
berlin_c228e523,28800,teleportedWalk,71,m,medium,always,FALSE,797874.5754723642,5828713.105943757,-11.65
berlin_c234e098,28800,teleportedWalk,23,m,very_low,always,FALSE,799723.0641173751,5826490.9819513345,-24.32333333
berlin_c23624f2,28800,teleportedWalk,52,f,medium,always,FALSE,793854.1223,5827698.111648993,-10.79
berlin_c23b1d33,28800,teleportedWalk,19,f,very_high,always,FALSE,794736.6353168271,5831066.901637848,-12.85333333
berlin_c24d8f4f,28800,teleportedWalk,56,m,very_low,always,TRUE,796348.0702354112,5832142.206345354,-17.95333333
berlin_c2675af6,28800,teleportedWalk,15,m,very_high,never,FALSE,795397.6801140872,5828457.397,-2.013333333
berlin_c28260f1,28800,teleportedWalk,32,m,very_low,always,FALSE,796661.8537,5832370.979415621,-19.50333333
berlin_c293db51,28800,teleportedWalk,20,m,high,always,FALSE,795249.0551671349,5830288.494606719,-8.176666667
berlin_c2979dc8,28800,teleportedWalk,64,f,medium,always,FALSE,796014.6188900138,5831373.788571967,-13.71333333
berlin_c2a90f95,28800,teleportedWalk,34,f,medium,always,FALSE,798361.8088244554,5829866.884397679,-15.29666667
berlin_c2a94082,28800,teleportedWalk,46,f,high,always,FALSE,794300.7598741422,5831334.617789316,-15.06
berlin_c2b8b139,28800,teleportedWalk,7,m,very_low,never,FALSE,797609.2061868722,5829540.268353348,-11.03
berlin_c2c5f4ad,28800,teleportedWalk,90,m,medium,always,TRUE,798485.4437025258,5829184.140010604,-14.98333333
berlin_c2cb2d40,28800,teleportedWalk,20,f,medium,always,FALSE,798974.8447283169,5828281.215417909,-17.54666667
berlin_c30dbfaf,28800,teleportedWalk,19,m,low,always,FALSE,793937.4703057176,5832424.813,-20.98333333
berlin_c3215c70,28800,teleportedWalk,53,f,very_low,always,TRUE,798967.9562593754,5828273.841350879,-17.51666667
berlin_c32cbfef,28800,teleportedWalk,32,f,high,always,FALSE,796213.9570516488,5831398.303121666,-14.02666667
berlin_c35755f1,28800,teleportedWalk,46,m,very_high,always,FALSE,798931.8552053135,5828489.224548152,-17.20333333
berlin_c3612152,28800,teleportedWalk,31,f,high,always,FALSE,795323.7518399018,5832342.083228398,-18.67666667
berlin_c3810168,28800,teleportedWalk,55,f,medium,always,FALSE,794145.8244461697,5828775.922350339,-7.74
berlin_c394a753,28800,teleportedWalk,40,m,high,always,FALSE,799577.2368897106,5827341.655658116,-21.79333333
berlin_c3affb16,28800,teleportedWalk,17,m,low,never,FALSE,795873.4989986566,5830976.746057829,-11.57333333
berlin_c3ba037c,28800,teleportedWalk,27,m,high,always,FALSE,795642.6972553981,5832044.801300879,-17.06
berlin_c3c119a8,28800,teleportedWalk,5,m,high,never,TRUE,798512.1928791562,5829970.481303264,-16.22333333
berlin_c3d00ae0,28800,teleportedWalk,37,f,medium,always,FALSE,798781.3219803376,5829137.679169218,-16.47666667
berlin_c3ddde63,28800,teleportedWalk,97,m,medium,always,TRUE,797785.4133611228,5831942.693001252,-19.95666667
berlin_c3defd24,28800,teleportedWalk,38,m,medium,always,FALSE,795679.6058519348,5829378.228791059,-3.203333333
berlin_c3ed4b0f,28800,teleportedWalk,51,f,medium,always,TRUE,797343.0180265142,5831848.624520631,-18.33666667
berlin_c406745b,28800,teleportedWalk,22,m,medium,always,FALSE,798270.8602191232,5829767.458823154,-14.66666667
berlin_c40d9758,28800,teleportedWalk,18,m,high,always,FALSE,796840.641,5829727.053430739,-8.023333333
berlin_c4108e0b,28800,teleportedWalk,25,f,high,always,FALSE,800292.6715793737,5826543.858949363,-26.83
berlin_c415b037,28800,teleportedWalk,56,m,medium,always,FALSE,797085.7655602542,5829471.616275396,-22.32333333
berlin_c428094e,28800,teleportedWalk,32,f,medium,always,FALSE,793749.6487494075,5829083.795442926,-9.94
berlin_c444c388,28800,teleportedWalk,25,f,high,always,FALSE,795130.1994,5829402.267782373,-4.23
berlin_c4553136,28800,teleportedWalk,35,f,high,always,FALSE,797484.3345829422,5832228.002880757,-20.42
berlin_c473aed4,28800,teleportedWalk,32,m,medium,always,FALSE,795447.6633305976,5830533.068582128,-9.25
berlin_c47a7a28,28800,teleportedWalk,2,m,very_low,never,FALSE,797517.8106443335,5829518.748853261,-10.55
berlin_c4822dbc,28800,teleportedWalk,61,f,high,always,FALSE,795661.8289944415,5832302.959395198,-18.40333333
berlin_c4a06746,28800,teleportedWalk,5,m,medium,never,FALSE,799711.1177212213,5828051.906896363,-21.51666667
berlin_c4b33e0f,28800,teleportedWalk,30,f,very_high,always,FALSE,795150.1177,5828604.184754649,-2.65
berlin_c4c249a6,28800,teleportedWalk,33,m,high,always,FALSE,798154.1839329142,5829764.9646163955,-14.09666667
berlin_c4c6f9cd,28800,teleportedWalk,51,m,low,always,FALSE,797070.7789320315,5829558.142171981,-8.533333333
berlin_c4d15306,28800,teleportedWalk,27,f,very_low,always,FALSE,797345.5817,5832322.479015893,-20.53
berlin_c4d4d32d,28800,teleportedWalk,22,f,very_low,always,FALSE,795590.9455732182,5831405.337148533,-13.73666667
berlin_c50fead9,28800,teleportedWalk,94,m,high,always,TRUE,794973.4361,5827860.154925959,-5.82
berlin_c5160ef8,28800,teleportedWalk,6,m,very_low,never,FALSE,798285.6128961055,5830223.54,-15.73666667
berlin_c52db51e,28800,teleportedWalk,9,m,medium,never,FALSE,795805.2666018519,5829175.902,-2.316666667
berlin_c530f7d2,28800,teleportedWalk,30,f,medium,always,FALSE,795784.2686945716,5830570.983629032,-9.426666667
berlin_c5485fc9,28800,teleportedWalk,37,f,high,always,FALSE,793422.1880267463,5828303.856128161,-11.75
berlin_c55bca04,28800,teleportedWalk,18,f,medium,always,FALSE,793674.5988520478,5828524.472165816,-10.26666667
berlin_c55c01b7,28800,teleportedWalk,15,m,medium,never,FALSE,796196.7464525014,5831072.979,-12.35666667
berlin_c57ebc5c,28800,teleportedWalk,39,f,very_low,always,FALSE,796471.4119402533,5831296.910096055,-13.87
berlin_c582e5ae,28800,teleportedWalk,14,m,low,never,FALSE,794010.6222332895,5831573.283279983,-16.87333333
berlin_c5873030,28800,teleportedWalk,58,m,very_high,always,FALSE,798774.6377482718,5827014.445797238,-18.69
berlin_c59b536a,28800,teleportedWalk,96,m,medium,always,TRUE,797562.7815779354,5829543.529867868,-10.81333333
berlin_c59de010,28800,teleportedWalk,29,m,very_low,always,FALSE,798784.4454189057,5826935.441710288,-18.93666667
berlin_c5a72beb,28800,teleportedWalk,32,f,very_high,always,FALSE,793807.8436495678,5827988.877477386,-10.31666667
berlin_c5ab3513,28800,teleportedWalk,29,f,medium,always,FALSE,794611.6967534359,5827940.429002125,-6.826666667
berlin_c5f16926,28800,teleportedWalk,10,m,very_low,never,FALSE,795631.1764136087,5830821.723416081,-10.7
berlin_c5f8923b,28800,teleportedWalk,60,m,medium,always,FALSE,794485.1303707175,5830719.669330071,-11.79666667
berlin_c6547230,28800,teleportedWalk,36,f,high,always,FALSE,797542.0955,5831399.256,-16.91666667
berlin_c67e354e,28800,teleportedWalk,45,f,high,always,FALSE,794462.9432721974,5828283.943559781,-6.583333333
berlin_c69a3845,28800,teleportedWalk,29,f,high,always,FALSE,794309.8519074258,5828216.626356399,-7.45
berlin_c6e6a429,28800,teleportedWalk,28,f,medium,always,FALSE,799018.3759539884,5827369.832680855,-19.02666667
berlin_c7000840,28800,teleportedWalk,50,m,low,always,FALSE,797923.1812967127,5832214.183933715,-21.53
berlin_c7032c61,28800,teleportedWalk,18,m,very_low,always,FALSE,798845.9321330755,5829464.048537075,-17.09
berlin_c7281c4e,28800,teleportedWalk,6,m,low,never,FALSE,793536.4563788685,5831775.652,-19.08666667
berlin_c748f12b,28800,teleportedWalk,25,f,high,always,FALSE,798294.9960503259,5829306.443529972,-14.11666667
berlin_c74b69b5,28800,teleportedWalk,99,m,medium,always,FALSE,797620.9887740061,5830117.050251962,-12.49666667
berlin_c750dbb3,28800,teleportedWalk,31,f,medium,always,FALSE,798841.9728536676,5828706.342447611,-16.68
berlin_c76745f8,28800,teleportedWalk,52,m,very_high,always,FALSE,796374.1289235008,5831746.324412373,-15.97666667
berlin_c769eb55,28800,teleportedWalk,10,m,low,never,FALSE,796112.8471732254,5825729.005,-15.97333333
berlin_c76d61c6,28800,teleportedWalk,30,f,low,always,FALSE,799593.2590003232,5826383.971681344,-24.01666667
berlin_c76e6a4e,28800,teleportedWalk,86,m,low,always,FALSE,796470.1875540979,5830118.875192264,-8.276666667
berlin_c7832921,28800,teleportedWalk,11,m,very_high,never,FALSE,796508.8845077832,5832156.429144971,-18.21666667
berlin_c7a03e49,28800,teleportedWalk,48,m,high,always,FALSE,795482.3198,5830339.880382051,-8.233333333
berlin_c7a0db6b,28800,teleportedWalk,1,m,very_low,never,FALSE,794557.9413916799,5831211.751,-13.90333333
berlin_c7a9bf4f,28800,teleportedWalk,58,m,medium,always,FALSE,795366.2723632433,5830076.748055394,-6.966666667
berlin_c7bd1660,28800,teleportedWalk,13,m,very_high,never,FALSE,793716.0076120737,5832127.751651905,-20.13666667
berlin_c7c083c0,28800,teleportedWalk,33,f,medium,always,FALSE,797172.7175359568,5830021.053894544,-10.33
berlin_c7c1da0f,28800,teleportedWalk,45,f,high,always,FALSE,794180.0560984741,5827876.182288843,-8.86
berlin_c7c2c74a,28800,teleportedWalk,42,f,low,always,FALSE,794153.2807829406,5827153.050119353,-11.37666667
berlin_c7d06d1d,28800,teleportedWalk,53,f,high,always,FALSE,797319.2960214657,5831282.89,-15.75666667
berlin_c7dabc70,28800,teleportedWalk,24,m,very_low,always,FALSE,797577.6667429532,5831810.465875385,-18.79
berlin_c7e0b898,28800,teleportedWalk,48,f,medium,always,FALSE,793479.1279,5829127.936899185,-11.36666667
berlin_c7e14c62,28800,teleportedWalk,7,m,high,never,FALSE,796391.1719680072,5831131.846002297,-12.92666667
berlin_c7ed011b,28800,teleportedWalk,41,f,high,always,FALSE,795637.4145198422,5831698.718309226,-15.26
berlin_c7f44a02,28800,teleportedWalk,12,m,medium,never,FALSE,796833.3382413518,5830507.932225923,-11.00333333
berlin_c7f65f16,28800,teleportedWalk,43,f,medium,always,FALSE,799907.3912896333,5828287.793720566,-22.35333333
berlin_c8000a99,28800,teleportedWalk,44,f,high,always,FALSE,795078.3366426161,5826092.814391058,-14.18666667
berlin_c811bc45,28800,teleportedWalk,19,m,very_low,always,FALSE,794847.0745519557,5830069.272701734,-7.926666667
berlin_c82b19ae,28800,teleportedWalk,45,m,high,always,FALSE,795992.7672915081,5831403.012628836,-13.84666667
berlin_c839c934,28800,teleportedWalk,29,m,medium,always,FALSE,793420.6912057828,5828422.196729105,-11.64666667
berlin_c84856fa,28800,teleportedWalk,40,m,very_low,always,FALSE,793555.1851286103,5829097.737522663,-10.95
berlin_c85b4416,28800,teleportedWalk,45,f,medium,always,FALSE,796630.3302,5831683.105,-16.03666667
berlin_c8761c04,28800,teleportedWalk,79,m,low,always,FALSE,796462.8966127927,5831302.668486522,-13.88666667
berlin_c882c563,28800,teleportedWalk,12,m,medium,never,FALSE,799014.4724379657,5827353.275887885,-19.04333333
berlin_c88e1d49,28800,teleportedWalk,5,m,medium,never,FALSE,793866.9286488541,5832481.472983025,-21.40333333
berlin_c890c353,28800,teleportedWalk,40,f,medium,always,FALSE,795704.748,5825835.024,-15.23333333
berlin_c8aedb23,28800,teleportedWalk,98,m,medium,always,TRUE,795374.2435211913,5831057.356811746,-12.00333333
berlin_c8b2c510,28800,teleportedWalk,51,f,medium,always,FALSE,796244.4442602347,5832232.690062174,-18.31333333
berlin_c8b7fea0,28800,teleportedWalk,97,m,medium,always,FALSE,795617.81,5827994.540279131,-4
berlin_c8c407d8,28800,teleportedWalk,21,m,very_low,always,FALSE,796196.3530806131,5829242.841250256,-3.836666667
berlin_c8c58584,28800,teleportedWalk,32,m,medium,always,FALSE,799257.8452598222,5827039.646,-20.86333333
berlin_c8d86550,28800,teleportedWalk,7,m,high,never,FALSE,795745.7932120836,5825865.934152557,-15.07666667
berlin_c8f1ba75,28800,teleportedWalk,53,m,very_high,always,FALSE,797808.7336611324,5832083.056178581,-20.63
berlin_c8fa91b4,28800,teleportedWalk,44,f,low,always,FALSE,795815.7774100422,5828110.8156385105,-3.523333333
berlin_c91d4f53,28800,teleportedWalk,36,f,medium,always,FALSE,794611.8639122916,5830844.112068519,-12.05333333
berlin_c9296a8e,28800,teleportedWalk,41,f,high,always,FALSE,796266.4070207498,5829612.072048353,-5.5
berlin_c92a91d2,28800,teleportedWalk,8,m,high,never,FALSE,794962.7693725077,5832166.637,-18.03666667
berlin_c93fb90f,28800,teleportedWalk,62,m,medium,always,FALSE,797003.2487693683,5832148.173801502,-18.98333333
berlin_c961c6ee,28800,teleportedWalk,32,f,high,always,FALSE,795412.3783824989,5830373.683,-8.45
berlin_c96be02e,28800,teleportedWalk,53,m,very_high,always,FALSE,793494.2085,5828755.176,-11.13
berlin_c981bde3,28800,teleportedWalk,70,m,medium,always,TRUE,793480.5298775625,5831825.917774409,-19.46666667
berlin_c9ab0a35,28800,teleportedWalk,51,m,very_high,always,FALSE,794096.9758780198,5831314.443296109,-15.48666667
berlin_c9d15bff,28800,teleportedWalk,20,m,low,always,FALSE,799000.4102035476,5827369.43,-18.94333333
berlin_c9ee395a,28800,teleportedWalk,45,f,medium,always,FALSE,796283.0421445889,5831147.5793189565,-12.84333333
berlin_c9f41b52,28800,teleportedWalk,7,m,high,never,FALSE,794550.7517390298,5831686.235,-16.20666667
berlin_c9f684a9,28800,teleportedWalk,81,m,medium,always,FALSE,795431.9687450076,5828080.334528871,-3.706666667
berlin_ca0d3bb6,28800,teleportedWalk,19,m,high,always,FALSE,794270.8925427401,5831222.308577784,-14.61666667
berlin_ca1a4493,28800,teleportedWalk,97,m,high,always,FALSE,795757.9781029345,5831492.4138276335,-14.20333333
berlin_ca277d8b,28800,teleportedWalk,57,m,very_high,always,FALSE,797648.3718466491,5830838.824703786,-15.03333333
berlin_ca28e4a7,28800,teleportedWalk,40,f,very_high,always,FALSE,793672.4370778407,5832087.167593617,-20.06666667
berlin_ca2f8514,28800,teleportedWalk,58,f,medium,always,FALSE,794516.5859146666,5828312.519529104,-6.266666667
berlin_ca3493a1,28800,teleportedWalk,29,f,high,always,FALSE,798111.7651240192,5830472.375799583,-15.64666667
berlin_ca3ea780,28800,teleportedWalk,55,f,high,always,FALSE,797159.8056888261,5826667.1476507215,-13.48
berlin_ca40ddc5,28800,teleportedWalk,59,m,medium,always,FALSE,799498.9915061217,5826910.151281031,-22.28666667
berlin_ca69ead3,28800,teleportedWalk,45,f,low,always,FALSE,797556.3710253562,5832897.958054927,-23.70666667
berlin_ca727bd5,28800,teleportedWalk,28,m,high,always,FALSE,794725.3465994677,5829171.460903943,-5.18
berlin_ca8378c8,28800,teleportedWalk,68,m,medium,always,TRUE,796496.1945519818,5829318.295434989,-5.326666667
berlin_ca8d6ca0,28800,teleportedWalk,17,m,medium,never,FALSE,794059.3197,5831993.739149039,-18.68666667
berlin_cabae169,28800,teleportedWalk,34,f,high,always,FALSE,796212.9909481367,5826478.712288392,-12.25666667
berlin_cac4ccb0,28800,teleportedWalk,26,f,high,always,FALSE,794145.7419741624,5830807.953,-13.15
berlin_cae576f1,28800,teleportedWalk,48,m,very_high,always,FALSE,796071.8701264386,5830711.309797323,-10.37666667
berlin_caf091c1,28800,teleportedWalk,67,m,medium,always,FALSE,796297.2711605687,5826087.421806078,-14.33666667
berlin_cb060cca,28800,teleportedWalk,45,f,medium,always,FALSE,797900.5804698606,5826783.304294766,-15.64666667
berlin_cb37dcca,28800,teleportedWalk,34,f,very_low,always,FALSE,798411.1103809916,5828603.255303538,-14.46
berlin_cb3a9ef3,28800,teleportedWalk,18,f,very_low,always,FALSE,795209.6212507726,5829473.299501547,-4.3
berlin_cb3df875,28800,teleportedWalk,27,f,medium,always,FALSE,794739.7149023049,5828546.475988362,-4.786666667
berlin_cb5282cb,28800,teleportedWalk,3,m,high,never,TRUE,799266.0769279499,5826592.508341718,-22
berlin_cb68b3aa,28800,teleportedWalk,96,m,medium,always,FALSE,793821.2548245786,5832059.833316413,-19.56
berlin_cb7c4165,28800,teleportedWalk,51,m,very_high,always,FALSE,797895.1006182735,5828063.363780639,-12.30333333
berlin_cb932678,28800,teleportedWalk,11,m,high,never,FALSE,797164.0144749656,5829113.789929341,-8.156666667
berlin_cb978de3,28800,teleportedWalk,32,m,medium,always,FALSE,796177.0390880263,5831532.577,-14.67
berlin_cbcb1316,28800,teleportedWalk,41,m,medium,always,FALSE,794385.5080088411,5829276.244546409,-7.02
berlin_cbcd2c09,28800,teleportedWalk,81,m,high,always,FALSE,794114.0461878034,5831299.314370462,-15.37333333
berlin_cbd6cdd9,28800,teleportedWalk,14,m,high,never,FALSE,797663.7342967036,5831402.939244112,-17.31
berlin_cc026f2c,28800,teleportedWalk,27,f,very_low,always,FALSE,798098.3405418518,5829250.176087552,-13.05666667
berlin_cc0d0788,28800,teleportedWalk,21,f,low,always,FALSE,794870.3265785304,5830810.569697822,-11.36
berlin_cc0d4ed1,28800,teleportedWalk,59,m,very_low,always,FALSE,793704.5688484663,5831813.713777086,-18.76666667
berlin_cc12d562,28800,teleportedWalk,14,m,high,never,FALSE,797202.6971969674,5832313.286569904,-20.17666667
berlin_cc1c88e0,28800,teleportedWalk,36,m,very_high,always,FALSE,796573.3559,5830211.815307348,-8.973333333
berlin_cc23ba6e,28800,teleportedWalk,31,f,high,always,FALSE,794768.8340084255,5828480.775702368,-4.733333333
berlin_cc3794fb,28800,teleportedWalk,22,f,very_low,always,FALSE,795781.3976620177,5830471.811354479,-8.913333333
berlin_cc385335,28800,teleportedWalk,44,f,high,always,FALSE,797756.5248071902,5830047.162084168,-12.89333333
berlin_cc3c968e,28800,teleportedWalk,30,f,low,always,FALSE,798675.8760072868,5829048.526126851,-15.88333333
berlin_cc400e3a,28800,teleportedWalk,28,f,medium,always,FALSE,795662.4820603719,5829407.6161959525,-3.35
berlin_cc4e748e,28800,teleportedWalk,59,f,medium,always,FALSE,793518.8312583726,5828478.917590677,-11.1
berlin_cc757952,28800,teleportedWalk,29,f,medium,always,FALSE,799452.9473,5827149.426,-21.55666667
berlin_cc7f2d1f,28800,teleportedWalk,22,f,very_low,always,FALSE,795433.3889228901,5831202.079244627,-12.72
berlin_cc87807a,28800,teleportedWalk,42,f,medium,always,TRUE,798187.2488257838,5829055.477994287,-13.35666667
berlin_cc9029f0,28800,teleportedWalk,54,f,low,always,TRUE,799056.0135443432,5828623.338009993,-17.80333333
berlin_cc91fa90,28800,teleportedWalk,53,m,medium,always,FALSE,796046.3052494397,5828812.183903961,-2.153333333
berlin_cc99f123,28800,teleportedWalk,41,f,medium,always,FALSE,799819.0168530605,5828327.857597427,-21.87333333
berlin_cca92113,28800,teleportedWalk,66,m,low,always,FALSE,799787.1849475186,5827936.790467757,-22.01666667
berlin_ccaa8037,28800,teleportedWalk,4,m,low,never,TRUE,794359.5785714479,5829230.653825608,-7.06
berlin_ccae5a64,28800,teleportedWalk,37,f,high,always,FALSE,796827.4288350805,5832948.189,-22.62333333
berlin_ccb71ef0,28800,teleportedWalk,36,f,very_low,always,FALSE,798184.8088672954,5828549.580602349,-13.30666667
berlin_ccc197ec,28800,teleportedWalk,7,m,high,never,FALSE,799910.8248128445,5828060.756384738,-22.53333333
berlin_ccea3150,28800,teleportedWalk,50,f,very_low,always,FALSE,795272.8150969266,5831363.043772206,-13.64666667
berlin_ccef4a03,28800,teleportedWalk,42,f,high,always,FALSE,795000.1280004885,5828561.943570328,-3.46
berlin_ccf16316,28800,teleportedWalk,19,f,low,always,FALSE,796796.7134492528,5831331.183443094,-14.65333333
berlin_ccf45896,28800,teleportedWalk,8,m,very_high,never,FALSE,797071.0202468667,5833092.938372325,-23.71666667
berlin_ccfd80cd,28800,teleportedWalk,35,f,high,always,FALSE,795324.5132259765,5825982.374709693,-14.55
berlin_cd1acf6d,28800,teleportedWalk,27,f,very_high,always,FALSE,794149.4206630576,5827124.405059455,-11.5
berlin_cd28ea06,28800,teleportedWalk,46,f,high,always,FALSE,796085.4583750386,5830704.698724316,-10.36
berlin_cd3280aa,28800,teleportedWalk,63,f,very_high,always,FALSE,799780.9009305225,5826935.993199705,-23.56
berlin_cd361b39,28800,teleportedWalk,11,m,very_low,never,FALSE,796399.6329321364,5825734.2978129415,-16.24666667
berlin_cd4314ef,28800,teleportedWalk,43,m,very_high,always,FALSE,796372.9544060295,5830553.298534208,-10.06333333
berlin_cd4587d8,28800,teleportedWalk,74,m,very_low,always,FALSE,793955.8226938051,5832591.362412046,-21.73333333
berlin_cd6ceb5c,28800,teleportedWalk,46,m,medium,always,FALSE,795414.0596975011,5830084.116538832,-6.96
berlin_cd8b6c0a,28800,teleportedWalk,20,m,medium,always,FALSE,796079.3104646472,5830516.644941458,-9.403333333
berlin_cdacbeca,28800,teleportedWalk,20,f,medium,always,FALSE,794300.8314343297,5832308.140845338,-19.69
berlin_cdc3a016,28800,teleportedWalk,67,m,very_high,always,FALSE,794932.5206419155,5829290.996179873,-4.563333333
berlin_cdce7293,28800,teleportedWalk,35,m,low,always,TRUE,794785.2993584934,5826046.753326529,-14.8
berlin_cdf0633b,28800,teleportedWalk,8,m,medium,never,FALSE,796382.7233527369,5831719.741351264,-15.85333333
berlin_cdf74c7b,28800,teleportedWalk,19,f,very_low,always,FALSE,795634.9007669382,5828250.558,-2.666666667
berlin_cdf98fc4,28800,teleportedWalk,19,m,medium,always,FALSE,795831.1617079057,5830884.005865637,-11.07
berlin_cdf9e953,28800,teleportedWalk,53,f,high,always,FALSE,796539.3060778425,5829359.955809158,-5.633333333
berlin_ce026633,28800,teleportedWalk,26,f,very_high,always,FALSE,796291.9261396327,5831414.355718676,-14.2
berlin_ce15b6fd,28800,teleportedWalk,30,f,medium,always,FALSE,799875.7020380863,5827916.465238447,-22.48666667
berlin_ce2e0d7d,28800,teleportedWalk,51,f,high,always,FALSE,797992.8301033567,5830246.129296573,-14.48333333
berlin_ce517ad1,28800,teleportedWalk,52,f,medium,always,FALSE,794073.1613948114,5831263.976382493,-15.32666667
berlin_ce680b5f,28800,teleportedWalk,64,f,high,always,FALSE,796374.4344975267,5825745.727521363,-16.15666667
berlin_ce6e54d8,28800,teleportedWalk,21,f,high,always,FALSE,797693.366,5828995.850898423,-10.77
berlin_ce7ab8e8,28800,teleportedWalk,19,f,very_low,always,FALSE,798202.5421248125,5831001.307612118,-17.71
berlin_ceb9a421,28800,teleportedWalk,56,m,low,always,FALSE,796530.0148464114,5831816.522888673,-16.54
berlin_cec26049,28800,teleportedWalk,62,f,medium,always,TRUE,798719.4181118876,5829189.630820659,-16.19
berlin_cef84800,28800,teleportedWalk,65,m,medium,always,FALSE,796697.5340935715,5826583.921642026,-12.61
berlin_cf119c59,28800,teleportedWalk,56,f,medium,always,FALSE,797338.5092789519,5828941.122729243,-8.906666667
berlin_cf14271b,28800,teleportedWalk,21,f,high,always,FALSE,796335.9290038026,5825700.485324684,-16.34
berlin_cf1a89b4,28800,teleportedWalk,36,f,medium,always,TRUE,797125.3382103856,5829426.562730738,-8.483333333
berlin_cf2370fc,28800,teleportedWalk,77,m,low,always,FALSE,793534.6891,5828842.365159298,-10.92666667
berlin_cf3d9ce3,28800,teleportedWalk,55,m,high,always,TRUE,798593.2774390492,5829194.634924904,-15.54666667
berlin_cf54c667,28800,teleportedWalk,30,m,low,always,FALSE,798450.3826549859,5829606.087501527,-15.28
berlin_cf5b4494,28800,teleportedWalk,62,m,low,always,TRUE,796098.9336378393,5829075.142354499,-2.906666667
berlin_cf71a4f9,28800,teleportedWalk,7,m,high,never,FALSE,796125.9788770778,5831391.108484102,-13.89666667
berlin_cf7662ab,28800,teleportedWalk,22,f,very_low,always,FALSE,797322.8953020356,5829038.193102698,-8.893333333
berlin_cf7ec7e2,28800,teleportedWalk,71,m,very_high,always,TRUE,798358.4842,5829123.296391836,-14.28666667
berlin_cf8298bc,28800,teleportedWalk,68,m,high,always,FALSE,797689.1936552132,5829351.979,-11.11
berlin_cf9b4213,28800,teleportedWalk,68,m,low,always,TRUE,798976.2898289686,5828395.5992240915,-17.48
berlin_cfaaedfc,28800,teleportedWalk,25,f,very_low,always,FALSE,798547.2525485074,5828752.771,-15.14333333
berlin_cfb20237,28800,teleportedWalk,14,m,medium,never,FALSE,796147.3771537198,5832065.037129401,-17.37
berlin_cfb20936,28800,teleportedWalk,28,f,very_low,always,FALSE,799260.7602532282,5826738.882251646,-21.59333333
berlin_cfb3af52,28800,teleportedWalk,38,f,medium,always,FALSE,796769.8404,5831512.548319477,-15.46333333
berlin_cfbb0f53,28800,teleportedWalk,40,m,medium,always,FALSE,798223.7293457728,5829316.362904089,-13.76333333
berlin_cfbd0581,28800,teleportedWalk,26,f,medium,always,FALSE,797747.3198635064,5829338.353222471,-11.38333333
berlin_cfc7a80d,28800,teleportedWalk,89,m,high,always,FALSE,795867.1111520333,5830583.153047436,-9.536666667
berlin_cfcba338,28800,teleportedWalk,34,f,medium,always,FALSE,798564.5249,5828958.157889912,-15.26666667
berlin_cfe1132b,28800,teleportedWalk,35,f,very_high,always,FALSE,794792.1620135518,5829209.130334243,-4.953333333
berlin_cfe55e72,28800,teleportedWalk,96,m,high,always,FALSE,793404.6524551909,5828348.916993561,-11.79333333
berlin_d03b6c67,28800,teleportedWalk,62,f,medium,always,FALSE,797567.4571930997,5831576.459924817,-17.74333333
berlin_d06fc1ad,28800,teleportedWalk,31,f,very_low,always,FALSE,794798.2218826484,5831037.053526692,-12.59333333
berlin_d079bfd0,28800,teleportedWalk,43,m,medium,always,FALSE,793922.4970585352,5828947.687272815,-8.953333333
berlin_d08b749a,28800,teleportedWalk,23,f,medium,always,FALSE,798790.3318093928,5826797.301985398,-19.33333333
berlin_d09ec386,28800,teleportedWalk,33,f,very_low,always,FALSE,797934.4648423914,5830884.301378526,-16.26666667
berlin_d0a3a259,28800,teleportedWalk,4,m,very_low,never,FALSE,798281.7531865623,5829071.521037451,-13.85666667
berlin_d0b63372,28800,teleportedWalk,11,m,medium,never,FALSE,794142.8078605676,5832227.248647698,-19.60666667
berlin_d0b9813b,28800,teleportedWalk,19,f,medium,always,FALSE,796215.3594157245,5825783.687620013,-15.78666667
berlin_d0c3407d,28800,teleportedWalk,68,m,medium,always,FALSE,793936.5244322622,5828420.776317438,-9.006666667
berlin_d0fa4695,28800,teleportedWalk,53,m,high,always,FALSE,800248.5320253771,5826714.601234121,-26.25
berlin_d110ff0f,28800,teleportedWalk,90,m,high,always,FALSE,799310.3786048845,5827055.172577124,-21.07666667
berlin_d1288b99,28800,teleportedWalk,51,f,medium,always,FALSE,798110.5623334462,5830341.741321588,-15.26666667
berlin_d12aae26,28800,teleportedWalk,18,f,medium,always,FALSE,795388.4646229761,5830005.116838684,-6.58
berlin_d131e849,28800,teleportedWalk,15,m,very_high,never,FALSE,798030.8289480351,5830034.291471768,-14.10333333
berlin_d13cc4d7,28800,teleportedWalk,35,f,low,always,FALSE,793964.2164,5832573.572,-21.63
berlin_d140b49f,28800,teleportedWalk,63,m,high,always,FALSE,797883.1178521035,5831324.886804615,-17.72
berlin_d1432757,28800,teleportedWalk,68,m,medium,always,FALSE,799081.9972468212,5828961.132745249,-17.95333333
berlin_d1498a5c,28800,teleportedWalk,30,f,low,always,FALSE,797711.5833187785,5829045.651,-10.89666667
berlin_d14a4865,28800,teleportedWalk,52,f,very_low,always,FALSE,798763.8230365514,5829512.578154769,-16.73
berlin_d16ed802,28800,teleportedWalk,19,m,low,always,FALSE,798391.4991524939,5828455.447641106,-14.42333333
berlin_d175018d,28800,teleportedWalk,88,m,medium,always,FALSE,795000.5198248326,5831434.06,-14.27
berlin_d18183d2,28800,teleportedWalk,26,m,low,always,TRUE,799660.5919699739,5826931.873878785,-23
berlin_d192042d,28800,teleportedWalk,21,f,very_low,always,FALSE,798906.2262,5827736.422254723,-17.83
berlin_d197296e,28800,teleportedWalk,66,m,medium,always,FALSE,799421.1210446621,5826621.789818057,-22.62
berlin_d19bf16f,28800,teleportedWalk,30,m,high,always,FALSE,797760.6147541457,5830067.2598625375,-12.96666667
berlin_d1abfea3,28800,teleportedWalk,94,m,medium,always,FALSE,799617.0419609193,5828617.857858247,-20.72
berlin_d1b0d7a9,28800,teleportedWalk,35,f,medium,always,FALSE,794390.6498727417,5829237.090533982,-6.92
berlin_d1bc1542,28800,teleportedWalk,89,m,low,always,FALSE,798313.7562531054,5830385.357963818,-16.28333333
berlin_d1bc71ab,28800,teleportedWalk,36,m,very_low,always,FALSE,795604.9233792954,5828026.721657965,-3.833333333
berlin_d1ec93cd,28800,teleportedWalk,20,f,very_low,always,FALSE,794232.4502624045,5831132.977854276,-14.31333333
berlin_d1f98db9,28800,teleportedWalk,9,m,very_high,never,FALSE,794336.4539715461,5832539.678626067,-20.76
berlin_d2006609,28800,teleportedWalk,39,f,very_high,always,FALSE,798676.6513499347,5829104.658,-15.91666667
berlin_d2079d81,28800,teleportedWalk,8,m,very_low,never,FALSE,798357.3367883773,5827015.951,-16.82333333
berlin_d20ff660,28800,teleportedWalk,24,f,very_low,always,FALSE,798137.3243956601,5826883.545868303,-16.27666667
berlin_d232d0de,28800,teleportedWalk,14,m,high,never,FALSE,795568.2720559326,5825855.632645949,-15.12333333
berlin_d257f095,28800,teleportedWalk,59,m,high,always,FALSE,795153.7662061651,5829074.110130552,-2.973333333
berlin_d2696fb1,28800,teleportedWalk,15,m,high,never,FALSE,796806.8936647577,5832898.143946712,-22.34333333
berlin_d26f1b04,28800,teleportedWalk,42,f,medium,always,FALSE,798819.1727576042,5829459.2466603555,-16.94666667
berlin_d277ea0c,28800,teleportedWalk,22,f,medium,always,FALSE,799843.8739570503,5827809.894047736,-22.44
berlin_d2942056,28800,teleportedWalk,42,f,low,always,FALSE,797658.1952462536,5831720.304468923,-18.63
berlin_d2cc121a,28800,teleportedWalk,97,m,very_low,always,TRUE,795583.9058705885,5825942.479010348,-14.67
berlin_d2cce830,28800,teleportedWalk,54,f,medium,always,FALSE,798679.0538256783,5826788.240227108,-18.87
berlin_d2e3d0cf,28800,teleportedWalk,37,f,very_high,always,FALSE,796403.0908353054,5825677.7270486215,-16.53666667
berlin_d2f81cd0,28800,teleportedWalk,37,f,medium,always,FALSE,800129.2375811338,5826475.298063305,-26.22666667
berlin_d302b0d6,28800,teleportedWalk,2,m,very_high,never,FALSE,797099.6135718501,5832925.426730454,-22.94
berlin_d302f4f7,28800,teleportedWalk,87,m,medium,always,FALSE,795224.2018730846,5832406.701030855,-19.06
berlin_d3510ae9,28800,teleportedWalk,25,f,low,always,FALSE,795468.6495,5828392.331803234,-2.113333333
berlin_d3581cc8,28800,teleportedWalk,16,m,high,never,FALSE,797710.7594641282,5831412.836267041,-17.5
berlin_d35df86c,28800,teleportedWalk,45,f,high,always,FALSE,794590.8414030927,5830808.220410339,-11.93666667
berlin_d37f208e,28800,teleportedWalk,23,m,medium,always,FALSE,795063.0409,5829422.331798516,-4.533333333
berlin_d393523b,28800,teleportedWalk,13,m,high,never,FALSE,794188.6362761239,5827924.595206489,-8.693333333
berlin_d395a799,28800,teleportedWalk,37,f,medium,always,FALSE,798574.3606473705,5829852.109667188,-16.3
berlin_d3a255f6,28800,teleportedWalk,2,m,very_low,never,FALSE,795561.0454029132,5827579.676777612,-6.166666667
berlin_d3a742fe,28800,teleportedWalk,95,m,medium,always,FALSE,798538.3191901955,5830163.971524824,-16.76
berlin_d3b1c80a,28800,teleportedWalk,42,f,medium,always,FALSE,795495.6920529363,5828349.498619241,-2.27
berlin_d3b4f1cd,28800,teleportedWalk,41,f,low,always,FALSE,794266.2684568736,5832020.044509248,-18.36666667
berlin_d3c027ad,28800,teleportedWalk,25,m,low,always,FALSE,796684.0547692064,5832326.848952123,-19.31333333
berlin_d3de2813,28800,teleportedWalk,46,f,very_high,always,FALSE,793931.8174260575,5827708.996,-10.41333333
berlin_d40169cd,28800,teleportedWalk,54,f,very_low,always,FALSE,797287.5799283165,5830133.008522294,-11.16
berlin_d402c54e,28800,teleportedWalk,21,f,medium,always,FALSE,796543.5460761196,5832050.913971771,-17.73333333
berlin_d408478a,28800,teleportedWalk,3,m,medium,never,FALSE,793754.4202223618,5831726.813666593,-18.24666667
berlin_d411fdb1,28800,teleportedWalk,34,f,medium,always,FALSE,795323.9118925538,5830131.752626854,-7.293333333
berlin_d4121335,28800,teleportedWalk,60,m,high,always,FALSE,797079.5203362433,5831005.117747035,-13.86666667
berlin_d4176ca6,28800,teleportedWalk,48,f,very_low,always,FALSE,799074.6728280494,5828775.697757313,-17.88666667
berlin_d427bd33,28800,teleportedWalk,29,f,medium,always,FALSE,793823.8225182646,5827914.409171656,-10.4
berlin_d429d377,28800,teleportedWalk,35,m,medium,always,FALSE,795427.7434339197,5830717.431306468,-10.21333333
berlin_d42c717d,28800,teleportedWalk,22,f,medium,always,FALSE,798739.0318,5829207.858758084,-16.30666667
berlin_d467ae20,28800,teleportedWalk,15,m,medium,never,FALSE,796519.1824404388,5832058.102905254,-17.73666667
berlin_d46f62e8,28800,teleportedWalk,57,f,medium,always,FALSE,797140.3758,5831627.119834284,-16.82
berlin_d4869af5,28800,teleportedWalk,58,f,medium,always,TRUE,797582.4214,5831355.782287721,-16.85666667
berlin_d496e0c9,28800,teleportedWalk,34,f,very_low,always,FALSE,794944.1981258964,5830112.291712785,-7.876666667
berlin_d4bb1a55,28800,teleportedWalk,8,m,very_high,never,FALSE,797921.8644064255,5826803.3079557745,-15.66333333
berlin_d4d26c00,28800,teleportedWalk,55,m,high,always,FALSE,797020.6644163093,5828126.1216097595,-7.933333333
berlin_d4e10c63,28800,teleportedWalk,34,f,medium,always,FALSE,795713.1488366679,5831372.105967651,-13.56666667
berlin_d4f1fd2b,28800,teleportedWalk,9,m,high,never,FALSE,797006.2532,5831214.565346524,-14.60333333
berlin_d4fe08c0,28800,teleportedWalk,71,m,very_low,always,TRUE,799648.1604855969,5826900.976255685,-23.00666667
berlin_d52543ec,28800,teleportedWalk,37,f,medium,always,FALSE,798067.3228631788,5829164.635875142,-12.82
berlin_d536998c,28800,teleportedWalk,38,m,very_high,always,FALSE,794280.7222473384,5829085.125003611,-7.233333333
berlin_d5416505,28800,teleportedWalk,32,f,medium,always,FALSE,796167.7719924535,5831876.212961273,-16.42
berlin_d554ebcf,28800,teleportedWalk,82,m,medium,always,FALSE,793838.4456563869,5828277.513575671,-9.673333333
berlin_d55fab0b,28800,teleportedWalk,30,f,medium,always,FALSE,799000.5888019183,5828713.244978966,-17.50333333
berlin_d5750369,28800,teleportedWalk,58,f,medium,always,TRUE,796672.6820178055,5826085.888286917,-14.93333333
berlin_d57a4147,28800,teleportedWalk,30,m,very_low,always,FALSE,794677.2564820991,5831380.592153807,-14.48666667
berlin_d592ae4b,28800,teleportedWalk,2,m,very_low,never,FALSE,798394.3638104282,5827278.9,-16.29333333
berlin_d5aad015,28800,teleportedWalk,45,f,high,always,FALSE,797967.4326712597,5830697.164825742,-15.75333333
berlin_d5adeff1,28800,teleportedWalk,67,m,medium,always,FALSE,797140.9545167664,5831623.672737795,-16.80666667
berlin_d5b3f608,28800,teleportedWalk,37,f,high,always,FALSE,799832.2681366571,5827781.987942586,-22.41666667
berlin_d5c0e3c9,28800,teleportedWalk,41,f,very_low,always,FALSE,796050.4190917867,5830973.307,-11.69
berlin_d5c1a2ec,28800,teleportedWalk,45,m,low,always,FALSE,797964.0925177261,5830017.699714431,-13.75666667
berlin_d5c2048b,28800,teleportedWalk,18,m,medium,always,FALSE,795510.7665,5830619.122662252,-9.666666667
berlin_d5c8b629,28800,teleportedWalk,53,f,high,always,FALSE,795972.4190486285,5826163.2543536285,-13.63333333
berlin_d5e6cd30,28800,teleportedWalk,41,m,medium,always,FALSE,794715.0616084554,5830948.714840507,-12.32666667
berlin_d5fed51a,28800,teleportedWalk,61,m,high,always,FALSE,793373.7754,5829093.7649259735,-11.88
berlin_d6028c60,28800,teleportedWalk,26,f,very_low,always,FALSE,795562.6490402506,5830681.582288759,-9.976666667
berlin_d614c7ea,28800,teleportedWalk,33,f,low,always,FALSE,799377.8529108609,5826407.194493596,-23
berlin_d624fa51,28800,teleportedWalk,32,f,high,always,FALSE,798534.2145200183,5829988.739351184,-16.36666667
berlin_d6250d5e,28800,teleportedWalk,55,m,medium,always,FALSE,797972.2782667258,5829239.668314649,-12.40333333
berlin_d637d9d4,28800,teleportedWalk,51,f,medium,always,FALSE,795846.5085672957,5831799.557513328,-15.82333333
berlin_d63d4bcc,28800,teleportedWalk,45,f,medium,always,FALSE,793801.9686376008,5827995.619324474,-10.33
berlin_d64ccb94,28800,teleportedWalk,9,m,very_low,never,FALSE,797521.2071920845,5828841.637018025,-9.816666667
berlin_d6566214,28800,teleportedWalk,71,m,medium,always,FALSE,794108.8634792366,5828704.584,-7.936666667
berlin_d666775d,28800,teleportedWalk,36,f,very_high,always,FALSE,795509.3813417037,5827682.820791938,-5.656666667
berlin_d66b525c,28800,teleportedWalk,29,f,medium,always,FALSE,799664.5556,5826772.690620505,-23.37333333
berlin_d680e4e4,28800,teleportedWalk,34,m,medium,always,FALSE,798774.2519014277,5829752.209131386,-17.11333333
berlin_d692ca3b,28800,teleportedWalk,55,f,very_high,always,FALSE,794837.1247152709,5827947.7263785815,-5.93
berlin_d6a9c8d1,28800,teleportedWalk,64,f,very_low,always,TRUE,799554.2456909708,5826466.438842299,-23.62333333
berlin_d6c0a839,28800,teleportedWalk,48,m,low,always,FALSE,796063.0006152843,5831035.151725545,-12.01666667
berlin_d6e6e2b5,28800,teleportedWalk,25,m,medium,always,FALSE,794224.0275110751,5828102.748273538,-8.1
berlin_d6fa5167,28800,teleportedWalk,19,f,very_high,always,FALSE,794364.1396085256,5832325.582902676,-19.66333333
berlin_d6fb23b4,28800,teleportedWalk,59,m,low,always,FALSE,796424.6750381954,5831284.8878021985,-13.73666667
berlin_d7090285,28800,teleportedWalk,38,f,low,always,FALSE,794643.3409220034,5831429.952239495,-14.79
berlin_d72c21cb,28800,teleportedWalk,44,f,high,always,FALSE,794597.1594333053,5831375.9830133915,-14.61333333
berlin_d72f1ca5,28800,teleportedWalk,45,f,high,always,FALSE,797090.1513027292,5828279.871861577,-7.973333333
berlin_d7303232,28800,teleportedWalk,24,m,high,always,FALSE,795326.3820572632,5830194.049952122,-7.606666667
berlin_d74125dc,28800,teleportedWalk,60,f,high,always,FALSE,797924.6124586279,5830543.695825307,-15.08
berlin_d750b9ed,28800,teleportedWalk,63,f,high,always,FALSE,795780.5541771232,5831603.875781028,-14.78666667
berlin_d75156c6,28800,teleportedWalk,67,m,low,always,TRUE,794020.9756538031,5828716.331932954,-8.393333333
berlin_d7621887,28800,teleportedWalk,34,m,medium,always,FALSE,797551.1822915691,5832812.391120554,-23.29
berlin_d7639ce9,28800,teleportedWalk,45,f,high,always,FALSE,797784.2033919133,5830725.882692886,-15.13333333
berlin_d768d42d,28800,teleportedWalk,64,m,very_high,always,FALSE,796345.5053189164,5825742.262554891,-16.14
berlin_d76d392b,28800,teleportedWalk,13,m,medium,never,FALSE,795580.2399450969,5828069.088680989,-3.62
berlin_d76f3e2b,28800,teleportedWalk,6,m,high,never,FALSE,794026.722,5827712.958,-9.986666667
berlin_d7706aed,28800,teleportedWalk,24,f,high,always,FALSE,793387.3455457811,5828779.614400086,-11.68333333
berlin_d775fbc3,28800,teleportedWalk,51,m,high,always,FALSE,796417.9064340626,5831138.745,-13.00333333
berlin_d7797686,28800,teleportedWalk,44,m,very_low,always,FALSE,795330.4483118862,5829998.522798136,-6.61
berlin_d77f5887,28800,teleportedWalk,25,f,very_low,always,TRUE,797127.1552371458,5829193.530983671,-8.073333333
berlin_d78a1a1f,28800,teleportedWalk,27,f,medium,always,FALSE,795604.2697957515,5827845.836694905,-4.773333333
berlin_d7b29089,28800,teleportedWalk,33,f,very_low,always,FALSE,798653.4063805677,5829106.6172596775,-15.79666667
berlin_d7ca09e0,28800,teleportedWalk,30,f,high,always,FALSE,795396.7478653034,5831245.939484199,-12.96333333
berlin_d7d24e4e,28800,teleportedWalk,62,f,very_low,always,FALSE,793602.8107175648,5828155.910850351,-11.02666667
berlin_d7d69c07,28800,teleportedWalk,18,f,medium,always,FALSE,799187.8662473246,5826717.219434838,-21.32
berlin_d7f19032,28800,teleportedWalk,54,m,low,always,FALSE,794910.4358035407,5830000.541475879,-7.45
berlin_d7f1dfb5,28800,teleportedWalk,3,m,medium,never,FALSE,793930.3628741186,5828272.007077169,-9.223333333
berlin_d7fa08e7,28800,teleportedWalk,21,f,medium,always,FALSE,794029.5719204099,5827756.735152731,-9.85
berlin_d805eebc,28800,teleportedWalk,78,m,medium,always,FALSE,794762.0456996299,5828401.586835695,-4.91
berlin_d8113f1f,28800,teleportedWalk,18,m,medium,always,FALSE,794580.3805,5831072.595948348,-13.19666667
berlin_d8121a65,28800,teleportedWalk,34,f,very_high,always,FALSE,794020.1342146192,5830871.805021128,-13.80666667
berlin_d8129c29,28800,teleportedWalk,12,m,medium,never,FALSE,795929.9354747647,5828556.719158928,-1.873333333
berlin_d8156568,28800,teleportedWalk,42,f,high,always,FALSE,796200.0560278108,5831207.844811079,-13.04333333
berlin_d81bfaf6,28800,teleportedWalk,53,f,high,always,FALSE,794229.2732118588,5830880.151537307,-13.21
berlin_d82733c2,28800,teleportedWalk,64,f,low,always,FALSE,800040.551,5828007.324293906,-23.24333333
berlin_d83374c7,28800,teleportedWalk,18,f,low,always,FALSE,797442.1292326768,5826927.321696183,-13.39666667
berlin_d85627d9,28800,teleportedWalk,35,f,medium,always,FALSE,793638.4601201126,5828870.569681744,-10.39333333
berlin_d85c00db,28800,teleportedWalk,48,f,medium,always,FALSE,797480.7547466066,5832019.178,-19.46
berlin_d85eb772,28800,teleportedWalk,57,f,low,always,FALSE,793787.8111562935,5828989.2508450225,-9.673333333
berlin_d8726c19,28800,teleportedWalk,65,m,low,always,TRUE,799374.2403277959,5826646.9113215795,-22.34333333
berlin_d87ed233,28800,teleportedWalk,19,f,low,always,FALSE,796453.3359945649,5831278.679713318,-13.75
berlin_d89c425f,28800,teleportedWalk,8,m,medium,never,FALSE,796361.4253230949,5830323.284,-8.946666667
berlin_d8a4a905,28800,teleportedWalk,39,m,medium,always,FALSE,795339.6794525365,5830180.564683418,-7.523333333
berlin_d8b4e37c,28800,teleportedWalk,21,m,very_low,always,FALSE,796215.2491228497,5826000.426783195,-14.68
berlin_d8c1bba2,28800,teleportedWalk,18,f,very_low,always,FALSE,798241.7987146294,5826840.333,-16.84666667
berlin_d8e3bcd1,28800,teleportedWalk,26,m,very_low,always,FALSE,798034.5900772581,5828694.532642676,-12.48333333
berlin_d8e77b06,28800,teleportedWalk,63,m,medium,always,FALSE,794083.3050005499,5828631.283845762,-8.093333333
berlin_d8e8486b,28800,teleportedWalk,38,m,medium,always,FALSE,799397.9717480225,5827183.093578821,-21.22333333
berlin_d9022576,28800,teleportedWalk,44,f,very_low,always,FALSE,796868.8558142779,5832171.700111338,-18.84666667
berlin_d904e578,28800,teleportedWalk,36,f,high,always,FALSE,795789.6892702552,5826090.698097851,-13.92
berlin_d926e9a0,28800,teleportedWalk,61,m,high,always,FALSE,797330.8275498471,5831524.539,-16.84666667
berlin_d94cebdc,28800,teleportedWalk,42,f,high,always,FALSE,795668.5773137757,5829374.135618362,-3.176666667
berlin_d973f348,28800,teleportedWalk,30,f,medium,always,FALSE,795007.6130234271,5830199.064105293,-8.143333333
berlin_d9752e68,28800,teleportedWalk,29,f,very_low,always,FALSE,797501.4761764187,5828216.725746465,-10.11333333
berlin_d97791b9,28800,teleportedWalk,72,m,high,always,FALSE,797171.7496588938,5833152.714,-24.18
berlin_d9b62fd3,28800,teleportedWalk,3,m,medium,never,FALSE,794184.6085823472,5828075.237,-8.346666667
berlin_d9b7fdfd,28800,teleportedWalk,18,m,low,always,FALSE,794125.2793,5827654.892958796,-9.736666667
berlin_d9f60b07,28800,teleportedWalk,36,f,medium,always,FALSE,794487.1251,5828462.940782527,-6.166666667
berlin_da0f6cab,28800,teleportedWalk,42,f,medium,always,FALSE,795901.2470105994,5831465.168,-14.11333333
berlin_da255215,28800,teleportedWalk,37,f,medium,always,FALSE,798616.6208413909,5826816.063066131,-18.52
berlin_da42f157,28800,teleportedWalk,30,m,medium,always,FALSE,796084.8496392462,5825960.514634514,-14.76333333
berlin_da74ab89,28800,teleportedWalk,18,f,low,always,FALSE,799706.8780850358,5826789.134271766,-23.53333333
berlin_da9778f4,28800,teleportedWalk,11,m,medium,never,FALSE,796188.1370068281,5831621.608082911,-15.13666667
berlin_daa35c96,28800,teleportedWalk,48,f,very_low,always,FALSE,798242.5693819539,5829396.287996358,-13.95333333
berlin_dab88060,28800,teleportedWalk,33,f,medium,always,FALSE,793629.8354852526,5828727.139618143,-10.42666667
berlin_daca61e9,28800,teleportedWalk,7,m,medium,never,FALSE,798246.6181956545,5829755.353665131,-14.52666667
berlin_dacdfea9,28800,teleportedWalk,12,m,medium,never,FALSE,795616.3741175809,5830774.106439912,-10.45333333
berlin_daceb114,28800,teleportedWalk,53,m,medium,always,FALSE,794721.2184949424,5831158.692668743,-13.32666667
berlin_dad94d35,28800,teleportedWalk,42,f,high,always,FALSE,794305.2819564007,5831386.389,-15.28666667
berlin_dadc2668,28800,teleportedWalk,64,m,very_high,always,FALSE,798002.6291506982,5829551.066196278,-12.97333333
berlin_dae49de5,28800,teleportedWalk,34,f,medium,always,FALSE,796867.1271924163,5832643.406768727,-21.16666667
berlin_dae795ae,28800,teleportedWalk,36,f,medium,always,FALSE,798531.4332333112,5829044.752966518,-15.13333333
berlin_db030233,28800,teleportedWalk,23,f,low,always,FALSE,794359.5612206748,5831028.332824509,-13.51333333
berlin_db297657,28800,teleportedWalk,28,f,medium,always,FALSE,794003.6902880336,5827679.832640378,-10.18
berlin_db36d4b9,28800,teleportedWalk,47,m,high,always,FALSE,799793.0466586074,5827697.239723076,-22.32333333
berlin_db48d60c,28800,teleportedWalk,19,m,medium,always,FALSE,798596.0764363895,5829007.171927422,-15.45
berlin_db4a56a7,28800,teleportedWalk,55,f,medium,always,FALSE,793574.1283,5832247.494339197,-21.04666667
berlin_db52c242,28800,teleportedWalk,34,m,medium,always,FALSE,794471.2703279513,5832306.031734693,-19.38666667
berlin_db62f840,28800,teleportedWalk,61,m,high,always,FALSE,798044.0829931097,5828566.417138819,-12.57
berlin_db6487b4,28800,teleportedWalk,59,f,medium,always,FALSE,796215.8093361952,5825800.347835957,-15.7
berlin_db664ba2,28800,teleportedWalk,19,m,low,always,FALSE,796384.5808712925,5825902.173968901,-15.38
berlin_db6788c6,28800,teleportedWalk,9,m,medium,never,FALSE,799027.9377609116,5827667.296319615,-18.54333333
berlin_db7162f7,28800,teleportedWalk,21,f,high,always,FALSE,795920.3266110818,5830540.593784792,-9.356666667
berlin_db719e01,28800,teleportedWalk,82,m,medium,always,FALSE,800078.8421384753,5827448.303004853,-24.1
berlin_db72785b,28800,teleportedWalk,12,m,medium,never,FALSE,793953.6861871677,5828817.870123046,-8.743333333
berlin_db93afe2,28800,teleportedWalk,81,m,high,always,TRUE,797778.9928822803,5826622.672,-15.75666667
berlin_db9dd63c,28800,teleportedWalk,20,m,medium,always,FALSE,796389.0587391363,5831886.367646751,-16.70333333
berlin_dba5e85e,28800,teleportedWalk,81,m,medium,always,FALSE,795324.8804443888,5828171.567,-3.473333333
berlin_dba6c55c,28800,teleportedWalk,31,m,low,always,FALSE,796949.4098323623,5832765.644652406,-21.90333333
berlin_dbc80b91,28800,teleportedWalk,56,f,high,always,FALSE,797407.2198735555,5831363.030862054,-16.36
berlin_dbd80dae,28800,teleportedWalk,64,f,high,always,FALSE,794683.4739268387,5828511.235139417,-5.116666667
berlin_dbdde520,28800,teleportedWalk,64,f,medium,always,FALSE,799041.0343833064,5828504.069518087,-17.76333333
berlin_dbf971b6,28800,teleportedWalk,64,m,high,always,FALSE,793472.4979,5828925.154273225,-11.27333333
berlin_dc065e1a,28800,teleportedWalk,73,m,medium,always,FALSE,793749.5233458003,5832029.104,-19.60333333
berlin_dc204bfc,28800,teleportedWalk,14,m,high,never,FALSE,796676.7003,5832528.9951620735,-20.31333333
berlin_dc31e92a,28800,teleportedWalk,7,m,very_high,never,FALSE,798208.3747998814,5830249.543922138,-15.45333333
berlin_dc36f0d8,28800,teleportedWalk,19,f,very_low,always,FALSE,795057.8603445911,5829402.545437471,-4.473333333
berlin_dc4a0991,28800,teleportedWalk,57,f,medium,always,FALSE,796385.0671,5830880.517824359,-11.67666667
berlin_dc51927d,28800,teleportedWalk,21,f,high,always,FALSE,793410.6331791168,5828836.052525547,-11.57
berlin_dc529a91,28800,teleportedWalk,42,f,medium,always,FALSE,798657.6506588988,5829195.8423306225,-15.87666667
berlin_dc52b5bb,28800,teleportedWalk,26,f,low,always,FALSE,797086.4136670787,5831742.828302504,-17.23
berlin_dc5e37de,28800,teleportedWalk,21,m,low,always,FALSE,797307.9401,5831680.624652211,-17.48333333
berlin_dc6bdb11,28800,teleportedWalk,22,f,high,always,FALSE,794248.8345259116,5832223.102992865,-19.37666667
berlin_dc7fc573,28800,teleportedWalk,94,m,medium,always,TRUE,797382.8837284185,5831728.516,-17.89666667
berlin_dc84dd7d,28800,teleportedWalk,29,f,high,always,FALSE,792701.5972795119,5828714.392254581,-15.25333333
berlin_dcb4ed18,28800,teleportedWalk,60,f,very_low,always,FALSE,799334.5675147169,5828801.497956894,-19.24
berlin_dcb5cd60,28800,teleportedWalk,14,m,low,never,FALSE,799608.1242497653,5828679.298943409,-20.66666667
berlin_dcbe4ced,28800,teleportedWalk,24,f,very_low,always,FALSE,794527.2195282863,5830789.357067345,-12.00333333
berlin_dcc075a2,28800,teleportedWalk,90,m,very_low,always,TRUE,798919.9571560094,5828810.452294741,-17.08333333
berlin_dcd0982f,28800,teleportedWalk,33,f,low,always,FALSE,795652.8752,5828236.628335815,-2.74
berlin_dcd9b04c,28800,teleportedWalk,66,m,high,always,FALSE,798669.8590468939,5829201.209088879,-15.94333333
berlin_dce7507c,28800,teleportedWalk,63,m,low,always,FALSE,797977.2443153138,5829228.531472406,-12.41666667
berlin_dcebe16f,28800,teleportedWalk,66,m,low,always,FALSE,794583.3645475028,5828781.918442135,-5.466666667
berlin_dcedfc7d,28800,teleportedWalk,25,m,high,always,FALSE,794658.2767213988,5831357.666519158,-14.41
berlin_dcf7b290,28800,teleportedWalk,58,m,very_high,always,FALSE,794818.3499569513,5830719.005488386,-11.01666667
berlin_dcf9aeb8,28800,teleportedWalk,22,f,high,always,FALSE,796538.2248766067,5825916.863955412,-15.53
berlin_dd275324,28800,teleportedWalk,55,m,high,always,FALSE,797830.664,5828743.817028577,-11.41666667
berlin_dd2b1712,28800,teleportedWalk,47,m,high,always,FALSE,793590.4750673377,5828946.558226628,-10.67
berlin_dd340ec6,28800,teleportedWalk,82,m,medium,always,FALSE,794590.5548240198,5831023.204931211,-12.94
berlin_dd3eee9f,28800,teleportedWalk,32,m,high,always,FALSE,797335.2516552812,5831594.473423644,-17.17
berlin_dd3f087d,28800,teleportedWalk,77,m,medium,always,FALSE,796181.5753641757,5831429.501774565,-14.15
berlin_dd47b487,28800,teleportedWalk,63,m,high,always,FALSE,797995.7361399387,5829865.466568351,-13.54666667
berlin_dd51c09c,28800,teleportedWalk,97,m,very_low,always,TRUE,794769.5868619492,5827967.408107498,-6.113333333
berlin_dd6d574c,28800,teleportedWalk,40,f,very_high,always,FALSE,797295.9917557095,5831777.066383134,-17.89
berlin_dd782b43,28800,teleportedWalk,60,m,high,always,FALSE,794662.7269956963,5829301.913323873,-5.776666667
berlin_dd926fc1,28800,teleportedWalk,44,f,low,always,FALSE,799336.1839920334,5826802.630445699,-21.78
berlin_dd94ae5b,28800,teleportedWalk,28,f,very_high,always,FALSE,797173.7747304712,5831847.540205702,-17.92
berlin_ddaa8500,28800,teleportedWalk,22,m,medium,always,FALSE,796815.4406,5831322.811239425,-14.65333333
berlin_ddc34579,28800,teleportedWalk,84,m,medium,always,FALSE,794508.2482131938,5831925.801990912,-17.45333333
berlin_ddf4aa62,28800,teleportedWalk,26,f,very_low,always,FALSE,798136.7767,5829807.266008786,-14.09666667
berlin_ddfd1eea,28800,teleportedWalk,35,m,medium,always,FALSE,800146.3035607694,5826512.417699899,-26.21666667
berlin_ddff2e2a,28800,teleportedWalk,17,m,medium,never,FALSE,798310.3715,5829838.219313855,-14.99333333
berlin_de17859b,28800,teleportedWalk,74,m,very_high,always,FALSE,799977.3402865169,5826868.462235767,-24.63666667
berlin_de2bed4f,28800,teleportedWalk,34,m,low,always,FALSE,797803.1108024139,5829830.265175275,-12.56333333
berlin_de305b33,28800,teleportedWalk,47,m,medium,always,FALSE,795733.2263538991,5832145.708,-17.59333333
berlin_de4bcef2,28800,teleportedWalk,23,f,high,always,FALSE,794994.9254431895,5831498.869,-14.60333333
berlin_de5d5725,28800,teleportedWalk,60,f,high,always,FALSE,798505.5416254104,5829833.024164227,-15.93
berlin_dea3a14a,28800,teleportedWalk,91,m,medium,always,FALSE,797079.1759834639,5831304.523391181,-15.19666667
berlin_deacb287,28800,teleportedWalk,64,m,very_low,always,FALSE,794824.9330240386,5830791.960490157,-11.35333333
berlin_debc59a0,28800,teleportedWalk,40,m,very_low,always,FALSE,799263.5292515664,5828722.745901116,-18.87
berlin_decf326e,28800,teleportedWalk,22,f,medium,always,FALSE,798961.3186357114,5827574.922031037,-18.37
berlin_ded11ee0,28800,teleportedWalk,18,f,medium,always,FALSE,797601.2173,5832275.956973645,-20.93
berlin_defca4f1,28800,teleportedWalk,57,f,very_high,always,FALSE,797330.6648468073,5828897.500273393,-8.846666667
berlin_df166941,28800,teleportedWalk,23,f,low,always,FALSE,797051.8850164311,5830151.447455703,-10.31333333
berlin_df1772f7,28800,teleportedWalk,71,m,medium,always,TRUE,797647.5393964085,5832795.004544027,-23.43
berlin_df35c6ef,28800,teleportedWalk,31,m,high,always,FALSE,795953.2251762724,5826071.159318721,-14.09666667
berlin_df3b26aa,28800,teleportedWalk,57,f,medium,always,FALSE,799002.5806,5828526.899243266,-17.55333333
berlin_df3b6b94,28800,teleportedWalk,36,f,low,always,FALSE,796998.2153643111,5832069.651,-18.59333333
berlin_df3d2bf7,28800,teleportedWalk,83,m,high,always,FALSE,797567.6564790783,5830094.615300629,-12.20333333
berlin_df4ed68a,28800,teleportedWalk,12,m,low,never,FALSE,798467.2514953354,5828731.910082894,-14.73
berlin_df4ffde1,28800,teleportedWalk,26,f,very_low,always,FALSE,796600.1446,5831977.189267599,-17.44666667
berlin_df590dc6,28800,teleportedWalk,4,m,very_high,never,FALSE,796116.9252212755,5832048.516719398,-17.26333333
berlin_df6196ff,28800,teleportedWalk,48,m,very_high,always,FALSE,793333.5542318474,5828332.515689632,-12.17333333
berlin_df682cf1,28800,teleportedWalk,59,f,very_high,always,FALSE,798766.9011651215,5826725.552313447,-19.43
berlin_df6943f2,28800,teleportedWalk,72,m,low,always,FALSE,796998.8260251033,5831703.957,-16.85333333
berlin_df886fd3,28800,teleportedWalk,74,m,medium,always,FALSE,799992.2524779534,5828438.480492672,-22.72
berlin_dfadf465,28800,teleportedWalk,36,m,low,always,FALSE,797120.9986024286,5829488.624920749,-8.596666667
berlin_dfaff4c7,28800,teleportedWalk,34,f,low,always,FALSE,798634.4788395008,5830032.202096178,-16.93333333
berlin_dfbcb5dc,28800,teleportedWalk,39,m,low,always,FALSE,795467.9679613365,5830341.918073112,-8.25
berlin_dfd7cd3d,28800,teleportedWalk,19,m,low,always,FALSE,798686.9885666221,5829198.508712254,-16.03
berlin_e004a420,28800,teleportedWalk,39,f,very_high,always,FALSE,795481.4767166974,5831115.733340226,-12.25333333
berlin_e015eec4,28800,teleportedWalk,46,f,very_high,always,FALSE,799597.9601,5826668.807680175,-23.31
berlin_e03a5ff1,28800,teleportedWalk,76,m,medium,always,FALSE,798910.0590127483,5827561.349256713,-18.14333333
berlin_e0673ccb,28800,teleportedWalk,35,m,medium,always,FALSE,799339.3153771171,5827154.863,-21
berlin_e06992f7,28800,teleportedWalk,5,m,very_high,never,FALSE,797827.1481764622,5829319.344512854,-11.76
berlin_e069c1a7,28800,teleportedWalk,61,f,medium,always,FALSE,794135.8518690099,5827565.872401593,-9.976666667
berlin_e0788875,28800,teleportedWalk,56,f,low,always,FALSE,794742.8842713143,5828549.542375186,-4.766666667
berlin_e0831f2b,28800,teleportedWalk,70,m,high,always,FALSE,794511.9571428474,5832419.866531916,-19.88666667
berlin_e090f5a9,28800,teleportedWalk,64,m,very_high,always,FALSE,797990.4580955266,5830880.602755683,-16.46666667
berlin_e09517ab,28800,teleportedWalk,16,m,very_high,never,FALSE,796245.2985646704,5831023.352043994,-12.17
berlin_e096cf23,28800,teleportedWalk,48,m,medium,always,FALSE,796170.8679,5825888.284425044,-15.21
berlin_e0983d5e,28800,teleportedWalk,45,f,medium,always,FALSE,799894.9782051621,5827738.921,-22.78333333
berlin_e0e297fd,28800,teleportedWalk,57,f,medium,always,FALSE,798667.8278415385,5829533.574039189,-16.27
berlin_e0f04dc4,28800,teleportedWalk,41,f,very_high,always,FALSE,795095.7166482852,5830777.132334919,-10.83666667
berlin_e0fe559c,28800,teleportedWalk,47,m,medium,always,FALSE,798902.2338619808,5827713.339346941,-17.84666667
berlin_e10db4af,28800,teleportedWalk,50,f,medium,always,FALSE,798051.0744085009,5830427.119450777,-15.25333333
berlin_e1109335,28800,teleportedWalk,2,m,very_low,never,FALSE,797193.4557945548,5831174.076859163,-14.92333333
berlin_e110d1a0,28800,teleportedWalk,37,m,high,always,FALSE,794194.6841666747,5828638.950094403,-7.513333333
berlin_e1171ca0,28800,teleportedWalk,85,m,low,always,FALSE,795584.5929063401,5831216.744749885,-12.75666667
berlin_e118956c,28800,teleportedWalk,62,m,low,always,TRUE,794815.1454105519,5828513.320802573,-4.453333333
berlin_e121941d,28800,teleportedWalk,59,m,medium,always,TRUE,797597.0624212383,5831800.944122468,-18.80333333
berlin_e1327bbb,28800,teleportedWalk,31,f,low,always,FALSE,795545.5652252175,5830505.313319237,-9.066666667
berlin_e13751f4,28800,teleportedWalk,68,m,medium,always,FALSE,795352.9636608742,5831811.548220331,-15.91333333
berlin_e1375937,28800,teleportedWalk,29,f,medium,always,FALSE,793100.9550947177,5828950.661145547,-13.21
berlin_e13b8e62,28800,teleportedWalk,3,m,very_low,never,FALSE,797342.5866,5832437.294795807,-21.06333333
berlin_e14bd761,28800,teleportedWalk,62,f,medium,always,FALSE,793628.1744352421,5828405.923672812,-10.59666667
berlin_e16f69e7,28800,teleportedWalk,41,f,high,always,FALSE,797990.6916370939,5828369.943054991,-12.42
berlin_e176a005,28800,teleportedWalk,28,f,high,always,FALSE,794806.2436556262,5828410.322610417,-4.68
berlin_e1913cd6,28800,teleportedWalk,41,f,medium,always,FALSE,794023.0649401022,5829149.040550986,-8.613333333
berlin_e19fd476,28800,teleportedWalk,26,m,medium,always,FALSE,799276.3088399314,5828780.671741049,-18.93666667
berlin_e1cb66bb,28800,teleportedWalk,56,m,medium,always,FALSE,796660.8387637448,5832354.844379095,-19.42
berlin_e1d1fa8e,28800,teleportedWalk,93,m,medium,always,TRUE,794408.3098984539,5832409.084417434,-19.99666667
berlin_e1e582be,28800,teleportedWalk,57,f,very_high,always,FALSE,795230.2889526947,5829458.751200013,-4.18
berlin_e1ed844e,28800,teleportedWalk,55,m,high,always,TRUE,795579.2286877099,5830276.808034388,-7.87
berlin_e1f7c217,28800,teleportedWalk,58,m,very_high,always,FALSE,794275.5186201485,5829055.855556835,-7.226666667
berlin_e20b6da4,28800,teleportedWalk,31,f,high,always,FALSE,795300.8361790846,5828666.966272979,-1.806666667
berlin_e21e311c,28800,teleportedWalk,57,m,high,always,FALSE,798294.6624855808,5830028.352205862,-15.31333333
berlin_e2292b67,28800,teleportedWalk,22,m,low,always,FALSE,796187.4056226304,5825743.201590859,-15.96666667
berlin_e239aa52,28800,teleportedWalk,18,m,very_low,always,FALSE,796243.7580219537,5831884.849,-16.53333333
berlin_e23fc17e,28800,teleportedWalk,25,f,medium,always,FALSE,793872.2523497231,5827723.044577132,-10.64
berlin_e26e3d2c,28800,teleportedWalk,28,m,very_low,always,FALSE,796849.2725861884,5829658.931,-7.843333333
berlin_e2922e64,28800,teleportedWalk,50,m,low,always,FALSE,797611.9970266236,5831564.484582842,-17.82666667
berlin_e2984bc8,28800,teleportedWalk,14,m,high,never,FALSE,794241.0694998765,5831865.126745939,-17.68
berlin_e2cef980,28800,teleportedWalk,45,m,medium,always,FALSE,798198.6068253873,5830849.844479862,-17.18666667
berlin_e2e2eb08,28800,teleportedWalk,12,m,very_high,never,FALSE,795576.3062426155,5830022.7041465985,-6.553333333
berlin_e2f33bfa,28800,teleportedWalk,43,m,high,always,FALSE,794793.2339697296,5831240.116218559,-13.6
berlin_e2f39666,28800,teleportedWalk,59,f,very_low,always,FALSE,794076.5261368707,5826923.572274625,-12.53666667
berlin_e3002cca,28800,teleportedWalk,15,m,low,never,FALSE,796352.7551549847,5829416.029548972,-5.043333333
berlin_e30a7b0a,28800,teleportedWalk,46,f,very_high,always,FALSE,794740.8792913067,5828496.594957555,-4.85
berlin_e3149d71,28800,teleportedWalk,95,m,very_high,always,FALSE,798356.2941841241,5826922.513776931,-17.08666667
berlin_e32eaae0,28800,teleportedWalk,60,m,medium,always,FALSE,793838.6124476807,5828229.237207563,-9.743333333
berlin_e335c973,28800,teleportedWalk,42,f,very_high,always,FALSE,796460.2537028015,5831895.849,-16.84
berlin_e346869b,28800,teleportedWalk,98,m,very_high,always,FALSE,794967.0185059193,5830104.813122916,-7.786666667
berlin_e350f731,28800,teleportedWalk,64,f,medium,always,TRUE,797240.8909902727,5831494.682183424,-16.47333333
berlin_e351889e,28800,teleportedWalk,36,f,medium,always,FALSE,796896.4057166299,5829629.6945006335,-7.956666667
berlin_e3527ee8,28800,teleportedWalk,14,m,very_high,never,FALSE,794301.7206788646,5831395.252,-15.33666667
berlin_e35e993a,28800,teleportedWalk,37,m,medium,always,FALSE,796310.0301771697,5832319.796714208,-18.82
berlin_e367f2d0,28800,teleportedWalk,31,m,medium,always,FALSE,794288.8457981069,5828031.215112485,-7.966666667
berlin_e36a251d,28800,teleportedWalk,29,m,medium,always,FALSE,797179.4045570118,5830309.042992228,-11.36
berlin_e385927d,28800,teleportedWalk,76,m,very_low,always,TRUE,795205.9143235455,5829350.043341074,-3.776666667
berlin_e3860a69,28800,teleportedWalk,71,m,low,always,FALSE,794057.1467859967,5832064.366723128,-19.02
berlin_e3a16846,28800,teleportedWalk,10,m,high,never,FALSE,794368.9243318513,5828353.705853871,-6.916666667
berlin_e3c77e09,28800,teleportedWalk,56,m,high,always,FALSE,794026.5522,5827599.298866758,-10.32333333
berlin_e3fea975,28800,teleportedWalk,22,f,very_low,always,FALSE,796229.3365524327,5830514.608471802,-9.613333333
berlin_e4384baf,28800,teleportedWalk,82,m,high,always,TRUE,793875.7091,5828496.579763043,-9.25
berlin_e4393754,28800,teleportedWalk,62,f,high,always,FALSE,796056.2796336547,5830896.024581771,-11.3
berlin_e45e2d63,28800,teleportedWalk,21,m,low,always,FALSE,797472.9586,5832542.460407293,-21.85
berlin_e462f55e,28800,teleportedWalk,35,f,medium,always,FALSE,797278.6323219084,5826971.189616344,-12.64666667
berlin_e4681470,28800,teleportedWalk,47,f,low,always,FALSE,796281.2806843848,5829091.185151381,-3.766666667
berlin_e46c9ea8,28800,teleportedWalk,92,m,high,always,FALSE,799138.2051,5826969.410483959,-20.46666667
berlin_e48e7cae,28800,teleportedWalk,45,f,medium,always,FALSE,794157.2141414976,5831299.076783277,-15.25666667
berlin_e4978af1,28800,teleportedWalk,50,m,high,always,TRUE,795658.6944802776,5830043.815,-6.656666667
berlin_e4ab1837,28800,teleportedWalk,78,m,medium,always,TRUE,796209.4551556404,5832021.238758325,-17.2
berlin_e4c0517e,28800,teleportedWalk,54,f,medium,always,FALSE,793781.3671959911,5832204.301422496,-20.32
berlin_e4e68695,28800,teleportedWalk,92,m,medium,always,TRUE,795612.0869722483,5831282.474585559,-13.09666667
berlin_e4f0a314,28800,teleportedWalk,30,f,medium,always,FALSE,795721.4252831307,5829344.893619655,-3.053333333
berlin_e4f6d4d7,28800,teleportedWalk,36,f,high,always,FALSE,794738.8175,5828526.032310704,-4.816666667
berlin_e50e859a,28800,teleportedWalk,30,f,high,always,FALSE,796087.4435,5830677.635,-10.22666667
berlin_e51e6578,28800,teleportedWalk,23,f,medium,always,FALSE,795581.2021770099,5831302.347776602,-13.20333333
berlin_e52696fc,28800,teleportedWalk,35,f,very_low,always,FALSE,798733.6503461514,5829289.531846586,-16.34333333
berlin_e546e96f,28800,teleportedWalk,23,f,low,always,FALSE,794149.7929,5828479.831388961,-7.86
berlin_e5605371,28800,teleportedWalk,42,f,high,always,FALSE,797424.5335036939,5829132.883404764,-9.5
berlin_e5678425,28800,teleportedWalk,18,f,very_high,always,FALSE,794693.6372022496,5827985.223666645,-6.35
berlin_e57ab819,28800,teleportedWalk,57,f,medium,always,FALSE,796143.8456672374,5825826.492453366,-15.5
berlin_e57c5555,28800,teleportedWalk,27,f,high,always,FALSE,799773.9570269673,5827671.150734775,-22.26
berlin_e58c7475,28800,teleportedWalk,51,m,high,always,FALSE,795069.7770913816,5830862.622729851,-11.3
berlin_e59d2343,28800,teleportedWalk,55,m,very_high,always,FALSE,794174.6089,5831215.968338173,-14.84
berlin_e59f6f47,28800,teleportedWalk,22,f,high,always,FALSE,794957.5336669055,5828408.037035098,-3.976666667
berlin_e5a88ad9,28800,teleportedWalk,58,m,very_low,always,FALSE,799027.3650571409,5828526.353434985,-17.68333333
berlin_e5b52d6f,28800,teleportedWalk,53,m,medium,always,FALSE,794267.8278148952,5828123.483192794,-7.846666667
berlin_e5b562e1,28800,teleportedWalk,26,f,medium,always,FALSE,795855.8342,5830425.4166752435,-8.716666667
berlin_e5c52bd0,28800,teleportedWalk,22,f,medium,always,FALSE,795587.6511887269,5830414.931229452,-8.586666667
berlin_e5c6cc98,28800,teleportedWalk,67,m,medium,always,TRUE,796963.7623157315,5833105.548481841,-23.61
berlin_e5ee7dc6,28800,teleportedWalk,59,f,high,always,FALSE,797280.1874066724,5831300.441147533,-15.72
berlin_e5fac0c3,28800,teleportedWalk,60,m,medium,always,FALSE,795922.6663283389,5831092.011895715,-12.19666667
berlin_e5ffa268,28800,teleportedWalk,43,f,medium,always,FALSE,797035.4820461875,5829535.513552591,-8.316666667
berlin_e6306ce2,28800,teleportedWalk,23,f,very_low,always,TRUE,797285.8336343371,5832186.190147412,-19.75666667
berlin_e63420de,28800,teleportedWalk,3,m,medium,never,FALSE,795402.1055899039,5830686.899750756,-10.07
berlin_e63535bb,28800,teleportedWalk,8,m,high,never,FALSE,792221.3208537955,5831269.564773093,-22.01666667
berlin_e6453479,28800,teleportedWalk,44,f,very_high,always,FALSE,794455.2699474535,5828884.174266994,-6.163333333
berlin_e6679cbc,28800,teleportedWalk,51,f,high,always,FALSE,794611.9226157409,5830919.064,-12.40333333
berlin_e66d5635,28800,teleportedWalk,26,f,low,always,FALSE,796999.0957508557,5829425.7020751415,-7.883333333
berlin_e67384b9,28800,teleportedWalk,20,f,high,always,FALSE,799450.4860257755,5827193.908127604,-21.45333333
berlin_e67c8dfa,28800,teleportedWalk,14,m,high,never,FALSE,799716.2442846614,5826360.5509038195,-24.63
berlin_e68daf31,28800,teleportedWalk,45,m,medium,always,FALSE,798618.2973658668,5827337.255632919,-17.19666667
berlin_e6995b2a,28800,teleportedWalk,90,m,medium,always,FALSE,795262.7185584237,5830319.654863943,-8.316666667
berlin_e6a55e49,28800,teleportedWalk,74,m,medium,always,FALSE,797605.9017946228,5829753.541046643,-11.47
berlin_e6ab7ed4,28800,teleportedWalk,33,f,medium,always,FALSE,797523.5728275615,5832630.609875155,-22.37666667
berlin_e6af4140,28800,teleportedWalk,34,f,low,always,TRUE,793967.3919104724,5832427.930372241,-20.93333333
berlin_e6bc3474,28800,teleportedWalk,39,f,low,always,FALSE,793589.0283287145,5828970.663080757,-10.69
berlin_e6e4555b,28800,teleportedWalk,61,f,very_low,always,FALSE,795138.5462323835,5828869.302460662,-2.636666667
berlin_e6e6242f,28800,teleportedWalk,36,f,medium,always,FALSE,796176.7267057726,5825673.189437917,-16.31333333
berlin_e6f0d213,28800,teleportedWalk,52,m,medium,always,FALSE,796983.7548,5832718.619635695,-21.72666667
berlin_e6f71df8,28800,teleportedWalk,40,f,medium,always,FALSE,794625.8741273424,5831442.486996003,-14.88333333
berlin_e703ada8,28800,teleportedWalk,25,f,high,always,FALSE,796281.2230762409,5831399.492120827,-14.11
berlin_e714aa47,28800,teleportedWalk,48,m,medium,always,FALSE,793426.5975002367,5828438.939695445,-11.60333333
berlin_e719ba02,28800,teleportedWalk,33,f,low,always,FALSE,795409.0515315033,5828136.458135591,-3.463333333
berlin_e7565e15,28800,teleportedWalk,37,f,high,always,FALSE,795569.4523205817,5831068.619969233,-11.99
berlin_e75813fb,28800,teleportedWalk,28,m,very_low,always,FALSE,795490.0996491916,5830674.499409858,-9.963333333
berlin_e7604abd,28800,teleportedWalk,14,m,low,never,FALSE,794322.1359856804,5830964.628320679,-13.32333333
berlin_e7662c7d,28800,teleportedWalk,1,m,high,never,FALSE,795066.2192450846,5829393.600089201,-4.41
berlin_e781c06c,28800,teleportedWalk,13,m,very_high,never,FALSE,797852.6552866809,5832666.558837751,-23.34
berlin_e7a4c8c3,28800,teleportedWalk,33,f,medium,always,FALSE,797482.6733925238,5829175.4853296885,-9.843333333
berlin_e7a854d2,28800,teleportedWalk,35,f,medium,always,FALSE,796486.9725,5831847.1640904015,-16.63333333
berlin_e7c8c280,28800,teleportedWalk,4,m,low,never,FALSE,796582.4746294129,5829728.915459505,-7.033333333
berlin_e7eb633b,28800,teleportedWalk,27,m,high,always,FALSE,797312.8264293516,5832569.184,-21.62666667
berlin_e7f7c2d8,28800,teleportedWalk,15,m,low,never,FALSE,799661.0728131026,5826520.369,-23.96666667
berlin_e804bc08,28800,teleportedWalk,12,m,very_high,never,FALSE,797465.9338681484,5828862.371263841,-9.533333333
berlin_e80682f0,28800,teleportedWalk,43,m,medium,always,FALSE,795882.1433326094,5831702.962817849,-15.33666667
berlin_e80d27b4,28800,teleportedWalk,35,f,very_high,always,FALSE,795920.4672299485,5829005.918921537,-1.946666667
berlin_e81f1bee,28800,teleportedWalk,22,f,high,always,FALSE,797893.8548136505,5829945.995,-13.25666667
berlin_e82fd077,28800,teleportedWalk,51,m,high,always,FALSE,796853.1650492656,5832703.400903071,-21.44333333
berlin_e84725eb,28800,teleportedWalk,99,m,high,always,TRUE,797708.4683574908,5830051.5629503075,-12.69333333
berlin_e85566a3,28800,teleportedWalk,63,m,medium,always,FALSE,796969.7662725574,5832022.241417684,-18.31
berlin_e889e448,28800,teleportedWalk,27,f,very_low,always,FALSE,797214.9059,5831212.677,-15.15333333
berlin_e88ef74e,28800,teleportedWalk,27,f,high,always,FALSE,798229.9295226765,5829845.5454292875,-14.62
berlin_e898fdca,28800,teleportedWalk,54,f,high,always,FALSE,796772.3512019976,5832079.805347555,-18.23
berlin_e89ae7cb,28800,teleportedWalk,29,m,very_low,always,FALSE,794311.1358534468,5830918.634603287,-13.15
berlin_e89cf895,28800,teleportedWalk,38,f,medium,always,FALSE,793535.0292067083,5828629.6979025705,-10.94
berlin_e8c22eaf,28800,teleportedWalk,37,m,very_high,always,FALSE,796103.4828111744,5830455.725,-9.126666667
berlin_e8c63d90,28800,teleportedWalk,88,m,medium,always,FALSE,796073.9831061221,5830365.611423116,-8.636666667
berlin_e8dad396,28800,teleportedWalk,21,m,low,always,FALSE,799936.4468839191,5826586.073422716,-25.07
berlin_e9060ff9,28800,teleportedWalk,45,m,very_high,always,FALSE,793960.9013657656,5828118.171200105,-9.326666667
berlin_e935c47e,28800,teleportedWalk,53,f,low,always,FALSE,795772.2662970393,5831836.144441133,-15.99
berlin_e94c7812,28800,teleportedWalk,31,f,medium,always,FALSE,795266.9125281427,5828722.704652106,-1.923333333
berlin_e9516f6a,28800,teleportedWalk,96,m,low,always,FALSE,796322.4691605098,5829353.893929996,-4.71
berlin_e9bed4da,28800,teleportedWalk,29,m,high,always,FALSE,795944.1872963631,5830576.541642949,-9.56
berlin_e9f8df97,28800,teleportedWalk,41,f,medium,always,FALSE,796581.7807343167,5829786.399827986,-7.246666667
berlin_e9f8e4cc,28800,teleportedWalk,37,m,medium,always,FALSE,796767.3633023073,5831970.2606654605,-17.68333333
berlin_ea0307ed,28800,teleportedWalk,35,f,medium,always,FALSE,796070.0257753851,5830588.016818471,-9.75
berlin_ea0e206c,28800,teleportedWalk,5,m,very_high,never,FALSE,793904.7924159567,5827714.507467268,-10.52
berlin_ea137c23,28800,teleportedWalk,16,m,low,never,FALSE,796039.6676246368,5830759.879535849,-10.59
berlin_ea2ebc02,28800,teleportedWalk,53,f,high,always,FALSE,798256.4031959272,5830458.620133147,-16.23333333
berlin_ea4282dd,28800,teleportedWalk,35,m,medium,always,FALSE,793972.9028018771,5832443.746864031,-20.99333333
berlin_ea495693,28800,teleportedWalk,81,m,medium,always,TRUE,799092.1748192344,5828331.191299738,-18.11666667
berlin_ea51ec1e,28800,teleportedWalk,24,f,very_low,always,FALSE,799517.0556987873,5827005.440084517,-22.16
berlin_ea6d9df2,28800,teleportedWalk,8,m,high,never,FALSE,796275.4642737373,5829232.903100291,-4.126666667
berlin_ea724a8d,28800,teleportedWalk,43,f,very_low,always,FALSE,795162.1934435905,5828553.897208889,-2.686666667
berlin_ea8ba7a5,28800,teleportedWalk,17,m,very_high,never,FALSE,793879.3834077507,5831855.840005517,-18.48666667
berlin_eacb8bd2,28800,teleportedWalk,53,m,very_high,always,FALSE,793640.0098308953,5831975.217793693,-19.65666667
berlin_eae3b282,28800,teleportedWalk,17,m,medium,never,FALSE,795764.8219114168,5831781.718212633,-15.70666667
berlin_eaff6b64,28800,teleportedWalk,56,f,medium,always,FALSE,797707.4754,5826924.895438468,-14.40666667
berlin_eb02b183,28800,teleportedWalk,61,m,high,always,FALSE,797699.1715420824,5829817.522907944,-12.05
berlin_eb1adbd7,28800,teleportedWalk,46,f,very_high,always,FALSE,798678.8021,5827247.6009773705,-17.68333333
berlin_eb262831,28800,teleportedWalk,43,f,medium,always,FALSE,794895.845,5826065.154353298,-14.54666667
berlin_eb2d58a0,28800,teleportedWalk,85,m,high,always,FALSE,797905.0039483461,5830910.099459112,-16.24333333
berlin_eb4dc3c1,28800,teleportedWalk,29,m,high,always,FALSE,798329.6023985669,5828805.099691734,-14.01333333
berlin_eb888d59,28800,teleportedWalk,11,m,very_high,never,FALSE,796168.3720694687,5831353.553,-13.75
berlin_eb91dcea,28800,teleportedWalk,3,m,medium,never,FALSE,795901.5645610695,5830580.712093942,-9.546666667
berlin_eba97de1,28800,teleportedWalk,9,m,medium,never,FALSE,799948.5628604407,5827838.978597825,-22.94
berlin_ebc23a6e,28800,teleportedWalk,40,m,high,always,FALSE,793906.5096259443,5828903.196710554,-9.013333333
berlin_ebc2bc83,28800,teleportedWalk,53,f,very_low,always,TRUE,795837.2030384421,5831502.916419017,-14.28
berlin_ebc730a3,28800,teleportedWalk,62,f,medium,always,FALSE,793318.0978529556,5828349.135351773,-12.23666667
berlin_ebd000a5,28800,teleportedWalk,49,f,medium,always,FALSE,794713.7348023762,5827474.111654566,-8.24
berlin_ebd26e33,28800,teleportedWalk,33,f,medium,always,FALSE,795374.2243,5830702.674450655,-10.17
berlin_ebdfd500,28800,teleportedWalk,27,f,medium,always,FALSE,794876.0446,5826228.775504218,-13.75666667
berlin_ebecc96b,28800,teleportedWalk,1,m,high,never,FALSE,798131.3409862806,5829113.342938031,-13.10666667
berlin_ec1743d4,28800,teleportedWalk,55,f,medium,always,FALSE,795551.1651291945,5828346.719687487,-2.21
berlin_ec3144e7,28800,teleportedWalk,23,m,high,always,FALSE,796344.2904673774,5832374.962805795,-19.13666667
berlin_ec31484e,28800,teleportedWalk,37,f,high,always,FALSE,799275.8592424213,5828718.580691234,-18.93333333
berlin_ec362e27,28800,teleportedWalk,52,f,medium,always,FALSE,800181.8476055567,5826691.697966939,-25.98333333
berlin_ec5825b7,28800,teleportedWalk,22,f,high,always,FALSE,797369.8062691109,5828203.130399373,-9.48
berlin_ec66f6a0,28800,teleportedWalk,51,m,very_low,always,FALSE,793378.6220450404,5828323.576678104,-11.95
berlin_ecaafe21,28800,teleportedWalk,7,m,medium,never,FALSE,799896.8115026616,5827241.798998218,-23.53333333
berlin_ecc14993,28800,teleportedWalk,21,f,high,always,FALSE,796319.6343919192,5831488.119046956,-14.60666667
berlin_eccc8ef4,28800,teleportedWalk,62,f,low,always,TRUE,795096.3813,5828030.339620813,-4.73
berlin_ecec4c3a,28800,teleportedWalk,35,f,medium,always,FALSE,795779.2318872353,5830331.527740857,-8.186666667
berlin_ecec735b,28800,teleportedWalk,63,f,medium,always,TRUE,794553.4657925805,5832251.146,-18.98333333
berlin_ecedbd2f,28800,teleportedWalk,19,m,low,always,FALSE,798242.3969171535,5829796.956,-14.58333333
berlin_ed0e2652,28800,teleportedWalk,21,f,medium,always,FALSE,796370.3336,5830399.436826792,-9.323333333
berlin_ed2b4f35,28800,teleportedWalk,4,m,medium,never,FALSE,794132.9967451721,5828651.344951923,-7.83
berlin_ed2d4aac,28800,teleportedWalk,2,m,low,never,FALSE,798651.0863231516,5828874.522870906,-15.69333333
berlin_ed389caa,28800,teleportedWalk,25,f,medium,always,FALSE,797965.7527445022,5828688.564154243,-12.12666667
berlin_ed4180f0,28800,teleportedWalk,48,f,very_high,always,FALSE,794586.0070161346,5831454.931841648,-15.01666667
berlin_ed4e4282,28800,teleportedWalk,52,m,medium,always,FALSE,798006.2364,5830888.567442534,-16.55666667
berlin_ed5c4843,28800,teleportedWalk,60,f,high,always,FALSE,796246.2209002166,5832291.9673312185,-18.62
berlin_ed634314,28800,teleportedWalk,46,f,very_high,always,FALSE,797885.4803965094,5830053.924547754,-13.49
berlin_ed6350f1,28800,teleportedWalk,63,f,high,always,FALSE,794214.3884102423,5830867.380294104,-13.19666667
berlin_ed69f4e8,28800,teleportedWalk,21,m,medium,always,FALSE,795347.9811882435,5831224.296734248,-12.88
berlin_ed93a1d2,28800,teleportedWalk,48,m,high,always,TRUE,797635.8067346448,5829672.165420804,-11.42666667
berlin_ed95fa3c,28800,teleportedWalk,83,m,low,always,TRUE,796374.3569751161,5830393.223541035,-9.303333333
berlin_edb65843,28800,teleportedWalk,21,m,very_high,always,FALSE,795886.3103999591,5831531.437785498,-14.45
berlin_edb9cdc9,28800,teleportedWalk,14,m,very_high,never,FALSE,796799.7062453278,5832937.720897308,-22.53333333
berlin_edbabb87,28800,teleportedWalk,76,m,medium,always,FALSE,793446.8690816003,5828355.991043735,-11.57
berlin_edca9541,28800,teleportedWalk,22,m,high,always,FALSE,794730.7434589143,5832282.299876995,-18.89
berlin_edd37319,28800,teleportedWalk,16,m,very_low,never,FALSE,796794.6965953505,5830002.166794834,-8.823333333
berlin_eddc232d,28800,teleportedWalk,60,f,medium,always,FALSE,794145.0089942969,5828674.603,-7.756666667
berlin_ede470cc,28800,teleportedWalk,60,f,medium,always,FALSE,795114.3659388968,5830952.4463963285,-11.69666667
berlin_edfcc5b3,28800,teleportedWalk,35,m,very_high,always,FALSE,795005.4857127422,5829317.909151929,-4.356666667
berlin_edff55e0,28800,teleportedWalk,21,f,high,always,FALSE,796349.162,5831147.698316173,-12.94
berlin_ee0bddf6,28800,teleportedWalk,17,m,high,never,FALSE,796267.4251,5831840.358575143,-16.33
berlin_ee254e78,28800,teleportedWalk,23,m,medium,always,FALSE,794533.6077760921,5828953.869326006,-5.81
berlin_ee2cecee,28800,teleportedWalk,78,m,very_high,always,FALSE,795628.3818009312,5832065.433151799,-17.16666667
berlin_ee3f0a6c,28800,teleportedWalk,53,f,medium,always,FALSE,798376.3233420672,5828946.870499555,-14.28666667
berlin_ee5a618b,28800,teleportedWalk,16,m,low,never,FALSE,799302.3229783983,5828597.3823241545,-19.09
berlin_ee65334d,28800,teleportedWalk,51,f,high,always,FALSE,799045.0190402906,5828396.124543161,-17.83666667
berlin_ee7b1db9,28800,teleportedWalk,31,f,high,always,FALSE,793818.9999238807,5831902.580805862,-18.85333333
berlin_ee81564a,28800,teleportedWalk,24,f,very_low,always,FALSE,795995.4146150714,5829546.836044153,-4.483333333
berlin_ee82b6d8,28800,teleportedWalk,33,m,high,always,FALSE,795012.5404675131,5828072.577035372,-4.833333333
berlin_ee84878d,28800,teleportedWalk,56,f,medium,always,TRUE,797766.9153431873,5831899.889189152,-19.72
berlin_ee96b4d2,28800,teleportedWalk,40,f,very_high,always,FALSE,795843.7867003828,5830641.974,-9.826666667
berlin_eebcdf86,28800,teleportedWalk,48,f,low,always,FALSE,797483.5748890559,5831397.008297288,-16.73
berlin_eed05528,28800,teleportedWalk,53,m,very_high,always,FALSE,797965.2309768412,5829650.519764761,-12.96666667
berlin_eedd682d,28800,teleportedWalk,53,f,very_high,always,FALSE,794772.1127279473,5831077.4727349505,-12.84
berlin_eee11cd1,28800,teleportedWalk,61,m,medium,always,FALSE,796363.0076696504,5830385.266680107,-9.243333333
berlin_eee41afa,28800,teleportedWalk,17,m,high,never,FALSE,797744.7263416814,5831662.111755529,-18.64
berlin_eef20ca5,28800,teleportedWalk,59,m,very_high,always,FALSE,798145.7461285758,5830210.182769921,-15.06666667
berlin_ef0551e0,28800,teleportedWalk,7,m,high,never,FALSE,796328.6299535567,5832048.793,-17.45666667
berlin_ef0d5291,28800,teleportedWalk,19,f,very_low,always,FALSE,795361.2800193911,5828023.571,-4.1
berlin_ef17a3a2,28800,teleportedWalk,32,f,medium,always,FALSE,794491.1159346157,5828973.709540172,-6.043333333
berlin_ef17a750,28800,teleportedWalk,29,m,high,always,FALSE,793642.7108598889,5831665.171436619,-18.3
berlin_ef3325bc,28800,teleportedWalk,92,m,medium,always,FALSE,794560.0086811271,5831409.334623431,-14.84666667
berlin_ef425dd4,28800,teleportedWalk,51,m,high,always,FALSE,797727.6175,5830083.070714281,-12.86333333
berlin_ef43b542,28800,teleportedWalk,49,m,very_high,always,FALSE,797297.2665075569,5831286.537797559,-15.71
berlin_ef4c4af9,28800,teleportedWalk,48,m,very_low,always,FALSE,796008.8070570896,5832049.414988605,-17.19333333
berlin_ef522e0e,28800,teleportedWalk,43,f,medium,always,FALSE,797437.9939838836,5832311.0808599265,-20.69
berlin_ef5bb9f4,28800,teleportedWalk,59,f,high,always,FALSE,796741.4030210329,5830618.074524226,-11.22666667
berlin_ef619d36,28800,teleportedWalk,12,m,very_low,never,FALSE,794273.8271704828,5828303.967671472,-7.466666667
berlin_ef6e6f88,28800,teleportedWalk,41,m,low,always,FALSE,797150.7732814122,5831224.736302457,-15.03
berlin_ef9c96fd,28800,teleportedWalk,43,f,very_high,always,FALSE,798491.6501763138,5829404.786238401,-15.22333333
berlin_ef9f07bf,28800,teleportedWalk,29,f,medium,always,FALSE,799656.0487194916,5826520.030577392,-23.94333333
berlin_efab23e6,28800,teleportedWalk,13,m,medium,never,FALSE,797269.1318040597,5830095.141137646,-10.96
berlin_efae77cc,28800,teleportedWalk,62,m,medium,always,TRUE,794976.2243460462,5829206.133,-4.123333333
berlin_efb1282c,28800,teleportedWalk,11,m,medium,never,FALSE,793865.4116072381,5828124.243856288,-9.78
berlin_efc2d8e9,28800,teleportedWalk,37,m,low,always,FALSE,794700.9150089609,5831559.657935957,-15.32666667
berlin_efd154ab,28800,teleportedWalk,52,m,very_high,always,FALSE,797864.3140338699,5828643.287600141,-11.61
berlin_efdef43f,28800,teleportedWalk,54,m,high,always,FALSE,796936.6822080287,5832732.301595785,-21.71666667
berlin_efe26514,28800,teleportedWalk,2,m,medium,never,FALSE,793367.4883992409,5828367.1422712365,-11.96666667
berlin_efe3c6d9,28800,teleportedWalk,50,f,medium,always,FALSE,798697.8020859467,5828553.606507664,-15.96333333
berlin_eff53484,28800,teleportedWalk,49,f,very_low,always,FALSE,798283.2636069013,5830715.459821666,-17.10666667
berlin_f00c42a2,28800,teleportedWalk,55,f,medium,always,FALSE,794140.4888,5828623.515415129,-7.803333333
berlin_f0297578,28800,teleportedWalk,22,f,very_low,always,FALSE,796439.4021822298,5832239.997254109,-18.55333333
berlin_f042fac8,28800,teleportedWalk,21,f,medium,always,FALSE,799007.4704808978,5828551.142,-17.57333333
berlin_f049b68c,28800,teleportedWalk,10,m,high,never,FALSE,796534.0376781307,5830533.813348708,-10.32333333
berlin_f093dde8,28800,teleportedWalk,44,f,very_low,always,FALSE,796431.8780513341,5830488.656027302,-9.88
berlin_f0b4dcd3,28800,teleportedWalk,91,m,medium,always,FALSE,798396.1981602272,5829637.368367307,-15.06
berlin_f0bbc4c4,28800,teleportedWalk,45,f,high,always,FALSE,796438.6309292295,5825937.693228262,-15.27666667
berlin_f0cf096f,28800,teleportedWalk,43,f,very_low,always,FALSE,799685.6745148597,5827063.716343945,-22.84333333
berlin_f0d5d7e5,28800,teleportedWalk,83,m,very_low,always,TRUE,799978.551,5827496.494843117,-23.52666667
berlin_f0f0a257,28800,teleportedWalk,92,m,low,always,TRUE,799239.6327706443,5826654.678,-21.71666667
berlin_f0fc93ec,28800,teleportedWalk,55,f,medium,always,FALSE,797633.6244435149,5830873.432706744,-15.11
berlin_f0fe33f8,28800,teleportedWalk,28,f,low,always,FALSE,793969.2160312082,5828399.215264603,-8.863333333
berlin_f13c03eb,28800,teleportedWalk,63,f,low,always,TRUE,795863.5253197073,5831635.702802094,-14.98
berlin_f14f4b61,28800,teleportedWalk,57,m,medium,always,FALSE,796680.5798374653,5829965.735815092,-8.283333333
berlin_f16ba65b,28800,teleportedWalk,49,f,very_high,always,FALSE,795596.6689734571,5827867.621235646,-4.663333333
berlin_f1704bc3,28800,teleportedWalk,29,f,medium,always,FALSE,795092.2385930668,5831153.879859719,-12.74333333
berlin_f170d2dc,28800,teleportedWalk,53,m,high,always,FALSE,796387.6210209485,5831568.967063191,-15.10333333
berlin_f17e5a10,28800,teleportedWalk,56,m,low,always,FALSE,799662.4527,5826525.627,-23.96
berlin_f1a9b76e,28800,teleportedWalk,25,f,low,always,FALSE,793586.9815470369,5828852.308082078,-10.65666667
berlin_f1b2a131,28800,teleportedWalk,97,m,medium,always,TRUE,796333.2860102521,5830472.512018606,-9.596666667
berlin_f1cdae31,28800,teleportedWalk,37,f,medium,always,FALSE,798479.4300638959,5828836.571280602,-14.79666667
berlin_f1d32960,28800,teleportedWalk,42,f,high,always,FALSE,796557.3262797843,5831712.423663208,-16.06333333
berlin_f1f0c985,28800,teleportedWalk,16,m,very_high,never,FALSE,795335.1780709543,5830051.788179025,-6.873333333
berlin_f1f31f32,28800,teleportedWalk,13,m,high,never,FALSE,793494.5053837937,5832238.414352691,-21.22
berlin_f20b7cdc,28800,teleportedWalk,31,m,very_low,always,FALSE,798416.8237488497,5828523.981,-14.52
berlin_f215443a,28800,teleportedWalk,19,f,high,always,FALSE,798609.6003955726,5829515.391714103,-15.95333333
berlin_f22a433a,28800,teleportedWalk,77,m,high,always,TRUE,794191.6630011816,5829056.700106619,-7.653333333
berlin_f2317845,28800,teleportedWalk,67,m,very_high,always,FALSE,795129.9823191785,5827938.215487796,-5.03
berlin_f235a4ab,28800,teleportedWalk,55,f,medium,always,TRUE,795616.8181833928,5830404.938,-8.533333333
berlin_f2445a86,28800,teleportedWalk,52,m,high,always,FALSE,794903.1868196761,5830699.291294823,-10.75666667
berlin_f2552ff3,28800,teleportedWalk,48,f,high,always,FALSE,798972.5535117583,5828755.565029904,-17.35666667
berlin_f2563724,28800,teleportedWalk,24,m,very_low,always,FALSE,797072.1069428282,5828972.011,-7.55
berlin_f2738a39,28800,teleportedWalk,59,f,high,always,FALSE,798226.4120640303,5828906.161188812,-13.49666667
berlin_f2775001,28800,teleportedWalk,32,f,low,always,FALSE,798279.8993183535,5827271.922139554,-15.79
berlin_f27a8a7a,28800,teleportedWalk,36,f,high,always,FALSE,794733.5102996363,5828633.450620912,-4.733333333
berlin_f2817043,28800,teleportedWalk,20,f,medium,always,FALSE,799001.7581474038,5827731.587375362,-18.31
berlin_f29e805e,28800,teleportedWalk,35,m,low,always,FALSE,796322.3645502405,5830421.230849781,-9.33
berlin_f2b032f0,28800,teleportedWalk,4,m,medium,never,FALSE,795115.3004131069,5829449.1862377515,-4.47
berlin_f2c67864,28800,teleportedWalk,31,f,very_high,always,FALSE,794147.8476,5828726.705763775,-7.733333333
berlin_f2c8d258,28800,teleportedWalk,56,f,high,always,FALSE,795880.7204405022,5830640.383153849,-9.84
berlin_f2f4e69d,28800,teleportedWalk,47,f,very_low,always,FALSE,798991.4483837993,5828250.357193333,-17.65666667
berlin_f3081dc4,28800,teleportedWalk,49,f,high,always,FALSE,797547.6570368994,5828629.861904375,-9.97
berlin_f336f668,28800,teleportedWalk,51,m,medium,always,FALSE,797173.6989538288,5831574.274010424,-16.66
berlin_f339e144,28800,teleportedWalk,29,m,high,always,FALSE,796623.5613024079,5825864.875431513,-24.26666667
berlin_f33fb927,28800,teleportedWalk,28,f,very_low,always,FALSE,796756.2841671598,5831822.100942141,-16.93666667
berlin_f35e6a6f,28800,teleportedWalk,61,m,medium,always,FALSE,794859.7318497545,5829183.646731881,-4.58
berlin_f35e8ec9,28800,teleportedWalk,17,m,high,never,FALSE,795997.2131384974,5830488.306630674,-9.163333333
berlin_f3643540,28800,teleportedWalk,28,f,medium,always,FALSE,798122.7599286626,5827226.223787039,-15.20666667
berlin_f373fed7,28800,teleportedWalk,31,f,medium,always,FALSE,793980.1115048388,5828791.116544931,-8.603333333
berlin_f3743459,28800,teleportedWalk,64,m,medium,always,FALSE,792865.1108052619,5828250.174884436,-14.64666667
berlin_f37cb085,28800,teleportedWalk,61,m,medium,always,FALSE,797464.9608916123,5832955.029650266,-23.78
berlin_f3b52cdc,28800,teleportedWalk,39,f,high,always,FALSE,799633.7632416592,5826362.2058212785,-24.25666667
berlin_f3ba3474,28800,teleportedWalk,45,m,low,always,FALSE,796982.3817343966,5832485.030181819,-20.58
berlin_f3c39691,28800,teleportedWalk,37,f,high,always,FALSE,797642.4452938295,5832269.250148826,-21.00666667
berlin_f3cffab4,28800,teleportedWalk,60,f,medium,always,FALSE,798398.1497334675,5829015.312904663,-14.42666667
berlin_f3d3911b,28800,teleportedWalk,61,f,very_low,always,FALSE,798739.8743853704,5828381.067951791,-16.26666667
berlin_f3df98f7,28800,teleportedWalk,21,m,very_high,always,FALSE,796276.4284724959,5829233.987868954,-4.136666667
berlin_f3f9008b,28800,teleportedWalk,64,f,low,always,TRUE,793805.9731073261,5832043.151936598,-19.52333333
berlin_f43f3df5,28800,teleportedWalk,85,m,medium,always,TRUE,799778.5333016242,5827930.2035517935,-21.97666667
berlin_f4a11531,28800,teleportedWalk,54,f,high,always,FALSE,794064.5318,5827579.242869234,-10.22666667
berlin_f4a6c918,28800,teleportedWalk,64,m,very_high,always,FALSE,797579.5197600473,5831806.3114411775,-18.77666667
berlin_f4a922f4,28800,teleportedWalk,13,m,high,never,FALSE,793712.6036306894,5831823.714373801,-18.79
berlin_f4b91dfa,28800,teleportedWalk,26,f,very_low,always,FALSE,793945.3421096187,5828335.225424494,-9.06
berlin_f4c589f2,28800,teleportedWalk,1,m,medium,never,FALSE,797976.7327320653,5830810.183796848,-16.17
berlin_f4d21515,28800,teleportedWalk,44,f,very_high,always,FALSE,800316.2930296907,5828298.208633118,-24.46333333
berlin_f4d60917,28800,teleportedWalk,20,f,high,always,FALSE,794772.0929496771,5831051.929558974,-12.71333333
berlin_f4ea602b,28800,teleportedWalk,48,m,very_high,always,FALSE,794109.6931518926,5828748.373887969,-7.93
berlin_f4f11152,28800,teleportedWalk,16,m,medium,never,FALSE,798860.8625760544,5826901.923984738,-19.36666667
berlin_f4f7747c,28800,teleportedWalk,31,f,medium,always,FALSE,798086.9121870117,5828713.3069760855,-12.75333333
berlin_f50a1c9e,28800,teleportedWalk,37,m,low,always,TRUE,796993.0372959774,5831176.350612655,-14.39666667
berlin_f53693e6,28800,teleportedWalk,53,f,high,always,FALSE,800023.5851298131,5827995.645019118,-23.16666667
berlin_f5555731,28800,teleportedWalk,46,f,high,always,FALSE,796062.1124,5831131.821343551,-12.51
berlin_f556d44c,28800,teleportedWalk,78,m,low,always,TRUE,799516.7076092525,5827124.003994481,-21.91333333
berlin_f564b198,28800,teleportedWalk,7,m,medium,never,FALSE,794316.7063853323,5829194.93,-7.21
berlin_f572dcc0,28800,teleportedWalk,55,f,very_high,always,FALSE,794345.1580936225,5828923.598240155,-6.753333333
berlin_f581134f,28800,teleportedWalk,64,m,high,always,FALSE,794259.0772460151,5831639.758612897,-16.57666667
berlin_f592a8ee,28800,teleportedWalk,8,m,very_low,never,FALSE,797195.5437506707,5830001.1007947065,-10.35666667
berlin_f5b81feb,28800,teleportedWalk,12,m,high,never,FALSE,796902.0534793702,5832859.454741506,-22.29333333
berlin_f5c0f344,28800,teleportedWalk,42,m,medium,always,FALSE,794173.19,5831492.827899075,-16.09666667
berlin_f5f63613,28800,teleportedWalk,32,f,low,always,FALSE,797160.2301231246,5833087.661973686,-23.84
berlin_f619e909,28800,teleportedWalk,58,f,high,always,FALSE,797840.2036391112,5828347.367,-11.67
berlin_f61d0d88,28800,teleportedWalk,68,m,high,always,FALSE,793864.7801870718,5828627.824386988,-9.23
berlin_f6200e45,28800,teleportedWalk,9,m,high,never,TRUE,796611.6914388752,5830569.555437789,-10.67333333
berlin_f6216bcc,28800,teleportedWalk,39,m,medium,always,FALSE,798203.7792043288,5829520.876897411,-13.92666667
berlin_f6334863,28800,teleportedWalk,8,m,very_low,never,FALSE,796832.6249947359,5830842.9827274475,-12.47666667
berlin_f634ef0e,28800,teleportedWalk,51,f,very_high,always,FALSE,794115.5303278617,5831187.791311061,-14.87333333
berlin_f6393513,28800,teleportedWalk,28,f,low,always,FALSE,799939.816,5827900.183039184,-22.83
berlin_f64b6e77,28800,teleportedWalk,37,m,very_high,always,FALSE,796873.8206045708,5832992.052734748,-22.91
berlin_f651e4c4,28800,teleportedWalk,47,m,medium,always,FALSE,794739.9683330802,5828718.889364887,-4.656666667
berlin_f6522b6c,28800,teleportedWalk,34,f,low,always,FALSE,795678.4864,5829935.071517277,-6.093333333
berlin_f6634d87,28800,teleportedWalk,25,f,low,always,FALSE,797630.9374,5828706.328518768,-10.38333333
berlin_f675c5de,28800,teleportedWalk,80,m,very_low,always,TRUE,795342.0396549378,5832306.214628199,-18.48333333
berlin_f6d7c865,28800,teleportedWalk,80,m,very_low,always,TRUE,798139.8600038523,5829088.742,-13.13333333
berlin_f704c7fa,28800,teleportedWalk,35,m,high,always,FALSE,795607.8320256292,5831684.781563476,-36.21333333
berlin_f7052ff6,28800,teleportedWalk,31,f,very_high,always,FALSE,797613.3641778037,5829897.654,-11.85666667
berlin_f71012fd,28800,teleportedWalk,26,f,very_low,always,FALSE,798153.8810676745,5830053.438419847,-14.71666667
berlin_f7378c35,28800,teleportedWalk,98,m,medium,always,TRUE,794249.1255049359,5827849.567528622,-8.63
berlin_f763c94b,28800,teleportedWalk,34,f,low,always,FALSE,795596.5312140299,5830634.066805433,-9.726666667
berlin_f7824d09,28800,teleportedWalk,25,f,low,always,FALSE,793534.7932593953,5828827.740156465,-10.92333333
berlin_f792648d,28800,teleportedWalk,58,f,very_low,always,FALSE,796121.4538,5830885.438045244,-11.31666667
berlin_f79469a2,28800,teleportedWalk,5,m,high,never,FALSE,798393.67,5829653.841043764,-15.07333333
berlin_f79d1c8a,28800,teleportedWalk,40,f,high,always,FALSE,795965.4943259358,5826100.505476554,-13.95333333
berlin_f79dbf60,28800,teleportedWalk,42,f,very_low,always,FALSE,793640.6057500334,5828352.934636382,-10.58666667
berlin_f7a72def,28800,teleportedWalk,32,f,very_high,always,FALSE,797173.3281496412,5831136.360527598,-14.70333333
berlin_f7b09659,28800,teleportedWalk,13,m,very_high,never,FALSE,795325.8468638588,5825942.983338459,-14.75333333
berlin_f7d67a9d,28800,teleportedWalk,40,f,very_high,always,FALSE,798957.3607439718,5827368.5848916955,-18.73666667
berlin_f7e3cec5,28800,teleportedWalk,49,f,very_low,always,FALSE,796796.9452598388,5830608.814038417,-11.33666667
berlin_f7f43ad5,28800,teleportedWalk,59,f,medium,always,FALSE,797529.6363216939,5829670.526925398,-10.92333333
berlin_f8180f42,28800,teleportedWalk,13,m,medium,never,FALSE,795885.7239958711,5826133.913933993,-13.73666667
berlin_f81ebbbc,28800,teleportedWalk,7,m,very_low,never,FALSE,795206.7323639556,5830144.734,-7.516666667
berlin_f84c7441,28800,teleportedWalk,18,f,low,always,FALSE,797487.5243702456,5829983.165107489,-11.53333333
berlin_f8704a8c,28800,teleportedWalk,93,m,high,always,TRUE,796912.5299443199,5831342.888644731,-14.96666667
berlin_f873c8f7,28800,teleportedWalk,61,f,low,always,FALSE,798253.5013080199,5829421.908,-14.04
berlin_f8780d80,28800,teleportedWalk,18,f,high,always,FALSE,795607.6988180912,5831521.104361384,-14.33666667
berlin_f891f6b1,28800,teleportedWalk,83,m,medium,always,FALSE,799186.2107230952,5827051.083,-20.50333333
berlin_f89d9dba,28800,teleportedWalk,13,m,medium,never,FALSE,794229.5125631688,5831399.2653641775,-15.53
berlin_f8a39e3d,28800,teleportedWalk,43,m,low,always,FALSE,796973.5017478832,5832729.676942701,-21.76333333
berlin_f8c25409,28800,teleportedWalk,31,f,very_low,always,FALSE,796457.6632972592,5830897.528246255,-11.89
berlin_f8c991f5,28800,teleportedWalk,31,m,medium,always,FALSE,798227.5308636767,5828808.142904414,-13.48333333
berlin_f8d55c32,28800,teleportedWalk,24,m,low,always,FALSE,798593.6242578705,5830139.2527706865,-16.96666667
berlin_f8da52da,28800,teleportedWalk,12,m,very_low,never,FALSE,796154.6503726654,5830582.908511872,-9.836666667
berlin_f8e42c19,28800,teleportedWalk,60,m,medium,always,TRUE,796074.8582183539,5830762.331246781,-10.64
berlin_f8efe0aa,28800,teleportedWalk,4,m,low,never,FALSE,798049.1421,5830416.562640206,-15.21333333
berlin_f8f75781,28800,teleportedWalk,31,m,medium,always,FALSE,795871.9506331733,5830860.629,-10.97333333
berlin_f924e506,28800,teleportedWalk,82,m,medium,always,TRUE,795265.8911868425,5828478.643642996,-2.423333333
berlin_f9281823,28800,teleportedWalk,32,f,medium,always,FALSE,798570.6906302248,5828675.224128495,-15.27333333
berlin_f9426a04,28800,teleportedWalk,9,m,very_low,never,FALSE,797781.4719319175,5832746.661,-23.52666667
berlin_f96eead5,28800,teleportedWalk,26,m,medium,always,FALSE,798333.2389731404,5829423.873914864,-14.44333333
berlin_f97d5bbd,28800,teleportedWalk,4,m,high,never,FALSE,795213.0927404659,5829385.986124414,-3.906666667
berlin_f989f4e1,28800,teleportedWalk,19,f,very_low,always,TRUE,797824.5977504124,5828367.218816313,-11.57
berlin_f991868a,28800,teleportedWalk,58,f,medium,always,FALSE,794247.5793056174,5827370.502,-10.22
berlin_f993b740,28800,teleportedWalk,53,f,very_low,always,FALSE,795721.7154261975,5829342.738271136,-3.043333333
berlin_f9aeea36,28800,teleportedWalk,54,f,very_high,always,FALSE,800342.5157485816,5826909.408628192,-26.31
berlin_f9bacd2e,28800,teleportedWalk,31,m,medium,always,FALSE,795323.5693646567,5825945.8469069665,-14.74
berlin_f9bb612f,28800,teleportedWalk,50,f,high,always,FALSE,799473.7865663372,5828726.841274735,-19.96333333
berlin_f9d794a8,28800,teleportedWalk,52,f,high,always,FALSE,793944.8452952907,5828828.864,-8.793333333
berlin_f9e73f7e,28800,teleportedWalk,45,f,medium,always,FALSE,798133.4039,5830789.798262477,-16.72666667
berlin_f9f3b269,28800,teleportedWalk,33,m,medium,always,FALSE,795335.8736589223,5830113.324891626,-7.186666667
berlin_fa0b4ac8,28800,teleportedWalk,51,f,very_high,always,FALSE,794619.2791319148,5827931.639837025,-6.823333333
berlin_fa0e5e78,28800,teleportedWalk,49,f,medium,always,FALSE,796470.1296643328,5830022.458,-7.853333333
berlin_fa1b0b7b,28800,teleportedWalk,51,f,medium,always,FALSE,795756.0815687203,5830141.635,-7.19
berlin_fa3e0921,28800,teleportedWalk,43,f,very_high,always,FALSE,795557.2906663824,5827991.826670966,-4.033333333
berlin_fa3ee642,28800,teleportedWalk,36,f,medium,always,FALSE,793927.2933398772,5832371.3646618975,-20.75333333
berlin_fa4e7c04,28800,teleportedWalk,52,f,low,always,TRUE,796725.5540998732,5830002.64,-8.583333333
berlin_fa50b959,28800,teleportedWalk,53,f,very_high,always,FALSE,794883.0981,5829338.311118745,-4.916666667
berlin_fa568a63,28800,teleportedWalk,55,m,medium,always,TRUE,796717.4333663026,5830579.094047102,-10.99
berlin_fa5a05a7,28800,teleportedWalk,45,f,very_high,always,TRUE,800033.1957134944,5826878.359787309,-24.88333333
berlin_fa5eaad5,28800,teleportedWalk,60,f,low,always,FALSE,795072.8322,5830159.132850603,-7.82
berlin_fa655ca9,28800,teleportedWalk,8,m,medium,never,FALSE,794032.0703206578,5828512.484561139,-8.433333333
berlin_fa73c58d,28800,teleportedWalk,12,m,low,never,FALSE,796017.4564786899,5830896.905894227,-11.26666667
berlin_fa8e3de6,28800,teleportedWalk,50,m,very_low,always,TRUE,795067.4726639772,5832375.794017736,-19.01
berlin_faa326fe,28800,teleportedWalk,10,m,high,never,FALSE,795018.9184961983,5825976.356929988,-14.84333333
berlin_faac9843,28800,teleportedWalk,39,f,high,always,FALSE,798458.2995982432,5827082.018168805,-17.08666667
berlin_fac24e28,28800,teleportedWalk,67,m,medium,always,FALSE,796733.7411,5831527.376720696,-15.46333333
berlin_facbf963,28800,teleportedWalk,65,m,very_low,always,FALSE,793453.2155397325,5828888.504579492,-11.36
berlin_facd785c,28800,teleportedWalk,38,f,medium,always,FALSE,793646.3702867988,5828341.372672377,-10.56666667
berlin_fad67d22,28800,teleportedWalk,18,f,very_low,always,FALSE,796853.1290968971,5829572.662754492,-7.603333333
berlin_faffe313,28800,teleportedWalk,35,f,medium,always,FALSE,798890.1906075326,5829555.464235622,-17.42
berlin_fb1e4451,28800,teleportedWalk,11,m,medium,never,FALSE,796364.7196764466,5830316.7786951475,-8.923333333
berlin_fb276cd5,28800,teleportedWalk,40,m,high,always,FALSE,799601.9051113268,5827119.522615651,-22.33
berlin_fb45c30c,28800,teleportedWalk,42,f,very_low,always,FALSE,794602.7031069875,5827933.371947903,-6.886666667
berlin_fb4fdc63,28800,teleportedWalk,41,f,very_low,always,FALSE,798517.5052827385,5829719.868920333,-15.79333333
berlin_fb61389f,28800,teleportedWalk,18,f,low,always,FALSE,794746.5222389086,5828927.895321914,-4.693333333
berlin_fb63ddf7,28800,teleportedWalk,50,f,low,always,FALSE,794910.4599020856,5828309.801948598,-4.443333333
berlin_fb67488b,28800,teleportedWalk,17,m,low,never,FALSE,796325.7997341563,5829398.284772208,-4.876666667
berlin_fb7db8f2,28800,teleportedWalk,28,f,medium,always,FALSE,794975.0783634452,5829024.434145201,-3.686666667
berlin_fb876bf2,28800,teleportedWalk,85,m,medium,always,FALSE,794097.8948,5828139.180492853,-8.623333333
berlin_fba03b85,28800,teleportedWalk,54,f,medium,always,FALSE,794292.4970448866,5831309.522409183,-14.96333333
berlin_fba7a5a4,28800,teleportedWalk,37,f,medium,always,FALSE,800030.7239825554,5827478.0219715545,-23.81666667
berlin_fbb32412,28800,teleportedWalk,53,f,medium,always,FALSE,794763.9107363054,5828953.771279344,-4.633333333
berlin_fbc57f3f,28800,teleportedWalk,34,f,low,always,FALSE,798483.8249219724,5829619.280964907,-15.46666667
berlin_fbee418e,28800,teleportedWalk,1,m,medium,never,FALSE,798934.2364606692,5827615.212471963,-18.16666667
berlin_fc0002fb,28800,teleportedWalk,46,m,very_high,always,FALSE,798730.9717963468,5829381.434292888,-16.41666667
berlin_fc0cc48a,28800,teleportedWalk,6,m,high,never,FALSE,793984.9416068724,5828581.454051911,-8.63
berlin_fc20c0ee,28800,teleportedWalk,94,m,medium,always,FALSE,794568.4941,5827437.440635794,-8.846666667
berlin_fc2986db,28800,teleportedWalk,58,m,medium,always,FALSE,795901.7631468615,5830408.2135349745,-8.663333333
berlin_fc4a45b4,28800,teleportedWalk,33,m,low,always,FALSE,796770.6170471453,5831349.879209322,-14.68666667
berlin_fc5b8487,28800,teleportedWalk,69,m,very_high,always,FALSE,793784.5219377263,5828602.503856585,-9.656666667
berlin_fc689a67,28800,teleportedWalk,19,f,low,always,FALSE,794871.1934726803,5831199.650935138,-13.27333333
berlin_fc6f7d2b,28800,teleportedWalk,40,f,medium,always,FALSE,794687.4785928086,5826166.138778615,-14.37666667
berlin_fc6fbd00,28800,teleportedWalk,34,f,very_high,always,FALSE,798815.1545,5829497.451478013,-16.97
berlin_fc7536e8,28800,teleportedWalk,17,m,high,never,FALSE,794988.0461885659,5829021.768684851,-3.62
berlin_fc8dc7fd,28800,teleportedWalk,44,m,high,always,FALSE,797369.6997505554,5826967.599319152,-12.98333333
berlin_fcb39334,28800,teleportedWalk,14,m,very_high,never,FALSE,797754.4999312055,5829865.174211456,-12.42
berlin_fcb4926f,28800,teleportedWalk,91,m,high,always,FALSE,797043.9205356669,5831809.162004779,-17.44666667
berlin_fcd5ac29,28800,teleportedWalk,45,f,high,always,FALSE,797069.6553799256,5832498.635420288,-20.80333333
berlin_fce2a500,28800,teleportedWalk,9,m,low,never,FALSE,793404.1881549347,5829097.977,-11.72666667
berlin_fce83046,28800,teleportedWalk,31,m,low,always,TRUE,797860.3125448943,5829297.430448129,-11.9
berlin_fcfb435c,28800,teleportedWalk,27,f,medium,always,FALSE,795374.7645393695,5828059.295882837,-3.903333333
berlin_fd1f5178,28800,teleportedWalk,15,m,high,never,FALSE,793652.0959632436,5828619.127,-10.33333333
berlin_fd308fc8,28800,teleportedWalk,52,m,medium,always,FALSE,795728.4547187471,5830263.877,-7.813333333
berlin_fd4462e5,28800,teleportedWalk,54,f,high,always,FALSE,796462.0303174831,5830047.084,-7.94
berlin_fd5577be,28800,teleportedWalk,39,f,medium,always,FALSE,798322.1547943056,5829326.696480203,-14.27666667
berlin_fd7168f5,28800,teleportedWalk,58,f,medium,always,TRUE,796409.1196,5830262.616545181,-8.77
berlin_fd766a3a,28800,teleportedWalk,31,f,very_low,always,FALSE,796191.0765444575,5831139.540215634,-12.68666667
berlin_fd7f6553,28800,teleportedWalk,28,f,medium,always,FALSE,794298.4015500052,5831947.1340675345,-17.95
berlin_fd932e6e,28800,teleportedWalk,37,f,very_high,always,FALSE,794315.1979900429,5828728.621889436,-6.863333333
berlin_fd9a7d43,28800,teleportedWalk,60,f,medium,always,FALSE,796571.6556629704,5832382.331,-19.43666667
berlin_fdc56f75,28800,teleportedWalk,23,m,high,always,FALSE,794059.7010998505,5828938.212363982,-8.236666667
berlin_fdde1f10,28800,teleportedWalk,4,m,very_low,never,FALSE,796550.1461882323,5832064.632047212,-17.81
berlin_fde10c31,28800,teleportedWalk,50,m,very_high,always,FALSE,796523.4949,5829450.590815391,-5.84
berlin_fdea3cf1,28800,teleportedWalk,91,m,medium,always,TRUE,798934.6575761978,5827691.6339863725,-18.04
berlin_fdf0c4eb,28800,teleportedWalk,68,m,medium,always,TRUE,797527.1612268805,5829690.941,-10.95666667
berlin_fdf4e9a2,28800,teleportedWalk,95,m,medium,always,TRUE,799260.5359663989,5827016.155478001,-20.93
berlin_fdf6f356,28800,teleportedWalk,86,m,low,always,FALSE,796823.8768059462,5831742.040818744,-16.67333333
berlin_fdfc01f6,28800,teleportedWalk,32,f,medium,always,FALSE,795511.7581146898,5830345.548570347,-8.25
berlin_fdfe4a7c,28800,teleportedWalk,52,f,high,always,FALSE,794374.2856167608,5831920.356969239,-17.67333333
berlin_fe09b5be,28800,teleportedWalk,39,f,medium,always,FALSE,794637.5607914557,5826140.827,-14.59
berlin_fe1b0762,28800,teleportedWalk,67,m,high,always,FALSE,793384.0036307839,5828655.225940128,-11.71666667
berlin_fe3bedd6,28800,teleportedWalk,29,m,high,always,FALSE,793311.8187305883,5828908.888910816,-12.1
berlin_fe61c52c,28800,teleportedWalk,19,f,medium,always,FALSE,799383.7764018024,5827098.030890385,-21.33
berlin_fe6743d7,28800,teleportedWalk,40,f,very_low,always,FALSE,796728.6935496177,5829976.666984578,-8.493333333
berlin_fe759fab,28800,teleportedWalk,5,m,very_high,never,FALSE,793956.0570339717,5832577.23,-21.66333333
berlin_fe7a2e68,28800,teleportedWalk,1,m,low,never,FALSE,797548.2811909905,5828901.587005726,-9.976666667
berlin_febb2efd,28800,teleportedWalk,40,f,high,always,FALSE,794414.2848612332,5827364.607932266,-9.653333333
berlin_fec88a0e,28800,teleportedWalk,59,f,medium,always,FALSE,797356.4101237846,5832339.814137535,-20.63666667
berlin_fed7ee64,28800,teleportedWalk,24,f,very_low,always,FALSE,794574.4870551378,5832365.219332592,-19.52
berlin_fed9742a,28800,teleportedWalk,3,m,high,never,FALSE,798729.6458009921,5829388.786630658,-16.41666667
berlin_fedf2d0a,28800,teleportedWalk,59,f,medium,always,FALSE,796134.5944332702,5831788.303599819,-15.94
berlin_fee6d5fd,28800,teleportedWalk,49,f,high,always,FALSE,795538.4912741525,5830562.697134125,-9.366666667
berlin_feef4e51,28800,teleportedWalk,30,m,very_high,always,FALSE,797490.2277932086,5826928.798672912,-13.57
berlin_fef7f25f,28800,teleportedWalk,35,m,high,always,FALSE,795943.3623311385,5830539.089217931,-9.37
berlin_ff0d9121,28800,teleportedWalk,32,f,medium,always,FALSE,794471.9492395481,5828822.519551711,-6.053333333
berlin_ff12db07,28800,teleportedWalk,37,f,very_low,always,FALSE,798603.9455908128,5829110.509876543,-15.54333333
berlin_ff18674b,28800,teleportedWalk,52,m,medium,always,FALSE,799557.0045720243,5826913.920818527,-22.55
berlin_ff23942c,28800,teleportedWalk,51,f,very_high,always,FALSE,794316.5378,5828736.648062827,-6.853333333
berlin_ff354e41,28800,teleportedWalk,12,m,very_low,always,FALSE,796205.1254551671,5825915.556,-15.10333333
berlin_ff4a38a5,28800,teleportedWalk,79,m,high,always,FALSE,794220.5805,5831297.148528356,-15.08666667
berlin_ff58a847,28800,teleportedWalk,35,f,high,always,FALSE,796992.8786852417,5829683.677838872,-8.53
berlin_ff6ae872,28800,teleportedWalk,59,f,medium,always,FALSE,794850.3902498628,5826075.599,-14.56
berlin_ffa72cf2,28800,teleportedWalk,36,f,low,always,FALSE,797245.1517,5833097.797218832,-24.04
berlin_ffaac2c8,28800,teleportedWalk,28,m,medium,always,FALSE,796661.2529609294,5830583.36,-10.86333333
berlin_ffabb5a7,28800,teleportedWalk,63,f,high,always,FALSE,793915.3549143279,5832630.764361151,-22.00333333
berlin_ffbdb67e,28800,teleportedWalk,70,m,medium,always,FALSE,798899.2247349676,5826949.857687959,-19.42
berlin_ffc4de8d,28800,teleportedWalk,47,m,low,always,FALSE,794670.4364087076,5827390.464202994,-8.723333333
berlin_ffc5b736,28800,teleportedWalk,41,f,very_high,always,FALSE,796315.2569102005,5831551.222201129,-14.92
berlin_ffd13fd0,28800,teleportedWalk,31,m,very_low,always,FALSE,794200.3556719241,5828681.646831254,-7.47
berlin_ffd33e5f,28800,teleportedWalk,99,m,medium,always,FALSE,794217.4870366317,5832159.633632817,-19.13333333
berlin_ffd53842,28800,teleportedWalk,41,m,very_low,always,FALSE,798433.9164,5828656.090249688,-14.56666667
